scenario,anchor_count,temporal_span_fraction,seed,n_observations,n_parameters,rank_A,identifiable,sigma_min_weighted_A,condition_number_weighted_A,converged,iterations,solver_failure,status,final_relative_parameter_change,rmse_ms,mae_ms,p95_abs_error_ms,gamma_rmse_ppm,kappa_rmse_ms,replicate
clean,4,0.25,22260821,24,14,14,True,0.13757279602535,896.193550033188,False,30,True,max_iterations_reached,6.4873031586353e-10,,,,,,0
clean,4,0.25,22260822,24,14,14,True,0.139383955006867,878.570598941345,True,10,False,ok,5.03440096183513e-11,0.29076913672191,0.221903538414105,0.604796976774136,6.26802496761528,0.392914301866485,1
clean,4,0.25,22260823,24,14,14,True,0.135045764916365,905.531238727037,True,14,False,ok,7.79731775323244e-11,0.241718718291848,0.195779563340014,0.466239074651042,6.15981813937201,0.409082871122465,2
clean,4,0.25,22260824,24,14,14,True,0.134117078849654,906.44274442405,True,17,False,ok,9.17805184571887e-11,0.274345753086796,0.223903190371786,0.535942413416279,6.85360791489129,0.49269378532251,3
clean,4,0.25,22260825,24,14,14,True,0.133351211384024,910.963929320288,True,11,False,ok,6.48564333028478e-11,0.300763435019945,0.243358385231961,0.577765874964342,8.22378358655091,0.487885215077399,4
clean,4,0.25,22260826,24,14,14,True,0.137244226189831,893.510878842283,True,10,False,ok,9.0002020898663e-11,0.203081333228318,0.150336388808817,0.454864141442801,5.0313264962182,0.292382435061636,5
clean,4,0.25,22260827,24,14,14,True,0.138385175655727,886.352162473141,True,10,False,ok,4.90947884412447e-11,0.213794572137212,0.174499007235652,0.409418278748319,4.94702019715812,0.248546430214449,6
clean,4,0.25,22260828,24,14,14,True,0.138262914541372,887.297358923869,True,14,False,ok,9.39210079495008e-11,0.330248090630114,0.270328239091379,0.632007307122251,8.77078886586522,0.472824546472269,7
clean,4,0.25,22260829,24,14,14,True,0.132940392277801,920.253215436305,True,1,False,ok,0,0.217607957898824,0.166777432955035,0.470678515522849,5.37037883629971,0.355191816376885,8
clean,4,0.25,22260830,24,14,14,True,0.139961538321976,871.160415199173,True,19,False,ok,2.76856146885314e-11,0.219859485693882,0.177424474597172,0.429927044623746,5.29543323878171,0.34439201706301,9
clean,4,0.25,22260831,24,14,14,True,0.137341550221199,895.536681827075,True,11,False,ok,5.04004408056332e-11,0.261867414535467,0.209398556560434,0.509034798993291,6.95799591072349,0.399697670778146,10
clean,4,0.25,22260832,24,14,14,True,0.137659684892382,880.949519942111,True,26,False,ok,6.04072861863721e-11,0.259815763955283,0.193433822354327,0.552223894398374,6.63036112468582,0.44667260859709,11
clean,4,0.25,22260833,24,14,14,True,0.140760014995556,871.959410050548,True,1,False,ok,0,0.304407740754549,0.235339412682827,0.62258165525364,8.48334059580959,0.561945040078102,12
clean,4,0.25,22260834,24,14,14,True,0.142215175091644,861.049745566227,False,30,True,max_iterations_reached,3.48383408370735e-08,,,,,,13
clean,4,0.25,22260835,24,14,14,True,0.141215872621744,861.934319024495,True,16,False,ok,8.47709460320806e-11,0.249872910239271,0.184241370230772,0.564430466366694,6.39107613160163,0.388215289983015,14
clean,4,0.25,22260836,24,14,14,True,0.128845840959747,943.439461547468,True,10,False,ok,6.1157247923871e-11,0.173777731841841,0.141138800251525,0.324881796275633,2.50479173238845,0.139084957892792,15
clean,4,0.25,22260837,24,14,14,True,0.138009292892438,887.924321178096,True,15,False,ok,5.96246776624745e-11,0.359487172698127,0.270692739924968,0.770410035472047,9.63268173706673,0.640437474403583,16
clean,4,0.25,22260838,24,14,14,True,0.140115350565316,866.370171190923,True,15,False,ok,4.96644678673239e-11,0.31995248655117,0.254773868844509,0.629595001813343,8.54504529791155,0.57822412100809,17
clean,4,0.25,22260839,24,14,14,True,0.140717008618692,863.319302435491,False,30,True,max_iterations_reached,2.82681894329381e-09,,,,,,18
clean,4,0.25,22260840,24,14,14,True,0.140387060399279,870.648950749934,True,14,False,ok,7.51647882383122e-11,0.221296063947542,0.166989530261115,0.459565586574229,5.46645812889017,0.338579314687793,19
clean,4,0.25,22260841,24,14,14,True,0.139042639788337,880.672268089444,False,30,True,max_iterations_reached,2.87078497744565e-09,,,,,,20
clean,4,0.25,22260842,24,14,14,True,0.140478236983603,874.535823494627,True,17,False,ok,7.50110001080975e-11,0.252074322406587,0.204254422482237,0.489065983084647,6.15231754275558,0.437277493021859,21
clean,4,0.25,22260843,24,14,14,True,0.137222058760627,881.141743161971,True,12,False,ok,6.38341916542496e-11,0.189481733875132,0.149699074069997,0.368234337013007,3.93400754837544,0.307552760011875,22
clean,4,0.25,22260844,24,14,14,True,0.143044158508447,854.056200865742,False,30,True,max_iterations_reached,8.63990936492124e-10,,,,,,23
clean,4,0.25,22260845,24,14,14,True,0.139234860835574,880.689074102852,True,5,False,ok,1.79379437461243e-11,0.431073061717272,0.338804392736516,0.855055274932948,11.8934559436568,0.748527461885559,24
clean,4,0.25,22260846,24,14,14,True,0.138643379776434,883.212919902472,False,30,True,max_iterations_reached,4.63843905532547e-08,,,,,,25
clean,4,0.25,22260847,24,14,14,True,0.141830616310869,862.259456434662,False,30,True,max_iterations_reached,6.63706115112352e-09,,,,,,26
clean,4,0.25,22260848,24,14,14,True,0.137677062318739,882.447714163416,True,8,False,ok,9.92649913767979e-11,0.26565517841666,0.204641925675861,0.560929172225144,6.05985280256863,0.271665425106025,27
clean,4,0.25,22260849,24,14,14,True,0.135934331633183,903.489585671211,True,12,False,ok,4.94276180245029e-11,0.391626515851005,0.319044750505943,0.751404328430638,9.64981409089196,0.647723902140437,28
clean,4,0.25,22260850,24,14,14,True,0.13292014866747,923.12538011587,True,24,False,ok,9.62247142483261e-11,0.338849647552281,0.253939964453696,0.688736791312205,9.45208177682932,0.567312773537175,29
clean,4,0.25,22260851,24,14,14,True,0.13930912312416,869.02377341752,True,25,False,ok,8.82359726850712e-11,0.166590700210536,0.12752692178415,0.36083943425238,3.82789235013274,0.20452312652213,30
clean,4,0.25,22260852,24,14,14,True,0.137405677547839,884.694063262301,True,14,False,ok,6.91637946039769e-11,0.536587871128687,0.429229405923631,0.99088797468756,14.9459047945692,0.898539997448343,31
clean,4,0.25,22260853,24,14,14,True,0.140972736238714,865.300515165599,False,30,True,max_iterations_reached,8.18552356671331e-09,,,,,,32
clean,4,0.25,22260854,24,14,14,True,0.140724734274396,861.710899899967,True,18,False,ok,7.25438325490893e-11,0.188691700105183,0.144601705563904,0.3909440598167,3.94548249238508,0.27436526477311,33
clean,4,0.25,22260855,24,14,14,True,0.141835570016855,860.103284609989,False,30,True,max_iterations_reached,5.00080299721358e-10,,,,,,34
clean,4,0.25,22260856,24,14,14,True,0.138895366256855,879.200004816458,True,1,False,ok,0,0.244536139919632,0.179303266609779,0.575671578642911,5.51925432461049,0.406693568600829,35
clean,4,0.25,22260857,24,14,14,True,0.136521940558141,891.54178571841,True,1,False,ok,0,0.213145487911909,0.156916776989795,0.464777321383281,4.68972148956316,0.232370504616184,36
clean,4,0.25,22260858,24,14,14,True,0.136228820744596,898.33784067514,True,7,False,ok,8.33793745852075e-11,0.272045915504984,0.200424177003506,0.60299231249219,7.50627265243692,0.445321840626704,37
clean,4,0.25,22260859,24,14,14,True,0.134011540434214,912.756390064276,True,20,False,ok,7.22686479749797e-11,0.395077767111007,0.331605734321749,0.698963184796897,10.9157251409643,0.701932285209652,38
clean,4,0.25,22260860,24,14,14,True,0.138039523406788,884.996114424434,True,13,False,ok,3.99895570671417e-11,0.29149480976285,0.232829285396112,0.574507383923617,7.06511981108325,0.34681668637801,39
clean,4,0.25,22260861,24,14,14,True,0.141710864743547,857.810789702084,True,8,False,ok,6.1250957652588e-11,0.190797196796242,0.154409419236363,0.356904286476034,4.08194132032162,0.26660555704709,40
clean,4,0.25,22260862,24,14,14,True,0.1402767503918,866.012477018784,True,30,False,ok,7.36339485579875e-11,0.179869617238556,0.141661707707869,0.357751112823124,4.06182520472456,0.275215706993413,41
clean,4,0.25,22260863,24,14,14,True,0.139777530907933,870.60762013828,False,30,True,max_iterations_reached,6.73281857034543e-09,,,,,,42
clean,4,0.25,22260864,24,14,14,True,0.135258772978986,896.860179613884,True,13,False,ok,8.09543609517997e-11,0.154950974553344,0.121986198885644,0.315014760271914,3.26503270158552,0.231393047532389,43
clean,4,0.25,22260865,24,14,14,True,0.137814577627794,891.016294410089,True,13,False,ok,9.57697652128914e-11,0.132549336129213,0.102963262713537,0.266566426336112,2.149771744631,0.153478706537312,44
clean,4,0.25,22260866,24,14,14,True,0.139237234954342,882.701034233379,False,30,True,max_iterations_reached,4.11826060365941e-09,,,,,,45
clean,4,0.25,22260867,24,14,14,True,0.136921211288881,890.287122740993,True,9,False,ok,9.98136278764108e-11,0.135519728661126,0.108465985722957,0.259482411967582,1.58027070081042,0.0779152254546979,46
clean,4,0.25,22260868,24,14,14,True,0.138293686878168,883.426864820195,True,15,False,ok,8.9979542952677e-11,0.245730230630578,0.205261642431409,0.450705480431246,5.80627316001159,0.417521993667488,47
clean,4,0.25,22260869,24,14,14,True,0.142968381616053,852.185960963706,False,30,True,max_iterations_reached,5.25557939158958e-08,,,,,,48
clean,4,0.25,22260870,24,14,14,True,0.136452264939384,898.385552203124,True,13,False,ok,9.7140309340933e-11,0.340809942067531,0.265592076163976,0.676395465099144,9.08131077113534,0.543071721633199,49
clean,4,0.5,22260821,24,14,14,True,0.260553781940167,493.550091237718,False,30,True,max_iterations_reached,1.54527222033805e-09,,,,,,0
clean,4,0.5,22260822,24,14,14,True,0.258436936636454,494.817160304726,True,8,False,ok,7.42156885935184e-11,0.220670701565606,0.17901410801734,0.424904512897939,3.15908333677388,0.237656481503789,1
clean,4,0.5,22260823,24,14,14,True,0.259346895815355,491.933439782347,True,14,False,ok,4.77359860113814e-11,0.15527300729028,0.124767607525499,0.302146737781622,2.99218098245334,0.220780621939001,2
clean,4,0.5,22260824,24,14,14,True,0.248789235216474,510.393730896832,True,19,False,ok,5.37871915873931e-11,0.182615901981403,0.150059685124208,0.344633118028054,3.38923127352564,0.288373790014371,3
clean,4,0.5,22260825,24,14,14,True,0.254627710265583,497.840915589948,True,11,False,ok,5.02683089259611e-11,0.173131667563243,0.139247628201626,0.337586738162265,4.03339489684042,0.237309809267266,4
clean,4,0.5,22260826,24,14,14,True,0.255323519181821,501.456363458724,True,10,False,ok,9.41144410625344e-11,0.139568807875394,0.110347306125613,0.271588354116403,2.50904133342645,0.145631194467687,5
clean,4,0.5,22260827,24,14,14,True,0.261190407414634,490.171328629535,True,10,False,ok,3.79338161291305e-11,0.152542522623733,0.123206920368124,0.300037550421894,2.44276259861947,0.108042855172051,6
clean,4,0.5,22260828,24,14,14,True,0.261018660230751,490.507808126129,True,17,False,ok,7.28029394155165e-11,0.197541943658017,0.159696603415476,0.385638413024836,4.35276843276443,0.211108122827757,7
clean,4,0.5,22260829,24,14,14,True,0.257318088835275,495.668633568611,True,1,False,ok,0,0.14277302064143,0.11207920653612,0.292663872305132,2.55722798575841,0.188594356976295,8
clean,4,0.5,22260830,24,14,14,True,0.263102223791627,483.953529415656,True,16,False,ok,7.89485527685201e-11,0.154581374156612,0.124230218817724,0.294300745504117,2.65176114407881,0.192790942801462,9
clean,4,0.5,22260831,24,14,14,True,0.260798126744816,492.073219507959,True,10,False,ok,6.5299776249273e-11,0.158388394794165,0.126860642896125,0.306362832264284,3.42063156242227,0.187176187033289,10
clean,4,0.5,22260832,24,14,14,True,0.260768288987486,485.713514938905,True,21,False,ok,9.08734876608107e-11,0.165662407573331,0.129080288247431,0.341894659121422,3.28720514239061,0.248567987108598,11
clean,4,0.5,22260833,24,14,14,True,0.263711275514947,485.881970300579,True,4,False,ok,2.94260580202607e-11,0.185689076002978,0.147049860095003,0.362105908104127,4.2414770953505,0.309827303661336,12
clean,4,0.5,22260834,24,14,14,True,0.264943071074036,482.728513296384,False,30,True,max_iterations_reached,8.70077151293175e-09,,,,,,13
clean,4,0.5,22260835,24,14,14,True,0.264486333337703,480.742728061243,True,15,False,ok,7.55520510401486e-11,0.160495580645355,0.125360352741356,0.324807858754394,3.23199890866302,0.202931538410466,14
clean,4,0.5,22260836,24,14,14,True,0.240185965303687,528.230357659809,True,9,False,ok,6.1372813501646e-11,0.15625187697528,0.128282509625798,0.289157859823774,1.2204174473161,0.0979623459121199,15
clean,4,0.5,22260837,24,14,14,True,0.261188883029096,489.579226214906,True,10,False,ok,4.16209215955876e-11,0.211980643961838,0.163680254376374,0.442938244193436,4.80110820638758,0.351300978066588,16
clean,4,0.5,22260838,24,14,14,True,0.26328981887849,481.661052378118,True,14,False,ok,8.86519552834898e-11,0.196338053051067,0.158519340185101,0.385863645123585,4.27122821695065,0.325227970486882,17
clean,4,0.5,22260839,24,14,14,True,0.264533103362193,479.721062404977,False,30,True,max_iterations_reached,1.18141151928092e-08,,,,,,18
clean,4,0.5,22260840,24,14,14,True,0.263756271389616,483.963831288903,True,15,False,ok,3.9916035675578e-11,0.14393189719125,0.112407861000022,0.286319383483047,2.72978040069998,0.176319709997916,19
clean,4,0.5,22260841,24,14,14,True,0.262364663760877,487.137071927134,False,30,True,max_iterations_reached,2.04753533676347e-09,,,,,,20
clean,4,0.5,22260842,24,14,14,True,0.262797901575462,488.016510683748,True,15,False,ok,9.5571255667504e-11,0.170388225284585,0.13889123376326,0.32636119679586,3.03725786648935,0.253813638873469,21
clean,4,0.5,22260843,24,14,14,True,0.260928574807102,483.956437440107,True,11,False,ok,6.83768001646919e-11,0.145353806708741,0.115187323032015,0.2921123917206,1.93413911147206,0.189595057242402,22
clean,4,0.5,22260844,24,14,14,True,0.26603612401128,479.746700224899,False,30,True,max_iterations_reached,8.10907810447001e-10,,,,,,23
clean,4,0.5,22260845,24,14,14,True,0.262134286644729,488.255019337024,True,4,False,ok,1.15428360818511e-11,0.234053624587116,0.18524099613835,0.454254166587731,5.92441179116106,0.389962422028585,24
clean,4,0.5,22260846,24,14,14,True,0.262007130044955,487.783156855524,False,30,True,max_iterations_reached,1.14492878879835e-08,,,,,,25
clean,4,0.5,22260847,24,14,14,True,0.264888390590721,482.195062355683,False,30,True,max_iterations_reached,1.78215526839769e-09,,,,,,26
clean,4,0.5,22260848,24,14,14,True,0.26145877574309,485.148435913065,True,8,False,ok,6.05676828359516e-11,0.190094728551628,0.149859871759389,0.400204193982034,2.98863189967624,0.100199460892836,27
clean,4,0.5,22260849,24,14,14,True,0.2592585201122,494.280009679104,True,10,False,ok,5.02775659781068e-11,0.250953086928065,0.205561288522595,0.490812181661937,4.77804697344117,0.365404824363876,28
clean,4,0.5,22260850,24,14,14,True,0.240984235446242,531.51343098003,True,17,False,ok,4.59114269349071e-11,0.189203058729473,0.148404700362907,0.374692821781153,4.66929805301261,0.281549880271013,29
clean,4,0.5,22260851,24,14,14,True,0.262502939224739,481.8399110794,True,22,False,ok,6.96999304434977e-11,0.123050325780251,0.0970911274876028,0.246308007048412,1.85999247909541,0.0878569826694662,30
clean,4,0.5,22260852,24,14,14,True,0.261512845625996,485.367577498811,True,22,False,ok,9.44689731273566e-11,0.280371833922672,0.226939334107897,0.539601198206752,7.45223314257876,0.449365897465143,31
clean,4,0.5,22260853,24,14,14,True,0.26438213453052,481.879097507547,False,30,True,max_iterations_reached,1.99049632128931e-09,,,,,,32
clean,4,0.5,22260854,24,14,14,True,0.263275722947174,481.293170600677,True,16,False,ok,9.68542776212235e-11,0.144549559277896,0.112892669836123,0.294213490965856,1.97434823596696,0.162184017940508,33
clean,4,0.5,22260855,24,14,14,True,0.251984320783894,504.743312362253,True,24,False,ok,8.59479820708786e-11,0.203437749740266,0.171144135037463,0.372718076675138,3.23233699659245,0.247221347008071,34
clean,4,0.5,22260856,24,14,14,True,0.262415332288657,485.782742010859,True,3,False,ok,5.59441146832703e-11,0.177842798292284,0.141660577603898,0.358006689208334,2.67125011508257,0.24202791755676,35
clean,4,0.5,22260857,24,14,14,True,0.260870731182636,486.907237332818,True,1,False,ok,0,0.156305078802214,0.118599309780407,0.326037256507305,2.35983703013387,0.101100117006561,36
clean,4,0.5,22260858,24,14,14,True,0.260075242645238,490.886186667172,True,11,False,ok,7.26071606372803e-11,0.166392380380295,0.130921663569199,0.346251456966762,3.68697940749346,0.21739236801497,37
clean,4,0.5,22260859,24,14,14,True,0.245477137899182,520.271900858307,True,19,False,ok,9.85943343752058e-11,0.22484677338953,0.183614934385348,0.420534657830518,5.4456811088831,0.375968040690761,38
clean,4,0.5,22260860,24,14,14,True,0.260066334379197,490.384399124319,True,12,False,ok,5.6738676594852e-11,0.195106139253471,0.154181518485737,0.393592947924759,3.51294624872078,0.144166020486717,39
clean,4,0.5,22260861,24,14,14,True,0.265291630776834,478.748673620984,True,10,False,ok,5.2741062346398e-11,0.143519575506657,0.11515699132261,0.271659376301869,2.08107346807968,0.153892257285425,40
clean,4,0.5,22260862,24,14,14,True,0.263973948849734,480.830825701385,True,21,False,ok,7.51959275063853e-11,0.12839848494746,0.101427048245809,0.259141194532475,2.04456092890059,0.154928420464818,41
clean,4,0.5,22260863,24,14,14,True,0.263527484330978,482.236377503586,False,30,True,max_iterations_reached,6.61133541682242e-08,,,,,,42
clean,4,0.5,22260864,24,14,14,True,0.255165050067296,496.465734075286,True,12,False,ok,6.78259617682516e-11,0.118449385962007,0.0933204478897154,0.236313578412339,1.59476837356658,0.13149743967276,43
clean,4,0.5,22260865,24,14,14,True,0.260837027751306,491.252561658903,True,10,False,ok,8.78716091539172e-11,0.114315943067238,0.0900817355640783,0.224991129915919,1.07184498795775,0.0908152194390996,44
clean,4,0.5,22260866,24,14,14,True,0.261746566482701,489.15708171651,True,27,False,ok,5.02679965441645e-11,0.164322513386231,0.131811433921364,0.323272676744324,3.01890426104029,0.182968838676771,45
clean,4,0.5,22260867,24,14,14,True,0.260858930855598,487.721818140551,True,11,False,ok,4.60164049287636e-11,0.127485082646497,0.101900112161477,0.245492171481487,0.796055613641379,0.0590936960123269,46
clean,4,0.5,22260868,24,14,14,True,0.261607636059214,487.525840551999,True,12,False,ok,9.27971851970526e-11,0.169510300542801,0.139690827290078,0.315621394748788,2.81507520096815,0.241028493457987,47
clean,4,0.5,22260869,24,14,14,True,0.266167702369425,478.289980344207,False,30,True,max_iterations_reached,1.35337047083263e-08,,,,,,48
clean,4,0.5,22260870,24,14,14,True,0.259537300517874,492.756772132637,True,16,False,ok,8.60840269986853e-11,0.194915606101236,0.15466331306516,0.379558492224774,4.47481844565993,0.268629329555171,49
clean,4,1,22260821,24,14,14,True,0.429260289161641,344.87674902762,False,30,True,max_iterations_reached,5.15977023721121e-10,,,,,,0
clean,4,1,22260822,24,14,14,True,0.416914706359762,353.933736495279,True,8,False,ok,5.9393889322731e-11,0.199333666873961,0.16378970021352,0.370368295848422,1.58472065096515,0.181205509108437,1
clean,4,1,22260823,24,14,14,True,0.426667336722674,344.689913788318,True,13,False,ok,9.61536462808462e-11,0.12687775689041,0.102239567805883,0.241426824689839,1.47500116650797,0.133038933569598,2
clean,4,1,22260824,24,14,14,True,0.39595451854815,370.497950412392,True,22,False,ok,4.58685224587523e-11,0.153249671460054,0.125801404938163,0.287097122388502,1.68742848663271,0.191656259783419,3
clean,4,1,22260825,24,14,14,True,0.419227768169263,348.951608310156,True,11,False,ok,3.86339369257634e-11,0.124663324776555,0.0992998235389662,0.247218079010914,1.99743035184189,0.116352996152182,4
clean,4,1,22260826,24,14,14,True,0.407764061061818,362.172599178706,True,10,False,ok,8.47253234142387e-11,0.119381613454058,0.0957469610069734,0.230500839284531,1.25283658739744,0.0788085774912553,5
clean,4,1,22260827,24,14,14,True,0.426475907860691,346.135468268516,True,9,False,ok,8.74492647327602e-11,0.132895200916291,0.107612529728086,0.259898127006863,1.21370080060001,0.0593454472459219,6
clean,4,1,22260828,24,14,14,True,0.428449124378498,344.477033609461,True,16,False,ok,8.66983290094123e-11,0.148851459517679,0.119236193439351,0.291345783459818,2.16752275361843,0.0916458420298375,7
clean,4,1,22260829,24,14,14,True,0.428132775330502,343.096909509818,True,1,False,ok,0,0.120356252476847,0.0957321993674595,0.239381512258641,1.24856840942084,0.114150188074404,8
clean,4,1,22260830,24,14,14,True,0.430792484693174,341.252558220272,True,15,False,ok,3.32299204811741e-11,0.132917895753912,0.107225144209423,0.256696818337865,1.32641453196119,0.122938571200656,9
clean,4,1,22260831,24,14,14,True,0.427564921783864,345.793721923401,True,10,False,ok,4.87179299528266e-11,0.120439001035638,0.0962195061147349,0.233473634020953,1.69363654215741,0.0851079517038611,10
clean,4,1,22260832,24,14,14,True,0.428196435047967,341.806353929557,True,20,False,ok,6.89101176815023e-11,0.132860547816057,0.105454370139138,0.265354751484192,1.63579403593711,0.152794216882409,11
clean,4,1,22260833,24,14,14,True,0.43156633484428,342.377995963506,True,4,False,ok,4.14066785081708e-11,0.142490835403874,0.11450733262515,0.283833661670307,2.12043795322674,0.18641095104613,12
clean,4,1,22260834,24,14,14,True,0.432298338174038,341.454190289874,False,30,True,max_iterations_reached,1.92213221276738e-09,,,,,,13
clean,4,1,22260835,24,14,14,True,0.432075441316914,339.9747325767,True,14,False,ok,7.67209690386057e-11,0.128100533345045,0.101621045375123,0.257615610387241,1.62494525157958,0.112596279310505,14
clean,4,1,22260836,24,14,14,True,0.379444352097246,385.932635309358,True,9,False,ok,5.00877858254901e-11,0.151937401924859,0.124513737858213,0.283313829907783,0.602141993386343,0.0957792470160665,15
clean,4,1,22260837,24,14,14,True,0.429701574688315,343.038545539146,True,10,False,ok,5.88745859231367e-11,0.154549045321483,0.121988482137859,0.306653045257321,2.39526017710516,0.208891613965313,16
clean,4,1,22260838,24,14,14,True,0.430927727900372,340.123218790461,True,14,False,ok,6.23003593494992e-11,0.151381982134501,0.122002517465442,0.289659467267889,2.13489396662577,0.201469683525432,17
clean,4,1,22260839,24,14,14,True,0.432960510626396,338.691242218693,False,30,True,max_iterations_reached,4.50270057841973e-09,,,,,,18
clean,4,1,22260840,24,14,14,True,0.430214720490179,342.492344741384,True,15,False,ok,4.98804581690398e-11,0.11623703855059,0.0919667520043532,0.231820454276033,1.36402680769659,0.0982067546990661,19
clean,4,1,22260841,24,14,14,True,0.430935814827974,342.018603219611,False,30,True,max_iterations_reached,5.94536446586497e-10,,,,,,20
clean,4,1,22260842,24,14,14,True,0.429920158067609,343.949134932962,True,14,False,ok,8.73727036188007e-11,0.144383756805078,0.116058581473858,0.28017577041366,1.50860579999384,0.167522898957958,21
clean,4,1,22260843,24,14,14,True,0.42950157281921,339.851134469584,True,11,False,ok,4.90490660195912e-11,0.132358464274326,0.105475909408331,0.264891890525876,0.959038709092696,0.132863187975436,22
clean,4,1,22260844,24,14,14,True,0.433346322839788,340.13574209643,False,30,True,max_iterations_reached,9.21472132003996e-10,,,,,,23
clean,4,1,22260845,24,14,14,True,0.430153064989204,343.067556310772,True,4,False,ok,2.78737385589904e-11,0.14939778076904,0.119131545519819,0.295757868427038,2.95650003454672,0.212030980037733,24
clean,4,1,22260846,24,14,14,True,0.430679414208217,342.193009572191,False,30,True,max_iterations_reached,2.58238622768217e-09,,,,,,25
clean,4,1,22260847,24,14,14,True,0.432532438601513,340.878415991303,False,30,True,max_iterations_reached,3.4395814718161e-10,,,,,,26
clean,4,1,22260848,24,14,14,True,0.430265187069158,340.436150663679,True,8,False,ok,3.85131889402102e-11,0.165847694995378,0.13410287583943,0.321032429566159,1.4842009429514,0.0594466485903061,27
clean,4,1,22260849,24,14,14,True,0.424004182417608,348.259929382447,True,10,False,ok,7.64636074292033e-11,0.200578828623925,0.166802845620772,0.372757911611465,2.37729287602661,0.237553548264933,28
clean,4,1,22260850,24,14,14,True,0.362492795562938,407.443048862216,True,10,False,ok,5.99854452477953e-11,0.129548523696567,0.103005511812085,0.252193040383375,2.33275365587069,0.143636666066994,29
clean,4,1,22260851,24,14,14,True,0.430151159715187,340.002678460181,True,20,False,ok,6.86704850349512e-11,0.110218150434636,0.0876253100259718,0.218786257690695,0.916871261400898,0.0342066090511386,30
clean,4,1,22260852,24,14,14,True,0.428204185844152,342.317744184896,True,16,False,ok,3.80849820489488e-11,0.165747472837683,0.134085618148051,0.319949818364762,3.72514788174531,0.227301709577172,31
clean,4,1,22260853,24,14,14,True,0.432467515596006,340.147512695049,False,30,True,max_iterations_reached,4.42477229290425e-10,,,,,,32
clean,4,1,22260854,24,14,14,True,0.428990884219791,341.527232706098,True,16,False,ok,7.70108087399655e-11,0.130565957090704,0.103417389825099,0.263386864037329,0.987564996572521,0.110644701367896,33
clean,4,1,22260855,24,14,14,True,0.403030066856041,364.627703430937,True,12,False,ok,6.46040236355825e-11,0.179360308803076,0.150947998131178,0.323858936447863,1.62089591711755,0.177160027886393,34
clean,4,1,22260856,24,14,14,True,0.431151845415159,341.136094295191,True,5,False,ok,6.24164357500617e-11,0.158352393030859,0.130176309959017,0.296690391204635,1.3108881963519,0.169696492499482,35
clean,4,1,22260857,24,14,14,True,0.430745431204195,340.254134460026,True,1,False,ok,0,0.137350357960007,0.107588133791748,0.273861607166026,1.18315474490638,0.0552348921582682,36
clean,4,1,22260858,24,14,14,True,0.429443048367065,342.630729524901,True,11,False,ok,8.31260996896997e-11,0.128327979995254,0.103152976748829,0.256353439170454,1.82755701065484,0.110590274021027,37
clean,4,1,22260859,24,14,14,True,0.379224024195522,388.590850328906,True,18,False,ok,8.93480288018654e-11,0.156571836297892,0.125713605535959,0.30414095958804,2.71973652559,0.216583921075713,38
clean,4,1,22260860,24,14,14,True,0.426496129673451,345.01293808784,True,11,False,ok,7.66509694582596e-11,0.162960118808516,0.129664245695274,0.317774162676443,1.75157076685427,0.073276711084467,39
clean,4,1,22260861,24,14,14,True,0.433144536315345,338.887835755038,True,10,False,ok,7.20582296496066e-11,0.127951848784863,0.103130668637135,0.240815971789665,1.05150704750701,0.101879830165605,40
clean,4,1,22260862,24,14,14,True,0.428917640883264,342.043766057135,True,20,False,ok,7.03727837317087e-11,0.111521250959359,0.0881224699573859,0.223540946076017,1.0259470558171,0.0951718029939331,41
clean,4,1,22260863,24,14,14,True,0.43217129103675,339.598204320788,False,30,True,max_iterations_reached,1.81274466156465e-08,,,,,,42
clean,4,1,22260864,24,14,14,True,0.412610398841649,354.708816825974,True,11,False,ok,8.00995837502153e-11,0.108239150903536,0.0858388980665877,0.213526054906765,0.787910226450113,0.0832882539646672,43
clean,4,1,22260865,24,14,14,True,0.427922620116147,345.093090804526,True,11,False,ok,6.66448425395017e-11,0.10882561398971,0.0860145896498358,0.215438324446548,0.53607420301494,0.0610377952244415,44
clean,4,1,22260866,24,14,14,True,0.429586411973533,343.634859839988,True,21,False,ok,6.25497540883758e-11,0.136910052994085,0.110164415622601,0.265276253941948,1.50307970321581,0.106052788410411,45
clean,4,1,22260867,24,14,14,True,0.429524695486967,341.75598452303,True,10,False,ok,8.78402205212359e-11,0.12544778488379,0.10020066427601,0.243475245057212,0.399926014907578,0.0618472176989453,46
clean,4,1,22260868,24,14,14,True,0.429300570149121,342.783959341285,True,12,False,ok,7.27347341894387e-11,0.145112440661527,0.118193276745872,0.28443198264263,1.38601440491301,0.159674927118693,47
clean,4,1,22260869,24,14,14,True,0.433618051608316,339.249043856633,False,30,True,max_iterations_reached,3.42493755516346e-09,,,,,,48
clean,4,1,22260870,24,14,14,True,0.427881724469606,344.425961395199,True,15,False,ok,9.77514449038232e-11,0.138739094783156,0.111885321206857,0.266177666405465,2.22140850280006,0.139492616051438,49
clean,6,0.25,22260821,36,16,16,True,0.150162961952634,963.96807599092,True,29,False,ok,8.87173085207856e-11,0.222144086649601,0.166761828542625,0.501829592648306,5.61607827022968,0.33005452934258,0
clean,6,0.25,22260822,36,16,16,True,0.158198165738652,945.749610438019,False,30,True,max_iterations_reached,5.05146438608536e-10,,,,,,1
clean,6,0.25,22260823,36,16,16,True,0.151473362261767,980.853910126404,True,30,False,ok,8.17689739598414e-11,0.31166648278296,0.237016731206589,0.646539244676436,7.88467977837201,0.387157239485952,2
clean,6,0.25,22260824,36,16,16,True,0.144151952086481,1032.59859893698,True,15,False,ok,8.38951919932727e-11,0.218845080635911,0.167833736627486,0.446668784283322,5.69573587710152,0.329749179282386,3
clean,6,0.25,22260825,36,16,16,True,0.149156609963706,998.067408418705,True,12,False,ok,7.00447028202351e-11,0.174878534209183,0.140417506000014,0.338750721413561,4.01954436141197,0.250275653284872,4
clean,6,0.25,22260826,36,16,16,True,0.14511729853341,1028.96586490621,True,11,False,ok,9.68666242072944e-11,0.177243477242194,0.144549320202902,0.336316448284935,3.52902843216248,0.217659935171361,5
clean,6,0.25,22260827,36,16,16,True,0.151039384025739,992.319106478184,True,24,False,ok,7.24006290977892e-11,0.157304931285372,0.128004342097612,0.308351309536192,3.24445140628489,0.218901797770924,6
clean,6,0.25,22260828,36,16,16,True,0.154019141031262,971.012718019242,False,30,True,max_iterations_reached,7.32386124572922e-10,,,,,,7
clean,6,0.25,22260829,36,16,16,True,0.153433143973772,974.996284042435,False,30,True,max_iterations_reached,1.84038440960741e-10,,,,,,8
clean,6,0.25,22260830,36,16,16,True,0.156367106286457,952.373504055769,True,20,False,ok,9.95516202842801e-11,0.272157985542787,0.200875954582106,0.618925142376092,7.27324185086125,0.406429383044718,9
clean,6,0.25,22260831,36,16,16,True,0.152020405734734,984.187948236506,True,9,False,ok,3.91044179889497e-11,0.174584272122349,0.141009647633525,0.330357493450606,3.88449148225687,0.226155209611407,10
clean,6,0.25,22260832,36,16,16,True,0.157790774599986,923.055636464164,True,11,False,ok,7.18239453819294e-11,0.159371566488396,0.124940155315995,0.323213579360271,3.41690220576402,0.1820117643568,11
clean,6,0.25,22260833,36,16,16,True,0.148690604770837,999.646904881035,True,21,False,ok,8.34553508648133e-11,0.176011476424657,0.136164000964637,0.352281649455222,4.022832904576,0.238838729631667,12
clean,6,0.25,22260834,36,16,16,True,0.154677784195409,951.373151340736,True,20,False,ok,7.34395953785591e-11,0.146003215644104,0.116654572788951,0.28110579582048,2.55106217744312,0.208812084863915,13
clean,6,0.25,22260835,36,16,16,True,0.157425046977547,946.943656731717,True,18,False,ok,9.01665824467532e-11,0.233098341703585,0.176149478265298,0.505050480961699,5.7909131200142,0.356678620904228,14
clean,6,0.25,22260836,36,16,16,True,0.157184731905017,948.278227919422,True,11,False,ok,7.17412259195945e-11,0.204286544537907,0.166383852182175,0.387814291021193,4.4540780799185,0.316975788657255,15
clean,6,0.25,22260837,36,16,16,True,0.152269577516248,980.949325855005,True,18,False,ok,9.43662758940531e-11,0.575111334250085,0.4748433007318,1.05922554382616,15.8647922958009,0.867317327545031,16
clean,6,0.25,22260838,36,16,16,True,0.156410106612748,952.489106876823,True,15,False,ok,9.15820004502349e-11,0.330340073178223,0.265334202423525,0.657232763987281,8.87951405190852,0.484394713629886,17
clean,6,0.25,22260839,36,16,16,True,0.157457136358063,944.019825658749,True,17,False,ok,8.66640987684709e-11,0.188859894877082,0.145903067801012,0.394199516201077,4.33923444440965,0.268751484780796,18
clean,6,0.25,22260840,36,16,16,True,0.155963780123112,957.413274245538,True,13,False,ok,6.49979846538333e-11,0.186445114970896,0.14794635379612,0.380604053496825,4.17643860550962,0.292953761274819,19
clean,6,0.25,22260841,36,16,16,True,0.153804555747309,971.399963301931,True,22,False,ok,9.08122096099934e-11,0.35765638012144,0.296156674795322,0.663633700835398,9.97148539995905,0.605258726994906,20
clean,6,0.25,22260842,36,16,16,True,0.154037120247473,973.941392218962,True,9,False,ok,3.44539660236803e-11,0.26447920508959,0.186020788258719,0.641741902874671,7.15893311181405,0.409809766173519,21
clean,6,0.25,22260843,36,16,16,True,0.155302886204169,954.881827570289,True,20,False,ok,9.76727887354745e-11,0.199273779761124,0.148598208343347,0.438274879390121,4.89381118622302,0.275257888382399,22
clean,6,0.25,22260844,36,16,16,True,0.1578107169679,947.83259377026,True,14,False,ok,6.5117661097578e-11,0.322282694872936,0.225686024982213,0.766864609262541,8.9184856913484,0.55929411844427,23
clean,6,0.25,22260845,36,16,16,True,0.153434937713279,959.355899324398,True,24,False,ok,7.61651449806682e-11,0.303463424673801,0.223062678528004,0.698175671671208,8.01171562324765,0.482481679965676,24
clean,6,0.25,22260846,36,16,16,True,0.146600213926141,1019.53368900749,True,18,False,ok,9.37492151062274e-11,0.264054136887359,0.203371990315362,0.543840182458055,6.73149360038329,0.429765526645036,25
clean,6,0.25,22260847,36,16,16,True,0.156437963361949,952.768948744419,True,18,False,ok,9.56877288865673e-11,0.172275892432004,0.136501748955682,0.34510636338112,3.76572792868012,0.236742159834364,26
clean,6,0.25,22260848,36,16,16,True,0.157098963768909,949.356539409224,False,30,True,max_iterations_reached,3.32886460406821e-10,,,,,,27
clean,6,0.25,22260849,36,16,16,True,0.14710239459445,1016.27937029763,True,28,False,ok,7.44550478565495e-11,0.366774458843274,0.2675942673534,0.879583939083517,9.79048010954027,0.587358254120852,28
clean,6,0.25,22260850,36,16,16,True,0.15590718036349,933.825029664024,True,18,False,ok,4.75643736198968e-11,0.283195035815015,0.22332530449507,0.553572641117306,7.62554102881466,0.47260416355203,29
clean,6,0.25,22260851,36,16,16,True,0.153653101195856,971.768149356464,True,24,False,ok,9.00249323512449e-11,0.159111894776897,0.122901049500018,0.339230231950705,3.55570475832081,0.244507736091431,30
clean,6,0.25,22260852,36,16,16,True,0.154141807557416,969.175169602681,True,10,False,ok,5.46323757067629e-11,0.213647960364027,0.163221854754078,0.444585252326135,5.42632956455025,0.328155789821846,31
clean,6,0.25,22260853,36,16,16,True,0.157734804996183,945.132975641784,True,17,False,ok,9.73617574549815e-11,0.241267657757614,0.188851801968634,0.496107570790061,5.73424664501725,0.396672898105201,32
clean,6,0.25,22260854,36,16,16,True,0.157124509205308,923.496664496353,True,18,False,ok,6.4233834374843e-11,0.322844495728993,0.246705387724385,0.668241447083817,8.80360984834799,0.516650744640433,33
clean,6,0.25,22260855,36,16,16,True,0.148075666445376,1005.40730443905,True,22,False,ok,7.41317043800676e-11,0.203124683404029,0.155745882626904,0.410421935447047,4.27539720859709,0.340972904472331,34
clean,6,0.25,22260856,36,16,16,True,0.149402522286571,976.503314336185,True,20,False,ok,7.6562253548296e-11,0.14287029130502,0.112363406442493,0.286451036757285,2.80714266871132,0.185771659513466,35
clean,6,0.25,22260857,36,16,16,True,0.15821347126685,939.887437993282,True,19,False,ok,8.30876180241768e-11,0.16712533757425,0.12864946265764,0.346672463260123,3.59886586813872,0.25350012900478,36
clean,6,0.25,22260858,36,16,16,True,0.152106364273378,981.936141143836,True,22,False,ok,8.09263136399692e-11,0.178987227569463,0.137876294686998,0.37585640557074,4.37444663743946,0.263684454940601,37
clean,6,0.25,22260859,36,16,16,True,0.156656074205386,952.402939477884,False,30,True,max_iterations_reached,2.23795373809751e-10,,,,,,38
clean,6,0.25,22260860,36,16,16,True,0.149567997303196,995.942951878212,True,23,False,ok,4.17019055058029e-11,0.300065548626749,0.234715386415698,0.580133333599964,7.76068622387904,0.514062952452404,39
clean,6,0.25,22260861,36,16,16,True,0.160456739315374,927.441536324971,False,30,True,max_iterations_reached,4.62062605193568e-10,,,,,,40
clean,6,0.25,22260862,36,16,16,True,0.156079783766939,949.152597774765,True,16,False,ok,7.01739276790573e-11,0.135516152451003,0.107200277335964,0.26240550041976,2.36332852276592,0.135859189298461,41
clean,6,0.25,22260863,36,16,16,True,0.158140264124628,944.258864903161,False,30,True,max_iterations_reached,6.22184098538796e-10,,,,,,42
clean,6,0.25,22260864,36,16,16,True,0.157705105799558,932.726382896862,True,18,False,ok,7.70736813550419e-11,0.334261931698825,0.250807644500158,0.74043199592424,8.90952491296703,0.589580754279378,43
clean,6,0.25,22260865,36,16,16,True,0.153655510696989,965.325929361307,True,12,False,ok,5.52340874670966e-11,0.250617488626648,0.193003249288066,0.538734000058483,6.46955176209556,0.380523989700806,44
clean,6,0.25,22260866,36,16,16,True,0.149609267278548,997.646202912042,True,23,False,ok,7.74001502042176e-11,0.14136731980576,0.113388757126767,0.277649206700659,1.54345908522342,0.0659684144496923,45
clean,6,0.25,22260867,36,16,16,True,0.156838022418342,950.296700813823,True,12,False,ok,6.24373881041146e-11,0.187252371557088,0.137667386721353,0.424641395368441,4.62092369641485,0.281859869852935,46
clean,6,0.25,22260868,36,16,16,True,0.156047609799214,958.930356083123,False,30,True,max_iterations_reached,2.07126752838926e-09,,,,,,47
clean,6,0.25,22260869,36,16,16,True,0.159439652019866,938.272100016569,False,30,True,max_iterations_reached,3.09453276328142e-10,,,,,,48
clean,6,0.25,22260870,36,16,16,True,0.147889786854484,1010.96049111539,True,14,False,ok,5.86716221392067e-11,0.165092149161431,0.133911437154402,0.317243503622366,2.94145566587521,0.229679450048967,49
clean,6,0.5,22260821,36,16,16,True,0.285971769364183,535.953527471667,True,29,False,ok,8.54722804842147e-11,0.14369937056213,0.114482816152696,0.286792773917854,2.76116575120127,0.159708481484942,0
clean,6,0.5,22260822,36,16,16,True,0.296334844285628,523.775746749324,False,30,True,max_iterations_reached,3.07971210425009e-10,,,,,,1
clean,6,0.5,22260823,36,16,16,True,0.293508108269072,527.758931880981,False,30,True,max_iterations_reached,1.04839034065296e-10,,,,,,2
clean,6,0.5,22260824,36,16,16,True,0.278314581258037,554.906264981176,True,14,False,ok,3.94244271590069e-11,0.136444376023768,0.107627917197586,0.268949966083765,2.78824041837616,0.156260827182046,3
clean,6,0.5,22260825,36,16,16,True,0.287515758771184,536.786202938641,True,13,False,ok,9.07548470851479e-11,0.127315925378379,0.101973693033894,0.247132914919135,1.97395504296771,0.130001712947612,4
clean,6,0.5,22260826,36,16,16,True,0.269991163787012,574.036023174597,True,11,False,ok,7.32306631462586e-11,0.140861640120829,0.114811766678359,0.265806744818775,1.74914001167245,0.120584947750816,5
clean,6,0.5,22260827,36,16,16,True,0.281702735190934,551.839056999242,True,23,False,ok,7.68242758148286e-11,0.124100520480135,0.10011007824568,0.242744898977065,1.64033383977276,0.12772415215646,6
clean,6,0.5,22260828,36,16,16,True,0.293135446512138,528.922993126206,False,30,True,max_iterations_reached,4.76313444678751e-10,,,,,,7
clean,6,0.5,22260829,36,16,16,True,0.290344022825045,499.300619092298,True,26,False,ok,9.74330841344799e-11,0.205161614093882,0.160687446701833,0.411585784792212,4.69557609389278,0.212760200441053,8
clean,6,0.5,22260830,36,16,16,True,0.294818385095319,524.096460340608,True,18,False,ok,7.93900247181705e-11,0.165640651467824,0.128883252088356,0.339909742520739,3.61310985254676,0.189938422149676,9
clean,6,0.5,22260831,36,16,16,True,0.287213177261475,540.004630802117,True,7,False,ok,4.66147853815291e-11,0.127041605583478,0.102104055448158,0.248779087011464,1.90080901150652,0.10893690899875,10
clean,6,0.5,22260832,36,16,16,True,0.295348849619572,515.242461833647,True,12,False,ok,8.64526541153015e-11,0.122938981671818,0.0982194917010799,0.244929245544157,1.75897177602552,0.0854572369338536,11
clean,6,0.5,22260833,36,16,16,True,0.286028741015799,538.976135563949,True,16,False,ok,8.30122234289154e-11,0.12840146418681,0.100165477470169,0.264198381690228,1.98471222072274,0.11836078320316,12
clean,6,0.5,22260834,36,16,16,True,0.288201425525065,532.300169872254,True,18,False,ok,7.89343977004144e-11,0.124526997994038,0.0998021679984689,0.238001271846455,1.20207742741089,0.130367521271193,13
clean,6,0.5,22260835,36,16,16,True,0.295140622016077,524.269441919096,True,21,False,ok,9.37917068948244e-11,0.152021781756252,0.120341241207926,0.29921670645372,2.820719705673,0.185388069070698,14
clean,6,0.5,22260836,36,16,16,True,0.295867748382979,522.63337440146,True,10,False,ok,6.66805922769776e-11,0.150864331084953,0.121874642254226,0.284222127164035,2.18885072676097,0.1849946475087,15
clean,6,0.5,22260837,36,16,16,True,0.2906935448646,532.779493441991,True,17,False,ok,7.10746044087494e-11,0.314056962291077,0.257952242353678,0.605756437551719,7.92269573535558,0.393973417480387,16
clean,6,0.5,22260838,36,16,16,True,0.29037305547542,532.424393423519,True,20,False,ok,7.30960808986244e-11,0.197121593046016,0.158777663955129,0.38656619648556,4.52729015393887,0.223989896107751,17
clean,6,0.5,22260839,36,16,16,True,0.295993619073524,521.093017414547,True,17,False,ok,7.19513520898301e-11,0.134272221433901,0.106877992664947,0.267881136205261,2.15967495865471,0.141841879271954,18
clean,6,0.5,22260840,36,16,16,True,0.2917077799924,531.018789406906,True,12,False,ok,7.70819026172969e-11,0.13796648523229,0.112702348196442,0.26439127364597,2.07845417383234,0.171332662957309,19
clean,6,0.5,22260841,36,16,16,True,0.288696011183883,536.703544705786,True,18,False,ok,5.73993914744165e-11,0.200604048145398,0.163817749548022,0.380786898752206,4.97019634280318,0.30506021231107,20
clean,6,0.5,22260842,36,16,16,True,0.292125329492969,532.507045568477,True,8,False,ok,4.95963868657532e-11,0.162298559283062,0.124012090591128,0.336493083257539,3.56909698894835,0.195531146483298,21
clean,6,0.5,22260843,36,16,16,True,0.294885283655709,521.965623227515,True,18,False,ok,7.74616860844549e-11,0.133030484701278,0.105193189883178,0.271169026145568,2.39060844694843,0.127300178498662,22
clean,6,0.5,22260844,36,16,16,True,0.294876514800618,526.312789111009,True,13,False,ok,5.75690012161894e-11,0.184990351210385,0.138512587359384,0.39863701805487,4.4000404155947,0.289257117409502,23
clean,6,0.5,22260845,36,16,16,True,0.291605449997889,519.763397809484,True,18,False,ok,8.564010348706e-11,0.175237821367994,0.133792534408065,0.36111591397332,3.94530050476679,0.239155134432878,24
clean,6,0.5,22260846,36,16,16,True,0.276013770424198,561.37426303537,True,18,False,ok,8.3150452193058e-11,0.159001834631149,0.124329227855782,0.320374450346117,3.23338434258001,0.219380070084705,25
clean,6,0.5,22260847,36,16,16,True,0.29325609925813,527.363754947597,True,16,False,ok,8.93981397451098e-11,0.13099508721066,0.103602772705803,0.256504932277934,1.89125602491268,0.129437863251205,26
clean,6,0.5,22260848,36,16,16,True,0.269685840993004,555.394026913487,True,22,False,ok,7.0669679279433e-11,0.173797987617249,0.138991701515477,0.343726355634999,2.9893646162537,0.158649770712983,27
clean,6,0.5,22260849,36,16,16,True,0.28311269334221,547.482973970049,True,25,False,ok,8.26776633814806e-11,0.208660064980197,0.159265841921497,0.439493245008826,4.87626202120528,0.290925276258871,28
clean,6,0.5,22260850,36,16,16,True,0.292804729744084,523.472371825685,True,16,False,ok,2.82151993736364e-11,0.166625695787761,0.132455559517707,0.323934817405469,3.78659626153251,0.242575261740315,29
clean,6,0.5,22260851,36,16,16,True,0.298616966633651,520.296215260775,False,30,True,max_iterations_reached,3.60258655848051e-10,,,,,,30
clean,6,0.5,22260852,36,16,16,True,0.28949811696637,535.208471105701,True,11,False,ok,6.73163162374769e-11,0.135556683655308,0.10702249533341,0.269133918241238,2.72163279717965,0.16656551821478,31
clean,6,0.5,22260853,36,16,16,True,0.295686910730396,523.170515083958,True,16,False,ok,6.59240308161992e-11,0.166157096487557,0.131398143518915,0.336790553835886,2.85680173194507,0.229903672206337,32
clean,6,0.5,22260854,36,16,16,True,0.295812100478004,512.196167404902,True,15,False,ok,9.53561634350485e-11,0.185891043558062,0.144914692967642,0.370160430894007,4.37990817826441,0.253990096933309,33
clean,6,0.5,22260855,36,16,16,True,0.275223868225086,561.337451754666,True,19,False,ok,7.79148165588202e-11,0.153106281914421,0.120309658934108,0.308092774391966,2.05346344232137,0.208076624903203,34
clean,6,0.5,22260856,36,16,16,True,0.278974951112826,548.601877900481,True,19,False,ok,7.51124532829958e-11,0.117078453830029,0.0941175905081164,0.22785101974705,1.34451933397582,0.102340721728155,35
clean,6,0.5,22260857,36,16,16,True,0.296368163806836,520.713490208818,True,21,False,ok,7.67237256156202e-11,0.128844496523659,0.101451900661262,0.257953716987358,1.82292917254627,0.147960297908709,36
clean,6,0.5,22260858,36,16,16,True,0.291199156890821,531.799760890034,True,19,False,ok,8.20411177166954e-11,0.127129239467976,0.101390499024232,0.243661571001041,2.1736681255964,0.132504190288212,37
clean,6,0.5,22260859,36,16,16,True,0.272178397243425,567.979349203084,True,21,False,ok,8.92730704320973e-11,0.129899249131005,0.104901887071831,0.251402024963099,2.08350652300663,0.162669676682563,38
clean,6,0.5,22260860,36,16,16,True,0.286980990682704,538.447575062949,True,16,False,ok,7.10580914433342e-11,0.180217779674831,0.141212405218735,0.353414148264797,3.84879079038406,0.279955336424422,39
clean,6,0.5,22260861,36,16,16,True,0.298920692368808,516.774967063801,False,30,True,max_iterations_reached,2.19334229609271e-10,,,,,,40
clean,6,0.5,22260862,36,16,16,True,0.295313819958016,520.560762117235,True,16,False,ok,5.58923549107427e-11,0.113818650548204,0.0920220996607844,0.224683512720247,1.14218821815656,0.0692673856414868,41
clean,6,0.5,22260863,36,16,16,True,0.273012196984401,557.597598390613,True,26,False,ok,9.50286588164952e-11,0.139062664507982,0.113034314693273,0.263976033828683,0.788256612171886,0.121041221444525,42
clean,6,0.5,22260864,36,16,16,True,0.295122665862422,519.440709879374,True,14,False,ok,9.14024644939336e-11,0.193936704726426,0.147552480932755,0.412145166370381,4.46645265991327,0.322594812490706,43
clean,6,0.5,22260865,36,16,16,True,0.29187683926269,527.135313363627,True,14,False,ok,6.17511533556644e-11,0.153878925196677,0.120879984526694,0.313661873988735,3.18467390077589,0.183949690536841,44
clean,6,0.5,22260866,36,16,16,True,0.287801089836385,537.642300721493,True,21,False,ok,8.8575478520269e-11,0.132984585397287,0.10803315660284,0.260930003310023,0.773025172896442,0.0564635688982011,45
clean,6,0.5,22260867,36,16,16,True,0.294916098607887,524.305182089805,True,12,False,ok,5.03458626926806e-11,0.131018888836459,0.102573568580486,0.269571320611206,2.3747505667381,0.148935583690262,46
clean,6,0.5,22260868,36,16,16,True,0.294596124905208,526.760122916438,False,30,True,max_iterations_reached,1.33678388518108e-09,,,,,,47
clean,6,0.5,22260869,36,16,16,True,0.297407164832792,521.899716372707,False,30,True,max_iterations_reached,1.4175560301851e-10,,,,,,48
clean,6,0.5,22260870,36,16,16,True,0.278713833931332,556.17633676097,True,12,False,ok,8.04048011310661e-11,0.137556885436845,0.11133576863626,0.26754639200206,1.45151731584913,0.14626168624996,49
clean,6,1,22260821,36,16,16,True,0.474510592080089,371.268794934712,True,28,False,ok,9.73743141868451e-11,0.117187751816824,0.0948129547203856,0.22914351072707,1.36905425662584,0.081089000870321,0
clean,6,1,22260822,36,16,16,True,0.484860153112685,362.634520871955,False,30,True,max_iterations_reached,1.95184347884821e-10,,,,,,1
clean,6,1,22260823,36,16,16,True,0.473525173762589,368.867304703662,True,27,False,ok,8.72627539064992e-11,0.152126532784597,0.118709914865813,0.309751507199962,1.92503343309122,0.0383306940447272,2
clean,6,1,22260824,36,16,16,True,0.471993286862089,370.927413326995,True,13,False,ok,5.97536223909798e-11,0.10883420625555,0.0859588453918364,0.215157593138571,1.38119130453779,0.0728703819301696,3
clean,6,1,22260825,36,16,16,True,0.476146069216928,367.057302241713,True,13,False,ok,5.89558808532117e-11,0.113064181093897,0.0907255235557752,0.216260342072871,0.978213377103303,0.0748316173211908,4
clean,6,1,22260826,36,16,16,True,0.435017660666142,403.530743083283,True,10,False,ok,8.87866342533982e-11,0.129897868753101,0.105795255865103,0.239022552110413,0.870858209226399,0.0832436511507133,5
clean,6,1,22260827,36,16,16,True,0.456415798461581,385.651091004588,True,21,False,ok,9.03351351359e-11,0.114029406719064,0.091900426552364,0.222572398225651,0.825336714209359,0.0844065766880863,6
clean,6,1,22260828,36,16,16,True,0.478503255603654,342.648403958134,True,26,False,ok,5.96471903968708e-11,0.142233463418151,0.113583936539537,0.27874265838701,1.37097992969704,0.150806193936614,7
clean,6,1,22260829,36,16,16,True,0.480762236887752,345.700774345831,True,20,False,ok,7.79071332717826e-11,0.150045805832486,0.11932717826756,0.294848362020161,2.32281101698839,0.0765515314458573,8
clean,6,1,22260830,36,16,16,True,0.485116010066,361.057810021119,True,17,False,ok,8.3672896623339e-11,0.127614297846626,0.10289633193106,0.244861832300813,1.80437420446051,0.08845856840674,9
clean,6,1,22260831,36,16,16,True,0.466283323254777,376.411119726941,True,5,False,ok,7.85147213108384e-11,0.112001771830731,0.0892411986386861,0.221432846326231,0.940427830985826,0.056315362670857,10
clean,6,1,22260832,36,16,16,True,0.48320972850062,361.385466248379,True,12,False,ok,5.36507401860562e-11,0.111326520418879,0.0885385837912429,0.221714935109407,0.892792653454971,0.0414009737399063,11
clean,6,1,22260833,36,16,16,True,0.478800475247387,364.883154852649,True,16,False,ok,9.06162323644308e-11,0.113030692528659,0.0890581012973806,0.226824925232094,0.986619160222221,0.0626294461931462,12
clean,6,1,22260834,36,16,16,True,0.468245530727789,374.010642401773,True,17,False,ok,7.6369843139104e-11,0.119410313931533,0.0960189268784272,0.228290750871096,0.585002323433945,0.0955121252686991,13
clean,6,1,22260835,36,16,16,True,0.483605958562063,363.139118147085,True,18,False,ok,9.07549977178013e-11,0.125589740827073,0.100444346576117,0.250692696188093,1.3874000903627,0.107123581886669,14
clean,6,1,22260836,36,16,16,True,0.484959579597389,361.339702231448,True,9,False,ok,9.40122002298266e-11,0.134592393518143,0.10765894972765,0.261389623042874,1.08419123342913,0.123580601761369,15
clean,6,1,22260837,36,16,16,True,0.479428329311258,365.753150825369,True,16,False,ok,7.35284767185323e-11,0.199267364395814,0.162103135902208,0.387441511121977,3.95990564090733,0.16093058703841,16
clean,6,1,22260838,36,16,16,True,0.468509532006444,374.144196676062,True,16,False,ok,9.64125887658198e-11,0.142148606999852,0.114241983615864,0.274883270200377,2.26991690621095,0.0919034720012189,17
clean,6,1,22260839,36,16,16,True,0.484366154157559,361.101004957535,True,16,False,ok,9.43843757350938e-11,0.11617389767778,0.0923154514535392,0.232232888438233,1.07728335427929,0.0828476963002323,18
clean,6,1,22260840,36,16,16,True,0.473572831103526,370.591849777687,True,11,False,ok,7.96551570745485e-11,0.123600981626993,0.101072069730713,0.23584127817724,1.03726570124582,0.11480456916539,19
clean,6,1,22260841,36,16,16,True,0.464876606413441,377.460453564698,True,16,False,ok,8.24291165948233e-11,0.135632444109187,0.108697085907025,0.258626549728547,2.48090990556961,0.156507745090445,20
clean,6,1,22260842,36,16,16,True,0.482933379388845,364.538363255113,True,8,False,ok,3.86629899269294e-11,0.124993172110898,0.0996109559095716,0.246275256873218,1.78105771648668,0.0928934402213741,21
clean,6,1,22260843,36,16,16,True,0.485141578511028,359.76913969827,True,16,False,ok,4.44889604053509e-11,0.112093949673223,0.0901179387153228,0.219601453108886,1.18158438494206,0.0581946265684737,22
clean,6,1,22260844,36,16,16,True,0.484155076710659,363.20865674878,True,12,False,ok,8.6877783241156e-11,0.13077585732313,0.102649759783333,0.263260015865363,2.1858598163082,0.157033184156871,23
clean,6,1,22260845,36,16,16,True,0.481252999182073,356.644980250131,True,18,False,ok,7.45854110312843e-11,0.12587223059152,0.0992975704518168,0.247369440382172,1.95765305687477,0.121340550300285,24
clean,6,1,22260846,36,16,16,True,0.440717625985944,397.942713711556,True,12,False,ok,9.33251989031014e-11,0.122823040132554,0.0971011869842981,0.246434133240969,1.56574337491162,0.120765419894487,25
clean,6,1,22260847,36,16,16,True,0.480402812362535,364.909762502645,True,14,False,ok,8.86699526001849e-11,0.118542182028263,0.0942097999357969,0.231366530868726,0.94760263757932,0.0806689300816182,26
clean,6,1,22260848,36,16,16,True,0.430188459600646,399.200800347135,True,19,False,ok,7.94829861118871e-11,0.149361577700247,0.120967326128194,0.294041269299416,1.48484985022571,0.094935377879281,27
clean,6,1,22260849,36,16,16,True,0.47378287789776,371.367467341179,True,23,False,ok,9.08398384068117e-11,0.144649871253614,0.114311502472014,0.287860195469047,2.42563278204417,0.148642813969392,28
clean,6,1,22260850,36,16,16,True,0.480497712935502,365.95479890193,True,15,False,ok,5.68664897491809e-11,0.12289453746913,0.0987217931850079,0.231516855321967,1.88642859845754,0.131280090158115,29
clean,6,1,22260851,36,16,16,True,0.48621879636264,362.115869134025,False,30,True,max_iterations_reached,3.15019367433988e-10,,,,,,30
clean,6,1,22260852,36,16,16,True,0.470807486468858,372.748142863076,True,10,False,ok,9.52590983727102e-11,0.107984888774398,0.0865590095935485,0.209583516839729,1.36273269755801,0.0856055955743144,31
clean,6,1,22260853,36,16,16,True,0.483873631157879,362.420379253219,True,13,False,ok,9.273878931177e-11,0.142058258490934,0.114674996790449,0.279846615644175,1.42577368988702,0.152074273029839,32
clean,6,1,22260854,36,16,16,True,0.484709135221203,356.84589833335,True,14,False,ok,7.72433518221336e-11,0.132287903780218,0.10551709452364,0.26233377767646,2.18446748666384,0.127282792659968,33
clean,6,1,22260855,36,16,16,True,0.439865081918119,398.254291131752,True,15,False,ok,8.15768332419334e-11,0.138723051426706,0.110913224327565,0.275636487877051,1.00993869948668,0.1460917508487,34
clean,6,1,22260856,36,16,16,True,0.449830777242138,388.679584869325,True,17,False,ok,9.31832382033812e-11,0.110620195159155,0.0890071703811094,0.218441131202951,0.657843075833518,0.0669787002227579,35
clean,6,1,22260857,36,16,16,True,0.485691432568447,361.414479865372,False,30,True,max_iterations_reached,2.09621233000072e-10,,,,,,36
clean,6,1,22260858,36,16,16,True,0.482459060979315,363.40297363066,True,16,False,ok,7.71659557190668e-11,0.1104407966843,0.088478212975075,0.220674891793493,1.08407602930272,0.0680936130749703,37
clean,6,1,22260859,36,16,16,True,0.431330822704663,406.124541861338,True,16,False,ok,9.72330593501991e-11,0.115570063302509,0.0928843952221257,0.219506278506287,1.03021661790331,0.102823561810958,38
clean,6,1,22260860,36,16,16,True,0.481038822712824,364.039039114375,True,14,False,ok,5.71651047362658e-11,0.135370404416105,0.107118960142433,0.261925994681889,1.91425162632083,0.165425248859504,39
clean,6,1,22260861,36,16,16,True,0.487044553713043,359.794118731831,False,30,True,max_iterations_reached,1.28612699193957e-10,,,,,,40
clean,6,1,22260862,36,16,16,True,0.483492135733656,360.713824525914,True,15,False,ok,8.66534226962018e-11,0.108269527433243,0.087437603360317,0.213163302598218,0.561529190163949,0.0450081085018822,41
clean,6,1,22260863,36,16,16,True,0.439774799513502,395.148066041438,True,25,False,ok,8.42938641907874e-11,0.137153936969996,0.111289407923583,0.260620066835671,0.383680926436978,0.104565844226397,42
clean,6,1,22260864,36,16,16,True,0.482069021098621,362.928308340407,True,13,False,ok,9.54631701143395e-11,0.137563563405238,0.106663058827934,0.284040285278309,2.23171416320569,0.18805763482547,43
clean,6,1,22260865,36,16,16,True,0.481297682442743,363.434284907813,True,13,False,ok,7.97158227801626e-11,0.119263492639544,0.0954197708520663,0.235916297670169,1.57911079693774,0.0898092678038982,44
clean,6,1,22260866,36,16,16,True,0.479111452194806,365.607595368163,True,20,False,ok,7.16423147333451e-11,0.130664087269759,0.106639433385351,0.250076323815218,0.386740386952867,0.0660232431002264,45
clean,6,1,22260867,36,16,16,True,0.483609217773787,362.373929069609,True,11,False,ok,8.40435023893079e-11,0.111046532648079,0.0886351610715014,0.224452636225081,1.20314837071746,0.0807370792695977,46
clean,6,1,22260868,36,16,16,True,0.483942172506617,363.065242798786,False,30,True,max_iterations_reached,5.13884824823993e-10,,,,,,47
clean,6,1,22260869,36,16,16,True,0.447239672764676,382.081070730664,True,29,False,ok,8.62879527106601e-11,0.135652075179957,0.111361338325648,0.257333284819694,1.30617085208197,0.0856794658313033,48
clean,6,1,22260870,36,16,16,True,0.453492689106497,386.943265010622,True,10,False,ok,9.55335030062149e-11,0.130019802080177,0.105004142411461,0.251938768806159,0.72107993565506,0.109004840916444,49
clean,8,0.25,22260821,48,18,18,True,0.161136883242727,1034.60889015679,True,21,False,ok,7.15433248252419e-11,0.201086906143105,0.158832067640409,0.401173094911744,5.01939443893569,0.299488043848728,0
clean,8,0.25,22260822,48,18,18,True,0.172580450359492,1001.07812205465,True,12,False,ok,7.04427352226193e-11,0.17108935375954,0.132458109233452,0.348593513415629,3.87287044325358,0.208225548862759,1
clean,8,0.25,22260823,48,18,18,True,0.16063607813819,1066.83756901095,True,17,False,ok,7.59765609545515e-11,0.116612850578864,0.0924437439592195,0.232157919180054,1.29960626725135,0.0896424893133969,2
clean,8,0.25,22260824,48,18,18,True,0.171333852897902,1001.82690852658,True,11,False,ok,6.58020809060348e-11,0.174676419418236,0.141575495430204,0.335144855331748,4.00390511122576,0.244841781543951,3
clean,8,0.25,22260825,48,18,18,True,0.170285345292517,1010.8811949632,True,18,False,ok,8.73108544615713e-11,0.160622819941615,0.126420417146131,0.329685780444322,3.62921309342978,0.214658154828493,4
clean,8,0.25,22260826,48,18,18,True,0.168104018334718,1009.24619339089,True,19,False,ok,6.96927589571771e-11,0.214242408966075,0.169881586266478,0.431223857207641,5.16755853324525,0.273743780664445,5
clean,8,0.25,22260827,48,18,18,True,0.174054421233642,995.096956398403,True,16,False,ok,7.1671814686735e-11,0.16126873125368,0.126345515941988,0.327640707440313,3.80947074931707,0.216886279743336,6
clean,8,0.25,22260828,48,18,18,True,0.166094299969577,1021.75305615567,True,25,False,ok,7.66031007865203e-11,0.302400546800476,0.241104294198505,0.587215485738479,7.92329333513902,0.472688872838043,7
clean,8,0.25,22260829,48,18,18,True,0.17010227729626,1009.90816363447,True,12,False,ok,9.31768159271256e-11,0.158991083557222,0.126357028240578,0.314548081413868,3.53755539101999,0.206135957873267,8
clean,8,0.25,22260830,48,18,18,True,0.170773408054925,999.367814376072,True,13,False,ok,6.66780910033373e-11,0.151747075201046,0.119745928875475,0.298578960325724,3.09954182589681,0.198253070680719,9
clean,8,0.25,22260831,48,18,18,True,0.148071152255308,1156.90901358183,True,24,False,ok,9.08984551350431e-11,0.135191752889559,0.106924654026774,0.263908936467061,2.36758675574258,0.1437347637745,10
clean,8,0.25,22260832,48,18,18,True,0.174251487818055,986.854199787987,True,12,False,ok,5.91606344502748e-11,0.177417456243588,0.140623642650099,0.344355835316268,4.03839794783433,0.246034671756347,11
clean,8,0.25,22260833,48,18,18,True,0.16576669276653,1034.92856846833,True,11,False,ok,8.19942079880918e-11,0.22631941819902,0.181500743659579,0.449030121352756,5.42838124382448,0.308654243861333,12
clean,8,0.25,22260834,48,18,18,True,0.172967116152782,991.343400818173,True,11,False,ok,9.96279737706193e-11,0.196632981521295,0.153528988941831,0.406189126027368,5.08707948852141,0.296138078845781,13
clean,8,0.25,22260835,48,18,18,True,0.173691536112108,989.792773170845,True,13,False,ok,7.20982871763681e-11,0.188858475346511,0.139027989631087,0.409850247212518,4.33378079040547,0.220633493492074,14
clean,8,0.25,22260836,48,18,18,True,0.173138341919952,989.448256045571,True,15,False,ok,5.53312680154389e-11,0.251763086586235,0.202816524424721,0.491435866094036,6.35858054611297,0.386724813796918,15
clean,8,0.25,22260837,48,18,18,True,0.139406306868724,1234.29613474877,True,22,False,ok,8.66525015404065e-11,0.331462818262482,0.25969642268963,0.657997395986598,8.56815490819431,0.624695061092127,16
clean,8,0.25,22260838,48,18,18,True,0.174407817300193,986.338412002024,True,6,False,ok,6.69427613623321e-11,0.192400640388367,0.153240466979031,0.375206804365913,4.24143063340117,0.299495871681464,17
clean,8,0.25,22260839,48,18,18,True,0.165540650392825,1013.08935355211,True,17,False,ok,8.17697889592276e-11,0.2001995345278,0.147879411504754,0.442970496399209,5.09344856015813,0.313332101533446,18
clean,8,0.25,22260840,48,18,18,True,0.175012092629716,987.172226412536,False,30,True,max_iterations_reached,1.08206382177404e-09,,,,,,19
clean,8,0.25,22260841,48,18,18,True,0.171087671929102,982.663497365192,True,15,False,ok,9.95042461632252e-11,0.202674820088092,0.160699859752325,0.406242927628142,4.95315154684431,0.314108407785933,20
clean,8,0.25,22260842,48,18,18,True,0.171297186507387,1008.6739460153,False,30,True,max_iterations_reached,7.15910243476033e-10,,,,,,21
clean,8,0.25,22260843,48,18,18,True,0.173794970874342,986.391403540532,True,14,False,ok,5.7601894424941e-11,0.140116701631154,0.110729068345293,0.281261169860869,2.71998773894667,0.145800656213724,22
clean,8,0.25,22260844,48,18,18,True,0.168718614770342,1020.26401817005,True,20,False,ok,6.92863103191313e-11,0.185960196543187,0.145652646500526,0.363105540435526,3.87038532114409,0.189809572216997,23
clean,8,0.25,22260845,48,18,18,True,0.168477730193246,1015.07430457007,True,13,False,ok,6.56910269418498e-11,0.240504321283581,0.183978679526517,0.502278481040275,6.18384017057487,0.37315455412942,24
clean,8,0.25,22260846,48,18,18,True,0.168718681542346,1016.3213874668,True,24,False,ok,8.46792319121693e-11,0.267277511574176,0.203936318289485,0.564733168688658,6.76115109200514,0.436670977080391,25
clean,8,0.25,22260847,48,18,18,True,0.161920423263,1057.08716521863,True,17,False,ok,9.79244331778016e-11,0.142457718585755,0.114104295958505,0.281508902010136,2.45730795669926,0.165865509905887,26
clean,8,0.25,22260848,48,18,18,True,0.1747492667152,984.032677540323,True,8,False,ok,6.09710445156904e-11,0.254330893521676,0.195590442560345,0.530479991113708,6.77449354013932,0.416804733531138,27
clean,8,0.25,22260849,48,18,18,True,0.166540154809169,1038.82498679168,True,13,False,ok,5.20170303570446e-11,0.1710426094824,0.135507075404477,0.340268635401042,3.7654239525089,0.261690047688245,28
clean,8,0.25,22260850,48,18,18,True,0.17209314021508,1003.51090029314,True,11,False,ok,5.80527957945961e-11,0.200910771636596,0.155703318243421,0.421424193046693,4.87826105385932,0.305294366439159,29
clean,8,0.25,22260851,48,18,18,True,0.172743481156761,992.925171528487,True,15,False,ok,5.75562179893062e-11,0.12926934891569,0.102429567316161,0.253187392232612,2.21110085083122,0.124304706899491,30
clean,8,0.25,22260852,48,18,18,True,0.169909945664722,1012.17674935369,True,15,False,ok,9.63561895468592e-11,0.217454426456391,0.180299821372735,0.40595074676375,5.27978599917734,0.295356421254082,31
clean,8,0.25,22260853,48,18,18,True,0.175928971282517,978.025416807237,True,16,False,ok,8.38630005765449e-11,0.223654907646937,0.172646073951042,0.45952365495614,5.63522447830777,0.360670957739868,32
clean,8,0.25,22260854,48,18,18,True,0.166341514568934,1018.10397753547,True,22,False,ok,7.56574561516712e-11,0.163983075876184,0.127516918183569,0.331038853423671,3.03982459473544,0.183822101304402,33
clean,8,0.25,22260855,48,18,18,True,0.158818948091641,1062.72416541447,True,18,False,ok,6.33217420559004e-11,0.197070111387166,0.158269083841619,0.380494089966987,4.79268112213226,0.300063919748765,34
clean,8,0.25,22260856,48,18,18,True,0.171207216012194,1005.49584258087,True,10,False,ok,5.86696128595434e-11,0.185368703044769,0.144593034514776,0.382559296247464,4.24448624800619,0.244813325879837,35
clean,8,0.25,22260857,48,18,18,True,0.171056328847602,998.281642439676,True,16,False,ok,6.80074489406721e-11,0.23314762530571,0.190111673232329,0.440843075308806,6.01485100593259,0.344884182672947,36
clean,8,0.25,22260858,48,18,18,True,0.167272358979705,1024.92666749065,True,25,False,ok,9.03684141526615e-11,0.249016846192906,0.177920620630329,0.579750658208411,6.7308837333096,0.389059873221302,37
clean,8,0.25,22260859,48,18,18,True,0.173291265880501,994.547050469209,False,30,True,max_iterations_reached,1.82198759706645e-10,,,,,,38
clean,8,0.25,22260860,48,18,18,True,0.170543991111849,1011.80906105374,True,7,False,ok,7.37472528458909e-11,0.186433805539782,0.148398354434792,0.356522355952649,4.0571917038725,0.276218836646567,39
clean,8,0.25,22260861,48,18,18,True,0.16954779729819,1009.370498349,True,13,False,ok,7.33597095077986e-11,0.172465911192471,0.133551349759,0.347555716884073,3.67224976496011,0.232402786572434,40
clean,8,0.25,22260862,48,18,18,True,0.173980385446594,982.572269611933,True,23,False,ok,7.70271179665769e-11,0.242434731250519,0.179235617876573,0.547019666671389,5.91656993799029,0.3818930139096,41
clean,8,0.25,22260863,48,18,18,True,0.167018243247175,1018.72076770718,True,23,False,ok,9.5652634407195e-11,0.288300664430306,0.231631203202172,0.564007193667493,7.96577167603273,0.526690586078468,42
clean,8,0.25,22260864,48,18,18,True,0.176738004658369,979.998627711722,False,30,True,max_iterations_reached,9.38423251844947e-10,,,,,,43
clean,8,0.25,22260865,48,18,18,True,0.168572153460082,1008.58486281302,True,23,False,ok,8.28639955222402e-11,0.350538857008272,0.267300036690607,0.716373453929009,9.59175518152505,0.53074887219176,44
clean,8,0.25,22260866,48,18,18,True,0.169209029967361,978.487366463832,True,22,False,ok,7.81901508052023e-11,0.171333490843609,0.128785749243003,0.361560554173401,3.51865486173932,0.185499233090821,45
clean,8,0.25,22260867,48,18,18,True,0.175842183103403,976.579709345107,True,13,False,ok,8.32497162822003e-11,0.161411304707638,0.12593706153561,0.324353578713499,3.70749197464546,0.226933926700609,46
clean,8,0.25,22260868,48,18,18,True,0.171375330789806,976.79998215926,True,16,False,ok,8.74221085840621e-11,0.153696838201191,0.124358788149058,0.292632279339911,2.97086299803244,0.176000470799753,47
clean,8,0.25,22260869,48,18,18,True,0.167723482031791,1027.38091198198,True,25,False,ok,7.69061747190948e-11,0.173114749496787,0.136473861123275,0.353549325015656,3.65076174501775,0.219430284775071,48
clean,8,0.25,22260870,48,18,18,True,0.150095502463796,1092.7591000298,True,17,False,ok,7.82348616262168e-11,0.194156494666335,0.150354470329898,0.409043992904756,4.52004847614927,0.253426176014343,49
clean,8,0.5,22260821,48,18,18,True,0.310891011212398,562.570952988553,True,15,False,ok,8.11684994198694e-11,0.132408121778959,0.105151737390427,0.263494288873822,2.49379140871827,0.147868259694316,0
clean,8,0.5,22260822,48,18,18,True,0.321363143327123,556.147898894835,True,11,False,ok,6.59278179937231e-11,0.126875085830335,0.0997235945579757,0.247284501943135,1.9383518456202,0.0956922656358621,1
clean,8,0.5,22260823,48,18,18,True,0.297369769393649,596.228219731991,True,16,False,ok,7.11016698772919e-11,0.110644798583734,0.0874520794659587,0.222550977231606,0.655816358644999,0.0575447456571508,2
clean,8,0.5,22260824,48,18,18,True,0.322019186032554,551.646489695251,True,10,False,ok,6.2563480322371e-11,0.130272852132818,0.105704764011026,0.251290123145509,2.0082736001016,0.131045988809278,3
clean,8,0.5,22260825,48,18,18,True,0.322326613758554,552.219816629625,True,16,False,ok,7.8867972333527e-11,0.120101335520332,0.0958677375377494,0.243003017313015,1.7775822382712,0.105720566268935,4
clean,8,0.5,22260826,48,18,18,True,0.317791711808374,551.834023796916,True,17,False,ok,6.39321838125636e-11,0.148141882100244,0.11973093132722,0.286544262583988,2.5741005392093,0.123261233625258,5
clean,8,0.5,22260827,48,18,18,True,0.324706469219041,551.680674784976,True,12,False,ok,8.17628120276646e-11,0.119544079157471,0.095519000081484,0.225072570586526,1.91261243828645,0.105452758504816,6
clean,8,0.5,22260828,48,18,18,True,0.316308569610552,556.749487574185,True,22,False,ok,9.90028783439428e-11,0.180320619613529,0.145608902224911,0.347278416369079,3.9524029919971,0.235887196963604,7
clean,8,0.5,22260829,48,18,18,True,0.322446407370801,550.935489386675,True,19,False,ok,7.18766078445943e-11,0.122797268345035,0.0982392715939147,0.244953240483348,1.7903795947328,0.105250999797006,8
clean,8,0.5,22260830,48,18,18,True,0.313522415922355,562.313250917261,True,13,False,ok,6.82697233532048e-11,0.120358972501798,0.0964420166968632,0.234908056743199,1.57966606778383,0.111841996315397,9
clean,8,0.5,22260831,48,18,18,True,0.273223919527271,649.030286644589,True,22,False,ok,9.12792459998554e-11,0.11493703468254,0.0915256178852795,0.225158018714211,1.1725666495399,0.0761849545751447,10
clean,8,0.5,22260832,48,18,18,True,0.324138984057606,548.975053612741,True,17,False,ok,9.68939138702902e-11,0.1300311530926,0.103720119596679,0.257055605785794,2.04344234934517,0.128268299697171,11
clean,8,0.5,22260833,48,18,18,True,0.314350528184135,564.283289223812,True,10,False,ok,9.37049589994205e-11,0.152997521965546,0.124515066462519,0.295127443818188,2.67604523042902,0.150884457755072,12
clean,8,0.5,22260834,48,18,18,True,0.324138600901125,547.321572268363,True,10,False,ok,9.89052345624926e-11,0.1301352731998,0.104420596354998,0.24905227739076,2.47186682857541,0.141796843379102,13
clean,8,0.5,22260835,48,18,18,True,0.319879331541468,556.287280619964,True,12,False,ok,8.06763302122226e-11,0.137241364844241,0.106560577524319,0.27227594244934,2.14916638840971,0.092190063919766,14
clean,8,0.5,22260836,48,18,18,True,0.323114486543871,548.675777382472,True,9,False,ok,6.80492602772586e-11,0.157250090741755,0.127354809428949,0.30131391304451,3.14107965314999,0.195159264799428,15
clean,8,0.5,22260837,48,18,18,True,0.2620451499273,678.954032757603,True,17,False,ok,7.47342391313513e-11,0.20789375817325,0.163212970845299,0.418827516762121,4.22711624502316,0.363643566989536,16
clean,8,0.5,22260838,48,18,18,True,0.326570101820034,545.031358092267,True,6,False,ok,4.43887926295502e-11,0.144502687148586,0.11592392437941,0.284186032648304,2.14171156022184,0.179655031311502,17
clean,8,0.5,22260839,48,18,18,True,0.310972818589275,562.72120176514,True,18,False,ok,4.50264029292806e-11,0.135149366313412,0.106034855232438,0.270253934166753,2.55206915903119,0.163033909382595,18
clean,8,0.5,22260840,48,18,18,True,0.302832722824021,570.882326006634,True,22,False,ok,8.89447010295506e-11,0.122314826545235,0.0969057459687615,0.24292653819824,1.81003479867472,0.102982207727903,19
clean,8,0.5,22260841,48,18,18,True,0.32109446210862,544.179540752599,True,12,False,ok,6.66841108541555e-11,0.136288906046301,0.107739430959227,0.268880663514892,2.46211798385051,0.164967900103291,20
clean,8,0.5,22260842,48,18,18,True,0.323404129099892,552.387115341336,False,30,True,max_iterations_reached,2.88127872990221e-10,,,,,,21
clean,8,0.5,22260843,48,18,18,True,0.325993022254996,544.120260994882,True,13,False,ok,7.31149280065743e-11,0.113493101658118,0.0904153609743004,0.222315268305318,1.34710593479508,0.0660537624397052,22
clean,8,0.5,22260844,48,18,18,True,0.313635085180277,567.796415407062,True,20,False,ok,9.89939683979254e-11,0.149517959575676,0.119619802626603,0.294518848565417,2.01699431143446,0.0900006496072109,23
clean,8,0.5,22260845,48,18,18,True,0.318257139550642,555.560290640313,True,19,False,ok,4.54226058980519e-11,0.148816865046938,0.119080160309998,0.285257336816613,3.02207859501344,0.183745827432583,24
clean,8,0.5,22260846,48,18,18,True,0.316211198636541,560.96770799378,True,23,False,ok,8.55439074170543e-11,0.164495871737776,0.129859177176478,0.340517321705747,3.36627664966439,0.233929061637679,25
clean,8,0.5,22260847,48,18,18,True,0.307690331691392,575.812440958323,True,16,False,ok,7.33550943904385e-11,0.121225478286476,0.0982079199727824,0.229851324652763,1.23951801606887,0.098910299999566,26
clean,8,0.5,22260848,48,18,18,True,0.326467718557491,544.980733396449,True,11,False,ok,6.99541876634712e-11,0.153804247797368,0.120858006603919,0.318195542661415,3.35185088731698,0.211511481619947,27
clean,8,0.5,22260849,48,18,18,True,0.31567754053884,566.397462662386,True,12,False,ok,7.78943968528018e-11,0.127868157118841,0.101651304103484,0.246654627502529,1.85167108903824,0.149906803902435,28
clean,8,0.5,22260850,48,18,18,True,0.323855470085441,551.441518797551,True,9,False,ok,9.74954256555211e-11,0.133906119240461,0.106731427592805,0.26988882219463,2.4581464786397,0.160402733888135,29
clean,8,0.5,22260851,48,18,18,True,0.323243888574277,548.970992528634,True,12,False,ok,6.32155111537455e-11,0.110849839723579,0.0880089557879806,0.216165782994793,1.07827039831644,0.0598173654223092,30
clean,8,0.5,22260852,48,18,18,True,0.317698418284128,559.889573346112,True,14,False,ok,8.9377211443322e-11,0.139255541806342,0.111851104002282,0.266117303048574,2.53237691455543,0.130990244252183,31
clean,8,0.5,22260853,48,18,18,True,0.326406297890575,545.59626130038,True,14,False,ok,7.87015786308444e-11,0.149942950864416,0.119209646711429,0.285651848268786,2.87838396688121,0.197196978511221,32
clean,8,0.5,22260854,48,18,18,True,0.312154556824461,562.783622393269,True,20,False,ok,8.96291454336442e-11,0.134032663549228,0.107318252129466,0.262642516943501,1.49440447295916,0.103630526321841,33
clean,8,0.5,22260855,48,18,18,True,0.297356722144477,591.933885489777,True,18,False,ok,9.77104570738002e-11,0.134493092960347,0.10822288949091,0.261443569805664,2.35155111896877,0.155671705719729,34
clean,8,0.5,22260856,48,18,18,True,0.320292864703576,555.961183037074,True,9,False,ok,9.73960967878004e-11,0.134796778511354,0.106292022194769,0.271653295274632,2.09588199682082,0.123351851581273,35
clean,8,0.5,22260857,48,18,18,True,0.323532334812779,546.062416679556,True,29,False,ok,8.46837689506866e-11,0.14908535291536,0.119595157126877,0.287036572601007,2.97918970329449,0.164509619878424,36
clean,8,0.5,22260858,48,18,18,True,0.3219961605468,550.734462900818,True,13,False,ok,7.42680868620598e-11,0.155927796616903,0.120976270898793,0.313453208749514,3.26098558229524,0.183929914287335,37
clean,8,0.5,22260859,48,18,18,True,0.305880905608731,569.221249409091,True,29,False,ok,8.87689583124574e-11,0.176337093656777,0.140591706103056,0.334827226498158,4.14181411126421,0.276497061345492,38
clean,8,0.5,22260860,48,18,18,True,0.318230446922546,560.823958625267,True,7,False,ok,3.73781772251089e-11,0.137708421544611,0.11061904432085,0.27033866763837,1.94984803671742,0.153292173551638,39
clean,8,0.5,22260861,48,18,18,True,0.317760326074099,557.394509212473,True,13,False,ok,5.3818765062447e-11,0.133760983231435,0.106547314508728,0.256802894984531,1.83066955636341,0.129947745950846,40
clean,8,0.5,22260862,48,18,18,True,0.325691622462041,543.245863203412,True,13,False,ok,6.39499076110648e-11,0.153581278714004,0.120894019200539,0.30961411653827,2.8906939395764,0.203754919984138,41
clean,8,0.5,22260863,48,18,18,True,0.312381615851267,566.24306711294,True,22,False,ok,8.98291002131185e-11,0.173046018364322,0.139895709805866,0.329093080810594,3.99707091851868,0.288114953279935,42
clean,8,0.5,22260864,48,18,18,True,0.324954620230371,551.406107750855,True,23,False,ok,8.74057623540251e-11,0.19720003454732,0.159442298494243,0.378326306752452,4.37797397011871,0.20780255343774,43
clean,8,0.5,22260865,48,18,18,True,0.320843225769404,550.361248718415,True,13,False,ok,5.48996394676144e-11,0.19944293686648,0.155379487399438,0.405840435744409,4.69581634508401,0.236619938668243,44
clean,8,0.5,22260866,48,18,18,True,0.320469785874688,530.264939676755,True,28,False,ok,8.11817216032557e-11,0.133034961125215,0.104380899910943,0.264957093929041,1.70639905884226,0.0860197085218021,45
clean,8,0.5,22260867,48,18,18,True,0.326833353203558,543.78118298928,True,12,False,ok,8.71193668652286e-11,0.119011021070883,0.0946619794448064,0.235228870136694,1.83044236390329,0.115399207898382,46
clean,8,0.5,22260868,48,18,18,True,0.320886888880886,545.486997308137,True,14,False,ok,7.89233370838515e-11,0.124555149552819,0.0998725420701386,0.237198452446563,1.47891666440726,0.0930277609416376,47
clean,8,0.5,22260869,48,18,18,True,0.312593147714846,570.252313763255,True,22,False,ok,8.63439991137736e-11,0.133075784088338,0.106453695316531,0.259597880778273,1.85025095377453,0.118969801238282,48
clean,8,0.5,22260870,48,18,18,True,0.28337567725225,594.743573223382,True,15,False,ok,6.53759836725373e-11,0.135156271043322,0.107235905871464,0.268481358645012,2.22587197667295,0.120025006457628,49
clean,8,1,22260821,48,18,18,True,0.516859348220039,385.618077882496,True,14,False,ok,4.61870131889021e-11,0.109142902248129,0.086197404450944,0.213181076026103,1.24233695024775,0.074250153934496,0
clean,8,1,22260822,48,18,18,True,0.518410485540404,387.281269903872,True,10,False,ok,6.31391636452442e-11,0.112898164756741,0.0896557364774703,0.222793955647749,0.969759148717501,0.0463019641635371,1
clean,8,1,22260823,48,18,18,True,0.470331707023933,424.434749944509,True,15,False,ok,7.26967593963934e-11,0.109299153232597,0.0863673768493255,0.220602592324148,0.32957309213253,0.0464576787473917,2
clean,8,1,22260824,48,18,18,True,0.527611420056818,378.689345567442,True,9,False,ok,6.24690219879763e-11,0.116818943124508,0.0936288463230504,0.228674010500285,1.00523585716301,0.0800150356099052,3
clean,8,1,22260825,48,18,18,True,0.526494854214989,379.681174663544,True,15,False,ok,5.89804818629558e-11,0.10880574099232,0.0866939082767896,0.214885074474047,0.879545634239841,0.0560539294054411,4
clean,8,1,22260826,48,18,18,True,0.517521309053076,381.159889368821,True,19,False,ok,8.24591824709842e-11,0.125948495917943,0.101641282622638,0.24129280406413,1.28713758025376,0.0578962244662614,5
clean,8,1,22260827,48,18,18,True,0.526837326728636,381.735052434211,True,11,False,ok,9.37164854382219e-11,0.107331676053448,0.0863496242790554,0.205589111216753,0.95924509421247,0.0540207004220907,6
clean,8,1,22260828,48,18,18,True,0.521119207453962,382.083581539025,True,21,False,ok,7.29085640719118e-11,0.132923071568004,0.106931878604406,0.257491053421432,1.97322719937542,0.120413204660011,7
clean,8,1,22260829,48,18,18,True,0.526917701864393,378.757535275707,True,16,False,ok,7.6132511133241e-11,0.111793458225002,0.0898724265756008,0.216730503427698,0.898731460537846,0.0604269678208361,8
clean,8,1,22260830,48,18,18,True,0.495351183066515,401.333660587129,True,12,False,ok,8.19367956902221e-11,0.110355237957141,0.0887341638605124,0.212903861148206,0.797484748594342,0.0714583431467384,9
clean,8,1,22260831,48,18,18,True,0.436045736400368,458.748437356158,True,20,False,ok,8.40596270965117e-11,0.10944677831104,0.0874223476820634,0.214769652809421,0.584414199988668,0.0489938183412884,10
clean,8,1,22260832,48,18,18,True,0.522496080687158,382.912010132722,True,9,False,ok,8.08123833070334e-11,0.114515083431702,0.0914104264556269,0.223636330193244,1.02804332331211,0.0714013101620839,11
clean,8,1,22260833,48,18,18,True,0.509167101938803,391.359546975014,True,10,False,ok,7.67601728391731e-11,0.128951043850322,0.104337995230466,0.253781812986631,1.32888425243015,0.0835897594553373,12
clean,8,1,22260834,48,18,18,True,0.524218168858761,380.536500244045,True,10,False,ok,7.78983297921383e-11,0.109435011350617,0.0877114955096517,0.211804896086676,1.21782010691889,0.0704251957017242,13
clean,8,1,22260835,48,18,18,True,0.510718319741268,391.890994868427,True,11,False,ok,9.94522895857707e-11,0.121978608287023,0.0964995942666504,0.243783862243729,1.06999577416107,0.0353028585447035,14
clean,8,1,22260836,48,18,18,True,0.523453724838659,380.985197958768,True,9,False,ok,5.91429205388303e-11,0.123032837547018,0.0998859219708536,0.232656714449542,1.56077084096536,0.103200497886917,15
clean,8,1,22260837,48,18,18,True,0.422506231714323,472.919831099636,True,15,False,ok,7.8025966692666e-11,0.165493762903255,0.133228431282254,0.319425327833534,2.1027347605382,0.236449935407306,16
clean,8,1,22260838,48,18,18,True,0.530310334318203,377.297694556365,True,6,False,ok,6.06511056639937e-11,0.129940978658713,0.104652518330776,0.247983255355022,1.07607647548352,0.122628989287092,17
clean,8,1,22260839,48,18,18,True,0.529969643142834,376.836157717564,False,30,True,max_iterations_reached,3.74619131540041e-10,,,,,,18
clean,8,1,22260840,48,18,18,True,0.492060307796402,396.10138974338,True,20,False,ok,8.99705114048389e-11,0.10815501445205,0.0862511623412046,0.217244991387133,0.902883786985895,0.0544647337462859,19
clean,8,1,22260841,48,18,18,True,0.518942756712226,380.576300944861,True,11,False,ok,8.18890648830814e-11,0.113895389091417,0.0901502424340502,0.220503899017643,1.2275966365617,0.0923509395914951,20
clean,8,1,22260842,48,18,18,True,0.527452148295606,380.178918673816,False,30,True,max_iterations_reached,1.00828652672741e-10,,,,,,21
clean,8,1,22260843,48,18,18,True,0.529296827591539,376.866397946186,True,12,False,ok,8.38595615496598e-11,0.106007782269531,0.0847094073505264,0.207380286514081,0.670368870522501,0.0304011035608732,22
clean,8,1,22260844,48,18,18,True,0.503597130073138,397.405871897672,True,18,False,ok,9.58638933536712e-11,0.138257177508147,0.111595245405611,0.274356630492179,1.02954520739662,0.0622655654014184,23
clean,8,1,22260845,48,18,18,True,0.523240170354165,380.829604411064,True,23,False,ok,7.90281235578565e-11,0.116969905545135,0.0938048342094215,0.231745371352998,1.49220626308866,0.0936958638293069,24
clean,8,1,22260846,48,18,18,True,0.509890540640151,391.390721946615,True,20,False,ok,9.27101611982789e-11,0.126763251964876,0.100986307230895,0.256741274910866,1.67907517759154,0.134584096648592,25
clean,8,1,22260847,48,18,18,True,0.512930603601794,388.924318435653,True,15,False,ok,6.6355064501786e-11,0.115064224101107,0.0933664673880028,0.218796342716487,0.622460008048957,0.0701101125269022,26
clean,8,1,22260848,48,18,18,True,0.528873542650074,378.17183390624,True,11,False,ok,6.20386849208041e-11,0.117156856272542,0.0925707868560509,0.233861800372637,1.66557662105689,0.110372921263048,27
clean,8,1,22260849,48,18,18,True,0.514349507260343,389.915726158076,True,13,False,ok,9.23059191067796e-11,0.115626332702372,0.0923154689334362,0.231522143168306,0.918102819994648,0.0987709099184051,28
clean,8,1,22260850,48,18,18,True,0.5275840502227,380.076514941534,True,9,False,ok,9.5273313780511e-11,0.110392702635701,0.0888316946232985,0.218365119969377,1.23325863292011,0.0885887596654152,29
clean,8,1,22260851,48,18,18,True,0.521469795226241,382.596577773567,True,11,False,ok,4.19498860343246e-11,0.105586733280542,0.0840958323150128,0.206019355209008,0.531919665183336,0.0330093697947585,30
clean,8,1,22260852,48,18,18,True,0.514162605677082,388.635139206381,True,14,False,ok,6.96131850909739e-11,0.112973705191934,0.090253624496488,0.216685872343447,1.24042553304968,0.055496931637118,31
clean,8,1,22260853,48,18,18,True,0.528129098784537,379.215298846443,True,11,False,ok,9.802412346291e-11,0.123261949808107,0.0989928618130095,0.240144685288124,1.45484760800914,0.116589286165896,32
clean,8,1,22260854,48,18,18,True,0.504213211233736,393.009774989221,True,18,False,ok,9.56571126914502e-11,0.125570406425769,0.100614987783609,0.247018198531634,0.740992610349384,0.0757881976737079,33
clean,8,1,22260855,48,18,18,True,0.477501643023668,415.355451235876,True,14,False,ok,9.65398140101428e-11,0.114834608188781,0.0920237842718127,0.223429653504326,1.1818505752319,0.0885184998789688,34
clean,8,1,22260856,48,18,18,True,0.518172807726243,386.138101833708,True,9,False,ok,5.23418774120775e-11,0.11882684041399,0.0946112205578929,0.234993643346115,1.04094318413063,0.0733893286029356,35
clean,8,1,22260857,48,18,18,True,0.528077954333155,376.32454251161,True,20,False,ok,9.51988297394113e-11,0.119146996377275,0.0949971413470575,0.237056402323477,1.47296466165776,0.0760142501113127,36
clean,8,1,22260858,48,18,18,True,0.527233825552657,378.078621496634,True,12,False,ok,6.70030964228553e-11,0.124087455601036,0.0990938414742819,0.243815992523633,1.60479909569481,0.0902345062007054,37
clean,8,1,22260859,48,18,18,True,0.492069914554632,403.876731814858,True,24,False,ok,7.09675836885914e-11,0.127444133913537,0.101818435859887,0.243894090647956,2.0683878774979,0.15446042061164,38
clean,8,1,22260860,48,18,18,True,0.511809044576947,391.651985886846,True,7,False,ok,2.938058096272e-11,0.124222996681562,0.0993986812072979,0.243412396245901,0.95556960517568,0.0995538576851016,39
clean,8,1,22260861,48,18,18,True,0.515661932744186,386.461343858166,True,12,False,ok,7.07021419105372e-11,0.12260865185321,0.0979806101811832,0.234862615167941,0.913909945805604,0.0867439377282173,40
clean,8,1,22260862,48,18,18,True,0.528795932693346,376.525257874963,True,14,False,ok,4.24618202750709e-11,0.12284352910828,0.0991417995852642,0.235375017669526,1.43230272484825,0.119641751289363,41
clean,8,1,22260863,48,18,18,True,0.505501961989246,395.402331139226,True,21,False,ok,8.36518882113596e-11,0.130184181002401,0.105227409878349,0.2513096714853,2.00059586143976,0.169127979797658,42
clean,8,1,22260864,48,18,18,True,0.527051352493773,381.816427956068,True,20,False,ok,8.7761734237756e-11,0.144993534445309,0.116675120933638,0.279167073331976,2.20461032953261,0.0830141094885477,43
clean,8,1,22260865,48,18,18,True,0.525715587433792,378.220306833304,True,15,False,ok,9.42802827463578e-11,0.141495934948601,0.111642268124605,0.284414542691813,2.32612686843197,0.0960543088217388,44
clean,8,1,22260866,48,18,18,True,0.525069507334114,361.86838791707,True,24,False,ok,9.50665752882915e-11,0.122402968223898,0.0975796661134098,0.245794457209314,0.838128542781543,0.0537408506543911,45
clean,8,1,22260867,48,18,18,True,0.528851477559706,378.067356844738,True,11,False,ok,8.29012046822208e-11,0.106651504979933,0.0855471979006992,0.203464822844523,0.908926867963307,0.0618149633449125,46
clean,8,1,22260868,48,18,18,True,0.517556968787482,384.777686577953,True,14,False,ok,6.07170754996861e-11,0.116054005476568,0.0929522879608306,0.226097944435111,0.736941678302721,0.0606067021487228,47
clean,8,1,22260869,48,18,18,True,0.50427213775688,397.195048798752,True,18,False,ok,8.15367099702727e-11,0.119977854889659,0.0960339877891705,0.230814096435417,0.930199478133967,0.0770844710952909,48
clean,8,1,22260870,48,18,18,True,0.459441974968229,418.479462274329,True,12,False,ok,9.61024925988847e-11,0.116175270412431,0.0930678666444311,0.227107446958108,1.10428470281887,0.061577148219832,49
clean,12,0.25,22260821,72,22,22,True,0.188290223621784,1104.53621932252,True,13,False,ok,8.4452199308816e-11,0.166491124714544,0.130592108919031,0.338711620060295,3.78793383610572,0.216213383396029,0
clean,12,0.25,22260822,72,22,22,True,0.188541754052669,1121.96740790172,True,21,False,ok,8.36346294645512e-11,0.385630364293061,0.315464831494718,0.756304367865912,10.8271648206045,0.630266740410112,1
clean,12,0.25,22260823,72,22,22,True,0.187657697299187,1102.42318828384,True,27,False,ok,8.03659696646786e-11,0.222737711989249,0.182883915260359,0.427114706488929,5.59228318574158,0.317453247017554,2
clean,12,0.25,22260824,72,22,22,True,0.203369969918036,1034.41057210408,True,25,False,ok,8.90589891503035e-11,0.249488136092073,0.19965052293137,0.492659099388248,6.43756928356107,0.405761329073499,3
clean,12,0.25,22260825,72,22,22,True,0.201967870008249,1042.85024932204,True,15,False,ok,6.33336477781511e-11,0.140935423170653,0.112153839010567,0.283630314226713,2.63023577205648,0.148539184504507,4
clean,12,0.25,22260826,72,22,22,True,0.1976844759247,1024.14212336288,True,18,False,ok,6.83901339894601e-11,0.163336515776149,0.12845682184928,0.330269085934276,3.59922930485096,0.217577221953544,5
clean,12,0.25,22260827,72,22,22,True,0.199660893590731,1038.22994989402,True,11,False,ok,7.34696795393188e-11,0.132696471562161,0.105287500397703,0.257138060135276,2.48188471085809,0.130712994308167,6
clean,12,0.25,22260828,72,22,22,True,0.193091661642829,1083.91857657809,True,16,False,ok,4.71437612247764e-11,0.191451893009928,0.14347982977088,0.416112336028362,4.14246304521323,0.215655554968269,7
clean,12,0.25,22260829,72,22,22,True,0.196596258008535,1070.01963635309,True,25,False,ok,8.60805984012189e-11,0.210379388525534,0.159183940089652,0.446930580398042,5.38677075774006,0.298786936908992,8
clean,12,0.25,22260830,72,22,22,True,0.204375645954884,1032.32276379872,True,10,False,ok,8.11938626710122e-11,0.300793620467835,0.237174948630988,0.604749127339588,8.34577640880084,0.455886702943531,9
clean,12,0.25,22260831,72,22,22,True,0.202302835673867,1030.42498662306,True,16,False,ok,7.17393522081446e-11,0.149698410326798,0.118629652347635,0.295035568847624,3.12256465349613,0.193021300511363,10
clean,12,0.25,22260832,72,22,22,True,0.187953308979404,1117.72106221567,True,12,False,ok,6.81540772423944e-11,0.132344407557459,0.103387304002638,0.261632064919937,2.35311911921721,0.16291131365557,11
clean,12,0.25,22260833,72,22,22,True,0.188007550361991,1063.81933085329,True,23,False,ok,6.58783534796896e-11,0.315555762388345,0.263467331768316,0.584265346688539,8.68140269856582,0.51785450564282,12
clean,12,0.25,22260834,72,22,22,True,0.194480942484016,1084.26797785177,True,24,False,ok,9.91434866268936e-11,0.230954178315764,0.179180960664985,0.481767262606247,6.0057369881824,0.357023792197777,13
clean,12,0.25,22260835,72,22,22,True,0.193299534806986,1069.40358914703,True,14,False,ok,7.30979382584062e-11,0.215487581514404,0.168022474476921,0.442762828157583,5.36689661199263,0.30145852389882,14
clean,12,0.25,22260836,72,22,22,True,0.191980321126583,1095.71397316922,True,18,False,ok,9.26508339616e-11,0.222952212178035,0.181970050557631,0.433141954650118,5.46792851897241,0.298815472140879,15
clean,12,0.25,22260837,72,22,22,True,0.186482753840645,1121.35176833349,True,21,False,ok,9.37304500235033e-11,0.180408228579228,0.144474723673546,0.353080562427266,4.29731491004345,0.237414113905657,16
clean,12,0.25,22260838,72,22,22,True,0.203004428458312,1022.32387387072,True,14,False,ok,7.65568850627278e-11,0.125645701601989,0.100405112304859,0.24358065226675,2.14703624508482,0.138611748150804,17
clean,12,0.25,22260839,72,22,22,True,0.19579387609795,1073.31842354285,True,21,False,ok,8.62575321399587e-11,0.152714815468762,0.117856561959371,0.318804992122246,3.21376763465976,0.16451472660239,18
clean,12,0.25,22260840,72,22,22,True,0.204591240907486,1033.6262019118,True,16,False,ok,6.78004331108696e-11,0.150220431890108,0.115598768380954,0.30783376559218,3.16974270776941,0.180554838736019,19
clean,12,0.25,22260841,72,22,22,True,0.199346151905996,1030.93694481908,True,12,False,ok,8.33899328108893e-11,0.135375788289031,0.108870557717695,0.262500180709635,2.60381722304435,0.144269418942998,20
clean,12,0.25,22260842,72,22,22,True,0.197219819728304,1065.30883840369,True,9,False,ok,4.14453313167129e-11,0.192258145583758,0.154787456907743,0.369047904363917,4.53933862720393,0.282693663221936,21
clean,12,0.25,22260843,72,22,22,True,0.205933849526499,1006.14200307805,True,18,False,ok,9.55361185349852e-11,0.152353791648914,0.11988828820367,0.303831375073926,2.92865294878207,0.199684169758344,22
clean,12,0.25,22260844,72,22,22,True,0.203911808740575,1026.95627725499,True,8,False,ok,7.8842369743383e-11,0.467604157285524,0.387394152242941,0.904624321237146,13.2277447421776,0.79370450974298,23
clean,12,0.25,22260845,72,22,22,True,0.195328249941211,1062.71950056842,True,22,False,ok,7.53963506890987e-11,0.159042152570476,0.124677201009112,0.320323183932203,3.46985028356482,0.194777808928157,24
clean,12,0.25,22260846,72,22,22,True,0.200533634081697,1030.05732676888,True,14,False,ok,7.1985421186197e-11,0.122994866313099,0.0971671473579341,0.240083072158903,1.78398247986068,0.123872912719657,25
clean,12,0.25,22260847,72,22,22,True,0.200570832560751,1024.06896280225,True,13,False,ok,5.81797988541935e-11,0.289154037714966,0.226907384958056,0.602046264983969,7.83249322765377,0.477817339882545,26
clean,12,0.25,22260848,72,22,22,True,0.198622890559794,1028.48379348299,True,15,False,ok,7.08042328419617e-11,0.121543711314529,0.0957804483829887,0.240983617641,1.82598455914808,0.112070078188046,27
clean,12,0.25,22260849,72,22,22,True,0.198185918753827,1060.12855380047,True,11,False,ok,6.92305663820525e-11,0.157232202453683,0.12071096456364,0.322433636924896,3.25354483102962,0.196289354218731,28
clean,12,0.25,22260850,72,22,22,True,0.199679868429267,1049.15375655036,True,11,False,ok,6.84929229018481e-11,0.18501211793905,0.139714355609796,0.392932376587218,4.02022931310692,0.267079005962606,29
clean,12,0.25,22260851,72,22,22,True,0.186680282505487,1108.58111255399,True,19,False,ok,8.42379979584745e-11,0.136227345563448,0.104066160851201,0.273417062181025,2.39072057770924,0.172140238125104,30
clean,12,0.25,22260852,72,22,22,True,0.20269784261167,1026.62639512038,True,12,False,ok,8.83583454645028e-11,0.173172418338449,0.136469336717787,0.351523257193165,4.04705160309357,0.260674507280745,31
clean,12,0.25,22260853,72,22,22,True,0.201992649491762,1045.46226837656,False,30,True,max_iterations_reached,1.89783198452677e-09,,,,,,32
clean,12,0.25,22260854,72,22,22,True,0.206901275735589,1003.26247548588,True,22,False,ok,8.57480970521179e-11,0.221232934296579,0.184540120044294,0.412131421379769,5.54767106594115,0.342600221021193,33
clean,12,0.25,22260855,72,22,22,True,0.197721866889179,1060.0156251226,True,13,False,ok,8.74220058458273e-11,0.173669340813486,0.130917547359227,0.374421852535711,3.88815569645613,0.240430259540804,34
clean,12,0.25,22260856,72,22,22,True,0.201273671537322,1045.55849828818,True,7,False,ok,9.11135507629063e-11,0.220452886309887,0.16202890802026,0.510450983504729,5.39968525986365,0.375367348609702,35
clean,12,0.25,22260857,72,22,22,True,0.18371516076047,1138.69902215916,True,28,False,ok,7.41898308282634e-11,0.243205138304836,0.195445956299918,0.470231165748203,6.38444720860025,0.380752672886196,36
clean,12,0.25,22260858,72,22,22,True,0.198138620573067,1066.27217547411,True,10,False,ok,6.82563807037153e-11,0.152062814007522,0.122241467841952,0.299077818140425,2.88736116557601,0.177690120772113,37
clean,12,0.25,22260859,72,22,22,True,0.201940133817333,1041.38369681474,True,15,False,ok,7.79807046955553e-11,0.221000421282871,0.168484430808635,0.461606039757401,5.12396927010775,0.270684288932028,38
clean,12,0.25,22260860,72,22,22,True,0.199170801323964,1057.04790467281,True,22,False,ok,7.79100248339093e-11,0.294693510255802,0.23594987863825,0.571784598892577,7.7783123615409,0.447029866466524,39
clean,12,0.25,22260861,72,22,22,True,0.204746210892135,1030.24037580085,True,8,False,ok,6.96815835697814e-11,0.147706108699739,0.118755379523667,0.282577118487404,2.92534821548217,0.17030489105098,40
clean,12,0.25,22260862,72,22,22,True,0.201394105927372,1041.01326531177,True,10,False,ok,5.31186788456669e-11,0.163376977220302,0.12931700748596,0.323508729211852,3.59776477625152,0.202498583721374,41
clean,12,0.25,22260863,72,22,22,True,0.204473707787969,1033.69548251597,True,10,False,ok,4.95689349258557e-11,0.18264841467881,0.145473897775145,0.358598777613395,4.13395521452665,0.273991416613643,42
clean,12,0.25,22260864,72,22,22,True,0.202936389240446,1037.3826826724,True,10,False,ok,6.96739163151855e-11,0.256796956797024,0.199987572742968,0.52495017318237,6.7354816070165,0.423025667021416,43
clean,12,0.25,22260865,72,22,22,True,0.195606302659708,1079.26176053702,True,10,False,ok,6.93080755039491e-11,0.176693699514573,0.133256964316791,0.372734186325374,4.06114105377802,0.256420108847549,44
clean,12,0.25,22260866,72,22,22,True,0.196808859707037,1063.30006401718,True,16,False,ok,5.98052666377979e-11,0.188817694263981,0.138507886083572,0.425316220621941,4.52365119759846,0.265113665787861,45
clean,12,0.25,22260867,72,22,22,True,0.205423955015945,1012.47162128466,True,14,False,ok,7.80475084175957e-11,0.138697777447516,0.109569367677551,0.27364712533382,2.92730733979617,0.176248299758772,46
clean,12,0.25,22260868,72,22,22,True,0.196798566702826,1060.71925393825,True,12,False,ok,6.98799385704108e-11,0.401030453296944,0.324822242885063,0.824941914101629,11.1084729798159,0.647309593253444,47
clean,12,0.25,22260869,72,22,22,True,0.20211484768902,1032.77183356396,True,13,False,ok,6.75567578394469e-11,0.155139298314921,0.122444639282972,0.315345913730347,3.5003982604755,0.185331085984019,48
clean,12,0.25,22260870,72,22,22,True,0.196454024220404,1057.21466123963,True,17,False,ok,7.35688273002347e-11,0.202742011019871,0.164755048395225,0.387282212707163,4.44239064190355,0.341769602399946,49
clean,12,0.5,22260821,72,22,22,True,0.354090738856361,604.75767055602,True,15,False,ok,7.14578223772886e-11,0.121475618378884,0.0973793735634324,0.239663584197292,1.86122763314573,0.103225148061079,0
clean,12,0.5,22260822,72,22,22,True,0.34296203967338,636.442255988527,True,18,False,ok,8.55925525920129e-11,0.209156718712892,0.168439334616454,0.403487532154423,5.38870482037627,0.302062763985106,1
clean,12,0.5,22260823,72,22,22,True,0.345612526372343,616.96643606996,True,24,False,ok,8.68385527731997e-11,0.143644795350832,0.115443957164783,0.281496923445701,2.72855241666212,0.147314918716621,2
clean,12,0.5,22260824,72,22,22,True,0.373564940335345,581.242360308553,True,12,False,ok,7.23161845508729e-11,0.158775130675376,0.128211153892687,0.307168064909113,3.26212102301954,0.217538206236739,3
clean,12,0.5,22260825,72,22,22,True,0.375651803596202,578.44471344716,True,14,False,ok,6.36721748413961e-11,0.117238130366961,0.0932291632164511,0.229626281256534,1.33526260207401,0.0746498352292415,4
clean,12,0.5,22260826,72,22,22,True,0.368682527933638,571.702197720605,True,16,False,ok,6.69799180163202e-11,0.121705676058148,0.0966902051073889,0.237566945213175,1.76329352353142,0.110098560434486,5
clean,12,0.5,22260827,72,22,22,True,0.372741053371469,575.702161195787,True,10,False,ok,8.66197536484803e-11,0.111524175511202,0.0893885253454492,0.213279104661268,1.24892653815628,0.0601243288439233,6
clean,12,0.5,22260828,72,22,22,True,0.356533638930772,606.332459238095,True,15,False,ok,5.14793511054462e-11,0.140531958210932,0.111293010164588,0.279631780417056,2.05752637324098,0.095926776935981,7
clean,12,0.5,22260829,72,22,22,True,0.369115044879318,588.005894634471,True,20,False,ok,8.54245436990517e-11,0.138194069739987,0.108942880738943,0.267238489377064,2.71781380914763,0.13903321690287,8
clean,12,0.5,22260830,72,22,22,True,0.377633690619725,576.472723965078,True,9,False,ok,4.78009599221264e-11,0.178787449055736,0.142686492929791,0.353459524667699,4.2006008904914,0.207103316557252,9
clean,12,0.5,22260831,72,22,22,True,0.375763500416424,573.970360857413,True,15,False,ok,5.91045546892791e-11,0.115763292507242,0.0917487325647384,0.223788571621242,1.54695432552936,0.0988941944977936,10
clean,12,0.5,22260832,72,22,22,True,0.350684502842526,618.224913005039,True,12,False,ok,8.1848439745397e-11,0.112957350797997,0.0901023903770303,0.220025030981574,1.16732942892409,0.0931472131474715,11
clean,12,0.5,22260833,72,22,22,True,0.35598629611251,588.16207838206,True,23,False,ok,8.15483462912749e-11,0.176335750636244,0.143543132590381,0.341222620058801,4.23576507246707,0.252456335711913,12
clean,12,0.5,22260834,72,22,22,True,0.361408578265013,601.978122112114,True,22,False,ok,9.23456389915287e-11,0.144045750913286,0.115060672743643,0.285228337321541,2.94124618980657,0.173299796489703,13
clean,12,0.5,22260835,72,22,22,True,0.352845953198874,603.640245147773,True,14,False,ok,5.97765359301445e-11,0.142927293062099,0.114391762918525,0.279001950206403,2.68006979529513,0.141783021920779,14
clean,12,0.5,22260836,72,22,22,True,0.355115245564069,611.269025590616,True,16,False,ok,8.96951708083208e-11,0.145735832634397,0.117810268583984,0.276968877177985,2.71025030624557,0.133353742076396,15
clean,12,0.5,22260837,72,22,22,True,0.340158511695738,634.193991819102,True,18,False,ok,9.82859482485737e-11,0.130363966128568,0.103450028810321,0.252302196988907,2.14135990903096,0.110775877564019,16
clean,12,0.5,22260838,72,22,22,True,0.372381353394536,579.482996273189,True,12,False,ok,8.56655430639574e-11,0.107906728158643,0.0866684386410024,0.203630081470862,1.04851895652759,0.0726692106375251,17
clean,12,0.5,22260839,72,22,22,True,0.364378467975148,595.378304047097,True,19,False,ok,9.47487628034941e-11,0.122605592730758,0.0971316186292407,0.247078778548726,1.66336642069963,0.0738937713632763,18
clean,12,0.5,22260840,72,22,22,True,0.376759994082216,579.20944204253,True,15,False,ok,7.86871858432973e-11,0.115041226283183,0.0911831057608935,0.226697724177072,1.58188451904328,0.0868702564218501,19
clean,12,0.5,22260841,72,22,22,True,0.372301106424971,568.95206061312,True,13,False,ok,7.59808851812038e-11,0.11192629751392,0.0894062177359017,0.21803144021213,1.30266222223274,0.0679752045946627,20
clean,12,0.5,22260842,72,22,22,True,0.365026368128804,593.886038106396,True,8,False,ok,5.74285598966864e-11,0.133820822192051,0.108294552056567,0.255308598978843,2.26499256905089,0.147801019918231,21
clean,12,0.5,22260843,72,22,22,True,0.379018664870333,564.138463851254,True,17,False,ok,8.81851160843718e-11,0.121678405788193,0.0972291388783907,0.236865268894704,1.46168237845741,0.11416892315671,22
clean,12,0.5,22260844,72,22,22,True,0.377235259713433,572.783991600997,True,8,False,ok,7.80259738121527e-11,0.252436030415758,0.205439280128708,0.478029779769518,6.58863920258688,0.396413000766875,23
clean,12,0.5,22260845,72,22,22,True,0.362460870694698,594.356430372359,True,25,False,ok,9.46571857983294e-11,0.121094341154193,0.0953233981087761,0.237990406206201,1.7809982689325,0.0972575471339033,24
clean,12,0.5,22260846,72,22,22,True,0.373283804400654,568.754236745628,True,13,False,ok,6.40174392238116e-11,0.110024183476265,0.0868235349351902,0.215507552901784,0.814672287442282,0.0676185181993008,25
clean,12,0.5,22260847,72,22,22,True,0.366098023757437,577.125329379745,True,12,False,ok,6.74661269969985e-11,0.169819828870939,0.135083204975302,0.343883634241315,3.92402570217854,0.243893230274676,26
clean,12,0.5,22260848,72,22,22,True,0.369101400834015,576.517622108657,True,20,False,ok,9.80652617984859e-11,0.10780694806317,0.0850578056227958,0.21756146878733,0.892086814699905,0.0580956605935656,27
clean,12,0.5,22260849,72,22,22,True,0.370963208509381,585.786399814234,True,10,False,ok,5.9020395423955e-11,0.120489592376888,0.0955554009415575,0.240579753528181,1.60787058910034,0.10108666852879,28
clean,12,0.5,22260850,72,22,22,True,0.373080574265408,579.328104470217,True,9,False,ok,9.306581319645e-11,0.136353960489106,0.106359233706488,0.278427142395188,2.00459546552754,0.149771172524983,29
clean,12,0.5,22260851,72,22,22,True,0.35366294023778,604.286133008542,True,17,False,ok,7.69617579706925e-11,0.115942914748714,0.091268345142949,0.226621665815685,1.17365260858014,0.101122625378413,30
clean,12,0.5,22260852,72,22,22,True,0.376174413709029,570.848653985658,True,13,False,ok,8.08737241680889e-11,0.123141906573387,0.0984106611655825,0.238455955260974,2.01513059635766,0.140002074387834,31
clean,12,0.5,22260853,72,22,22,True,0.375799544551447,579.647776152996,False,30,True,max_iterations_reached,8.30222083313351e-10,,,,,,32
clean,12,0.5,22260854,72,22,22,True,0.379397383939281,565.991143762879,True,19,False,ok,9.7368363732807e-11,0.144429689209554,0.1165501334703,0.279115351305137,2.76501310523795,0.178476380106314,33
clean,12,0.5,22260855,72,22,22,True,0.370516799577052,583.981752264571,True,13,False,ok,6.05732428644459e-11,0.128656912937705,0.102809770010725,0.251117687900404,1.92780982543774,0.127292761415732,34
clean,12,0.5,22260856,72,22,22,True,0.375566030252297,578.038747915979,True,7,False,ok,5.8935891883475e-11,0.153537912816009,0.122442560770147,0.302236683859136,2.68590417146593,0.217632806643293,35
clean,12,0.5,22260857,72,22,22,True,0.376932782013289,574.818805424713,False,30,True,max_iterations_reached,1.52202901041312e-10,,,,,,36
clean,12,0.5,22260858,72,22,22,True,0.369194978806666,590.382174524103,True,11,False,ok,7.80831299820568e-11,0.126180106940927,0.102579265694123,0.244052553691887,1.47219257566898,0.100418204083237,37
clean,12,0.5,22260859,72,22,22,True,0.375112826791573,578.441864601297,True,15,False,ok,6.91255217694764e-11,0.157512350168282,0.126200945304766,0.306847415404832,2.56218310210245,0.130659767433376,38
clean,12,0.5,22260860,72,22,22,True,0.371348914721652,584.873570297691,True,20,False,ok,9.06981591603069e-11,0.172266198117413,0.135891245328707,0.344796317344276,3.85382674095328,0.212422242239147,39
clean,12,0.5,22260861,72,22,22,True,0.372496268742863,584.548813571647,True,8,False,ok,8.49090204961695e-11,0.115716393912001,0.092262100626199,0.22811665746687,1.45825181939998,0.084648686259657,40
clean,12,0.5,22260862,72,22,22,True,0.372146051316169,581.518083832845,True,9,False,ok,4.06499096893373e-11,0.122933843672506,0.0989877481385685,0.242476743936493,1.80787298111547,0.0994230597554297,41
clean,12,0.5,22260863,72,22,22,True,0.377058633652682,578.387294846417,True,10,False,ok,4.92427677328578e-11,0.130611872656823,0.104829955842027,0.256678961710932,2.06785597115597,0.15227031616708,42
clean,12,0.5,22260864,72,22,22,True,0.376045604334929,577.666903029707,True,9,False,ok,9.12251625548755e-11,0.15662249797162,0.123602592233332,0.313461249363245,3.37938850541626,0.221472648183374,43
clean,12,0.5,22260865,72,22,22,True,0.36590674279815,595.059291571714,True,9,False,ok,4.82520452709666e-11,0.126157927694356,0.0991843201857439,0.248756504667824,2.0516282415857,0.135819604101663,44
clean,12,0.5,22260866,72,22,22,True,0.37029943411131,583.091382820356,True,15,False,ok,8.76177680911491e-11,0.130712107063749,0.101346831677733,0.259080120524313,2.23114976042023,0.127993986281137,45
clean,12,0.5,22260867,72,22,22,True,0.376989159557939,570.481927746468,True,14,False,ok,9.95143160901247e-11,0.112082123417462,0.0883497193826137,0.219397624402973,1.47348486812616,0.0908440724927981,46
clean,12,0.5,22260868,72,22,22,True,0.371014531189349,581.397994605534,True,11,False,ok,4.33122998392021e-11,0.217879208586748,0.175224379086006,0.428811278899666,5.47708444550627,0.31034270371692,47
clean,12,0.5,22260869,72,22,22,True,0.375819421845573,574.906042806223,True,11,False,ok,8.03745308184657e-11,0.117381550083774,0.0928028826600515,0.238282321802252,1.78211803776518,0.0823105426881593,48
clean,12,0.5,22260870,72,22,22,True,0.368477173891085,582.752599082388,True,15,False,ok,9.11086885001587e-11,0.149924413529927,0.122232665901192,0.287786368523868,2.19572867170837,0.208653773784643,49
clean,12,1,22260821,72,22,22,True,0.564510349255867,422.035941870786,True,14,False,ok,8.27189791040128e-11,0.107898720806943,0.0867713623806153,0.212074224972447,0.922948806267509,0.0519029135050179,0
clean,12,1,22260822,72,22,22,True,0.531818121051781,457.490391733436,True,17,False,ok,7.83502282590697e-11,0.13542092386606,0.107593216774354,0.261419648564676,2.68764030538237,0.139684512650986,1
clean,12,1,22260823,72,22,22,True,0.538481146368705,440.707052590519,True,23,False,ok,6.77637842442366e-11,0.117211291433634,0.0932237403982048,0.242339050624985,1.34784546187614,0.0683233158037203,2
clean,12,1,22260824,72,22,22,True,0.58754194588607,412.318639540361,True,11,False,ok,7.12607553947071e-11,0.124672042761189,0.0997501491311047,0.239020594648309,1.64060991262322,0.124309960217248,3
clean,12,1,22260825,72,22,22,True,0.596201765866587,406.325070808244,True,13,False,ok,6.14495039692572e-11,0.110248402450119,0.0877284174025299,0.213050635418099,0.672410396070327,0.0433518488024701,4
clean,12,1,22260826,72,22,22,True,0.583541937010747,408.507164856953,True,15,False,ok,8.2078100248604e-11,0.109093032527299,0.0864935103709085,0.212212936305356,0.872478207641083,0.0613145614354939,5
clean,12,1,22260827,72,22,22,True,0.592459836317839,406.082418431784,True,9,False,ok,9.38307408656556e-11,0.105829149764323,0.0844189893382836,0.205301630368027,0.626287090578394,0.0326088240766385,6
clean,12,1,22260828,72,22,22,True,0.556975431398446,433.359443840183,True,14,False,ok,7.9291591835016e-11,0.12425110794931,0.0996772589951907,0.243899801664149,1.02525415629711,0.0489647697093873,7
clean,12,1,22260829,72,22,22,True,0.593086388738337,408.074615192667,True,14,False,ok,9.01082565809907e-11,0.113016518498846,0.0903246440024652,0.221066402720194,1.36577904371827,0.0588761024690283,8
clean,12,1,22260830,72,22,22,True,0.59743503452134,406.250637997222,True,8,False,ok,6.31417599439621e-11,0.131242333277915,0.10476667644084,0.260136601786343,2.10914318801828,0.0837229628374757,9
clean,12,1,22260831,72,22,22,True,0.596220357516039,404.867725902304,True,13,False,ok,8.46666298739441e-11,0.105419634578914,0.083887086199822,0.203253374038148,0.770107052710374,0.0532693317156054,10
clean,12,1,22260832,72,22,22,True,0.561206654031525,430.95919635656,True,10,False,ok,8.56375165046036e-11,0.107910815303548,0.0862600641166594,0.209508236502387,0.578376975680578,0.059655277031414,11
clean,12,1,22260833,72,22,22,True,0.575103289045072,412.323925838136,True,16,False,ok,7.51244968959965e-11,0.123322041042789,0.0981438654820373,0.242040782645958,2.07895834489904,0.125551672808788,12
clean,12,1,22260834,72,22,22,True,0.57193053357362,424.069638313672,True,17,False,ok,7.93954098254861e-11,0.114022710087358,0.0917386898590738,0.218708249803967,1.45540735657228,0.0859648435652304,13
clean,12,1,22260835,72,22,22,True,0.548365983100364,432.85439872852,True,14,False,ok,5.91800036588619e-11,0.11772547906149,0.0950691142453975,0.233094693423297,1.3388058602292,0.0646634686802337,14
clean,12,1,22260836,72,22,22,True,0.558112488919165,433.808092575384,True,15,False,ok,8.72410419192349e-11,0.118321817521356,0.0952377648023569,0.225009200359949,1.34660385512416,0.0523865265868544,15
clean,12,1,22260837,72,22,22,True,0.530575755162042,453.949707272073,True,17,False,ok,9.90204869676725e-11,0.115807334681254,0.0921147089001329,0.22189803525503,1.07094499980906,0.0537320914412361,16
clean,12,1,22260838,72,22,22,True,0.586508372519888,413.033822571197,True,11,False,ok,8.37062188579478e-11,0.103313209810968,0.0829482403293256,0.199651706831894,0.518436999614544,0.0411810992908808,17
clean,12,1,22260839,72,22,22,True,0.586269214611232,412.998238264614,True,18,False,ok,7.1937730488271e-11,0.113196830475826,0.09076418164137,0.223311528319847,0.845177084909152,0.036879629383786,18
clean,12,1,22260840,72,22,22,True,0.594489068529694,409.220433192605,True,14,False,ok,9.11927914440219e-11,0.104153964892081,0.0827877388591287,0.201613849373672,0.789885119128092,0.0428578238823234,19
clean,12,1,22260841,72,22,22,True,0.594422965755192,400.027896554879,True,11,False,ok,8.28821246790177e-11,0.105321396211375,0.0840962977378275,0.207164740851873,0.650420855097754,0.0332621522297882,20
clean,12,1,22260842,72,22,22,True,0.575527968071842,420.114321343895,True,7,False,ok,9.57929997781256e-11,0.114822794564706,0.0925431888543006,0.223494406130076,1.13098251295626,0.0834531604980066,21
clean,12,1,22260843,72,22,22,True,0.598342613233248,400.233912100481,True,13,False,ok,8.88524236811898e-11,0.112421091267653,0.0896880464724822,0.217573954603978,0.730156611673948,0.0742006611948918,22
clean,12,1,22260844,72,22,22,True,0.597292702143093,403.873717309318,True,11,False,ok,9.94216033152296e-11,0.158597779831434,0.126251909749968,0.307459689133349,3.28589245528021,0.200511930083629,23
clean,12,1,22260845,72,22,22,True,0.571067266366744,423.654950605794,True,16,False,ok,6.71972411455791e-11,0.108809731682203,0.0860640972848674,0.212962140087214,0.89565648860299,0.0503102151274627,24
clean,12,1,22260846,72,22,22,True,0.59504675573142,396.624285344192,True,11,False,ok,8.47574715321072e-11,0.107494012506096,0.0846951294580232,0.212048105074203,0.388052794986512,0.0454540015080016,25
clean,12,1,22260847,72,22,22,True,0.571295591696366,411.341620262837,True,11,False,ok,8.14537816439697e-11,0.123056025275886,0.0984021656929212,0.241563219569296,1.96356641111357,0.126936423860196,26
clean,12,1,22260848,72,22,22,True,0.583693405349746,411.565821686093,True,14,False,ok,6.23694483635144e-11,0.104370493321535,0.0822776773402203,0.211734724086909,0.442042773573497,0.0346679898882753,27
clean,12,1,22260849,72,22,22,True,0.591414494108152,409.732943552308,True,9,False,ok,7.0734203948771e-11,0.10956420460607,0.0876720265082337,0.214146662466574,0.799172548990932,0.0592112302440268,28
clean,12,1,22260850,72,22,22,True,0.594214927955595,405.989916771245,True,9,False,ok,5.71088196497546e-11,0.120596785492337,0.095253751037785,0.244214708802559,1.00008569646714,0.0957608575397825,29
clean,12,1,22260851,72,22,22,True,0.577844082363787,413.506568938587,True,15,False,ok,8.56865654938834e-11,0.110419602722629,0.0875401032270505,0.214775259050981,0.580874536668075,0.0679596481851626,30
clean,12,1,22260852,72,22,22,True,0.596399776462264,403.716500186838,True,12,False,ok,5.49529853023079e-11,0.107639669356109,0.0866286974266161,0.210026373827787,1.00458820054742,0.0809884011038366,31
clean,12,1,22260853,72,22,22,True,0.596633716492665,406.840980250605,False,30,True,max_iterations_reached,2.26799044099375e-10,,,,,,32
clean,12,1,22260854,72,22,22,True,0.597209171920633,402.960357793446,True,17,False,ok,7.247909711686e-11,0.117715112553421,0.095002416749332,0.227537954754808,1.38019249297875,0.0995871907083828,33
clean,12,1,22260855,72,22,22,True,0.59223411605059,407.812456355491,True,12,False,ok,6.37398415063494e-11,0.115274680846422,0.0920551494026941,0.22768747761619,0.959451530396145,0.0756357821179966,34
clean,12,1,22260856,72,22,22,True,0.596764046827489,405.550113609675,True,6,False,ok,8.38950357494816e-11,0.132171871419846,0.106975288949462,0.249201747005401,1.33930136832842,0.142687713089134,35
clean,12,1,22260857,72,22,22,True,0.576026109821853,419.487830391074,True,21,False,ok,9.62603331595959e-11,0.120232784542303,0.0959874739356526,0.232873783222232,1.68064660406932,0.0991969584236088,36
clean,12,1,22260858,72,22,22,True,0.59127910192392,410.863728858981,True,11,False,ok,7.59279145730256e-11,0.118801653005566,0.0967002191979039,0.226968102577985,0.743696931844419,0.068913638357291,37
clean,12,1,22260859,72,22,22,True,0.593484840874282,407.71554761096,True,14,False,ok,9.84712416244946e-11,0.137869836433682,0.112251809871384,0.265302836757719,1.2807505850323,0.0824535212528901,38
clean,12,1,22260860,72,22,22,True,0.591157240017114,409.589664302652,True,17,False,ok,7.20659069146193e-11,0.126064662601902,0.100427824427242,0.25422778043378,1.91876342221821,0.0988891034703028,39
clean,12,1,22260861,72,22,22,True,0.580858398943518,418.185997802184,True,7,False,ok,7.55144607354364e-11,0.106036118657458,0.0842789549622249,0.209146196121424,0.726415031050558,0.0446832814561251,40
clean,12,1,22260862,72,22,22,True,0.586338592448315,411.967499396372,True,8,False,ok,8.37411098933526e-11,0.110657212366912,0.0890012556496352,0.214384494805486,0.906006644930638,0.0537112372865942,41
clean,12,1,22260863,72,22,22,True,0.59660920263772,407.455477356966,True,8,False,ok,8.81787931174645e-11,0.113627777866476,0.0912298286032894,0.222878922385572,1.03366751305482,0.0937096015303882,42
clean,12,1,22260864,72,22,22,True,0.596173372560906,406.951140821145,True,9,False,ok,7.36462155768632e-11,0.118758587363132,0.0933861288541952,0.235628113088271,1.69312759326754,0.12046350145853,43
clean,12,1,22260865,72,22,22,True,0.583337206117046,415.870140884218,True,11,False,ok,6.34530685954288e-11,0.109045314711814,0.0864197269406496,0.21503445878146,1.03540027101725,0.0752745323098042,44
clean,12,1,22260866,72,22,22,True,0.591810764712619,407.066033044825,True,15,False,ok,7.27158806962994e-11,0.111672879003897,0.0874056126765403,0.225299200172335,1.11200604846575,0.0624279380453884,45
clean,12,1,22260867,72,22,22,True,0.593702099062548,405.035301611522,True,14,False,ok,7.61176607211292e-11,0.105195821495737,0.0834040022394738,0.208351110386218,0.739098992120073,0.0511069177055179,46
clean,12,1,22260868,72,22,22,True,0.594662021657286,404.665024001657,True,10,False,ok,8.24212072933952e-11,0.140766640665509,0.112650344246409,0.282590532393812,2.7183692971965,0.145871856467751,47
clean,12,1,22260869,72,22,22,True,0.596604243798005,405.363567992005,True,10,False,ok,7.92145078867478e-11,0.105569135846674,0.0836368460269145,0.211765016567256,0.89883807982706,0.0298845409096267,48
clean,12,1,22260870,72,22,22,True,0.587897700193198,409.327433335158,True,14,False,ok,8.13922757361639e-11,0.1337214426508,0.109114416238247,0.254895759097984,1.09121762964172,0.144080939594083,49
clean,16,0.25,22260821,96,26,26,True,0.223160512857691,1085.92012930875,True,12,False,ok,7.85161671211264e-11,0.21987627307178,0.16745299537324,0.4471965864564,5.71240590025062,0.347362282416354,0
clean,16,0.25,22260822,96,26,26,True,0.22566325977634,1075.32878166951,True,20,False,ok,8.69850527351608e-11,0.119614507543865,0.0963206748182991,0.230161260235384,1.62826697630177,0.118518239087202,1
clean,16,0.25,22260823,96,26,26,True,0.223412727273262,1068.44581873435,True,18,False,ok,8.40449730585654e-11,0.143910153451434,0.114227959016047,0.290276612496276,2.77070043442438,0.187224493265887,2
clean,16,0.25,22260824,96,26,26,True,0.2302395207415,1054.04499791368,True,14,False,ok,8.74774703013526e-11,0.134335841247547,0.106804766110029,0.269491263301802,2.42136321589875,0.146413107931666,3
clean,16,0.25,22260825,96,26,26,True,0.228471730204452,1065.14865583973,True,5,False,ok,2.88955271110264e-11,0.138100544498944,0.10796876228506,0.278170019533519,2.71901306602535,0.156263773363496,4
clean,16,0.25,22260826,96,26,26,True,0.229376369449068,1059.78594211926,False,30,True,max_iterations_reached,1.93099243421098e-10,,,,,,5
clean,16,0.25,22260827,96,26,26,True,0.222541285082816,1078.59293585691,True,12,False,ok,9.94807061859926e-11,0.152668524308867,0.121724245888134,0.30074389979543,3.32017710695688,0.181322388241956,6
clean,16,0.25,22260828,96,26,26,True,0.223661025276803,1082.33354609126,True,10,False,ok,5.37002547579975e-11,0.156063681953332,0.124620642677802,0.314085162884226,2.79932950113935,0.163665910576592,7
clean,16,0.25,22260829,96,26,26,True,0.22557845607015,1077.81455144866,True,8,False,ok,4.9106433475264e-11,0.153221840516017,0.116438053227024,0.314450553653245,3.21705299374036,0.165350629538837,8
clean,16,0.25,22260830,96,26,26,True,0.229411057741696,1043.33264764696,True,10,False,ok,9.71364223473842e-11,0.136705801672593,0.107274627356841,0.275171020072262,2.15736574766742,0.125730646041296,9
clean,16,0.25,22260831,96,26,26,True,0.221616956648714,1099.59653173147,True,18,False,ok,8.39360395812855e-11,0.137206314989499,0.109436934268219,0.271340279646637,2.67443682549314,0.156803090535879,10
clean,16,0.25,22260832,96,26,26,True,0.222117691232339,1078.89537812975,True,10,False,ok,6.12760401283485e-11,0.242183906048468,0.184369081767717,0.502773483351693,6.34932917735253,0.37264110818084,11
clean,16,0.25,22260833,96,26,26,True,0.228134974532104,1066.82198923524,True,12,False,ok,6.85426035004491e-11,0.198242909085137,0.157411580054945,0.390212863965678,4.77854285823248,0.303127185088782,12
clean,16,0.25,22260834,96,26,26,True,0.220659300965144,1094.01828582314,True,16,False,ok,7.5954133210421e-11,0.19584297068104,0.14214789649715,0.442620548733252,4.73568347396357,0.288919104217271,13
clean,16,0.25,22260835,96,26,26,True,0.229718835171544,1046.64250661283,True,12,False,ok,7.25652219484287e-11,0.116760749334985,0.0942111161810315,0.22679388738216,1.49732711695473,0.10480243307203,14
clean,16,0.25,22260836,96,26,26,True,0.229885601283894,1034.95918922772,True,16,False,ok,6.31145254018107e-11,0.157071157058117,0.122866890364124,0.316633463104665,3.29933893047359,0.198778693006059,15
clean,16,0.25,22260837,96,26,26,True,0.22901674446957,1050.27247690143,True,11,False,ok,9.00729067728746e-11,0.198129257262257,0.156767767588707,0.39732760354334,4.69510255769029,0.295777326778981,16
clean,16,0.25,22260838,96,26,26,True,0.231747823255848,1045.61571910503,True,12,False,ok,9.29938785956954e-11,0.135787682367805,0.106138871030741,0.277700561128569,2.47076963368876,0.152721053771364,17
clean,16,0.25,22260839,96,26,26,True,0.230697366351264,1045.70214008812,True,11,False,ok,5.57617782768843e-11,0.145293120766254,0.115181393338039,0.288103273125095,2.95760285841192,0.166151375500931,18
clean,16,0.25,22260840,96,26,26,True,0.217861250299676,1101.82971123727,True,16,False,ok,8.2373593734478e-11,0.181051033751236,0.137899612474258,0.380059221548557,4.49992766756639,0.261307043332096,19
clean,16,0.25,22260841,96,26,26,True,0.216245134739688,1093.85643875728,True,16,False,ok,6.62614814499681e-11,0.161025625214009,0.124427352180886,0.331514659208709,3.60444272440694,0.216627076596384,20
clean,16,0.25,22260842,96,26,26,True,0.226146737009889,1075.07592774167,True,9,False,ok,9.74056210077455e-11,0.168450778125537,0.129348529636045,0.34829430142107,3.84045071104884,0.229503814592259,21
clean,16,0.25,22260843,96,26,26,True,0.224961096581664,1080.61277601696,True,18,False,ok,5.67542589242259e-11,0.117851948493512,0.094403818671671,0.232595950102166,1.61464659243484,0.0992835262776157,22
clean,16,0.25,22260844,96,26,26,True,0.223321314794463,1071.34918973466,True,13,False,ok,8.05513408222916e-11,0.14793269092057,0.11689261380108,0.297784271359025,2.85138072649342,0.193076314236176,23
clean,16,0.25,22260845,96,26,26,True,0.209858588380148,1160.82218848754,True,13,False,ok,3.50653703884429e-11,0.245578516478151,0.19868852553856,0.472934959427196,6.42950012281434,0.387788162746202,24
clean,16,0.25,22260846,96,26,26,True,0.227751376442569,1062.72700005587,True,9,False,ok,5.07604834051486e-11,0.139647815033724,0.11067059658363,0.266554751087966,2.62146782037906,0.165307182638883,25
clean,16,0.25,22260847,96,26,26,True,0.225866679676028,1053.30618048692,True,14,False,ok,8.79135432752154e-11,0.179700676669842,0.144363533593705,0.353053936373726,4.17336265306672,0.260003309830249,26
clean,16,0.25,22260848,96,26,26,True,0.229230604947773,1028.55317794702,True,13,False,ok,5.84021394681236e-11,0.185639683426168,0.149872295413475,0.352209369906831,4.28103219790272,0.234849779947614,27
clean,16,0.25,22260849,96,26,26,True,0.221523659572043,1099.64673813126,True,10,False,ok,4.05400099659507e-11,0.16651665444885,0.132192186005842,0.334718777806842,3.7210814068652,0.206106560921414,28
clean,16,0.25,22260850,96,26,26,True,0.218512010738864,1065.66922306628,True,14,False,ok,6.20747616393394e-11,0.180240998020116,0.1414008966723,0.363796808874528,4.04889942754203,0.213602468068796,29
clean,16,0.25,22260851,96,26,26,True,0.221015732142369,1077.90765769007,True,19,False,ok,7.78345007589396e-11,0.17539772042738,0.127974524165943,0.376494199750876,3.999923639832,0.217906543040313,30
clean,16,0.25,22260852,96,26,26,True,0.227692171728847,1065.63573469902,True,12,False,ok,9.57680112612714e-11,0.169160705795537,0.13302546750681,0.336714594574872,3.74142095027363,0.210887723733815,31
clean,16,0.25,22260853,96,26,26,True,0.216345298277517,1103.55545343789,True,12,False,ok,6.24594676229358e-11,0.226640843978764,0.190001860860434,0.405832654363181,5.72624526798539,0.367649649123324,32
clean,16,0.25,22260854,96,26,26,True,0.234206745047512,1031.12298504554,True,9,False,ok,9.3195342053173e-11,0.170658382739086,0.129257538593324,0.355416522504015,3.78103337024035,0.233471284991319,33
clean,16,0.25,22260855,96,26,26,True,0.229996177162478,1050.6712021464,True,13,False,ok,9.06933617646356e-11,0.23998644022442,0.19855214058438,0.43868097135229,6.27106897820515,0.3456369515812,34
clean,16,0.25,22260856,96,26,26,True,0.222215687235458,1071.09305852952,True,14,False,ok,8.63059265840453e-11,0.340944717741638,0.284171844932623,0.629582076708557,9.32716036080871,0.629825600252315,35
clean,16,0.25,22260857,96,26,26,True,0.223946801908558,1073.73286292396,True,20,False,ok,9.00982990874548e-11,0.176380098046389,0.138358128927851,0.350135705355115,4.02137106465567,0.21080043435827,36
clean,16,0.25,22260858,96,26,26,True,0.230211877297938,1060.1719463188,True,8,False,ok,7.06332012969902e-11,0.132141214797372,0.104842767291669,0.258460558826812,2.46770480639819,0.127980665305803,37
clean,16,0.25,22260859,96,26,26,True,0.230445881271434,1051.29428501901,True,10,False,ok,5.25094799285104e-11,0.217446033755587,0.173494157372781,0.423940146914914,5.34345349717597,0.386553750082022,38
clean,16,0.25,22260860,96,26,26,True,0.216122632171648,1122.14883421762,True,14,False,ok,6.48997554281469e-11,0.192325892237152,0.149101624987107,0.40994145131279,4.6065963462775,0.248337408325774,39
clean,16,0.25,22260861,96,26,26,True,0.232332802559626,1043.7346378211,True,11,False,ok,7.79812087856448e-11,0.168065997723149,0.132170639036238,0.343197782642157,3.5758925632029,0.193766584621556,40
clean,16,0.25,22260862,96,26,26,True,0.231463565085114,1049.1292325939,True,9,False,ok,4.95632391759961e-11,0.136545854588419,0.107324822872381,0.272533209186676,2.54293103538849,0.188180875490886,41
clean,16,0.25,22260863,96,26,26,True,0.224177121079835,1067.85593120808,True,18,False,ok,8.96842748387606e-11,0.216378361312377,0.168137806349654,0.438229689115888,5.4256463377117,0.336960258712158,42
clean,16,0.25,22260864,96,26,26,True,0.225946092394625,1073.59711189718,True,14,False,ok,7.1874485258421e-11,0.140444605490899,0.111354510233809,0.280732138493023,2.46924014360358,0.105005970830289,43
clean,16,0.25,22260865,96,26,26,True,0.22644067218898,1072.8750835723,True,9,False,ok,5.99234094615849e-11,0.169306102037089,0.134154118113808,0.33333216336473,3.96902270367732,0.242797927472252,44
clean,16,0.25,22260866,96,26,26,True,0.222618585826582,1083.63347077508,True,16,False,ok,7.80707599657846e-11,0.117493565070374,0.0930094130751937,0.234711887945371,1.13669224091453,0.0961985338699559,45
clean,16,0.25,22260867,96,26,26,True,0.227586096301884,1065.97435941296,True,13,False,ok,8.59942992505196e-11,0.131952764320029,0.104506186821361,0.259475731642666,2.37931744849851,0.159310785520517,46
clean,16,0.25,22260868,96,26,26,True,0.2261974330898,1054.47053244977,True,8,False,ok,4.81415831161496e-11,0.136999164795424,0.108280092123905,0.279367699401734,2.72900367327256,0.160322044143176,47
clean,16,0.25,22260869,96,26,26,True,0.228985759400953,1059.89502222323,True,9,False,ok,5.5880149026883e-11,0.14875575508774,0.116605440897279,0.300666447293274,3.05622544786759,0.201562002421529,48
clean,16,0.25,22260870,96,26,26,True,0.218824258310696,1102.09344971819,True,19,False,ok,7.92728623680035e-11,0.399376045494401,0.335070983724231,0.705246141881899,10.9067958868865,0.64978545819852,49
clean,16,0.5,22260821,96,26,26,True,0.413602484088574,603.691425050363,True,9,False,ok,4.36985911236593e-11,0.14098817329773,0.111324264928012,0.284262946635572,2.87927835164347,0.178107550368212,0
clean,16,0.5,22260822,96,26,26,True,0.409713772776803,611.426660028311,True,14,False,ok,6.99523844817821e-11,0.108416608886365,0.0874054522550519,0.214829061995658,0.808691803021646,0.0710496945872253,1
clean,16,0.5,22260823,96,26,26,True,0.411644422174964,598.037767483043,True,16,False,ok,8.01967720058328e-11,0.118196914393914,0.09358097771716,0.23680899169225,1.39310147941514,0.10791278414262,2
clean,16,0.5,22260824,96,26,26,True,0.420084517197184,595.889453805961,True,13,False,ok,8.90819049986572e-11,0.113518463787881,0.089918754011602,0.224038025849271,1.23050200051411,0.0790298838747389,3
clean,16,0.5,22260825,96,26,26,True,0.41935594427324,597.966882688178,True,4,False,ok,9.27205533828933e-11,0.114517924226957,0.0904609058457495,0.228536385490941,1.34953874224293,0.0790060201352865,4
clean,16,0.5,22260826,96,26,26,True,0.417412074564826,592.827438924786,True,11,False,ok,8.4083165948914e-11,0.118869899291938,0.0938186249344168,0.232776287939718,1.62432702156831,0.0978772507326597,5
clean,16,0.5,22260827,96,26,26,True,0.413014553249347,600.310947530022,True,12,False,ok,8.64467842557486e-11,0.116538212259166,0.0943372800350635,0.223789132841645,1.63769025821247,0.0816346546063982,6
clean,16,0.5,22260828,96,26,26,True,0.412665961106294,603.333360205895,True,12,False,ok,6.38123212010248e-11,0.132693883997627,0.106492248445226,0.252732654454579,1.39991988692582,0.0942439313846475,7
clean,16,0.5,22260829,96,26,26,True,0.415818804585898,602.409939217991,True,7,False,ok,3.7423972031626e-11,0.120681100422617,0.095333798464039,0.24276194101418,1.62285680416038,0.0738054377668581,8
clean,16,0.5,22260830,96,26,26,True,0.419437321659608,586.888516833856,True,9,False,ok,9.39937340273945e-11,0.12214502338499,0.0968779295224522,0.238637729198388,1.07434746453744,0.0738729881628498,9
clean,16,0.5,22260831,96,26,26,True,0.409134953990237,613.74498456532,True,15,False,ok,8.06447435753469e-11,0.111303869166469,0.0884276503189524,0.218945306265073,1.35041293523779,0.0774261356372303,10
clean,16,0.5,22260832,96,26,26,True,0.408430964614735,605.059417455048,True,9,False,ok,9.68336275409371e-11,0.148854463280895,0.117477697309608,0.297599662474823,3.08775724823626,0.177161450932267,11
clean,16,0.5,22260833,96,26,26,True,0.41483974235235,604.677724057493,True,12,False,ok,6.05761325077919e-11,0.13540949174344,0.108326039851996,0.264434507648081,2.41043708086175,0.161863830428239,12
clean,16,0.5,22260834,96,26,26,True,0.40612528889712,613.204399812817,True,12,False,ok,7.39412634746793e-11,0.13246533693259,0.103122405248173,0.265672158027819,2.39328763353609,0.149920327192852,13
clean,16,0.5,22260835,96,26,26,True,0.419964825207688,591.608143595963,True,11,False,ok,6.77835675515664e-11,0.108730813367092,0.0876139349403632,0.212400887324016,0.764393671090622,0.0624966363409064,14
clean,16,0.5,22260836,96,26,26,True,0.420154844665042,587.183272178216,True,15,False,ok,8.98567004132761e-11,0.120213787399143,0.0950375882213134,0.238949511904707,1.64803130919784,0.101386622579875,15
clean,16,0.5,22260837,96,26,26,True,0.418951683740238,591.770430614579,True,11,False,ok,7.51483310432684e-11,0.135390211853923,0.107256147165878,0.268486104987531,2.31523380480912,0.152753454319222,16
clean,16,0.5,22260838,96,26,26,True,0.421246664342347,591.236671435327,True,12,False,ok,5.83224187830043e-11,0.113549344347116,0.0905222426345152,0.228110415616456,1.25851452184461,0.0812584373219141,17
clean,16,0.5,22260839,96,26,26,True,0.419973028033364,593.006577572461,True,10,False,ok,8.69952279977829e-11,0.113627229970839,0.0912117173134381,0.220867848187023,1.47422720429837,0.0776239908495879,18
clean,16,0.5,22260840,96,26,26,True,0.397714175628174,627.217196083905,True,15,False,ok,9.85635578805598e-11,0.124657971341207,0.0983792021452642,0.251806991114734,2.26515492349052,0.127481717079294,19
clean,16,0.5,22260841,96,26,26,True,0.402652984182133,605.662156712237,True,15,False,ok,9.57239990611478e-11,0.119680855775111,0.0948704368551808,0.237342881222879,1.79091751520288,0.110960160296316,20
clean,16,0.5,22260842,96,26,26,True,0.415183466139378,603.524317560957,True,9,False,ok,7.8229725274323e-11,0.12144305244144,0.0961523665991671,0.239235913170166,1.90315452738981,0.11445673119907,21
clean,16,0.5,22260843,96,26,26,True,0.405347799877405,618.343929083578,True,18,False,ok,6.40754565092059e-11,0.106274229334888,0.0851426969896636,0.20664881405319,0.784029390992237,0.0526331874607619,22
clean,16,0.5,22260844,96,26,26,True,0.408505968298582,604.236041453982,True,12,False,ok,7.68149705281401e-11,0.119351579962448,0.095727006024068,0.230546420412736,1.42412488575713,0.110937493411533,23
clean,16,0.5,22260845,96,26,26,True,0.386638498831545,649.144111328647,True,11,False,ok,6.38975130963052e-11,0.152955735896663,0.123437222965487,0.296613186924333,3.26391440658722,0.198413347407423,24
clean,16,0.5,22260846,96,26,26,True,0.418296505626252,597.338972287412,True,13,False,ok,7.4702570096374e-11,0.113944953552142,0.0905511169199781,0.21611860824251,1.35332957793835,0.0893795561207452,25
clean,16,0.5,22260847,96,26,26,True,0.415021581127921,593.160262545155,True,13,False,ok,9.28988810862036e-11,0.129366131630664,0.103520547361509,0.255683961740072,2.04865213838696,0.134947940805418,26
clean,16,0.5,22260848,96,26,26,True,0.419173286644689,581.193840257981,True,12,False,ok,7.52425861017343e-11,0.134268280565105,0.107373992658302,0.266735980201727,2.16065189423179,0.110856887148075,27
clean,16,0.5,22260849,96,26,26,True,0.411502745185904,609.728873767053,True,9,False,ok,8.1096818792454e-11,0.118762307799592,0.0941079993356759,0.23472571403218,1.75037428160137,0.0894668924625907,28
clean,16,0.5,22260850,96,26,26,True,0.406767644460475,593.256687521232,True,14,False,ok,6.2653084686907e-11,0.130589901425174,0.103752964844343,0.249327078759709,2.00312449962301,0.095118783132931,29
clean,16,0.5,22260851,96,26,26,True,0.404020461545592,604.868185177821,True,20,False,ok,8.40985378348638e-11,0.127751658754042,0.0983996525950301,0.257015927172244,1.96609746069596,0.099130212181137,30
clean,16,0.5,22260852,96,26,26,True,0.413978460294813,604.243891956856,True,11,False,ok,8.72462836200628e-11,0.122664521944635,0.0976911720515906,0.242909608235209,1.88429026105815,0.099863865934112,31
clean,16,0.5,22260853,96,26,26,True,0.39866658910758,619.586389542897,True,11,False,ok,7.08267508532157e-11,0.14497491825809,0.119128984126461,0.271002827476252,2.86623361767392,0.197159435315678,32
clean,16,0.5,22260854,96,26,26,True,0.424635102141771,586.531375382069,True,12,False,ok,9.36319396596366e-11,0.126580014540368,0.100054931223073,0.259192831622812,1.90308857802819,0.123385174247201,33
clean,16,0.5,22260855,96,26,26,True,0.419771849098979,593.532058039477,True,13,False,ok,7.44303284989311e-11,0.151697492664631,0.122743591616797,0.293296436133517,3.16138230037502,0.160557932099923,34
clean,16,0.5,22260856,96,26,26,True,0.405898102979095,606.232082404964,True,13,False,ok,7.21317329586574e-11,0.198307056174769,0.161919197930831,0.379999803807851,4.65576533607965,0.350788959464913,35
clean,16,0.5,22260857,96,26,26,True,0.410239821640447,603.970548219325,True,29,False,ok,9.91752375188791e-11,0.129396536108109,0.103045436934339,0.252008204675747,2.01308105084264,0.0927900338670078,36
clean,16,0.5,22260858,96,26,26,True,0.419213851076251,599.965267415144,True,8,False,ok,5.1934125124376e-11,0.112488308225283,0.0899052576221339,0.225071911624042,1.25535104893056,0.0565504387024635,37
clean,16,0.5,22260859,96,26,26,True,0.42062877031861,593.791761281779,True,9,False,ok,6.14502773426155e-11,0.148625412795449,0.11805216532504,0.296488813171081,2.66516730334286,0.226034000101534,38
clean,16,0.5,22260860,96,26,26,True,0.400386692758565,624.458528593359,True,13,False,ok,7.16747678633577e-11,0.131923343310568,0.104147660093034,0.273733792688535,2.26730145501801,0.108561972676496,39
clean,16,0.5,22260861,96,26,26,True,0.421837245197234,592.636658377618,True,10,False,ok,7.7053858794941e-11,0.124622601610283,0.099129202987835,0.246263338863262,1.77987193180254,0.087894071893216,40
clean,16,0.5,22260862,96,26,26,True,0.420947671750361,594.713141261033,True,8,False,ok,9.85725667040623e-11,0.112918905468172,0.0898338269278156,0.222442431638115,1.2502836456975,0.110810457127321,41
clean,16,0.5,22260863,96,26,26,True,0.411728374346078,598.796022185582,True,14,False,ok,8.03436657404417e-11,0.138092660319508,0.11006466762632,0.268933033897056,2.70303406439287,0.173773503564625,42
clean,16,0.5,22260864,96,26,26,True,0.412039307076388,607.495472076117,True,13,False,ok,6.53486151312792e-11,0.118129507973914,0.0939214974534926,0.235953412157741,1.21987859732576,0.0321364752960128,43
clean,16,0.5,22260865,96,26,26,True,0.416313062230718,601.516538804422,True,8,False,ok,4.50630623265125e-11,0.121429051739792,0.0966213425431183,0.238947826950842,1.98367386259091,0.123812613149106,44
clean,16,0.5,22260866,96,26,26,True,0.411088729264174,605.557830781971,True,15,False,ok,9.03276407486566e-11,0.112297440771145,0.0885930184734198,0.221311429456605,0.553634049098316,0.067363667931012,45
clean,16,0.5,22260867,96,26,26,True,0.417993653672016,598.275852657796,True,12,False,ok,6.55721025572385e-11,0.111017809132163,0.0884060774569085,0.216865192961491,1.09182276698305,0.0833246121554781,46
clean,16,0.5,22260868,96,26,26,True,0.416573848911853,591.176376742774,True,8,False,ok,5.77502089097663e-11,0.110965325940623,0.0889077475212898,0.217977768928002,1.36861198080227,0.0794966141975236,47
clean,16,0.5,22260869,96,26,26,True,0.417250738560934,599.95712533732,True,8,False,ok,9.50978977225666e-11,0.119040080123613,0.095587846192804,0.230230510816121,1.51902365305977,0.111592621252163,48
clean,16,0.5,22260870,96,26,26,True,0.403698823252115,615.899602241821,True,18,False,ok,7.79061031374129e-11,0.216541264324478,0.180229210795076,0.393367034582326,5.40827119972676,0.322116412226418,49
clean,16,1,22260821,96,26,26,True,0.642451207873716,431.763653909473,True,8,False,ok,5.59189902746236e-11,0.112450082707112,0.0894940136502795,0.221881906519528,1.44546591271502,0.0938951134603554,0
clean,16,1,22260822,96,26,26,True,0.626118181199659,445.265966678243,True,13,False,ok,8.71158226310003e-11,0.105240328184357,0.0848767328606854,0.210976156214659,0.402530289555499,0.0497059177846498,1
clean,16,1,22260823,96,26,26,True,0.64170183979978,427.192484195354,True,15,False,ok,8.01305520859634e-11,0.110954462322876,0.0880314699449998,0.222152188183067,0.698507505470122,0.0701413599181725,2
clean,16,1,22260824,96,26,26,True,0.64825422707273,429.497720794684,True,12,False,ok,8.80980483152538e-11,0.107304374749248,0.0850233411106913,0.20657438743612,0.620238020251642,0.0497811554264101,3
clean,16,1,22260825,96,26,26,True,0.648235857414286,429.624719348437,True,5,False,ok,4.35408099629258e-11,0.108449336278985,0.0860202460785159,0.215561166503253,0.673295808640054,0.0462602301326462,4
clean,16,1,22260826,96,26,26,True,0.643961608286206,428.33784239355,True,15,False,ok,7.63704023141543e-11,0.107830711584363,0.0858119017562655,0.210087220101229,0.807658467700229,0.0523213638316562,5
clean,16,1,22260827,96,26,26,True,0.641392804075329,431.105889922093,True,12,False,ok,7.44985339379797e-11,0.105838061673431,0.0861425679546642,0.200291517442963,0.813286339850934,0.0351800297681749,6
clean,16,1,22260828,96,26,26,True,0.643017541943284,429.953079839283,True,16,False,ok,6.32285366820323e-11,0.126513681487723,0.102069289324289,0.243196525820588,0.699655053161168,0.0713435231976315,7
clean,16,1,22260829,96,26,26,True,0.643014044475881,432.603866514596,True,7,False,ok,3.12517559523646e-11,0.111057934443097,0.0890621136718972,0.217862796509216,0.815346917667419,0.0365863827688727,8
clean,16,1,22260830,96,26,26,True,0.647770804469476,422.401916049457,True,9,False,ok,5.34819431881929e-11,0.118364413749554,0.0948115066270528,0.229230198868802,0.536048459282246,0.059711214822193,9
clean,16,1,22260831,96,26,26,True,0.639909071380279,435.754541433453,True,14,False,ok,7.06519234965913e-11,0.103485559094264,0.0822050617658073,0.200041338251466,0.678701933583949,0.0379990310675717,10
clean,16,1,22260832,96,26,26,True,0.630189279409418,437.507411574108,True,10,False,ok,6.12411812699437e-11,0.117114129250627,0.0938780205082232,0.227961664385345,1.52158585182092,0.0847016580387725,11
clean,16,1,22260833,96,26,26,True,0.637847500839521,436.913470679582,True,10,False,ok,7.23259374562662e-11,0.113333291506025,0.0904427919709254,0.223058989921299,1.21068977524076,0.0913066114748254,12
clean,16,1,22260834,96,26,26,True,0.628732358987598,440.214315767586,True,11,False,ok,7.52569874398495e-11,0.110617646596917,0.0877701336953521,0.219737304264545,1.2000372003219,0.0807184854885311,13
clean,16,1,22260835,96,26,26,True,0.646554745696987,428.678132593573,True,10,False,ok,6.3291340419221e-11,0.106691755298318,0.085720343387276,0.206635118050613,0.386112062765198,0.0418144424152607,14
clean,16,1,22260836,96,26,26,True,0.648374389265909,424.772960756673,True,11,False,ok,8.25577217944491e-11,0.108669002280591,0.0863622610038022,0.213493028771339,0.823157832738486,0.0543343248726961,15
clean,16,1,22260837,96,26,26,True,0.647502270064145,427.153856347666,True,9,False,ok,7.10106237528249e-11,0.11396886614655,0.0907075497943444,0.218416152380918,1.1503715141507,0.0829974976884837,16
clean,16,1,22260838,96,26,26,True,0.648689425763789,427.022528533817,True,12,False,ok,7.58033830178954e-11,0.106896122788351,0.0854259972847105,0.206339060272143,0.634739629599406,0.0467627784358041,17
clean,16,1,22260839,96,26,26,True,0.645298860395603,429.842718839154,True,10,False,ok,7.55426077738092e-11,0.104347621160436,0.0835050174556883,0.202186191446074,0.736795748008398,0.0347120071340221,18
clean,16,1,22260840,96,26,26,True,0.612603305852086,455.76154103283,True,15,False,ok,6.29368444730592e-11,0.10583725913857,0.0842929269743665,0.209283280276296,1.13546801422073,0.0608070794386309,19
clean,16,1,22260841,96,26,26,True,0.630417442486703,430.12972310571,True,14,False,ok,8.26498970933672e-11,0.107306531034933,0.085264294507946,0.208778820656974,0.891565514894212,0.0618713514861779,20
clean,16,1,22260842,96,26,26,True,0.642690512065449,433.176437670793,True,9,False,ok,7.48144809418367e-11,0.107036439488695,0.0856179705334054,0.209380443150131,0.948304979930551,0.0591986924126528,21
clean,16,1,22260843,96,26,26,True,0.618393323291372,450.585227895973,True,18,False,ok,8.94766168536577e-11,0.103227747942996,0.0827566775621666,0.201124660905894,0.385941124815861,0.0329915743233964,22
clean,16,1,22260844,96,26,26,True,0.629187409739867,439.042775705813,True,12,False,ok,7.07227083484271e-11,0.111257102591745,0.0892986435453054,0.213685813538689,0.71157345434532,0.0723913942075188,23
clean,16,1,22260845,96,26,26,True,0.598607269850505,465.513304954088,True,10,False,ok,4.94080124317275e-11,0.117906502569037,0.0939866215014097,0.23314803622827,1.64027799942028,0.103405839410907,24
clean,16,1,22260846,96,26,26,True,0.647331572758113,429.618006614,True,10,False,ok,7.17778816416897e-11,0.105829271046778,0.0838014837377737,0.206537400319107,0.690452627854193,0.0501785919968925,25
clean,16,1,22260847,96,26,26,True,0.642224654760099,429.230919937759,True,12,False,ok,6.64861843553611e-11,0.114141043640569,0.0906635401218591,0.224270143248528,1.01439286475461,0.0765522287465564,26
clean,16,1,22260848,96,26,26,True,0.646496688598543,423.709290313665,True,12,False,ok,5.27589390164293e-11,0.117544022518189,0.0923447028033696,0.2344011451612,1.08512535612139,0.0546613160825178,27
clean,16,1,22260849,96,26,26,True,0.640049794691219,435.073755637403,True,9,False,ok,7.31708129037072e-11,0.105637994640302,0.0836465475722725,0.210623905597984,0.855326109466445,0.0408704922217365,28
clean,16,1,22260850,96,26,26,True,0.636455473562686,425.353548958527,True,15,False,ok,5.24385008405254e-11,0.115293043745524,0.0915989961630071,0.227013308359503,0.996161243677198,0.0466839577921262,29
clean,16,1,22260851,96,26,26,True,0.622084589634912,435.541349244831,True,17,False,ok,9.28159145565358e-11,0.113232548399461,0.0889591958026971,0.222121056233249,0.974832922283966,0.0459617127301623,30
clean,16,1,22260852,96,26,26,True,0.635126615193481,437.849717798114,True,11,False,ok,6.65363075095508e-11,0.107097779663698,0.0855670699570766,0.209198026033164,0.947114138288538,0.0453095788016225,31
clean,16,1,22260853,96,26,26,True,0.614975624933661,448.279354297882,True,10,False,ok,8.21919892594252e-11,0.115741432811673,0.0940064672618946,0.225986685904545,1.42804168864825,0.112237700613889,32
clean,16,1,22260854,96,26,26,True,0.651366762113279,425.513152600772,True,9,False,ok,9.9270510092719e-11,0.11245724935566,0.0891640384533565,0.222929955947748,0.954104422858049,0.0703182195883343,33
clean,16,1,22260855,96,26,26,True,0.646669452557689,428.540263422877,True,13,False,ok,7.06028621069091e-11,0.11958777704867,0.0952776648150194,0.238836659334396,1.58433337692017,0.0685944501363028,34
clean,16,1,22260856,96,26,26,True,0.620126693646749,443.289695507431,True,13,False,ok,7.62927558743349e-11,0.143521118387369,0.116558125731452,0.278743185990216,2.32751664494401,0.212202503776076,35
clean,16,1,22260857,96,26,26,True,0.632033726682733,436.650586918356,True,11,False,ok,7.66459168416998e-11,0.114370112127884,0.0912098303087068,0.222945112874129,1.00766383150726,0.0369028221940572,36
clean,16,1,22260858,96,26,26,True,0.644774155545739,433.166532745598,True,7,False,ok,8.62837271085995e-11,0.106998144063113,0.0858806350324669,0.211687589510312,0.633302997803979,0.0243157579830085,37
clean,16,1,22260859,96,26,26,True,0.648552664172866,428.211279673491,True,9,False,ok,5.04598327749587e-11,0.125817093378817,0.100222547326958,0.249650699355897,1.33046471738982,0.146360928458141,38
clean,16,1,22260860,96,26,26,True,0.627373832530702,443.061209586648,True,12,False,ok,7.83316284814036e-11,0.112874399806575,0.0902286989575711,0.218296385997618,1.12444719955379,0.0413328071230622,39
clean,16,1,22260861,96,26,26,True,0.648276507254386,428.766955517595,True,9,False,ok,6.04574321664688e-11,0.110699675866635,0.088089669880517,0.213723869182258,0.887569660593202,0.0395768349885122,40
clean,16,1,22260862,96,26,26,True,0.647698427129723,429.64624239812,True,8,False,ok,9.29492192527529e-11,0.106676766680013,0.0854205641164501,0.20601457485796,0.619803348596652,0.0735297500276854,41
clean,16,1,22260863,96,26,26,True,0.635171922723588,431.1078864971,True,13,False,ok,6.62472981234118e-11,0.110059823441245,0.0878624241670484,0.214437330779482,1.35212266394193,0.0929996922256313,42
clean,16,1,22260864,96,26,26,True,0.633311508332085,439.753208079753,True,12,False,ok,7.98853272710517e-11,0.111991940000374,0.0890162370526387,0.222836628061512,0.605988322382739,0.0168726112300507,43
clean,16,1,22260865,96,26,26,True,0.641841059104766,433.44562399805,True,7,False,ok,5.56620923810264e-11,0.106685413755415,0.0848898462626737,0.205179306253456,0.991141091953659,0.0648074542787902,44
clean,16,1,22260866,96,26,26,True,0.641659123504651,431.760173970823,True,16,False,ok,8.01111586837106e-11,0.111065452839838,0.0873966609709041,0.221261509606308,0.273524942535829,0.0555405498199486,45
clean,16,1,22260867,96,26,26,True,0.647224228490888,429.386573057051,True,10,False,ok,5.95754728985729e-11,0.106199875978088,0.0847793795619453,0.208489543225099,0.522551029007746,0.0511485087633327,46
clean,16,1,22260868,96,26,26,True,0.643857363485088,426.31560797146,True,8,False,ok,8.86267382252774e-11,0.103455438085185,0.0829809489538905,0.206186664905772,0.685509239732008,0.0409789375142369,47
clean,16,1,22260869,96,26,26,True,0.642178623491565,433.514747024258,True,9,False,ok,6.42191182276108e-11,0.110244989528797,0.0884869180529131,0.216007902724158,0.756817926739124,0.0696812681047383,48
clean,16,1,22260870,96,26,26,True,0.62794410869801,440.435293642876,True,15,False,ok,9.12137056310466e-11,0.139727302146809,0.113566456971836,0.262782572385189,2.68536068633147,0.161015310669522,49
clean,24,0.25,22260821,144,34,34,True,0.266349117774242,1108.00451511567,True,10,False,ok,6.12977662976917e-11,0.118894461776656,0.0930442136924821,0.234676226365149,1.91998259754206,0.114896345720466,0
clean,24,0.25,22260822,144,34,34,True,0.260107349417513,1146.3531343367,True,12,False,ok,2.97067371820694e-11,0.111694935740674,0.0898015174671337,0.221036096370408,1.39044656741806,0.0823800330952871,1
clean,24,0.25,22260823,144,34,34,True,0.268875923081934,1092.45793108805,True,12,False,ok,5.54687648792905e-11,0.131490864260603,0.103969243391095,0.259462872754279,2.22387965914168,0.139736082146264,2
clean,24,0.25,22260824,144,34,34,True,0.273617808987242,1058.74154723646,True,19,False,ok,8.17284807325511e-11,0.123532514747343,0.0992474910430642,0.241727056642738,1.899261156253,0.108448952522736,3
clean,24,0.25,22260825,144,34,34,True,0.259004125320798,1136.69486758547,True,15,False,ok,7.62953310987602e-11,0.127440007659838,0.100776255190053,0.257638760588463,2.00077463235628,0.0989193809311155,4
clean,24,0.25,22260826,144,34,34,True,0.270386786837269,1099.69802502097,True,12,False,ok,8.37056042993097e-11,0.129072944014652,0.102795274467771,0.25585025483057,2.15503941322887,0.137451856675339,5
clean,24,0.25,22260827,144,34,34,True,0.268366306728831,1086.18149591975,True,11,False,ok,7.12275129071399e-11,0.173032115207775,0.140859982737196,0.332907843046826,4.10503978916671,0.241768910507339,6
clean,24,0.25,22260828,144,34,34,True,0.259666505769659,1124.76643605038,True,17,False,ok,8.99824495332e-11,0.171040572931573,0.1300709686545,0.365834008622556,3.93153083426439,0.233454582960795,7
clean,24,0.25,22260829,144,34,34,True,0.257162529971946,1139.51936461377,True,14,False,ok,9.3424536295922e-11,0.161229788025835,0.117597580270046,0.359393987015721,3.75513985311414,0.222560195260055,8
clean,24,0.25,22260830,144,34,34,True,0.269194264614593,1088.13191727823,True,9,False,ok,8.5280719421897e-11,0.118901997684613,0.0944317060606964,0.228972412555217,1.55759645525441,0.0995484844604013,9
clean,24,0.25,22260831,144,34,34,True,0.259017986024436,1137.52191548136,True,11,False,ok,5.34677991602901e-11,0.119855587314462,0.0957874875607343,0.227199534669742,1.67671936652354,0.114245974310877,10
clean,24,0.25,22260832,144,34,34,True,0.263954140390036,1108.49417447486,True,13,False,ok,8.29776558941266e-11,0.120992660496803,0.0963739624588413,0.235472624184219,1.77656452701656,0.092516633254852,11
clean,24,0.25,22260833,144,34,34,True,0.271966604367546,1090.08196228229,True,9,False,ok,5.41369589570425e-11,0.122444809127296,0.0973577594251295,0.248217525771466,2.10756321947176,0.132234504475838,12
clean,24,0.25,22260834,144,34,34,True,0.266168437175362,1089.38034179189,True,29,False,ok,9.65323561366302e-11,0.179527621135038,0.145593344182923,0.345437066204735,4.19422622245583,0.269468010236494,13
clean,24,0.25,22260835,144,34,34,True,0.275657175510924,1077.96526013756,True,8,False,ok,5.7607645678827e-11,0.138062897107199,0.11113782155819,0.263856078606794,2.51722304639067,0.159426952350316,14
clean,24,0.25,22260836,144,34,34,True,0.270942178457758,1083.81197140691,True,12,False,ok,7.97444792957148e-11,0.20485743175377,0.168482295351794,0.387989127232657,4.83457486036074,0.267100927824628,15
clean,24,0.25,22260837,144,34,34,True,0.262094559794261,1134.57784332593,True,12,False,ok,6.83863130198138e-11,0.175967801286997,0.138322911017995,0.352357886269061,4.09872135387629,0.234838099898877,16
clean,24,0.25,22260838,144,34,34,True,0.275188857094186,1079.93209518594,True,9,False,ok,7.18313281189598e-11,0.123675872100064,0.0977859493676677,0.244524131692714,1.88146830256784,0.0975629343544067,17
clean,24,0.25,22260839,144,34,34,True,0.271907799862613,1061.81288993029,True,19,False,ok,9.8349920390478e-11,0.201599968179772,0.161398176317154,0.396968017140153,4.98895081521777,0.299088561110506,18
clean,24,0.25,22260840,144,34,34,True,0.270256523680238,1086.07465284227,True,11,False,ok,6.55949560822066e-11,0.140326327837073,0.110847177066639,0.280281734939081,3.00311106862777,0.189648341316259,19
clean,24,0.25,22260841,144,34,34,True,0.270195058391037,1082.47777939603,True,11,False,ok,9.11886420222979e-11,0.155980549735879,0.126686151859159,0.29775492035462,3.16989698234105,0.2131619623449,20
clean,24,0.25,22260842,144,34,34,True,0.255504141845559,1149.55279062872,True,8,False,ok,6.3215707749421e-11,0.151611598487074,0.115157331731564,0.311932853688734,3.04497998617266,0.165549626393198,21
clean,24,0.25,22260843,144,34,34,True,0.261605125155862,1126.83289618312,True,13,False,ok,8.18388008651485e-11,0.149711661018488,0.121204556825125,0.290588208004028,3.06916236518917,0.200353490472435,22
clean,24,0.25,22260844,144,34,34,True,0.269267930373207,1094.49974084598,True,9,False,ok,5.53334180392656e-11,0.13343076190066,0.107052327099634,0.260972629794054,2.43521669428064,0.151487338497952,23
clean,24,0.25,22260845,144,34,34,True,0.255625467248284,1130.18682219018,True,17,False,ok,6.94031777346628e-11,0.150407924177895,0.119232794839721,0.302211549074194,3.11296585769637,0.156151766786277,24
clean,24,0.25,22260846,144,34,34,True,0.266585747199176,1100.29739069444,True,10,False,ok,9.95351993627673e-11,0.110064274999346,0.0876626422614815,0.218013544004059,1.14097031769035,0.0765143570900046,25
clean,24,0.25,22260847,144,34,34,True,0.268143807391084,1093.18308662068,True,12,False,ok,9.41485569997652e-11,0.141032972354554,0.109652152199839,0.28145726302391,2.66782134049403,0.142326696219689,26
clean,24,0.25,22260848,144,34,34,True,0.257546310834256,1126.94228847026,True,15,False,ok,8.01647273741947e-11,0.182526418673448,0.143736375171718,0.361675590525778,4.33185686130676,0.259846281368741,27
clean,24,0.25,22260849,144,34,34,True,0.262713121012284,1120.58641660987,True,9,False,ok,9.73256224981291e-11,0.134123569672822,0.107362653957855,0.263721846082276,2.16099666390649,0.161399975250672,28
clean,24,0.25,22260850,144,34,34,True,0.260777866596191,1130.08272577135,True,11,False,ok,8.45679527396895e-11,0.198972008887356,0.156511902231881,0.399795640052636,4.90422007780238,0.28246478931865,29
clean,24,0.25,22260851,144,34,34,True,0.261423589862485,1117.50954402935,True,8,False,ok,8.98448861496696e-11,0.126324303808485,0.0998134675106789,0.24993454182578,2.13677024614399,0.131471643587917,30
clean,24,0.25,22260852,144,34,34,True,0.26154185873042,1136.55555965089,True,13,False,ok,8.82164551687285e-11,0.142413857103931,0.112908006686846,0.289425919890363,2.91365053162451,0.175584743676373,31
clean,24,0.25,22260853,144,34,34,True,0.266969845257299,1097.45392641026,True,11,False,ok,6.03240193121942e-11,0.112531869817559,0.0904841251862534,0.219313572013613,1.44136560507505,0.0688728559360633,32
clean,24,0.25,22260854,144,34,34,True,0.25894828822021,1144.54770399063,True,11,False,ok,5.18557469357173e-11,0.298607951283546,0.234616602340488,0.609103238388831,7.96769182593359,0.433892956379586,33
clean,24,0.25,22260855,144,34,34,True,0.266244881350465,1103.40534803815,True,11,False,ok,4.87854129356204e-11,0.226237306370814,0.184948389451791,0.423047574218926,5.73969014453959,0.360086198458704,34
clean,24,0.25,22260856,144,34,34,True,0.274810948031528,1070.27266181822,True,9,False,ok,7.28578112364698e-11,0.119752296232468,0.095556983722029,0.238548681618944,1.92274369272138,0.118968607217098,35
clean,24,0.25,22260857,144,34,34,True,0.268749425984261,1099.28607893265,True,10,False,ok,8.00767888253564e-11,0.147570127357559,0.109596863979994,0.314159625902199,3.04560931985959,0.187877079486661,36
clean,24,0.25,22260858,144,34,34,True,0.269557660111589,1088.76732827981,True,9,False,ok,6.69078977576057e-11,0.1609259528749,0.126806345200981,0.318063537709223,3.48265735337417,0.229197301780929,37
clean,24,0.25,22260859,144,34,34,True,0.265345178562811,1091.46405932539,True,12,False,ok,9.67159043483383e-11,0.153722747280511,0.123548076420569,0.294713367748489,3.40935599892861,0.206141243310122,38
clean,24,0.25,22260860,144,34,34,True,0.270548173208997,1080.79510103227,True,11,False,ok,8.51546384345569e-11,0.177336435382994,0.136308060085476,0.384323453868784,4.05704234238724,0.235447769663156,39
clean,24,0.25,22260861,144,34,34,True,0.272976935345628,1083.00407278389,True,14,False,ok,7.60585984586948e-11,0.246953666768823,0.206643641558193,0.446697397408879,6.19451427244439,0.329849518545078,40
clean,24,0.25,22260862,144,34,34,True,0.270895155423718,1089.3179104996,True,13,False,ok,9.83478665598839e-11,0.125390542694254,0.100974684103103,0.240991249934197,2.34509578760939,0.143860705955421,41
clean,24,0.25,22260863,144,34,34,True,0.261461105292318,1126.1850062611,True,13,False,ok,7.4007136217472e-11,0.111900560639441,0.0895410492811684,0.219398866261855,1.32605803334237,0.101113716777384,42
clean,24,0.25,22260864,144,34,34,True,0.266936483069617,1115.72659678849,True,13,False,ok,5.18148679119765e-11,0.15864685651028,0.123914360628794,0.311812866046246,3.42395935462205,0.226307126941209,43
clean,24,0.25,22260865,144,34,34,True,0.263512336920422,1114.92889467734,True,11,False,ok,7.92351845804383e-11,0.182661594725968,0.146406724015647,0.358172957135894,4.40142576917512,0.249904662664058,44
clean,24,0.25,22260866,144,34,34,True,0.25979733214926,1138.35711852554,True,17,False,ok,9.43612526399032e-11,0.232287318011668,0.192603920988536,0.434900881884914,6.04146476213733,0.352276360266859,45
clean,24,0.25,22260867,144,34,34,True,0.269212868988193,1085.99685842164,True,10,False,ok,5.94683024614978e-11,0.139891627029511,0.112124127653496,0.272470184722273,2.69482304760969,0.140278036428147,46
clean,24,0.25,22260868,144,34,34,True,0.267644796343988,1100.58763601136,True,10,False,ok,7.74791712197504e-11,0.138249103073949,0.11196367406579,0.269376634322604,2.83161698583909,0.176877046489994,47
clean,24,0.25,22260869,144,34,34,True,0.26892524864355,1095.67991098917,True,13,False,ok,9.17676247488543e-11,0.119458545208742,0.0950250628486527,0.236998310322623,1.72428497267471,0.102682084222807,48
clean,24,0.25,22260870,144,34,34,True,0.262949743240318,1132.3113084257,True,18,False,ok,9.56463495617057e-11,0.417567151635131,0.356279262431927,0.71761057861055,11.4424563669139,0.6869932157557,49
clean,24,0.5,22260821,144,34,34,True,0.481994630884471,631.532567545736,True,10,False,ok,8.52595669750133e-11,0.104444964177585,0.0824704337217351,0.209216413839641,0.935906320515276,0.0584304547427237,0
clean,24,0.5,22260822,144,34,34,True,0.469058039744895,654.776160132916,True,11,False,ok,5.23425620933428e-11,0.103284222327473,0.0829608971996319,0.202419074608429,0.696740311899925,0.0417616731227849,1
clean,24,0.5,22260823,144,34,34,True,0.482056536946772,628.358233863038,True,11,False,ok,6.79993547794002e-11,0.113941075133911,0.0914311292635843,0.225745587780679,1.08454155581579,0.0770705117385494,2
clean,24,0.5,22260824,144,34,34,True,0.487714443127294,613.670675580541,True,16,False,ok,9.95626759161185e-11,0.110946388298282,0.0891735761485063,0.215768734819477,0.966319789583819,0.060629519098918,3
clean,24,0.5,22260825,144,34,34,True,0.465672731036403,651.595068869297,True,11,False,ok,7.16407549957861e-11,0.113242692130255,0.0900297449510016,0.228774137556087,1.02094818989403,0.0460307638172916,4
clean,24,0.5,22260826,144,34,34,True,0.481377206030193,636.358907183855,True,11,False,ok,6.62314796108984e-11,0.110336327662813,0.0888041226815108,0.215727871604798,1.05779972984736,0.073429521293664,5
clean,24,0.5,22260827,144,34,34,True,0.482713098686142,622.911174601849,True,11,False,ok,6.59278496237902e-11,0.122473526936952,0.0970820300470905,0.242656690835474,2.0499809980779,0.119063183204066,6
clean,24,0.5,22260828,144,34,34,True,0.468523160341667,640.657239701604,True,17,False,ok,6.96345515968884e-11,0.123781169107955,0.0986566003618614,0.241615290358155,1.99296325420118,0.118331403115017,7
clean,24,0.5,22260829,144,34,34,True,0.463452826624313,651.059491991422,True,13,False,ok,7.89236217822622e-11,0.119353592037667,0.093753027578885,0.231201877816289,1.86961691281145,0.110318140865385,8
clean,24,0.5,22260830,144,34,34,True,0.483553811453146,623.526041392408,True,9,False,ok,4.54697012940346e-11,0.108904925313203,0.0865823864843311,0.209540102861894,0.764966277100649,0.057879302366218,9
clean,24,0.5,22260831,144,34,34,True,0.467656947000379,649.509210401904,True,11,False,ok,6.3088404953648e-11,0.108412384687832,0.0868514809800406,0.208067294772718,0.874272956912764,0.0686403387224943,10
clean,24,0.5,22260832,144,34,34,True,0.470107875288292,643.168382334798,True,12,False,ok,7.89929880896279e-11,0.109014522001711,0.0870402974932553,0.214454849461232,0.898385910894374,0.0416616138986004,11
clean,24,0.5,22260833,144,34,34,True,0.485420625243993,628.928707167924,True,9,False,ok,4.20546102114569e-11,0.106281838889822,0.0846317825568179,0.212278968370416,1.02503590203977,0.0701408946187713,12
clean,24,0.5,22260834,144,34,34,True,0.479247075180795,626.530348517403,True,11,False,ok,9.20870273445692e-11,0.1302985277155,0.104533951798483,0.253876211418991,2.15188305236761,0.149199179862098,13
clean,24,0.5,22260835,144,34,34,True,0.488783125944258,626.022979702964,True,8,False,ok,8.99603566345023e-11,0.11482512259493,0.0915280967157883,0.226480395161133,1.26141844683424,0.0860045706075556,14
clean,24,0.5,22260836,144,34,34,True,0.483369064099492,625.385878915056,True,11,False,ok,6.8024769275321e-11,0.13826490747726,0.112275040712697,0.262980598670026,2.39882461635796,0.121874797124023,15
clean,24,0.5,22260837,144,34,34,True,0.471657753372748,649.397220085568,True,11,False,ok,8.18019582770836e-11,0.128285073065573,0.102055907957722,0.247970881298087,2.04707958501968,0.112980801890015,16
clean,24,0.5,22260838,144,34,34,True,0.48865034689643,626.287921021297,True,9,False,ok,4.77872356887366e-11,0.109218877035367,0.0871580550869186,0.217013700172686,0.935141755227856,0.0416684203082694,17
clean,24,0.5,22260839,144,34,34,True,0.486617010551399,612.595180890631,True,12,False,ok,7.12952545929377e-11,0.134529407107457,0.108096876381534,0.260410643713183,2.46554509567659,0.149264470217772,18
clean,24,0.5,22260840,144,34,34,True,0.481398513788011,629.126700012801,True,12,False,ok,6.55580386500854e-11,0.111163760037909,0.0887586787936627,0.221140414243193,1.52703903042353,0.101365313141857,19
clean,24,0.5,22260841,144,34,34,True,0.484254984014032,622.663679497213,True,11,False,ok,9.10551659348995e-11,0.123456317915486,0.0997484528389155,0.238752090821848,1.61659220350701,0.122002339355494,20
clean,24,0.5,22260842,144,34,34,True,0.457463220192752,660.687677370697,True,8,False,ok,7.075093216336e-11,0.118857908593609,0.0940609389539016,0.22410725685873,1.54366136381993,0.0768378869531859,21
clean,24,0.5,22260843,144,34,34,True,0.466348567452321,652.481071576351,True,13,False,ok,7.89734424888617e-11,0.117642721479928,0.0950705253458886,0.229655505577053,1.53484835025623,0.109810042005148,22
clean,24,0.5,22260844,144,34,34,True,0.480644285152749,631.572056489093,True,8,False,ok,9.32117927940766e-11,0.111700370688451,0.0899262053298232,0.218421612509401,1.23244313788254,0.080619918907318,23
clean,24,0.5,22260845,144,34,34,True,0.464413510721232,641.732089013126,True,13,False,ok,6.88049584129263e-11,0.117490265898224,0.0930448591770588,0.234524642324629,1.52152936037406,0.0623238783322745,24
clean,24,0.5,22260846,144,34,34,True,0.481866401696949,626.377444426128,True,10,False,ok,5.51433935785947e-11,0.104876859842172,0.0831473505700299,0.210962536422699,0.569759214073104,0.043699148131593,25
clean,24,0.5,22260847,144,34,34,True,0.480668590637815,629.726198297267,True,11,False,ok,5.14568163969048e-11,0.116718037667573,0.0930445282033263,0.235939641335792,1.32838602516568,0.0654602999163747,26
clean,24,0.5,22260848,144,34,34,True,0.458257739603175,651.146563621353,True,12,False,ok,8.40063886442971e-11,0.126160069568926,0.100896348067645,0.251221299169213,2.11257596965177,0.126796413210547,27
clean,24,0.5,22260849,144,34,34,True,0.474833607599841,638.901603734977,True,9,False,ok,6.08816919025742e-11,0.116329874400012,0.0931287766684731,0.22253752554704,1.08102932599166,0.100451719687524,28
clean,24,0.5,22260850,144,34,34,True,0.467351646791727,650.926188090517,True,13,False,ok,8.55180005336207e-11,0.134041144161559,0.105965297397606,0.26794502459806,2.4435274137847,0.136299125189597,29
clean,24,0.5,22260851,144,34,34,True,0.469964376673816,641.411341065932,True,10,False,ok,5.2730763505523e-11,0.110343641286575,0.087566718593459,0.211769112192783,1.06544065439369,0.0701774323532046,30
clean,24,0.5,22260852,144,34,34,True,0.460994004768613,664.029817048675,True,13,False,ok,6.80537121939513e-11,0.112896956039427,0.0906628185124518,0.218164152974154,1.40531850407145,0.0887981796791022,31
clean,24,0.5,22260853,144,34,34,True,0.481055344591974,628.535837724157,True,10,False,ok,5.35483302814427e-11,0.103492807776104,0.0828034832472849,0.199753769428845,0.695269004865858,0.0257202839506437,32
clean,24,0.5,22260854,144,34,34,True,0.463317980249068,657.991224022998,True,10,False,ok,8.66795697721261e-11,0.177439256308296,0.140299968946324,0.352899187933531,4.043167032276,0.199250309964719,33
clean,24,0.5,22260855,144,34,34,True,0.4755498968463,633.724346018961,True,10,False,ok,9.01426298896806e-11,0.143619486354226,0.115716576932252,0.272706165054615,2.83216510441468,0.186475658572079,34
clean,24,0.5,22260856,144,34,34,True,0.489254846222908,619.339654719611,True,9,False,ok,7.0241907804116e-11,0.105789790982089,0.0846356640343767,0.21076936438007,0.988062862806872,0.0641002061426593,35
clean,24,0.5,22260857,144,34,34,True,0.476908570594386,637.662207168109,True,9,False,ok,9.43989686618064e-11,0.117862558931468,0.0922761779965167,0.23235273290183,1.55291157752615,0.0992193632858918,36
clean,24,0.5,22260858,144,34,34,True,0.482855989301813,628.154580008097,True,9,False,ok,6.03415729539164e-11,0.122789364210037,0.0976014700120441,0.245058354439909,1.73731666494399,0.124994617362088,37
clean,24,0.5,22260859,144,34,34,True,0.474375016354011,632.73175998309,True,11,False,ok,8.7871615331564e-11,0.115332054502219,0.0928910958989708,0.222232799732403,1.69946682195641,0.10459088915587,38
clean,24,0.5,22260860,144,34,34,True,0.485340693937879,620.663948339976,True,11,False,ok,5.82983308127139e-11,0.125778172005553,0.0987914955567833,0.256443092480563,1.99844188141713,0.113682318032195,39
clean,24,0.5,22260861,144,34,34,True,0.483530244815745,630.087969111398,True,10,False,ok,6.12349967313091e-11,0.157903118068174,0.128521662123132,0.29698096351396,3.1505817930618,0.147013827899614,40
clean,24,0.5,22260862,144,34,34,True,0.479006926595193,634.936824735393,True,11,False,ok,7.97540043596711e-11,0.105229559977482,0.0856158177564458,0.207136804801244,1.16498605438526,0.0732038875536729,41
clean,24,0.5,22260863,144,34,34,True,0.469697890662626,646.915419428637,True,12,False,ok,9.78811860179599e-11,0.104370322784389,0.0830016096873511,0.205191021445472,0.664087481893237,0.062853476984696,42
clean,24,0.5,22260864,144,34,34,True,0.479790837565601,638.84179713655,True,11,False,ok,9.26388323425792e-11,0.119016315650399,0.0945657386090078,0.232281140627677,1.7114185999906,0.123567098236935,43
clean,24,0.5,22260865,144,34,34,True,0.474562982027822,637.560063738769,True,9,False,ok,5.88024921458638e-11,0.126745552633753,0.100472899935787,0.248768997289606,2.16192397346304,0.116073904143222,44
clean,24,0.5,22260866,144,34,34,True,0.462412562408553,657.7830115877,True,15,False,ok,9.73164031978305e-11,0.146714682250498,0.119681726114394,0.275875953925597,3.05766184650327,0.173330735232314,45
clean,24,0.5,22260867,144,34,34,True,0.483148970419819,623.095586333364,True,9,False,ok,7.72467249949034e-11,0.115629957670068,0.0926268489561758,0.225902027903402,1.32617284670188,0.0618307556617177,46
clean,24,0.5,22260868,144,34,34,True,0.482575823430838,627.59103114633,True,9,False,ok,8.67863099453557e-11,0.11029597093382,0.0882608249182239,0.218945375399926,1.40076005813835,0.0920684303395686,47
clean,24,0.5,22260869,144,34,34,True,0.481410811663925,627.736802924955,True,11,False,ok,9.02235467042755e-11,0.108121763937083,0.0860970635214148,0.214740209269948,0.901568812446254,0.0564738843891655,48
clean,24,0.5,22260870,144,34,34,True,0.466651299138709,656.999960125214,True,12,False,ok,7.3781982428783e-11,0.228358101021811,0.189526871583469,0.417494162807408,5.7204413166441,0.343987735212059,49
clean,24,1,22260821,144,34,34,True,0.714972680708702,472.800165053737,True,10,False,ok,7.10447685591208e-11,0.100842810079574,0.0795465104631447,0.203842481714389,0.457544032771076,0.0334203871600804,0
clean,24,1,22260822,144,34,34,True,0.701565411294842,484.669538757876,True,11,False,ok,3.78973073642244e-11,0.100909327241087,0.0809802686229048,0.197542800167483,0.349018985073929,0.0234418999081159,1
clean,24,1,22260823,144,34,34,True,0.709830198983418,473.748743451449,True,11,False,ok,7.51258955220745e-11,0.109490368082897,0.087997425248319,0.214206876729861,0.535827734064386,0.051342241115979,2
clean,24,1,22260824,144,34,34,True,0.717899658486815,462.250715208484,True,15,False,ok,8.31553890394289e-11,0.107739929195228,0.0861811071686119,0.206954509334167,0.488131770149901,0.0425875619741559,3
clean,24,1,22260825,144,34,34,True,0.683338112964813,492.392440528177,True,11,False,ok,8.53848192892277e-11,0.109180957258722,0.0869357515735074,0.212892657473418,0.514185930522894,0.0281367623403297,4
clean,24,1,22260826,144,34,34,True,0.708171585234424,479.274717009275,True,10,False,ok,8.93719395467584e-11,0.104990614993676,0.0842730054090907,0.206181062366895,0.521502972364082,0.0439674126857558,5
clean,24,1,22260827,144,34,34,True,0.712012025510627,469.191101660527,True,11,False,ok,6.19175826264584e-11,0.105942959230396,0.0842439817639922,0.207290509202274,1.02450539852284,0.0587147521352223,6
clean,24,1,22260828,144,34,34,True,0.694226974631239,476.956122360831,True,16,False,ok,7.87486018340426e-11,0.10870374959099,0.0872874209219711,0.209961055573871,1.00273240727508,0.0603324564930431,7
clean,24,1,22260829,144,34,34,True,0.684828050969521,487.917664621853,True,13,False,ok,6.72771716288928e-11,0.106049037657491,0.085066206139437,0.203989719346609,0.931181591840422,0.0558969823388033,8
clean,24,1,22260830,144,34,34,True,0.713720880073539,467.76330845779,True,8,False,ok,8.53223691860711e-11,0.106193864043778,0.0844947034360273,0.206586976663914,0.379040118847617,0.0418155313132305,9
clean,24,1,22260831,144,34,34,True,0.692129484814992,487.012448670124,True,10,False,ok,8.6226200226972e-11,0.104852434821682,0.083810549056494,0.201693555174742,0.446375707054516,0.0455180207938336,10
clean,24,1,22260832,144,34,34,True,0.688229238889174,490.120177204879,True,12,False,ok,8.98228877990995e-11,0.105896427901278,0.0845601749683865,0.206112200961606,0.451611644305988,0.0207090134454331,11
clean,24,1,22260833,144,34,34,True,0.717101716882574,471.71401588484,True,9,False,ok,5.64403567734139e-11,0.102527534478748,0.0816418984074334,0.199309394257341,0.505065450893405,0.0431804614164118,12
clean,24,1,22260834,144,34,34,True,0.706104560426801,471.722160537205,True,11,False,ok,7.53873334580172e-11,0.113831890013687,0.0902855090447286,0.226027419750352,1.09290790519458,0.0897279355921725,13
clean,24,1,22260835,144,34,34,True,0.715314498864381,473.847244735466,True,8,False,ok,4.77090380025015e-11,0.107995362959203,0.0861305954564229,0.213232774648997,0.631303454621605,0.0510383101945771,14
clean,24,1,22260836,144,34,34,True,0.712605148980076,470.226660124464,True,11,False,ok,8.84322870609093e-11,0.115305562741771,0.0930873388761639,0.218208614343496,1.19430176016792,0.0517089314460986,15
clean,24,1,22260837,144,34,34,True,0.706271935025198,480.697853366666,True,10,False,ok,8.53267752609929e-11,0.113532664314561,0.0902039534260492,0.218715128970981,1.02077949651966,0.0555207641397428,16
clean,24,1,22260838,144,34,34,True,0.717830928343882,472.273501508389,True,8,False,ok,8.30039925239613e-11,0.105118175626604,0.083993556683621,0.207659020250439,0.466293160183609,0.0175136473374865,17
clean,24,1,22260839,144,34,34,True,0.718896661127752,463.343518695732,True,12,False,ok,7.42508262732573e-11,0.111803297242514,0.0898289698971404,0.214332017490726,1.22027941963301,0.0765993306045887,18
clean,24,1,22260840,144,34,34,True,0.707652414944808,476.091434363976,True,10,False,ok,9.69968361990825e-11,0.102353078951968,0.0818979592446388,0.201648964277013,0.769812396430305,0.0569758789207615,19
clean,24,1,22260841,144,34,34,True,0.71589073793788,467.801535349669,True,12,False,ok,8.20598456078227e-11,0.113140627432498,0.0912525787433374,0.221807835507948,0.816491082920215,0.0767105769713858,20
clean,24,1,22260842,144,34,34,True,0.670156825597283,499.184367609473,True,8,False,ok,6.02750710750577e-11,0.108535147437617,0.0872393283021403,0.201970390426798,0.776742097933084,0.0355482879487187,21
clean,24,1,22260843,144,34,34,True,0.691060977462941,489.204109113383,True,13,False,ok,7.80029090242211e-11,0.108261572469963,0.0872945368805224,0.210931239083934,0.768046305217359,0.0661464164998335,22
clean,24,1,22260844,144,34,34,True,0.70755277429569,475.55518378125,True,8,False,ok,6.91111972981072e-11,0.105271171301124,0.0848883176235475,0.203923101950565,0.620172310069939,0.0455017025954172,23
clean,24,1,22260845,144,34,34,True,0.685126155991992,482.818740870094,True,11,False,ok,9.30246879369941e-11,0.108319721299554,0.0856566764188785,0.214899405588476,0.750305980717243,0.0204388299440216,24
clean,24,1,22260846,144,34,34,True,0.714732339559646,469.045390965309,True,9,False,ok,8.61711613361199e-11,0.103685524439235,0.0817918640207162,0.208646615910624,0.283341180908743,0.0286513514066052,25
clean,24,1,22260847,144,34,34,True,0.70757468826258,476.469342038395,True,10,False,ok,8.11996550451247e-11,0.109926670897712,0.0877784748007154,0.213601930347718,0.661529179510959,0.0339835510860259,26
clean,24,1,22260848,144,34,34,True,0.671546952488652,492.805138984285,True,12,False,ok,6.45064241123103e-11,0.108579617112956,0.0864774427419695,0.214611023303668,1.04316349381393,0.0631567133048003,27
clean,24,1,22260849,144,34,34,True,0.703704421017201,478.142377845115,True,8,False,ok,9.58674966029773e-11,0.11131209252331,0.0892494162164333,0.217233247456861,0.542998847688993,0.0728203118283022,28
clean,24,1,22260850,144,34,34,True,0.691715465624954,488.316323976154,True,12,False,ok,9.51767927947325e-11,0.112237432660692,0.0888431917314745,0.222255541494576,1.22001498690285,0.0663468541623875,29
clean,24,1,22260851,144,34,34,True,0.696035490873273,483.447232295237,True,9,False,ok,8.50781979006899e-11,0.106016809795684,0.0842206743217758,0.201702328922604,0.532661197581922,0.0424501797566761,30
clean,24,1,22260852,144,34,34,True,0.671810187925608,504.763420845949,True,12,False,ok,9.72016203476597e-11,0.105547839106414,0.0848689577126069,0.205750708633445,0.689879779350561,0.051727160362308,31
clean,24,1,22260853,144,34,34,True,0.711194542125108,473.242084952245,True,8,False,ok,8.09432101754214e-11,0.101359837310123,0.0809316210111662,0.195795287282641,0.339609767996722,0.0119201331532384,32
clean,24,1,22260854,144,34,34,True,0.683828795976446,494.241579347356,True,10,False,ok,4.70608991753566e-11,0.128920146145219,0.103005615290696,0.259343878173013,2.03602370498401,0.0794434368452732,33
clean,24,1,22260855,144,34,34,True,0.699273311493394,477.249866762199,True,10,False,ok,8.1341009259234e-11,0.11481598738457,0.0921370805722107,0.224859137188282,1.4060030037396,0.101768432977402,34
clean,24,1,22260856,144,34,34,True,0.720125802614929,466.788139976442,True,9,False,ok,6.29015027003042e-11,0.101794741568376,0.0815478158694439,0.202240393774389,0.50109259671477,0.03683951956886,35
clean,24,1,22260857,144,34,34,True,0.702669570266511,481.197115332533,True,9,False,ok,7.0003616462444e-11,0.108885663376804,0.0862065904501282,0.211024078777022,0.783725048866777,0.0548075153868392,36
clean,24,1,22260858,144,34,34,True,0.712628231523443,473.309399887472,True,9,False,ok,4.75311940906036e-11,0.111083501015813,0.0883806332923132,0.215673335130617,0.867214909843719,0.0741428072526911,37
clean,24,1,22260859,144,34,34,True,0.699049326003597,480.101060140823,True,11,False,ok,6.99621771358081e-11,0.103775400293663,0.0834374280188694,0.201118353429663,0.848561071781377,0.0560516946375255,38
clean,24,1,22260860,144,34,34,True,0.715398077175559,467.020160340868,True,12,False,ok,7.5084060952872e-11,0.110073384472991,0.0871711803339638,0.220025140202296,0.992769707070083,0.0565283717296556,39
clean,24,1,22260861,144,34,34,True,0.706779656315591,478.053709721123,True,10,False,ok,5.74294994339252e-11,0.124272181492189,0.100202987176005,0.238013836657114,1.58795527999233,0.0542681747971385,40
clean,24,1,22260862,144,34,34,True,0.698951856667885,482.881521872921,True,11,False,ok,6.52786098653378e-11,0.100089035183882,0.0812530949106446,0.202439632172302,0.578424920866089,0.0389498761656326,41
clean,24,1,22260863,144,34,34,True,0.692510021625725,487.438687046879,True,12,False,ok,9.08751858830609e-11,0.102303209416262,0.0815133943788179,0.200577816184388,0.33232997948845,0.0446564220722815,42
clean,24,1,22260864,144,34,34,True,0.708506170414,478.71176125003,True,11,False,ok,6.39286547850274e-11,0.106981326730299,0.0852825443628751,0.210605141083997,0.855603701915753,0.0724432472424473,43
clean,24,1,22260865,144,34,34,True,0.700443840708684,478.469362266748,True,8,False,ok,7.112686841594e-11,0.109068727324634,0.0867031636528891,0.216858908701312,1.06924844159979,0.0512767934346865,44
clean,24,1,22260866,144,34,34,True,0.683619193240462,492.54601371574,True,15,False,ok,8.10895369174585e-11,0.115034716475612,0.0919824338108813,0.217432546741152,1.54160750303093,0.0828423685127246,45
clean,24,1,22260867,144,34,34,True,0.716000085716552,466.131240319236,True,9,False,ok,6.64660857247349e-11,0.109135832816125,0.0875468485477895,0.216072557608293,0.658404808000153,0.0310012606059079,46
clean,24,1,22260868,144,34,34,True,0.7157762769785,467.882863291227,True,9,False,ok,5.12844154144414e-11,0.102687382367248,0.0820890265827541,0.207011621662456,0.697338454567238,0.0515796951008271,47
clean,24,1,22260869,144,34,34,True,0.708854976984178,470.37735361525,True,12,False,ok,7.68659565359681e-11,0.10478785902617,0.0835678804405509,0.20642968448481,0.461541062636677,0.0368195555834431,48
clean,24,1,22260870,144,34,34,True,0.682853046576158,497.163998739385,True,11,False,ok,8.65749991431298e-11,0.145571225210607,0.116771951585769,0.286756128403809,2.85141652885783,0.1727652071889,49
nominal,4,0.25,22270821,21,14,14,True,0.133117683481508,913.770365959634,False,30,True,max_iterations_reached,3.01325623032081e-07,,,,,,0
nominal,4,0.25,22270822,21,14,14,True,0.131310059672733,876.22128523282,True,22,False,ok,7.82184727728633e-11,2.78253358173465,2.10107373711129,5.91333140733763,73.1257113959286,4.33580763339237,1
nominal,4,0.25,22270823,21,14,14,True,0.13153988400815,826.371502292569,True,16,False,ok,2.27741496638727e-11,3.70042168750517,3.0741101519277,6.71547019808276,98.5791961606249,5.392235219687,2
nominal,4,0.25,22270824,24,14,14,True,0.138357137626269,883.98696579605,True,16,False,ok,5.08648638183732e-11,2.30636008174134,1.86856139905342,4.48548128053883,57.3082777147877,3.16522117838516,3
nominal,4,0.25,22270825,22,14,14,True,0.131972727322992,924.523802619163,False,30,True,max_iterations_reached,3.89280013601433e-07,,,,,,4
nominal,4,0.25,22270826,17,14,13,False,1.13086338347459e-16,inf,False,0,True,rank_deficient_design,,,,,,,5
nominal,4,0.25,22270827,23,14,14,True,0.129178486493428,941.338234661017,True,19,False,ok,8.60867832235279e-11,3.0215965721288,2.07539417921671,7.21595171733309,77.6350749825286,5.31704619818253,6
nominal,4,0.25,22270828,23,14,14,True,0.137154419754627,891.531708417122,True,12,False,ok,8.22699913676161e-11,2.78971093128012,2.27633885395175,5.3628758864539,73.0072170235931,4.85893513634408,7
nominal,4,0.25,22270829,21,14,14,True,0.0968187001228763,1260.7491468907,False,30,True,max_iterations_reached,3.70932522578414e-07,,,,,,8
nominal,4,0.25,22270830,23,14,14,True,0.140948027508594,865.369511687686,False,30,True,max_iterations_reached,5.08933290088847e-08,,,,,,9
nominal,4,0.25,22270831,21,14,14,True,0.117068082027315,1039.79100906891,True,27,False,ok,1.60139231568486e-11,3.11253804703936,2.44719155556624,6.10685115326408,75.2495299394271,5.63424404218753,10
nominal,4,0.25,22270832,23,14,14,True,0.134612972329971,902.546246223126,True,14,False,ok,2.81595524658233e-11,4.3318513635081,3.27805250816161,9.17399572613817,118.246395947403,6.92359826374373,11
nominal,4,0.25,22270833,21,14,14,True,0.118872937742887,1022.83346156589,True,22,False,ok,7.50306998868765e-11,3.47149897806723,2.79115032861668,6.61886607062348,94.8702120417591,6.12187621761428,12
nominal,4,0.25,22270834,22,14,14,True,0.136559290154635,891.517166311061,False,30,True,max_iterations_reached,2.99713183680366e-08,,,,,,13
nominal,4,0.25,22270835,17,14,13,False,7.53474320312771e-17,inf,False,0,True,rank_deficient_design,,,,,,,14
nominal,4,0.25,22270836,22,14,14,True,0.136524885692772,894.930155281906,False,30,True,max_iterations_reached,1.17030753722227e-06,,,,,,15
nominal,4,0.25,22270837,21,14,14,True,0.133025864702085,917.719265231615,True,26,False,ok,7.59781230708222e-11,3.052039914783,2.2621945183432,7.07929622835008,83.8763753420772,5.22727910614826,16
nominal,4,0.25,22270838,24,14,14,True,0.13996624620231,877.019452618104,False,30,True,max_iterations_reached,7.6222457702188e-10,,,,,,17
nominal,4,0.25,22270839,21,14,14,True,0.127762308615684,951.473613672411,True,26,False,ok,7.77689457785088e-11,3.71970467494463,3.15657650051016,6.48196094588518,102.837429428914,6.51857397726763,18
nominal,4,0.25,22270840,22,14,14,True,0.126215713016077,970.085917564797,False,30,True,max_iterations_reached,1.18427323436617e-07,,,,,,19
nominal,4,0.25,22270841,20,14,13,False,1.29633650074495e-16,inf,False,0,True,rank_deficient_design,,,,,,,20
nominal,4,0.25,22270842,22,14,14,True,0.130663490003795,933.484189933944,True,24,False,ok,6.4595986212481e-11,1.78957413168189,1.42497381336126,3.47553462155687,38.8286039437158,2.39375377661201,21
nominal,4,0.25,22270843,22,14,14,True,0.131841383777296,926.105331774486,False,30,True,max_iterations_reached,1.49694914781375e-07,,,,,,22
nominal,4,0.25,22270844,24,14,14,True,0.141520682912959,859.252005472883,False,30,True,max_iterations_reached,4.23556623726363e-09,,,,,,23
nominal,4,0.25,22270845,22,14,14,True,0.139611081483054,874.561755958686,False,30,True,max_iterations_reached,9.35596593054268e-09,,,,,,24
nominal,4,0.25,22270846,23,14,14,True,0.129787452919686,946.214813566623,False,30,True,max_iterations_reached,3.61300939925551e-09,,,,,,25
nominal,4,0.25,22270847,22,14,14,True,0.133001331566494,919.422534752409,True,22,False,ok,7.02365466721786e-11,1.84427594646634,1.50555312688836,3.56229664970016,36.2422560627847,1.53260975139884,26
nominal,4,0.25,22270848,22,14,14,True,0.135631453997952,900.557233021438,True,1,False,ok,0,2.58493960786951,2.11258557629003,4.92302771789213,64.2156407628705,4.20156244071482,27
nominal,4,0.25,22270849,20,14,14,True,0.0846403137067812,1438.24669217331,False,30,True,max_iterations_reached,1.4653549476325e-08,,,,,,28
nominal,4,0.25,22270850,21,14,14,True,0.127425617505055,921.030827258379,True,24,False,ok,9.52590454895752e-11,1.96771415966852,1.53375867744824,4.14637195801646,43.8113655806694,2.46383279292935,29
nominal,4,0.25,22270851,22,14,14,True,0.137580696885161,889.072474872278,False,30,True,max_iterations_reached,4.42363952095657e-07,,,,,,30
nominal,4,0.25,22270852,20,14,14,True,0.0956045490724992,1280.47996117642,False,30,True,max_iterations_reached,1.2155075239432e-09,,,,,,31
nominal,4,0.25,22270853,24,14,14,True,0.138632419374651,886.42133055898,True,19,False,ok,2.81468452420958e-11,2.11188834803319,1.69040126518393,4.17300451103095,49.4794933776953,2.76166485149396,32
nominal,4,0.25,22270854,23,14,14,True,0.138326020099007,878.646931411364,True,22,False,ok,4.66852302075877e-11,3.10363910533764,2.22460622045104,6.94485675588723,85.9126863722698,5.42016046031789,33
nominal,4,0.25,22270855,22,14,14,True,0.134986421517367,900.939009511993,True,19,False,ok,9.86994275114553e-11,2.81905919469455,2.3080743938004,5.40522355397162,71.7986863420123,4.71740713511305,34
nominal,4,0.25,22270856,22,14,14,True,0.113176845060471,1079.93283932085,False,30,True,max_iterations_reached,4.03224132178325e-07,,,,,,35
nominal,4,0.25,22270857,19,14,14,True,0.0587667559586052,1856.24977251615,True,24,False,ok,9.46882955729792e-11,6.79427318894023,4.27539422966996,17.2504295972701,173.678739431994,12.2220762255237,36
nominal,4,0.25,22270858,23,14,14,True,0.136547972078182,892.596171304325,True,23,False,ok,9.53655926422559e-11,1.58375782687987,1.1856520655909,3.31903050251867,31.3396006281381,2.21264505921556,37
nominal,4,0.25,22270859,21,14,14,True,0.134822425625613,903.113478696837,False,30,True,max_iterations_reached,2.1627300110326e-07,,,,,,38
nominal,4,0.25,22270860,21,14,14,True,0.0999114663757812,1159.6375482658,True,30,False,ok,9.49003941921481e-11,3.20499596926329,2.4694866701757,6.5553480906992,85.3711675373856,5.6298593064228,39
nominal,4,0.25,22270861,24,14,14,True,0.138358302342686,877.441766845844,True,25,False,ok,8.19246671554628e-11,2.97299797377312,2.29223648693221,6.24530116819741,78.2246005045899,4.67791748621167,40
nominal,4,0.25,22270862,21,14,14,True,0.0983076548883014,1241.03258234441,False,30,True,max_iterations_reached,1.53892578261375e-07,,,,,,41
nominal,4,0.25,22270863,22,14,14,True,0.137947867623487,885.861428051079,False,30,True,max_iterations_reached,1.44440323363247e-10,,,,,,42
nominal,4,0.25,22270864,21,14,14,True,0.107081370330989,1138.10075430677,True,28,False,ok,9.08618794568405e-11,3.13701456433588,2.37982591857251,6.89082064784436,87.6840259475445,5.35689349604524,43
nominal,4,0.25,22270865,21,14,14,True,0.132418921705148,926.28056020371,True,14,False,ok,9.18154732717535e-11,3.93838812862868,3.05633072504994,8.07821574669205,107.133672092708,6.10840561589582,44
nominal,4,0.25,22270866,23,14,14,True,0.129988014366894,830.47559939292,True,27,False,ok,6.97042684480311e-11,4.91242253763388,3.9463361897831,9.9969152153113,134.278469340275,8.73698924374135,45
nominal,4,0.25,22270867,21,14,14,True,0.132642498404363,917.366501257845,True,12,False,ok,7.98708253819669e-11,2.58626342172608,1.98160985372848,5.35783314088505,63.2625479731603,3.09751952981349,46
nominal,4,0.25,22270868,22,14,14,True,0.136401613624752,890.957426825216,False,30,True,max_iterations_reached,1.17830713323356e-07,,,,,,47
nominal,4,0.25,22270869,21,14,14,True,0.130802005901197,936.202305361473,False,30,True,max_iterations_reached,4.3045368428887e-07,,,,,,48
nominal,4,0.25,22270870,22,14,14,True,0.137486165443333,890.077445508991,True,16,False,ok,8.62477774089803e-11,3.55984772733707,2.99524308207426,6.4046989308592,99.221849651465,5.88244810042539,49
nominal,4,0.5,22270821,21,14,14,True,0.25000421222663,508.061238351133,False,30,True,max_iterations_reached,2.19995341022487e-09,,,,,,0
nominal,4,0.5,22270822,21,14,14,True,0.241243977884221,507.058137304562,True,21,False,ok,9.71911567259464e-11,1.72297096557169,1.34100774707139,3.45498239858433,36.5768767902787,2.17982651600248,1
nominal,4,0.5,22270823,21,14,14,True,0.147313984470839,793.709401418235,True,16,False,ok,1.27500742402254e-11,2.13028207239511,1.73529000471958,3.95598648556401,49.2895437607913,2.46243216075443,2
nominal,4,0.5,22270824,24,14,14,True,0.26172499738045,487.729320266627,True,15,False,ok,7.08322240739397e-11,1.53445886907337,1.23976788636559,2.96242642113995,28.1038806382306,1.44783914736898,3
nominal,4,0.5,22270825,22,14,14,True,0.254259053057121,501.132644141079,False,30,True,max_iterations_reached,9.57708537338452e-08,,,,,,4
nominal,4,0.5,22270826,17,14,13,False,1.29948393032892e-16,inf,False,0,True,rank_deficient_design,,,,,,,5
nominal,4,0.5,22270827,23,14,14,True,0.24074719632286,527.450080454893,True,19,False,ok,6.18480659994344e-11,1.88441049762093,1.39795759628557,4.1071374761791,38.1579484419322,2.97252271759853,6
nominal,4,0.5,22270828,23,14,14,True,0.259936541534622,491.221701552401,True,8,False,ok,8.48034154015722e-11,1.7134190675034,1.37590779567806,3.41125279545409,36.5391765855871,2.67524844017355,7
nominal,4,0.5,22270829,21,14,14,True,0.188017241081468,677.783793112118,False,30,True,max_iterations_reached,9.98151035549127e-08,,,,,,8
nominal,4,0.5,22270830,23,14,14,True,0.264271107186118,482.0600391967,False,30,True,max_iterations_reached,1.42299871486864e-07,,,,,,9
nominal,4,0.5,22270831,21,14,14,True,0.206514526717385,615.717081818396,True,27,False,ok,1.6563459085517e-11,2.10071602225809,1.6587954242581,4.2034076343676,37.606793385998,3.39779610061577,10
nominal,4,0.5,22270832,23,14,14,True,0.260967702233287,486.378811441928,False,30,True,max_iterations_reached,1.05847044376111e-09,,,,,,11
nominal,4,0.5,22270833,21,14,14,True,0.218074691607655,582.447250267157,True,28,False,ok,8.49788146373623e-11,2.00762675032488,1.60997581808027,3.93214055284504,47.5740815490593,3.30267071439331,12
nominal,4,0.5,22270834,22,14,14,True,0.253142877928729,502.464570524949,False,30,True,max_iterations_reached,3.7910280479001e-08,,,,,,13
nominal,4,0.5,22270835,17,14,13,False,4.3728863808353e-17,inf,False,0,True,rank_deficient_design,,,,,,,14
nominal,4,0.5,22270836,22,14,14,True,0.258904617491137,492.732373123921,False,30,True,max_iterations_reached,3.22560842936913e-07,,,,,,15
nominal,4,0.5,22270837,21,14,14,True,0.24900008400898,512.030298725718,True,18,False,ok,9.49788431479782e-11,1.79452371865492,1.39108164782604,3.68524831552657,41.9991409774542,2.71691322207392,16
nominal,4,0.5,22270838,24,14,14,True,0.2618449197555,489.337566242998,True,14,False,ok,7.69125501477295e-11,1.29196070164952,1.03000132732285,2.55326208511297,21.5882156693865,1.69790935015691,17
nominal,4,0.5,22270839,21,14,14,True,0.235823924163475,538.458653151255,True,20,False,ok,9.99446777540279e-11,2.10188466159308,1.73475888660313,3.87636573496213,51.1044778250934,3.42605362697322,18
nominal,4,0.5,22270840,22,14,14,True,0.249405072187269,511.980516851068,False,30,True,max_iterations_reached,2.69929172324503e-08,,,,,,19
nominal,4,0.5,22270841,20,14,13,False,2.9522642519344e-16,inf,False,0,True,rank_deficient_design,,,,,,,20
nominal,4,0.5,22270842,22,14,14,True,0.246972325938809,515.485887078576,True,22,False,ok,8.57212812946347e-11,1.37053189583116,1.09529314307675,2.66873563127419,18.8757045647483,1.26795643636106,21
nominal,4,0.5,22270843,22,14,14,True,0.248302741209354,513.324951346182,False,30,True,max_iterations_reached,1.59860503186214e-07,,,,,,22
nominal,4,0.5,22270844,24,14,14,True,0.264295442813104,480.673615238467,True,29,False,ok,7.48538520711429e-11,1.6313811379427,1.29021465401013,3.23568184054963,36.4383142286832,2.38249619185419,23
nominal,4,0.5,22270845,22,14,14,True,0.261367015556877,487.841808219091,False,30,True,max_iterations_reached,7.46832234515072e-09,,,,,,24
nominal,4,0.5,22270846,23,14,14,True,0.246194827546669,520.276034734263,False,30,True,max_iterations_reached,2.48851236681354e-09,,,,,,25
nominal,4,0.5,22270847,22,14,14,True,0.255356685545195,499.780065486781,True,20,False,ok,9.8691034592693e-11,1.49365179852819,1.20896673648088,2.8100236285276,17.7641017512955,0.61626701959708,26
nominal,4,0.5,22270848,22,14,14,True,0.258669038403962,492.923094063403,True,1,False,ok,0,1.75458354833424,1.41298716677375,3.40249936374299,32.116978614616,2.3442443610388,27
nominal,4,0.5,22270849,20,14,14,True,0.177617680183161,715.730434275166,False,30,True,max_iterations_reached,4.02146728454461e-09,,,,,,28
nominal,4,0.5,22270850,21,14,14,True,0.240491569842897,510.296187070807,True,25,False,ok,8.29615564240051e-11,1.46305769491662,1.18939934153887,2.72721849743007,21.8118011633927,1.27484879481351,29
nominal,4,0.5,22270851,22,14,14,True,0.260270070397046,490.768621180227,False,30,True,max_iterations_reached,1.08582395527305e-07,,,,,,30
nominal,4,0.5,22270852,20,14,14,True,0.212214638545276,597.094030708058,True,28,False,ok,8.70173103630201e-11,2.11961440810526,1.63014089279281,4.35017635246524,53.3048085259149,3.03133169594492,31
nominal,4,0.5,22270853,24,14,14,True,0.261536276912379,490.444770671496,True,15,False,ok,5.11500669867127e-11,1.51441862951119,1.21020902139127,2.97675439495184,24.8855857552678,1.36085036926303,32
nominal,4,0.5,22270854,23,14,14,True,0.260737128290087,486.793045807641,True,26,False,ok,9.06498698245433e-11,1.79239369321465,1.37064304880122,3.72566347081786,42.2579707416517,2.82709488340676,33
nominal,4,0.5,22270855,22,14,14,True,0.257813836122314,493.503400092981,False,30,True,max_iterations_reached,1.91213757304962e-10,,,,,,34
nominal,4,0.5,22270856,22,14,14,True,0.239410340555568,533.099771743577,False,30,True,max_iterations_reached,1.08435451348618e-07,,,,,,35
nominal,4,0.5,22270857,19,14,14,True,0.144941811787673,877.806017893678,False,30,True,max_iterations_reached,3.19800777053644e-08,,,,,,36
nominal,4,0.5,22270858,23,14,14,True,0.251493883212352,506.229350608352,True,21,False,ok,6.80562045619018e-11,1.2486970976071,0.968520288526167,2.49410473034972,15.7235082381612,1.2971312254861,37
nominal,4,0.5,22270859,21,14,14,True,0.257487726050681,493.778871144275,False,30,True,max_iterations_reached,5.5078034034632e-08,,,,,,38
nominal,4,0.5,22270860,21,14,14,True,0.185186810576451,661.547330754369,True,26,False,ok,7.43676709531181e-11,1.94833436030565,1.53196678273007,3.86371058301726,43.5736958489653,3.12362091227373,39
nominal,4,0.5,22270861,24,14,14,True,0.259073520544352,489.45433424896,True,24,False,ok,9.84262724705132e-11,1.79467215114331,1.41037392656199,3.72667987006876,39.1862522138752,2.38252816641567,40
nominal,4,0.5,22270862,21,14,14,True,0.190446929011696,668.767037565131,False,30,True,max_iterations_reached,1.98337445782037e-08,,,,,,41
nominal,4,0.5,22270863,22,14,14,True,0.261641014551417,487.479094641426,False,30,True,max_iterations_reached,1.09225277735877e-10,,,,,,42
nominal,4,0.5,22270864,21,14,14,True,0.233943495583789,544.189973941066,True,27,False,ok,5.44256948527043e-11,1.86398447466313,1.47583206178031,3.6518669264435,43.7253201103248,2.76737504610463,43
nominal,4,0.5,22270865,21,14,14,True,0.253844222496231,504.425540472465,True,13,False,ok,5.6188395228437e-11,2.22904191498893,1.74151144098723,4.60823582560579,53.5735941483008,2.91735283698918,44
nominal,4,0.5,22270866,23,14,14,True,0.238828817450665,486.221268475198,True,25,False,ok,9.46538982635543e-11,2.76178251031345,2.22267823363232,5.40711048443967,66.335594075224,4.71778229212801,45
nominal,4,0.5,22270867,21,14,14,True,0.245480217126924,517.544660281277,True,12,False,ok,5.50047519752576e-11,1.82338703812107,1.43859574386505,3.69135004027825,31.3122205897576,1.32300890905249,46
nominal,4,0.5,22270868,22,14,14,True,0.259445050135024,489.263856538522,False,30,True,max_iterations_reached,3.95203697426661e-08,,,,,,47
nominal,4,0.5,22270869,21,14,14,True,0.246900243472613,517.616116654301,False,30,True,max_iterations_reached,1.07232237132555e-07,,,,,,48
nominal,4,0.5,22270870,22,14,14,True,0.258659544326741,494.082865813322,True,19,False,ok,7.47761087255513e-11,1.98762384839371,1.63140755312979,3.73321417517953,50.0081558101524,2.91471076868476,49
nominal,4,1,22270821,21,14,14,True,0.412481953916527,355.609994916069,False,30,True,max_iterations_reached,3.18431826271505e-10,,,,,,0
nominal,4,1,22270822,21,14,14,True,0.386773132715716,373.224091747853,True,21,False,ok,6.86828178778836e-11,1.32923759592142,1.05865743580589,2.63233416507074,18.2894999251572,1.15608915968212,1
nominal,4,1,22270823,21,14,14,True,0.147315394069953,958.904497727195,True,16,False,ok,8.51337319576626e-12,1.49839513463683,1.1981431219167,2.95513114826562,24.6447582922794,1.04590324890139,2
nominal,4,1,22270824,24,14,14,True,0.430246211919285,342.181445670568,True,14,False,ok,9.69298826818744e-11,1.27351107492874,1.02127202832425,2.4252351941044,13.9150209038215,0.685122573775095,3
nominal,4,1,22270825,22,14,14,True,0.428040975463019,343.667149491435,False,30,True,max_iterations_reached,2.41147769778982e-08,,,,,,4
nominal,4,1,22270826,17,14,13,False,1.47506358548486e-16,inf,False,0,True,rank_deficient_design,,,,,,,5
nominal,4,1,22270827,23,14,14,True,0.390711285476156,375.350207808592,True,18,False,ok,7.88952983281406e-11,1.48357722231264,1.1505409074277,3.06556159351992,18.918028050946,1.84463111385106,6
nominal,4,1,22270828,23,14,14,True,0.4301657865585,342.564276499628,True,8,False,ok,5.45820760950779e-11,1.31465325165864,1.05158101081791,2.59929703272925,18.2791334522712,1.59119616138768,7
nominal,4,1,22270829,21,14,14,True,0.343518922706041,428.706225826555,False,30,True,max_iterations_reached,2.36635801926165e-08,,,,,,8
nominal,4,1,22270830,23,14,14,True,0.432167800654508,340.39402130353,False,30,True,max_iterations_reached,1.46061164749131e-07,,,,,,9
nominal,4,1,22270831,21,14,14,True,0.303193400885533,484.489950561826,True,27,False,ok,1.34731562448985e-11,1.76084760581897,1.4123332058043,3.46784321665434,18.7990487199444,2.29872911121206,10
nominal,4,1,22270832,23,14,14,True,0.431743934634294,339.766114014512,False,30,True,max_iterations_reached,2.20408640830381e-08,,,,,,11
nominal,4,1,22270833,21,14,14,True,0.359180637168438,408.617028451942,True,20,False,ok,4.78717600733665e-11,1.40035566914643,1.11956206315708,2.76571159566981,23.8125330148973,1.89959905396803,12
nominal,4,1,22270834,22,14,14,True,0.343367044964398,428.016463242067,True,29,False,ok,1.53354973704013e-11,1.42677566918418,1.14714357607029,2.77960586383994,18.4025067817161,1.66576529543366,13
nominal,4,1,22270835,17,14,13,False,6.81489515140114e-17,inf,False,0,True,rank_deficient_design,,,,,,,14
nominal,4,1,22270836,22,14,14,True,0.428383060977405,343.667534399595,False,30,True,max_iterations_reached,7.49371199805954e-08,,,,,,15
nominal,4,1,22270837,21,14,14,True,0.409892824227439,359.381774793694,True,11,False,ok,2.87075612934206e-11,1.30252815362663,1.0415538481433,2.52470635305126,21.0163431304391,1.48451415095357,16
nominal,4,1,22270838,24,14,14,True,0.428718649281654,344.576180298835,True,13,False,ok,8.76657322822662e-11,1.11943114656589,0.894368553139926,2.17277379432694,10.7608896665965,1.06225079244424,17
nominal,4,1,22270839,21,14,14,True,0.378369975613191,387.758289351134,True,22,False,ok,9.11408786807706e-11,1.45893459940443,1.18004952869043,2.78552026944041,25.4781833645297,1.9164740666053,18
nominal,4,1,22270840,22,14,14,True,0.425355396940894,345.834227712608,False,30,True,max_iterations_reached,5.30394533959954e-09,,,,,,19
nominal,4,1,22270841,20,14,13,False,1.59319374894583e-16,inf,False,0,True,rank_deficient_design,,,,,,,20
nominal,4,1,22270842,22,14,14,True,0.40943898480931,358.762216762076,True,21,False,ok,8.72718391370488e-11,1.24875690116952,0.990968322045418,2.44726230075574,9.30939784559551,0.825290928834019,21
nominal,4,1,22270843,22,14,14,True,0.410964348621489,357.861156367514,False,30,True,max_iterations_reached,8.36019891290054e-08,,,,,,22
nominal,4,1,22270844,24,14,14,True,0.431843609970976,339.947197002036,True,24,False,ok,9.98773917263621e-11,1.2248135524386,0.980322257986008,2.39562347961382,18.2999220230991,1.31671824268051,23
nominal,4,1,22270845,22,14,14,True,0.426865615607861,344.807728047253,False,30,True,max_iterations_reached,7.03831974086093e-09,,,,,,24
nominal,4,1,22270846,23,14,14,True,0.409178626329318,360.549086970452,False,30,True,max_iterations_reached,1.75793530665336e-09,,,,,,25
nominal,4,1,22270847,22,14,14,True,0.424723024623105,346.532693231643,True,20,False,ok,8.21270594773588e-11,1.39582111761855,1.12474430573559,2.67679687218205,8.79469477945305,0.56275835371972,26
nominal,4,1,22270848,22,14,14,True,0.429445237381678,342.551955617278,True,1,False,ok,0,1.48414374070129,1.20012416652586,2.89550873242739,16.05588158024,1.49410481695457,27
nominal,4,1,22270849,20,14,14,True,0.34258317050532,428.52670340908,False,30,True,max_iterations_reached,1.55956704815222e-09,,,,,,28
nominal,4,1,22270850,21,14,14,True,0.393838916317006,371.449943347795,True,25,False,ok,7.63325392387211e-11,1.3071992924441,1.06582893486296,2.48550069965567,10.881154409148,0.838722765762871,29
nominal,4,1,22270851,22,14,14,True,0.430224158701852,342.638147593926,False,30,True,max_iterations_reached,2.35612433442586e-08,,,,,,30
nominal,4,1,22270852,20,14,14,True,0.388489122754276,376.815655294759,True,21,False,ok,8.47497700331223e-11,1.39593538749243,1.09886278233493,2.7218989936415,26.5287581763861,1.42771582289647,31
nominal,4,1,22270853,24,14,14,True,0.42555636102014,347.457810148438,True,17,False,ok,5.20819137862175e-11,1.32187514445831,1.0547357410986,2.58925179717924,12.4759602400947,0.780850635266037,32
nominal,4,1,22270854,23,14,14,True,0.426979214740457,343.353304399481,True,20,False,ok,7.327256209142e-11,1.29880198576673,1.02260078574668,2.55771306532395,20.9175374865068,1.58849979667544,33
nominal,4,1,22270855,22,14,14,True,0.424602535791661,345.336265590444,True,26,False,ok,5.99918439269848e-11,1.46441466063702,1.20001991039612,2.76961976457102,17.1479309606686,1.56472280837676,34
nominal,4,1,22270856,22,14,14,True,0.428200450261754,344.004845831041,False,30,True,max_iterations_reached,2.52696249780472e-08,,,,,,35
nominal,4,1,22270857,19,14,14,True,0.230650955575483,636.956270367724,False,30,True,max_iterations_reached,2.80063606497387e-08,,,,,,36
nominal,4,1,22270858,23,14,14,True,0.399133822213483,368.415103470604,True,20,False,ok,9.72012545683799e-11,1.14831547913036,0.907159277662975,2.25803400546072,7.87518525535749,0.853071551565111,37
nominal,4,1,22270859,21,14,14,True,0.427383269710638,343.495122762113,False,30,True,max_iterations_reached,1.19019111947342e-08,,,,,,38
nominal,4,1,22270860,21,14,14,True,0.330821104300068,436.147881357036,True,28,False,ok,8.41012226745762e-11,1.44183923197172,1.13911899064032,2.8736720744742,22.0398982159468,1.85973833254,39
nominal,4,1,22270861,24,14,14,True,0.419409519138403,349.359243665572,True,24,False,ok,6.69323652890396e-11,1.34179768764205,1.06853176609854,2.67645922711068,19.6070304143088,1.26495663535838,40
nominal,4,1,22270862,21,14,14,True,0.35120700159587,418.494790178598,False,30,True,max_iterations_reached,5.590505800864e-10,,,,,,41
nominal,4,1,22270863,22,14,14,True,0.427175306379709,334.709532108376,True,30,False,ok,7.88865744738599e-11,1.20288573856525,0.959625609490383,2.37021499696866,10.1898131477157,0.887318225361281,42
nominal,4,1,22270864,21,14,14,True,0.422393991626812,348.157312847515,True,26,False,ok,7.26236914550666e-11,1.38053820127494,1.11091982987628,2.6554768653263,21.834248987732,1.52332716307972,43
nominal,4,1,22270865,21,14,14,True,0.425858648065817,346.742131413738,True,11,False,ok,8.65542113632009e-11,1.52711173571323,1.2058898632941,3.06609199650083,26.791002444043,1.38215464766151,44
nominal,4,1,22270866,23,14,14,True,0.368304834936361,381.273699692905,True,24,False,ok,9.87948951462959e-11,1.90338535791864,1.55258845908834,3.7078852461129,32.9706021738297,2.78587038861908,45
nominal,4,1,22270867,21,14,14,True,0.388195754694697,377.871136436539,True,11,False,ok,9.35396289723301e-11,1.59331178442151,1.27603565492176,3.19512230344863,15.5774236784559,0.755523765804074,46
nominal,4,1,22270868,22,14,14,True,0.429333549239607,341.588055042548,False,30,True,max_iterations_reached,1.8091593956779e-08,,,,,,47
nominal,4,1,22270869,21,14,14,True,0.409487397116704,360.324403053112,False,30,True,max_iterations_reached,2.66769936969361e-08,,,,,,48
nominal,4,1,22270870,22,14,14,True,0.426365649345757,345.932874109945,True,23,False,ok,6.60399091123214e-11,1.32530381171827,1.07165917084858,2.53759541963579,25.0942365603321,1.42379717748004,49
nominal,6,0.25,22270821,32,16,16,True,0.151193733432052,987.531177682699,False,30,True,max_iterations_reached,3.0012282235293e-08,,,,,,0
nominal,6,0.25,22270822,35,16,16,True,0.157332734265054,950.113809732733,False,30,True,max_iterations_reached,1.38186446293841e-08,,,,,,1
nominal,6,0.25,22270823,33,16,16,True,0.150067563795268,994.487215921034,True,27,False,ok,7.46040805379565e-11,1.99311131964636,1.52667503193168,4.09072531305581,46.4667032441946,2.33177667252022,2
nominal,6,0.25,22270824,34,16,16,True,0.155720749240522,957.949963168497,True,9,False,ok,8.41717743253814e-11,1.65152293888353,1.28386879830498,3.37243488006331,34.8598079297285,2.07622922434168,3
nominal,6,0.25,22270825,31,16,16,True,0.155457259485397,957.097742318805,True,18,False,ok,9.90911193749016e-11,1.90017652368053,1.53681559428749,3.63894029407916,46.1570704159561,2.79713622327911,4
nominal,6,0.25,22270826,30,16,16,True,0.128723807004292,1089.77079000807,True,22,False,ok,8.47669466120626e-11,3.64471572273037,2.99085916581541,6.90986365121873,96.6814384086972,6.61740791081314,5
nominal,6,0.25,22270827,34,16,16,True,0.153737298556487,930.035709613222,True,16,False,ok,5.77382881599151e-11,3.43449575935767,2.25938113057349,8.56358423240255,92.4011966794673,5.85877246177837,6
nominal,6,0.25,22270828,36,16,16,True,0.154129824069331,963.58334431378,True,13,False,ok,6.33226069493976e-11,1.59530959212677,1.28157577515165,3.0929698885908,32.912065743694,1.99702892641121,7
nominal,6,0.25,22270829,35,16,16,True,0.152057320912501,981.024552963549,False,30,True,max_iterations_reached,1.81767492049991e-10,,,,,,8
nominal,6,0.25,22270830,32,16,16,True,0.152208329500444,980.984600897315,False,30,True,max_iterations_reached,7.48893355833068e-08,,,,,,9
nominal,6,0.25,22270831,32,16,16,True,0.149144228909893,981.291918667751,True,25,False,ok,9.4152305653651e-11,4.25175806316964,2.74412751694615,10.9359061631586,112.71061633579,6.22703480279409,10
nominal,6,0.25,22270832,34,16,16,True,0.152597507702972,972.042101692788,True,19,False,ok,6.88727743176859e-11,3.89465931582352,3.08259523772737,7.80408128731533,104.134740364945,6.75975907641152,11
nominal,6,0.25,22270833,31,16,16,True,0.15202595779192,944.964723782037,True,26,False,ok,6.6030210340244e-11,2.2879859337597,1.7877470253246,4.62895789142905,59.4150577863337,3.41412857919789,12
nominal,6,0.25,22270834,34,16,16,True,0.14986088462561,988.476532658637,True,26,False,ok,7.93215774151675e-11,4.45216268035759,3.59201936952967,8.71900907313421,125.434910261687,7.84099543266916,13
nominal,6,0.25,22270835,29,16,16,True,0.143797255110178,1040.09112139663,False,30,True,max_iterations_reached,5.62177344727938e-10,,,,,,14
nominal,6,0.25,22270836,34,16,16,True,0.157436422802996,949.439521822109,False,30,True,max_iterations_reached,1.03827904647781e-09,,,,,,15
nominal,6,0.25,22270837,33,16,16,True,0.150846447707994,953.659064693889,True,26,False,ok,5.52099631232353e-11,2.18549317111888,1.81862357023955,4.00680150309682,56.9096128519785,3.30475497822452,16
nominal,6,0.25,22270838,33,16,16,True,0.152049313338755,986.37161135005,True,11,False,ok,9.69514901689226e-11,2.2489598185008,1.61637785554264,5.03777209806842,58.7928771917989,3.97179293674743,17
nominal,6,0.25,22270839,31,16,16,True,0.141843927022892,1045.86795321556,False,30,True,max_iterations_reached,3.00758801867243e-10,,,,,,18
nominal,6,0.25,22270840,34,16,16,True,0.150800179774447,986.278829983014,True,7,False,ok,2.40954165782918e-11,1.85128441791829,1.49019201788281,3.59364004047649,43.346834951881,2.38739428139128,19
nominal,6,0.25,22270841,30,16,16,True,0.0451004917237029,3201.74829446742,True,26,False,ok,9.04826573914492e-11,19.8624764627448,9.99581580599198,55.8231374132651,560.452424019407,36.4010063170527,20
nominal,6,0.25,22270842,35,16,16,True,0.15234008210367,937.644362739348,True,23,False,ok,8.63895132635849e-11,2.56926516500872,2.04815235698309,5.09666358073016,68.282565179332,4.20178116909428,21
nominal,6,0.25,22270843,34,16,16,True,0.155313663242823,960.01009072325,False,30,True,max_iterations_reached,1.0539344313187e-09,,,,,,22
nominal,6,0.25,22270844,35,16,16,True,0.162617275351181,915.754759647276,True,18,False,ok,6.56120685815105e-11,2.26683314495667,1.72857745080281,4.60037759150111,57.787574201566,3.79672613494192,23
nominal,6,0.25,22270845,33,16,16,True,0.150353701114307,990.309717651676,False,30,True,max_iterations_reached,7.4941753964746e-09,,,,,,24
nominal,6,0.25,22270846,34,16,16,True,0.150784887813891,960.306472263739,True,26,False,ok,9.01244928472802e-11,2.36547228209013,1.81391019646344,4.98804731290932,60.6303434957744,3.77241964218226,25
nominal,6,0.25,22270847,35,16,16,True,0.150620667674998,989.625034711541,False,30,True,max_iterations_reached,1.61289284112195e-10,,,,,,26
nominal,6,0.25,22270848,35,16,16,True,0.156275063959057,956.080773114365,True,11,False,ok,3.72717160905717e-11,2.53572160607905,2.00680982608387,5.01769022318399,66.7968329428448,3.78002069868827,27
nominal,6,0.25,22270849,32,16,16,True,0.149390786560796,999.068737220491,False,30,True,max_iterations_reached,4.10806779557067e-07,,,,,,28
nominal,6,0.25,22270850,29,16,16,True,0.152818925400092,978.710114337299,False,30,True,max_iterations_reached,2.12017717376283e-10,,,,,,29
nominal,6,0.25,22270851,34,16,16,True,0.153569482667316,971.775553575505,True,24,False,ok,5.68737447541618e-11,3.11435799509986,2.38902750054933,6.51514225867946,80.9314370429243,5.0653520531252,30
nominal,6,0.25,22270852,31,16,16,True,0.146884980819725,985.458708055706,True,12,False,ok,5.24675318893048e-11,1.55672442167234,1.23028333886758,3.12873699657277,31.3454991948986,2.05440258822688,31
nominal,6,0.25,22270853,34,16,16,True,0.154355912269488,972.930541532392,True,10,False,ok,4.98417746454878e-11,1.47150992326369,1.16499145124155,2.92843344463796,29.3339764441219,1.81309549111316,32
nominal,6,0.25,22270854,31,16,16,True,0.147361570778597,1007.80596924366,False,30,True,max_iterations_reached,2.27728152340875e-10,,,,,,33
nominal,6,0.25,22270855,32,16,16,True,0.154369280426833,909.715823078926,True,26,False,ok,9.06804554203411e-11,2.21160692501206,1.5888900595599,5.11988318916421,55.7907193860973,3.43918313865745,34
nominal,6,0.25,22270856,34,16,16,True,0.151930564976593,981.354824338831,True,21,False,ok,7.21048851386743e-11,1.42528039756565,1.15169519834762,2.71997835020672,17.7603604186308,1.48865769055853,35
nominal,6,0.25,22270857,33,16,16,True,0.148202113287561,1003.22165889353,True,27,False,ok,9.71884512553103e-11,2.72277537413117,2.07059268734521,5.76764177143545,68.2498439294911,3.41868802166568,36
nominal,6,0.25,22270858,31,16,16,True,0.150311163653575,990.594237527725,True,22,False,ok,7.73851728836319e-11,1.88801600944746,1.51487254738216,3.71788497394461,42.8945965534044,2.91731043863581,37
nominal,6,0.25,22270859,32,16,16,True,0.153844304744178,971.427684248367,False,30,True,max_iterations_reached,5.83508464430784e-09,,,,,,38
nominal,6,0.25,22270860,30,16,16,True,0.120743309793649,1235.74227742216,True,11,False,ok,3.56982961863756e-11,3.03303793100776,2.19742693831606,7.17526500112483,81.5833620949015,5.06287975334361,39
nominal,6,0.25,22270861,33,16,16,True,0.158072474407681,910.96350892089,True,30,False,ok,8.36391099279706e-11,2.10285384955617,1.64080938331715,4.30554325991963,51.6253670595354,2.70556241703709,40
nominal,6,0.25,22270862,32,16,16,True,0.155912123463942,953.347349072977,True,22,False,ok,7.4983403598817e-11,2.140893651357,1.62321474061497,4.65502248598336,54.3815511330871,3.4430498506105,41
nominal,6,0.25,22270863,32,16,16,True,0.154455972151208,970.117384516607,False,30,True,max_iterations_reached,2.61573416805412e-09,,,,,,42
nominal,6,0.25,22270864,30,16,16,True,0.152864558055242,974.517957954717,False,30,True,max_iterations_reached,1.57382804107807e-10,,,,,,43
nominal,6,0.25,22270865,33,16,16,True,0.152813553025249,965.368889758728,True,14,False,ok,7.3222927260471e-11,2.07380626008364,1.63112800060387,4.20041789929897,48.1060091171035,3.45444140195933,44
nominal,6,0.25,22270866,34,16,16,True,0.156226978187775,940.198573822968,True,23,False,ok,6.16734375699144e-11,1.71941319172499,1.36372631654611,3.50431568184995,34.9390390771445,2.19145571163635,45
nominal,6,0.25,22270867,33,16,16,True,0.153467944808966,967.899031079299,False,30,True,max_iterations_reached,4.03573899823609e-10,,,,,,46
nominal,6,0.25,22270868,28,16,16,True,0.139807192566692,1029.85445912723,True,24,False,ok,8.29863109092406e-11,2.85899071883593,2.2981191358522,5.65086722428039,75.5204618525334,4.58089049283165,47
nominal,6,0.25,22270869,32,16,16,True,0.145169273325727,1029.62748024411,False,30,True,max_iterations_reached,1.99438485439061e-08,,,,,,48
nominal,6,0.25,22270870,33,16,16,True,0.145112257549898,964.163613755292,True,30,False,ok,8.18666351616615e-11,2.23995061744322,1.71797589396773,4.45262826152053,57.5642095559449,3.23655564763444,49
nominal,6,0.5,22270821,32,16,16,True,0.282787243622223,547.746087462903,False,30,True,max_iterations_reached,3.84378030024299e-10,,,,,,0
nominal,6,0.5,22270822,35,16,16,True,0.295114964312166,525.575014971904,False,30,True,max_iterations_reached,2.43044816111944e-10,,,,,,1
nominal,6,0.5,22270823,33,16,16,True,0.284403850145471,544.506397889885,True,13,False,ok,8.48637420799893e-11,1.39117835728543,1.08880123701015,2.81921105895946,23.2654383592475,0.94779615373493,2
nominal,6,0.5,22270824,34,16,16,True,0.294625754785517,525.144758494148,True,10,False,ok,8.04379898711289e-11,1.30497295201452,1.04076024990899,2.61923013439933,17.5562040118028,1.12677602612829,3
nominal,6,0.5,22270825,31,16,16,True,0.289732811764147,533.761881150048,True,18,False,ok,7.09082755911459e-11,1.3033383427847,1.05234577880791,2.47205136560211,23.1651009082507,1.41546734362993,4
nominal,6,0.5,22270826,30,16,16,True,0.251425906558267,615.32441969219,False,30,True,max_iterations_reached,2.00164038687245e-09,,,,,,5
nominal,6,0.5,22270827,34,16,16,True,0.289026684715969,523.216894908686,True,16,False,ok,7.0555504890546e-11,2.00832661056472,1.47065160586151,4.48873146383519,46.1633270332973,3.12355987264639,6
nominal,6,0.5,22270828,36,16,16,True,0.292870304303377,526.006059519224,True,12,False,ok,6.38365362187218e-11,1.24200722390406,1.00481737862527,2.38721134988538,16.1806677112547,1.05258431655796,7
nominal,6,0.5,22270829,35,16,16,True,0.263558880104612,572.281648944226,True,28,False,ok,7.46290141175771e-11,1.48500314113506,1.18354199097663,2.89406051379899,25.7348057184949,1.6656067276924,8
nominal,6,0.5,22270830,32,16,16,True,0.287796685190999,538.157921031966,False,30,True,max_iterations_reached,4.75399719532173e-09,,,,,,9
nominal,6,0.5,22270831,32,16,16,True,0.284935616327772,536.557682477839,True,26,False,ok,7.5725402664433e-11,2.43921061949768,1.67682221617684,5.7331919460827,57.2766322642828,2.91050465825223,10
nominal,6,0.5,22270832,34,16,16,True,0.288226402990839,534.074088892502,True,18,False,ok,8.89635195226881e-11,2.17466339308364,1.71501592472545,4.36105393454387,51.4157051351952,3.63777275640664,11
nominal,6,0.5,22270833,31,16,16,True,0.287347337626267,526.222045532765,True,17,False,ok,4.91847791348224e-11,1.46472132533886,1.1573195946728,2.90507672468827,29.523053466321,1.64600740641868,12
nominal,6,0.5,22270834,34,16,16,True,0.279399075955161,550.556997230865,True,24,False,ok,7.68880632995691e-11,2.47317890011708,1.98066479200711,4.85456071599319,63.5803947908596,4.14741206219052,13
nominal,6,0.5,22270835,29,16,16,True,0.269008166832758,539.097836393863,True,26,False,ok,9.27232024783267e-11,1.80177891333683,1.41449641748548,3.69980526145497,36.1835160296787,1.8576761508117,14
nominal,6,0.5,22270836,34,16,16,True,0.294815507278088,526.01287970165,False,30,True,max_iterations_reached,1.72721563323574e-10,,,,,,15
nominal,6,0.5,22270837,33,16,16,True,0.284979609228444,529.882526029869,True,28,False,ok,9.75862131705363e-11,1.38757525312932,1.11366976242848,2.68470496162365,28.1319488471084,1.5938288884791,16
nominal,6,0.5,22270838,33,16,16,True,0.28698355514038,541.981279620097,True,10,False,ok,8.39854901503114e-11,1.44624351365118,1.08706102716874,2.92534871719425,29.2333134894298,2.20017960613564,17
nominal,6,0.5,22270839,31,16,16,True,0.263187888170257,585.074583476376,True,25,False,ok,7.95401359234442e-11,1.4408520103977,1.14792180845784,2.84211728892148,25.7225457594476,1.60184316560035,18
nominal,6,0.5,22270840,34,16,16,True,0.286104337351591,539.188884452591,True,7,False,ok,1.57044257287525e-11,1.35658618464256,1.08396025299322,2.61510454847773,21.7588783142505,1.1547327287651,19
nominal,6,0.5,22270841,30,16,16,True,0.092309047822312,1609.85223520601,True,17,False,ok,9.34454143733851e-11,9.30955793203443,4.84585301118227,25.3987027778045,254.038785669373,17.8480571711764,20
nominal,6,0.5,22270842,35,16,16,True,0.288920248552932,516.71348427842,True,27,False,ok,7.14269748771056e-11,1.57593668451128,1.26306495823139,3.13821086397397,33.8173506653819,2.14522940409766,21
nominal,6,0.5,22270843,34,16,16,True,0.290235381640811,518.404925242826,True,23,False,ok,9.3456968917331e-11,1.76536773175467,1.43520407730124,3.38786925929622,39.3022916475625,2.58860464035556,22
nominal,6,0.5,22270844,35,16,16,True,0.300172466170489,515.166613126709,True,17,False,ok,6.08042979903357e-11,1.48710734189494,1.16585410007057,2.90998185837248,29.6737661084846,2.12217457944345,23
nominal,6,0.5,22270845,33,16,16,True,0.28620985796977,539.689579342071,False,30,True,max_iterations_reached,6.34207388857364e-09,,,,,,24
nominal,6,0.5,22270846,34,16,16,True,0.287743857666463,530.569285828668,True,25,False,ok,6.90773407925854e-11,1.52094872393401,1.20335506510066,3.06136196720043,29.4130293106152,1.93085085470976,25
nominal,6,0.5,22270847,35,16,16,True,0.27259714968792,561.782304427158,True,24,False,ok,7.77619617619924e-11,1.49816020144374,1.15701901240205,3.11786947715209,28.90214160303,1.52570129442448,26
nominal,6,0.5,22270848,35,16,16,True,0.294545079837566,526.127126705804,True,13,False,ok,7.77551204531134e-11,1.55548658161194,1.24373382368926,2.99417525612533,33.5876623506943,1.80852166411075,27
nominal,6,0.5,22270849,32,16,16,True,0.28100053508144,551.020857662869,False,30,True,max_iterations_reached,1.6218890744166e-07,,,,,,28
nominal,6,0.5,22270850,29,16,16,True,0.282210255700624,509.376215925789,True,27,False,ok,5.85924884222961e-11,2.04942408396196,1.54633459137653,4.36443423286183,42.2607681796353,3.46568089803671,29
nominal,6,0.5,22270851,34,16,16,True,0.287375298504993,538.791509704403,True,22,False,ok,7.70289348159087e-11,1.90177340299183,1.5039290742917,3.81312326246741,40.8699620710312,2.70906176760102,30
nominal,6,0.5,22270852,31,16,16,True,0.27929315469218,541.27546540783,True,11,False,ok,7.39925975298121e-11,1.22156325996745,0.983523999837563,2.36236546477766,15.4354212257115,1.14038444866032,31
nominal,6,0.5,22270853,34,16,16,True,0.290889033472489,535.403954255885,True,10,False,ok,4.3775882133671e-11,1.20601799410968,0.965881463345105,2.39781203077811,14.6751509967048,0.975883763675728,32
nominal,6,0.5,22270854,31,16,16,True,0.279248664619038,533.531606493445,True,30,False,ok,9.33050174223889e-11,1.82332666543179,1.27425913029373,4.27625196596395,40.6553151812077,1.99402377269413,33
nominal,6,0.5,22270855,32,16,16,True,0.289418131139395,517.887455974719,True,24,False,ok,8.59099672543393e-11,1.39230970052831,1.07331414023635,2.83447094058289,27.5131316160246,1.74331165309111,34
nominal,6,0.5,22270856,34,16,16,True,0.289579250933773,533.972908814857,True,19,False,ok,8.93061337072286e-11,1.32022700414421,1.06732105772234,2.56717308188392,9.24161192597159,1.08898534063091,35
nominal,6,0.5,22270857,33,16,16,True,0.284848565003252,541.525689163015,True,25,False,ok,9.36222747581517e-11,1.76461332159864,1.38819780466617,3.59815253576485,33.7673627839011,1.42747435557217,36
nominal,6,0.5,22270858,31,16,16,True,0.282233305061412,547.475027112979,True,19,False,ok,8.17955860722781e-11,1.36150526961475,1.08865164274366,2.65068235362413,21.5529790900729,1.66086540051816,37
nominal,6,0.5,22270859,32,16,16,True,0.289243743309565,535.958925854691,False,30,True,max_iterations_reached,1.13950908169782e-08,,,,,,38
nominal,6,0.5,22270860,30,16,16,True,0.23990153669777,645.167709519273,True,12,False,ok,8.56078053130298e-11,1.73958855564122,1.32978609434454,3.64885688066572,39.2715896046841,2.55128036669793,39
nominal,6,0.5,22270861,33,16,16,True,0.297084499450037,520.662536761594,False,30,True,max_iterations_reached,1.3800163138841e-10,,,,,,40
nominal,6,0.5,22270862,32,16,16,True,0.293243236484051,526.005410468102,True,20,False,ok,8.09065377593039e-11,1.43251128748887,1.12996266433034,2.92650513187436,27.0058386963052,1.82948097803228,41
nominal,6,0.5,22270863,32,16,16,True,0.291449461999144,533.228524285978,False,30,True,max_iterations_reached,8.24827386133517e-09,,,,,,42
nominal,6,0.5,22270864,30,16,16,True,0.275712042010941,560.430587698983,True,30,False,ok,9.28593332035918e-11,1.56405300445066,1.21978482739633,3.15060216955851,31.5577091832587,1.48629834860148,43
nominal,6,0.5,22270865,33,16,16,True,0.287412068094501,532.650583123572,True,14,False,ok,7.46158642250377e-11,1.44552729642464,1.14437772171204,2.9050499744089,23.5852655995264,1.99175819528605,44
nominal,6,0.5,22270866,34,16,16,True,0.291323015366795,524.691769028867,True,23,False,ok,6.33333695924455e-11,1.38496490387228,1.13064356867883,2.6018052825183,17.74122249151,1.26819823132746,45
nominal,6,0.5,22270867,33,16,16,True,0.289340710728081,532.674684275761,False,30,True,max_iterations_reached,7.18042632993164e-10,,,,,,46
nominal,6,0.5,22270868,28,16,16,True,0.257855793197682,585.677573294474,True,20,False,ok,7.70880661964525e-11,1.72047972997903,1.37753568840307,3.37388370661857,37.7246045958754,2.33312929859798,47
nominal,6,0.5,22270869,32,16,16,True,0.275549514497151,562.384149749203,False,30,True,max_iterations_reached,2.85053333328173e-08,,,,,,48
nominal,6,0.5,22270870,33,16,16,True,0.277721072381985,559.56996500979,False,30,True,max_iterations_reached,3.16070178988342e-10,,,,,,49
nominal,6,1,22270821,32,16,16,True,0.465994937574753,376.62758884667,False,30,True,max_iterations_reached,2.82295403341227e-10,,,,,,0
nominal,6,1,22270822,35,16,16,True,0.466106143043586,376.890225591569,True,22,False,ok,4.39690359761579e-11,1.44938293234233,1.15636614749452,2.81678053625649,27.0877177039609,1.12633228560412,1
nominal,6,1,22270823,33,16,16,True,0.475303687686092,369.295540622913,True,12,False,ok,8.07454022201727e-11,1.1891549108175,0.944242615019087,2.30455360703807,11.7416913583306,0.29893833195452,2
nominal,6,1,22270824,34,16,16,True,0.484385880910271,361.855915504317,True,8,False,ok,9.50512993497053e-11,1.20547664924328,0.961188679629351,2.46350821408754,8.83133121258298,0.727345765778024,3
nominal,6,1,22270825,31,16,16,True,0.467524271715355,375.402787438044,True,21,False,ok,8.59956543279701e-11,1.1020901934803,0.886115202843003,2.15185741463664,11.6140339192329,0.736476549570977,4
nominal,6,1,22270826,30,16,16,True,0.415881345086513,421.683294965853,False,30,True,max_iterations_reached,6.36638745332652e-10,,,,,,5
nominal,6,1,22270827,34,16,16,True,0.475611820849984,368.210192939172,True,15,False,ok,8.3920893225042e-11,1.45658467804935,1.13364569946397,2.83966355911787,23.0707850543133,1.79688804664186,6
nominal,6,1,22270828,36,16,16,True,0.482051514006766,362.243572054424,True,11,False,ok,8.47553727770618e-11,1.14122150050742,0.918066455345865,2.2159167461576,8.0228562301747,0.659721247428371,7
nominal,6,1,22270829,35,16,16,True,0.444099439736132,393.32139667653,True,29,False,ok,7.00543023709817e-11,1.26584444874791,1.01060349895616,2.45622329613049,12.7899735467628,1.00438462000211,8
nominal,6,1,22270830,32,16,16,True,0.475737749044284,368.813072136,False,30,True,max_iterations_reached,4.250233165456e-09,,,,,,9
nominal,6,1,22270831,32,16,16,True,0.473045664064217,369.3536265219,True,23,False,ok,9.47662902907913e-11,1.66229826423444,1.22344420687493,3.53318974302255,28.8154692950211,1.26332459130875,10
nominal,6,1,22270832,34,16,16,True,0.472863160531035,369.297422377055,True,18,False,ok,9.14394202541105e-11,1.49327818414962,1.18193959426079,3.01187511075707,25.5459431799068,2.11856786204871,11
nominal,6,1,22270833,31,16,16,True,0.473405185049965,369.882149973193,True,15,False,ok,5.03218737107362e-11,1.18131866746683,0.936861846773388,2.32078821871369,14.7114651459807,0.817496090932714,12
nominal,6,1,22270834,34,16,16,True,0.454809144196781,384.05564879873,True,25,False,ok,7.33783829042744e-11,1.59044723106961,1.26710834200961,3.13156791504809,31.9875580006334,2.27042792388661,13
nominal,6,1,22270835,29,16,16,True,0.445956896507762,364.671276563336,True,28,False,ok,7.91588589366057e-11,1.42842949473531,1.13917039555043,2.89418741378178,18.1166404471167,0.921085570435764,14
nominal,6,1,22270836,34,16,16,True,0.482447983483522,364.189561181794,False,30,True,max_iterations_reached,1.12296830213334e-10,,,,,,15
nominal,6,1,22270837,33,16,16,True,0.475353749650088,368.949930244292,False,30,True,max_iterations_reached,1.68096114434816e-09,,,,,,16
nominal,6,1,22270838,33,16,16,True,0.472786718534383,372.421689080969,True,10,False,ok,8.68239419050904e-11,1.17639425405783,0.913197612858631,2.30536426904866,14.5754431732208,1.33190546147437,17
nominal,6,1,22270839,31,16,16,True,0.435648021712634,401.073238182637,True,26,False,ok,8.66405891086175e-11,1.2072751142225,0.966607775161466,2.39251851548312,12.9250449536558,0.901307042379691,18
nominal,6,1,22270840,34,16,16,True,0.466916208690427,374.410471627511,True,7,False,ok,1.98985948555839e-11,1.20443867712353,0.963332322996472,2.34119355217359,10.8974555295596,0.648003126459213,19
nominal,6,1,22270841,30,16,16,True,0.166109099682123,1043.68215496301,True,15,False,ok,9.29188411939809e-11,5.03267396338718,2.69062615665263,13.4172853210856,121.307318544017,9.81962882606003,20
nominal,6,1,22270842,35,16,16,True,0.47661031786687,359.825094632324,True,27,False,ok,7.66531218566453e-11,1.21323932079898,0.970782364278318,2.39226005034541,16.8264369539272,1.15062049888886,21
nominal,6,1,22270843,34,16,16,True,0.47793736284265,362.78121728282,True,19,False,ok,8.46239066930836e-11,1.30398036593069,1.04838081543752,2.57386791890326,19.4498293043381,1.43676589695894,22
nominal,6,1,22270844,35,16,16,True,0.486974436300431,360.377724454248,True,16,False,ok,9.97246660669783e-11,1.1928789967467,0.954467691214766,2.23233384949362,15.0370240931156,1.25647994921449,23
nominal,6,1,22270845,33,16,16,True,0.475953064993241,367.826793504798,False,30,True,max_iterations_reached,5.43638347370372e-09,,,,,,24
nominal,6,1,22270846,34,16,16,True,0.476524441823021,367.530810450338,True,22,False,ok,7.61868973660969e-11,1.24462915333234,0.990868083052065,2.44371041869016,14.4905765322712,1.093817310865,25
nominal,6,1,22270847,35,16,16,True,0.449309158744346,386.558819886293,True,22,False,ok,6.82358904209804e-11,1.20921942680796,0.961260783471961,2.37498222844508,14.2498687413754,0.693656911448708,26
nominal,6,1,22270848,35,16,16,True,0.483362840317081,363.134929526867,True,11,False,ok,9.23444380051687e-11,1.19563148374427,0.957967398187519,2.28721475112952,16.8389566953958,0.847082078347721,27
nominal,6,1,22270849,32,16,16,True,0.465021806906985,377.31675239198,False,30,True,max_iterations_reached,4.28058149805444e-08,,,,,,28
nominal,6,1,22270850,29,16,16,True,0.469691695824407,354.937720703581,True,22,False,ok,8.02243537313404e-11,1.5850940139669,1.23662709692064,3.27614320960112,20.9862335656729,2.20136151914551,29
nominal,6,1,22270851,34,16,16,True,0.46469882210748,377.607120419819,True,25,False,ok,7.0683178579604e-11,1.4308076022122,1.13866164026296,2.85968265859466,20.5719159886772,1.56308830760357,30
nominal,6,1,22270852,31,16,16,True,0.46483830011736,376.549635380103,True,11,False,ok,6.00591311090809e-11,1.12380258054822,0.909207874314639,2.12403182634406,7.66318692252345,0.728679108405966,31
nominal,6,1,22270853,34,16,16,True,0.477863395907809,368.880801492178,True,9,False,ok,5.22206337631273e-11,1.13209901612767,0.905858034709461,2.24767111183617,7.34213053985649,0.603726821170935,32
nominal,6,1,22270854,31,16,16,True,0.462653875494576,375.2347749778,True,25,False,ok,6.95124881364512e-11,1.32478693670484,1.00400397755821,2.75164779077812,20.1838011972921,0.791822571673622,33
nominal,6,1,22270855,32,16,16,True,0.475359485603084,366.600177683802,True,22,False,ok,7.91780707053818e-11,1.11590697100398,0.883450253030914,2.17295367472334,13.6571626265896,0.918630388111965,34
nominal,6,1,22270856,34,16,16,True,0.480026025089722,364.891844133897,True,18,False,ok,7.50716594931868e-11,1.2885869371242,1.0400374931161,2.47683068095084,4.71150515596544,0.918517107294507,35
nominal,6,1,22270857,33,16,16,True,0.474296485397277,369.273339837548,True,25,False,ok,7.08156528328937e-11,1.43872621644055,1.14821594100224,2.8137918721626,16.7915308898167,0.665213644692275,36
nominal,6,1,22270858,31,16,16,True,0.466820894522647,375.305075815106,True,18,False,ok,9.60916521853035e-11,1.18887364124556,0.94786998789396,2.30084337823389,10.8016522105098,1.04403619823113,37
nominal,6,1,22270859,32,16,16,True,0.475921063649098,368.979858029855,False,30,True,max_iterations_reached,1.70937002055971e-08,,,,,,38
nominal,6,1,22270860,30,16,16,True,0.439171568806117,399.308801362481,True,13,False,ok,5.81837214447761e-11,1.2517431547663,0.989780059249531,2.48469259276405,19.217049895984,1.36954528288463,39
nominal,6,1,22270861,33,16,16,True,0.484153829702949,362.352560870068,False,30,True,max_iterations_reached,1.55388131121751e-09,,,,,,40
nominal,6,1,22270862,32,16,16,True,0.480804239957438,363.829556993809,True,19,False,ok,6.69955171695157e-11,1.19339742280532,0.956535957970734,2.34919833901355,13.455645724399,1.05798466335634,41
nominal,6,1,22270863,32,16,16,True,0.480502479890897,366.20622563301,False,30,True,max_iterations_reached,4.9894820947115e-09,,,,,,42
nominal,6,1,22270864,30,16,16,True,0.444844833658506,393.586371515796,True,29,False,ok,8.19385951132706e-11,1.23370923199758,0.971997352017244,2.40503006488737,15.6008869950469,0.553450774317522,43
nominal,6,1,22270865,33,16,16,True,0.472307830855016,371.286275442581,True,14,False,ok,6.83455134609109e-11,1.24451442120422,0.996062168384645,2.45735187210927,11.6769765907385,1.28900606946937,44
nominal,6,1,22270866,34,16,16,True,0.478013816358202,367.469119985939,False,30,True,max_iterations_reached,6.76386550640804e-10,,,,,,45
nominal,6,1,22270867,33,16,16,True,0.476525248511236,367.585227942943,False,30,True,max_iterations_reached,2.6740560625725e-10,,,,,,46
nominal,6,1,22270868,28,16,16,True,0.414044174922688,421.171161746038,True,19,False,ok,9.74104841856704e-11,1.28882755610504,1.02914123933024,2.50389957249624,18.8807273413784,1.24111097319281,47
nominal,6,1,22270869,32,16,16,True,0.458437386465769,382.63741799298,False,30,True,max_iterations_reached,2.42803183907647e-08,,,,,,48
nominal,6,1,22270870,33,16,16,True,0.467302757031151,370.99200631505,True,23,False,ok,8.70932532576421e-11,1.13982932599837,0.913088211946934,2.2801041410446,14.1047572593813,0.64254967679613,49
nominal,8,0.25,22270821,45,18,18,True,0.172331329950142,994.369868929044,False,30,True,max_iterations_reached,1.26912979530317e-09,,,,,,0
nominal,8,0.25,22270822,46,18,18,True,0.171980172202184,1004.3846115592,True,10,False,ok,9.47667368466425e-11,1.62780530479006,1.29406258863893,3.23925030677286,33.793088617977,2.29991798284444,1
nominal,8,0.25,22270823,44,18,18,True,0.147891203547986,1146.56241552606,True,26,False,ok,6.52251930167768e-11,2.14612210265133,1.71151645325206,4.27313048860682,50.9416029802326,2.95973112541851,2
nominal,8,0.25,22270824,43,18,18,True,0.158478572245296,1014.49204439415,True,30,False,ok,8.45184132938836e-11,3.03603501705661,2.45031804638717,5.86252524808017,83.000382910953,5.25754636441556,3
nominal,8,0.25,22270825,40,18,18,True,0.162252715391696,1060.33466004435,True,13,False,ok,7.39764011628164e-11,3.02995956874079,2.39656843748459,6.13145999969982,81.4469767923608,4.67027405012565,4
nominal,8,0.25,22270826,44,18,18,True,0.169269362651918,1017.20728868145,False,30,True,max_iterations_reached,2.84929487240408e-09,,,,,,5
nominal,8,0.25,22270827,46,18,18,True,0.1743101586806,987.530053409516,False,30,True,max_iterations_reached,8.89737933007339e-10,,,,,,6
nominal,8,0.25,22270828,44,18,18,True,0.169632586094957,1013.82968991476,False,30,True,max_iterations_reached,1.23155876236554e-08,,,,,,7
nominal,8,0.25,22270829,44,18,18,True,0.165448584315717,1040.24109328829,True,26,False,ok,8.14377798855209e-11,1.76974462487842,1.39616084612677,3.57229016438163,41.9374958483081,2.86421392451787,8
nominal,8,0.25,22270830,43,18,18,True,0.153126639641288,1125.33361301347,False,30,True,max_iterations_reached,1.27167616547885e-10,,,,,,9
nominal,8,0.25,22270831,37,18,18,True,0.166127974617946,989.232332398901,True,27,False,ok,5.98850972961743e-11,2.51825186404704,1.88754240246612,5.56495656091158,65.0950920176496,3.94538758179574,10
nominal,8,0.25,22270832,46,18,18,True,0.17439082830336,980.170390814975,False,30,True,max_iterations_reached,8.92357305311936e-09,,,,,,11
nominal,8,0.25,22270833,44,18,18,True,0.171271212553409,1004.12125577011,False,30,True,max_iterations_reached,1.40830989088415e-07,,,,,,12
nominal,8,0.25,22270834,42,18,18,True,0.16897848710788,988.684588666438,True,22,False,ok,5.22748725717225e-11,4.24159844875941,3.53161427993369,7.78915914213698,116.510197312654,6.15513241314299,13
nominal,8,0.25,22270835,42,18,18,True,0.161821558804092,1064.28268831597,False,30,True,max_iterations_reached,1.13544580746347e-10,,,,,,14
nominal,8,0.25,22270836,45,18,18,True,0.17332955597317,994.92227049751,True,19,False,ok,7.93780193725221e-11,1.97937985873331,1.56650822827326,3.95937035250356,49.9440837242128,2.92097817889094,15
nominal,8,0.25,22270837,42,18,18,True,0.167604593744224,1027.29640311728,True,18,False,ok,9.19507629171523e-11,1.95597700065222,1.48053404590769,4.16528813622676,48.1233050465152,2.98675721360223,16
nominal,8,0.25,22270838,43,18,18,True,0.169957598198515,1010.5546619023,False,30,True,max_iterations_reached,2.10144439945404e-10,,,,,,17
nominal,8,0.25,22270839,43,18,18,True,0.169533747635078,1013.93512811597,False,30,True,max_iterations_reached,1.63476798565439e-10,,,,,,18
nominal,8,0.25,22270840,41,18,18,True,0.170193754622468,1011.40547162786,False,30,True,max_iterations_reached,6.05626562929554e-09,,,,,,19
nominal,8,0.25,22270841,46,18,18,True,0.16591507785002,1024.2214391725,True,25,False,ok,9.30819320419392e-11,1.78778102206778,1.42648016381179,3.48896185836258,35.8069629144774,1.50478467914531,20
nominal,8,0.25,22270842,46,18,18,True,0.170887249751952,1009.71333050662,False,30,True,max_iterations_reached,2.56215760838866e-10,,,,,,21
nominal,8,0.25,22270843,45,18,18,True,0.170772722242971,976.752114591224,True,22,False,ok,8.23950466297538e-11,1.76691829426175,1.44011486605898,3.35150573999243,39.8793407705822,2.1996984774754,22
nominal,8,0.25,22270844,48,18,18,True,0.176775816023144,974.396540991756,False,30,True,max_iterations_reached,1.34604543958798e-10,,,,,,23
nominal,8,0.25,22270845,45,18,18,True,0.167629241355256,1026.58210245008,True,21,False,ok,9.02615473905448e-11,2.55346077803341,1.9029604145187,5.42176817205302,68.014921335611,3.89813432552363,24
nominal,8,0.25,22270846,41,18,18,True,0.165485579857898,1036.25733714146,False,30,True,max_iterations_reached,1.2200809906206e-09,,,,,,25
nominal,8,0.25,22270847,45,18,18,True,0.166498904956301,1026.03220310321,True,14,False,ok,7.61242052871084e-11,1.98127007479854,1.54372557449559,3.89979274829431,48.1926833592024,2.97041448242177,26
nominal,8,0.25,22270848,44,18,18,True,0.165661984071516,1029.77527547904,True,23,False,ok,9.96078993196338e-11,2.45700163196339,1.96860917419573,4.83450601966169,62.7594243000494,3.82673895223872,27
nominal,8,0.25,22270849,45,18,18,True,0.173489921097842,991.332886485978,True,16,False,ok,5.64982491961548e-11,2.44027591886675,2.00409145466002,4.49047739399235,63.1503329006925,3.85135206376215,28
nominal,8,0.25,22270850,43,18,18,True,0.17137661445534,989.171134144284,True,30,False,ok,8.65712261753228e-11,2.15105628564396,1.60118836522881,4.62259423544275,54.7452619296228,3.21870777580257,29
nominal,8,0.25,22270851,44,18,18,True,0.170591892277698,1010.64099450133,True,13,False,ok,6.10655949208219e-11,2.05035437400769,1.64477610972443,3.93115972648159,50.1635578259576,2.768255455905,30
nominal,8,0.25,22270852,44,18,18,True,0.171637821752069,1003.21305457557,False,30,True,max_iterations_reached,1.14346283006097e-09,,,,,,31
nominal,8,0.25,22270853,46,18,18,True,0.158450532765976,1086.28714389926,True,17,False,ok,9.88954697347855e-11,1.86759438285337,1.50261249334628,3.69276181544151,41.8234476769386,2.79288043339376,32
nominal,8,0.25,22270854,43,18,18,True,0.170701971070131,966.383965005604,True,10,False,ok,2.39517968150508e-11,2.54788868289483,1.9714780656571,5.27188580433044,67.8893200130896,4.08987238648992,33
nominal,8,0.25,22270855,45,18,18,True,0.171195678592546,1004.9540276983,True,23,False,ok,9.35062202046965e-11,1.93595027306393,1.45812903308218,4.18839562592446,43.7134876035629,2.51551347298541,34
nominal,8,0.25,22270856,41,18,18,True,0.171468714204188,998.276873915312,True,18,False,ok,8.97565642553144e-11,1.91280223520615,1.46084394050632,4.03655345795411,40.0226242057471,2.19778822593473,35
nominal,8,0.25,22270857,43,18,18,True,0.157758315628279,1085.5265244601,True,12,False,ok,2.83750443624332e-11,1.90922645748061,1.53897718746397,3.64413412211295,46.5091454606347,2.7388181910903,36
nominal,8,0.25,22270858,41,18,18,True,0.158936469455631,1080.1410456629,False,30,True,max_iterations_reached,3.16236502802908e-09,,,,,,37
nominal,8,0.25,22270859,44,18,18,True,0.170288096873453,1011.22413376371,False,30,True,max_iterations_reached,1.06695786630208e-09,,,,,,38
nominal,8,0.25,22270860,40,18,18,True,0.155746552503369,1071.26159718594,True,18,False,ok,6.66018124538607e-11,1.26859639194505,1.01823464111212,2.50892120813546,8.70676860494538,0.570849609877631,39
nominal,8,0.25,22270861,46,18,18,True,0.174179742989711,986.146024884011,False,30,True,max_iterations_reached,2.82153664422198e-09,,,,,,40
nominal,8,0.25,22270862,43,18,18,True,0.170439247001264,960.80977700435,True,16,False,ok,6.82030032346968e-11,1.64050605998588,1.31322478621625,3.21956540933073,36.1720274989607,2.35899972636932,41
nominal,8,0.25,22270863,43,18,18,True,0.165444932756657,1041.73342692431,True,17,False,ok,8.28890790552288e-11,2.2094720082725,1.73076887527492,4.40814330963661,53.2960763481333,3.70849694761494,42
nominal,8,0.25,22270864,46,18,18,True,0.171259767972567,968.455927591901,True,30,False,ok,8.73440198675442e-11,3.41902937553756,2.59719780289872,7.62622379341531,91.0631849910114,5.37230729852931,43
nominal,8,0.25,22270865,43,18,18,True,0.159409512673964,1079.62091286186,True,16,False,ok,6.40582437323594e-11,1.91325689815697,1.47776907479914,3.93031283868233,45.5290793355645,2.74817459405573,44
nominal,8,0.25,22270866,44,18,18,True,0.172596589972282,991.15762846982,True,11,False,ok,6.53288884120834e-11,1.76117106702775,1.43513708390358,3.34223069121062,33.5877851295057,2.7022294452779,45
nominal,8,0.25,22270867,47,18,18,True,0.174410975529999,983.469409910395,False,30,True,max_iterations_reached,5.7089055775923e-10,,,,,,46
nominal,8,0.25,22270868,43,18,18,True,0.175144467997092,957.785660490154,True,21,False,ok,8.77600933293323e-11,2.56658088382737,2.04833922007202,5.12969491047315,67.5424646112443,4.24995197853839,47
nominal,8,0.25,22270869,45,18,18,True,0.168272963956083,1018.38785401119,True,18,False,ok,9.32452469734504e-11,3.57992559757275,2.83440706334551,6.86716294961704,103.890950781631,6.46689996314111,48
nominal,8,0.25,22270870,47,18,18,True,0.170525649002649,995.388056973801,True,21,False,ok,7.08131325149125e-11,2.16516112058575,1.59719557020863,4.71227161943233,54.229988117186,3.51641960489264,49
nominal,8,0.5,22270821,45,18,18,True,0.323672954898343,547.763524324185,False,30,True,max_iterations_reached,3.21552469436425e-10,,,,,,0
nominal,8,0.5,22270822,46,18,18,True,0.318487419506644,561.171858166605,True,11,False,ok,2.96153668204054e-11,1.27606994808741,1.01737199001677,2.54627816363477,16.9874158946282,1.32145424384435,1
nominal,8,0.5,22270823,44,18,18,True,0.275203583650191,637.708775514755,True,26,False,ok,7.08671907850939e-11,1.44596611502727,1.16061184576222,2.7887277687249,24.7848014723337,1.44366567088532,2
nominal,8,0.5,22270824,43,18,18,True,0.304289740121163,557.723830398413,True,28,False,ok,8.47338486158735e-11,1.83042105653986,1.48873412599821,3.51448064657323,40.6184558473836,2.75018429415878,3
nominal,8,0.5,22270825,40,18,18,True,0.310240256422394,573.580487711503,True,8,False,ok,4.65355437464437e-11,1.81992157146538,1.42391300005424,3.68557862508681,40.228621801506,2.23830276904355,4
nominal,8,0.5,22270826,44,18,18,True,0.316623803329761,562.649350458182,False,30,True,max_iterations_reached,1.26057292558236e-09,,,,,,5
nominal,8,0.5,22270827,46,18,18,True,0.326210309422556,545.948344006927,False,30,True,max_iterations_reached,2.39955931845365e-10,,,,,,6
nominal,8,0.5,22270828,44,18,18,True,0.321166846703161,553.890661810332,False,30,True,max_iterations_reached,3.44159864232723e-09,,,,,,7
nominal,8,0.5,22270829,44,18,18,True,0.312689728610769,569.298915967863,True,23,False,ok,9.08182375848145e-11,1.25629457933754,0.991996881871632,2.47985626249587,20.8384867598156,1.61030518720211,8
nominal,8,0.5,22270830,43,18,18,True,0.275483323234486,647.044313690958,True,22,False,ok,7.54309143239584e-11,2.52346820823906,2.04627447980219,4.83879818688386,66.2117064900652,3.90389706383136,9
nominal,8,0.5,22270831,37,18,18,True,0.311064344529196,556.918222830817,True,23,False,ok,7.18408064535943e-11,1.55173066948844,1.21081894662244,3.18366896886886,30.9128732495134,1.90126477690035,10
nominal,8,0.5,22270832,46,18,18,True,0.327049088355503,540.921879508799,False,30,True,max_iterations_reached,5.11270966427865e-09,,,,,,11
nominal,8,0.5,22270833,44,18,18,True,0.29747741638014,573.605522953584,True,27,False,ok,7.27242199959469e-11,1.56657147820806,1.24030115193268,3.06902904730393,34.3577961500973,2.23796726269277,12
nominal,8,0.5,22270834,42,18,18,True,0.309077659681509,563.94409290579,True,23,False,ok,6.10799120145131e-11,2.40634619368547,1.9788038434221,4.50031953105636,58.1688613292607,2.66089195332684,13
nominal,8,0.5,22270835,42,18,18,True,0.303057109031886,587.789646054343,True,30,False,ok,9.56592239942995e-11,1.63342089876314,1.26159470419768,3.33087108083472,33.5472125334208,2.44984696268245,14
nominal,8,0.5,22270836,45,18,18,True,0.324255694205892,550.218102960344,True,19,False,ok,6.69630722548023e-11,1.33600936228673,1.05457987407121,2.57568122725118,25.0847516188095,1.43718347233927,15
nominal,8,0.5,22270837,42,18,18,True,0.315425012424639,564.631437966278,True,13,False,ok,9.09905510099793e-11,1.31133760215287,1.04084728636281,2.64928764126537,24.3017671860951,1.56598653080685,16
nominal,8,0.5,22270838,43,18,18,True,0.320765773664665,552.644591318423,True,18,False,ok,6.54605361999684e-11,1.14006489070658,0.913416086838071,2.24984484901896,13.8537925082947,0.975661307309938,17
nominal,8,0.5,22270839,43,18,18,True,0.314611391397608,565.505058212524,False,30,True,max_iterations_reached,1.38555518795205e-10,,,,,,18
nominal,8,0.5,22270840,41,18,18,True,0.322196635974331,552.477578389919,False,30,True,max_iterations_reached,2.01820834618131e-10,,,,,,19
nominal,8,0.5,22270841,46,18,18,True,0.316007043647843,557.906337019224,True,24,False,ok,7.99830538407439e-11,1.42835073282937,1.15547433909232,2.78908801757574,17.7456722334059,0.580082619575849,20
nominal,8,0.5,22270842,46,18,18,True,0.317534617993634,546.961161233298,True,20,False,ok,6.31256965216104e-11,1.40856371006587,1.13440421372044,2.72637469561374,25.4051877337726,1.09915597592264,21
nominal,8,0.5,22270843,45,18,18,True,0.321054246304515,541.857836609714,True,20,False,ok,6.533831842574e-11,1.29635634082785,1.05110091259363,2.4556251811596,20.5374527685813,1.07955525492613,22
nominal,8,0.5,22270844,48,18,18,True,0.325721227428123,532.754377812733,True,27,False,ok,9.36419088169988e-11,2.03808838489569,1.6230404395866,4.0004363475977,50.694476070522,2.83452812762892,23
nominal,8,0.5,22270845,45,18,18,True,0.311445908499767,571.643701621188,True,21,False,ok,7.70762780006257e-11,1.57330630334277,1.2191757592881,3.17022953168173,34.0147927476747,1.87211845508005,24
nominal,8,0.5,22270846,41,18,18,True,0.316687494867375,559.993266259145,False,30,True,max_iterations_reached,1.29957628341833e-10,,,,,,25
nominal,8,0.5,22270847,45,18,18,True,0.317953295535758,555.717199890496,True,15,False,ok,5.74208106103217e-11,1.33303489150499,1.04753246016927,2.58183674242924,23.4743874766838,1.50614192259796,26
nominal,8,0.5,22270848,44,18,18,True,0.314355522626455,564.294864464692,True,22,False,ok,7.0442335215186e-11,1.52750123870959,1.21724172940398,3.00593047380598,30.5867720236883,1.92152495470531,27
nominal,8,0.5,22270849,45,18,18,True,0.324415778227726,548.588181136233,True,14,False,ok,8.36269369385603e-11,1.55281103966398,1.26074262945442,2.88558205220966,31.8210800941626,1.99343276847635,28
nominal,8,0.5,22270850,43,18,18,True,0.321840776164168,548.52084175976,True,19,False,ok,8.56300500978533e-11,1.40740459608386,1.10432527221607,2.88348220272425,27.5474962993968,1.60906943748988,29
nominal,8,0.5,22270851,44,18,18,True,0.316946785943651,562.783952673213,True,14,False,ok,6.95407658534372e-11,1.40289769972356,1.125910322902,2.76413325521378,24.9846566368251,1.29958233698806,30
nominal,8,0.5,22270852,44,18,18,True,0.278291332607703,605.214286071053,True,29,False,ok,7.17807529143105e-11,1.23187505797661,0.992085131955263,2.40107567212426,18.1126546686166,1.42066209320253,31
nominal,8,0.5,22270853,46,18,18,True,0.295484536550208,602.302266308413,True,14,False,ok,7.59967544831462e-11,1.37429124614179,1.10063974368833,2.68458216929623,20.9500366166561,1.57904422752518,32
nominal,8,0.5,22270854,43,18,18,True,0.320327216952345,544.340746246589,True,9,False,ok,8.91718908004948e-11,1.52952468952063,1.21273193563537,3.07241277439716,34.4224046956935,2.08065734715264,33
nominal,8,0.5,22270855,45,18,18,True,0.321320998830466,554.063624300467,True,24,False,ok,6.8547700663219e-11,1.36399265335856,1.07036910422629,2.75209384455821,22.7086628170737,1.27247042674877,34
nominal,8,0.5,22270856,41,18,18,True,0.321889848500699,550.240100334344,True,15,False,ok,6.73665269145307e-11,1.43487532576073,1.14890890640891,2.84398515214832,20.0467524674337,1.10590925720435,35
nominal,8,0.5,22270857,43,18,18,True,0.296045456434602,598.536867123803,True,12,False,ok,1.80758597743944e-11,1.27649075820643,1.02740443374732,2.49645805576923,23.017279322597,1.3427070852146,36
nominal,8,0.5,22270858,41,18,18,True,0.306072338455349,580.576529133413,False,30,True,max_iterations_reached,1.18480942029029e-09,,,,,,37
nominal,8,0.5,22270859,44,18,18,True,0.319466021938175,557.568426090516,False,30,True,max_iterations_reached,8.16316344101793e-10,,,,,,38
nominal,8,0.5,22270860,40,18,18,True,0.29155839432575,589.431303322229,True,18,False,ok,5.10535279020603e-11,1.24656116330619,1.00098546465014,2.4590608742713,4.27642909159056,0.590581580373838,39
nominal,8,0.5,22270861,46,18,18,True,0.319871862403308,527.039620446424,True,28,False,ok,8.34110556738602e-11,1.89048687167949,1.52476032392694,3.66659460754182,41.794831372746,2.94148134294896,40
nominal,8,0.5,22270862,43,18,18,True,0.316872821961816,542.48815542273,True,21,False,ok,6.72270696374218e-11,1.25303789957408,0.999193246514088,2.42429147569627,18.4043616265528,1.31491311772265,41
nominal,8,0.5,22270863,43,18,18,True,0.30834557161414,578.244697798471,True,16,False,ok,8.21175232220646e-11,1.50242096980177,1.18374589071011,3.01881936784945,26.6204621952167,2.11463139429766,42
nominal,8,0.5,22270864,46,18,18,True,0.322974238589443,533.930588682014,True,13,False,ok,6.70477628568328e-11,1.94964746918331,1.5188549099904,4.00181761186715,44.8738478009597,2.62050556226408,43
nominal,8,0.5,22270865,43,18,18,True,0.311012207982176,572.339139062889,True,15,False,ok,6.42362461920261e-11,1.35229438636626,1.07408227822658,2.62163669416928,22.8079006297202,1.42055712592644,44
nominal,8,0.5,22270866,44,18,18,True,0.321754380089423,550.367878345435,True,12,False,ok,4.90410075410954e-11,1.45998077985964,1.18614111827002,2.76951234427614,16.909489787444,1.75263255648985,45
nominal,8,0.5,22270867,47,18,18,True,0.326568031668326,543.478369894298,False,30,True,max_iterations_reached,2.38136220149064e-10,,,,,,46
nominal,8,0.5,22270868,43,18,18,True,0.324484046432691,536.446414301428,True,24,False,ok,9.7818304711892e-11,1.5822272065395,1.25575148318079,3.14136430570731,34.250246142262,2.26975589542384,47
nominal,8,0.5,22270869,45,18,18,True,0.317683628429194,560.045623732903,True,12,False,ok,6.00547940626542e-11,1.95193194752841,1.55521839297639,3.93145529883476,51.1381535842402,3.29847832770375,48
nominal,8,0.5,22270870,47,18,18,True,0.321035833049373,550.379580583712,True,18,False,ok,6.71858468648068e-11,1.41295156361112,1.08912275585011,2.90093419277788,26.9179224088355,1.88649369923564,49
nominal,8,1,22270821,45,18,18,True,0.5263384476971,378.790339007207,False,30,True,max_iterations_reached,1.99740191367887e-10,,,,,,0
nominal,8,1,22270822,46,18,18,True,0.518008594753168,387.729385258266,True,10,False,ok,6.62763983463674e-11,1.16757259018941,0.932528372656427,2.29529988004202,8.51754505290974,0.862506503767288,1
nominal,8,1,22270823,44,18,18,True,0.452068792576258,437.226913020502,True,27,False,ok,6.73923965725464e-11,1.22157145811961,0.980997147798113,2.42272793105593,12.2131996234724,0.792944651819204,2
nominal,8,1,22270824,43,18,18,True,0.507447824585875,385.972490588796,True,25,False,ok,9.98161447513925e-11,1.40649956085811,1.14339569865787,2.70726067223528,20.0857951017307,1.58123461248536,3
nominal,8,1,22270825,40,18,18,True,0.51703366761048,386.706436732676,True,7,False,ok,7.95530382851314e-11,1.38135972570967,1.084817085051,2.74535562911389,20.0269022885559,1.11536314594539,4
nominal,8,1,22270826,44,18,18,True,0.517599444501436,386.936072620924,False,30,True,max_iterations_reached,4.89708869852953e-10,,,,,,5
nominal,8,1,22270827,46,18,18,True,0.490336572666777,389.204607425664,True,30,False,ok,9.67452229926737e-11,1.18540202486858,0.951609377405856,2.34187720001344,15.2055105931201,1.1315143994676,6
nominal,8,1,22270828,44,18,18,True,0.526719699786617,379.519448308564,False,30,True,max_iterations_reached,1.51482960184375e-09,,,,,,7
nominal,8,1,22270829,44,18,18,True,0.515996717274829,387.607768825594,True,22,False,ok,6.29906372587357e-11,1.10071620720936,0.873643344808646,2.19241321199881,10.3244747347649,0.990571661054531,8
nominal,8,1,22270830,43,18,18,True,0.450495329463167,444.82499853006,True,24,False,ok,6.61398280887883e-11,1.56197008870175,1.25791241471559,3.0048588310283,33.158667460308,1.94131636106612,9
nominal,8,1,22270831,37,18,18,True,0.509475110360481,390.465887699666,True,21,False,ok,8.38726513057505e-11,1.24340439864274,0.989089166984253,2.42548615443035,15.2535908663201,1.01145690528664,10
nominal,8,1,22270832,46,18,18,True,0.530790852083841,375.048346279935,False,30,True,max_iterations_reached,2.93878316655236e-09,,,,,,11
nominal,8,1,22270833,44,18,18,True,0.474473869524183,405.88918734219,True,26,False,ok,8.38419850443884e-11,1.19429378366383,0.954293538763403,2.31306393090094,16.9032627712223,1.22026933517524,12
nominal,8,1,22270834,42,18,18,True,0.49419476183059,402.588533622822,True,26,False,ok,5.48487430935666e-11,1.66166266847653,1.3486425514257,3.17098179488084,29.0553143723922,0.925672517419832,13
nominal,8,1,22270835,42,18,18,True,0.502580069625024,398.192231710031,True,28,False,ok,9.42757073901475e-11,1.28315806480373,1.01103223042746,2.58848996257885,16.8837877062661,1.45141514422872,14
nominal,8,1,22270836,45,18,18,True,0.527317648884322,380.183988953595,True,18,False,ok,8.96042043882246e-11,1.11444690520403,0.883095752205079,2.15380034114858,12.5692018559969,0.703710550766169,15
nominal,8,1,22270837,42,18,18,True,0.517525762105736,386.658034601786,True,12,False,ok,8.7153439486392e-11,1.08465265512231,0.869417975102851,2.10420295474822,12.2033811005977,0.85121222353791,16
nominal,8,1,22270838,43,18,18,True,0.523967844657906,380.667192918745,True,17,False,ok,6.8253907786227e-11,1.07377889933601,0.856891785732908,2.14958097582789,6.8898035019993,0.629989564513411,17
nominal,8,1,22270839,43,18,18,True,0.474387407713815,408.588891137588,True,30,False,ok,7.58466375589852e-11,1.24586598256153,1.00482584385525,2.35510272397834,15.3089271404574,0.918525582944744,18
nominal,8,1,22270840,41,18,18,True,0.418264509652062,461.392860790082,True,28,False,ok,9.30962580640595e-11,1.56692086347764,1.29841471630661,2.94456862964729,12.9855892863467,1.43466917608934,19
nominal,8,1,22270841,46,18,18,True,0.520156815673721,383.016140394528,True,23,False,ok,7.25052775124932e-11,1.32552328349184,1.07877662403826,2.55553137575077,8.83174129692117,0.489057216452348,20
nominal,8,1,22270842,46,18,18,True,0.520033181392401,377.601013715489,True,18,False,ok,6.77286416172425e-11,1.19464403510234,0.963577738384893,2.32021724468474,12.6650814578615,0.422280318029283,21
nominal,8,1,22270843,45,18,18,True,0.523511005858536,377.638814853668,True,20,False,ok,6.38272217460238e-11,1.13504033614137,0.910831084799379,2.16296070123096,10.4199288300635,0.556293772882657,22
nominal,8,1,22270844,48,18,18,True,0.52688350538146,371.417708687857,True,24,False,ok,9.23315264024185e-11,1.35575195903922,1.08097380441904,2.6359268778215,25.5230987951283,1.33696887472093,23
nominal,8,1,22270845,45,18,18,True,0.498535900642044,401.382944936513,True,20,False,ok,9.90217533276204e-11,1.20765780401168,0.955864682777194,2.38835006540441,17.0083538322208,0.879560297489068,24
nominal,8,1,22270846,41,18,18,True,0.51491157019956,383.155828079443,True,30,False,ok,7.87411382370905e-11,1.26195075721738,1.00775172707421,2.44181561220618,10.2689125456383,1.06198004331591,25
nominal,8,1,22270847,45,18,18,True,0.523192015990882,379.722949035439,True,14,False,ok,8.4563663359476e-11,1.12886411481997,0.887012923268017,2.21702951357585,11.6658808464419,0.822188636832895,26
nominal,8,1,22270848,44,18,18,True,0.517264006821608,386.313315020868,True,22,False,ok,6.83129937087508e-11,1.19593609372053,0.950752137024297,2.34839175293615,15.1477902661797,1.02384901320537,27
nominal,8,1,22270849,45,18,18,True,0.527718252638615,379.175888009834,True,14,False,ok,5.68774294087671e-11,1.2350772120961,0.996088801111898,2.369883884095,15.9665793589829,1.08525489057192,28
nominal,8,1,22270850,43,18,18,True,0.526446369803766,379.468616712488,False,30,True,max_iterations_reached,7.46789142696223e-10,,,,,,29
nominal,8,1,22270851,44,18,18,True,0.510370478693839,392.746460047666,True,14,False,ok,5.27275177834903e-11,1.1957364068445,0.953172158769164,2.36560379778794,12.4673865871092,0.65140366463364,30
nominal,8,1,22270852,44,18,18,True,0.454236289170736,418.692009028974,True,25,False,ok,8.86810185235281e-11,1.11105062570548,0.895747346934225,2.15653322848295,9.07673543264311,0.886795980899549,31
nominal,8,1,22270853,46,18,18,True,0.471712455315877,423.69440057352,True,14,False,ok,5.98744301704482e-11,1.21445554050263,0.971182216612971,2.31115318909207,10.4819021077581,0.995177071422918,32
nominal,8,1,22270854,43,18,18,True,0.523049546960174,381.149803875652,True,9,False,ok,5.5588038097511e-11,1.13781960218328,0.906565001210639,2.24301986681403,17.3219845903666,1.06276910901094,33
nominal,8,1,22270855,45,18,18,True,0.524898067960742,381.336892975545,True,23,False,ok,6.7326072850714e-11,1.15020857077161,0.914969449779308,2.26657426783916,11.5728638779097,0.644641323133853,34
nominal,8,1,22270856,41,18,18,True,0.523186587757454,380.777354252509,True,14,False,ok,6.19811649141798e-11,1.28056863217688,1.02924197596594,2.54230554570256,10.0262883336736,0.692629278813772,35
nominal,8,1,22270857,43,18,18,True,0.482470735119379,413.063499900818,True,11,False,ok,8.01435198633484e-11,1.07119455089233,0.858427233872996,2.11511803954085,11.4597901091943,0.678010407788837,36
nominal,8,1,22270858,41,18,18,True,0.516622050794172,386.949712417072,False,30,True,max_iterations_reached,5.41407180461588e-10,,,,,,37
nominal,8,1,22270859,44,18,18,True,0.521273352884615,384.251981720244,False,30,True,max_iterations_reached,2.55105633452348e-09,,,,,,38
nominal,8,1,22270860,40,18,18,True,0.476637838753494,413.260819829874,True,17,False,ok,8.39260235742732e-11,1.24186069295142,0.998280716010216,2.45322093475764,2.1213242363537,0.644520294655943,39
nominal,8,1,22270861,46,18,18,True,0.522725606781206,371.494306298401,True,25,False,ok,8.01194477489134e-11,1.40744007371011,1.1257498369978,2.70503894966279,20.9241784445026,1.72252159226718,40
nominal,8,1,22270862,43,18,18,True,0.515579089261951,382.874171607887,True,20,False,ok,6.04784306179007e-11,1.13254656163776,0.895580714077169,2.21037233264685,9.29268667865854,0.807085659584669,41
nominal,8,1,22270863,43,18,18,True,0.50038971641086,400.387820430234,True,16,False,ok,9.56490965181804e-11,1.2574758979187,1.00074908645085,2.45356099824594,13.2971587972864,1.32865455067072,42
nominal,8,1,22270864,46,18,18,True,0.52714014018135,372.754655993985,True,12,False,ok,8.01036874862649e-11,1.36440519118342,1.08402953813165,2.70039616932749,22.2616948786085,1.29942290819623,43
nominal,8,1,22270865,43,18,18,True,0.523151824085354,382.274561624037,True,14,False,ok,8.14160757216146e-11,1.16726817579057,0.932727788138503,2.29441094213705,11.4257492558755,0.782230837222576,44
nominal,8,1,22270866,44,18,18,True,0.523145843977637,380.968778317643,True,15,False,ok,6.20127981334815e-11,1.37057665667739,1.11478953121624,2.64488066898147,8.47518331899898,1.30386367101645,45
nominal,8,1,22270867,47,18,18,True,0.529605097465899,376.855074891989,False,30,True,max_iterations_reached,1.17540695281058e-10,,,,,,46
nominal,8,1,22270868,43,18,18,True,0.525053393860194,375.397774857193,True,22,False,ok,7.10494189772669e-11,1.2084444478323,0.95842546655646,2.33808504939365,17.2328068457772,1.265773243346,47
nominal,8,1,22270869,45,18,18,True,0.515155475044513,387.92281929936,True,12,False,ok,5.99587955888266e-11,1.29678931297979,1.02839315171589,2.51132221741557,25.3586031398195,1.75654253118778,48
nominal,8,1,22270870,47,18,18,True,0.52460586721004,380.083936153448,True,19,False,ok,5.97989840682473e-11,1.15874262007164,0.914586821975674,2.28233172956225,13.4071966900954,1.08997478991135,49
nominal,12,0.25,22270821,67,22,22,True,0.197848964901044,988.832052905591,True,23,False,ok,5.96875765390247e-11,1.65815833643437,1.32904826617637,3.2667599166345,39.2675697805279,2.18841246089705,0
nominal,12,0.25,22270822,67,22,22,True,0.20405655183594,1028.82991895171,False,30,True,max_iterations_reached,2.36554707904926e-08,,,,,,1
nominal,12,0.25,22270823,67,22,22,True,0.199390935337644,1021.42953484313,True,18,False,ok,6.24157575808944e-11,2.26864841512534,1.70673791819143,4.75333607090458,56.4017558617203,3.06042214837069,2
nominal,12,0.25,22270824,65,22,22,True,0.193427809375693,1045.4145440838,True,21,False,ok,8.40244229860625e-11,2.19211749595226,1.75443286024854,4.3612770605483,52.1708896220113,3.28453438873927,3
nominal,12,0.25,22270825,61,22,22,True,0.197316506881697,977.32277623338,True,18,False,ok,9.88891497386848e-11,1.30976672969368,1.04453885614149,2.64258347210458,17.6705815369456,1.35623304208046,4
nominal,12,0.25,22270826,62,22,22,True,0.192798439837187,999.555237725732,True,21,False,ok,6.65123241260985e-11,2.56020581906446,2.02856060352682,5.13625052433906,65.0543789736254,4.4721548401311,5
nominal,12,0.25,22270827,67,22,22,True,0.193567803786455,1046.59942974062,True,29,False,ok,7.94897060838374e-11,1.76613067207292,1.25481025731211,3.94968002115583,38.7161073123386,1.87257572954144,6
nominal,12,0.25,22270828,67,22,22,True,0.198440867351505,1022.75302535183,True,27,False,ok,6.88186618622113e-11,2.06247678741751,1.56118598987693,4.41505562877545,50.2295456710402,3.20298831654433,7
nominal,12,0.25,22270829,66,22,22,True,0.18473498685372,1111.5142536188,True,14,False,ok,7.94383056464438e-11,1.38477155164145,1.0951765293625,2.71154742779451,24.5469229661027,1.83918945612098,8
nominal,12,0.25,22270830,67,22,22,True,0.198871245628686,1012.99501637269,True,20,False,ok,9.65883000853469e-11,3.15632887163673,2.38564505825691,6.72972812895458,86.6996688688622,5.32397060635035,9
nominal,12,0.25,22270831,62,22,22,True,0.196621314298456,957.74549523534,True,20,False,ok,9.06403613138878e-11,1.67756349492184,1.33236725318825,3.25726036448839,36.0035737292108,2.22666082569177,10
nominal,12,0.25,22270832,66,22,22,True,0.201109506660818,973.578385178939,True,15,False,ok,5.45694078120066e-11,1.18170445935482,0.938539488054682,2.35375788687084,15.0995521572906,1.10218678932677,11
nominal,12,0.25,22270833,68,22,22,True,0.204014616650067,1032.1046156245,False,30,True,max_iterations_reached,3.86073036683337e-09,,,,,,12
nominal,12,0.25,22270834,65,22,22,True,0.186180644577391,1061.00216778725,True,22,False,ok,6.88822238989975e-11,3.99552683503572,3.17700455803426,8.1134549986082,111.612803252928,6.99507207497996,13
nominal,12,0.25,22270835,68,22,22,True,0.199510040625145,1051.37256131825,False,30,True,max_iterations_reached,2.75436423951842e-10,,,,,,14
nominal,12,0.25,22270836,68,22,22,True,0.203070828389878,1036.14432584887,False,30,True,max_iterations_reached,1.24141008415823e-09,,,,,,15
nominal,12,0.25,22270837,67,22,22,True,0.200999383364368,1043.09839051144,False,30,True,max_iterations_reached,3.23377109706248e-07,,,,,,16
nominal,12,0.25,22270838,64,22,22,True,0.188097569479807,1054.90116254589,True,18,False,ok,8.32933989136885e-11,1.32105289865851,1.02418811436022,2.65733172839364,24.4325902435801,1.58366425276257,17
nominal,12,0.25,22270839,65,22,22,True,0.196522985181954,978.603487210041,True,22,False,ok,8.19024276707705e-11,1.8852075365737,1.46482170830568,3.79139631243746,44.7733800708606,2.4907192034107,18
nominal,12,0.25,22270840,64,22,22,True,0.193690180091563,1028.58213419901,True,19,False,ok,6.60529347752314e-11,1.79946754146755,1.38958432307418,3.687493322888,41.8103657744246,2.66995822988714,19
nominal,12,0.25,22270841,64,22,22,True,0.197858999632128,986.358587459047,True,17,False,ok,6.73109529996083e-11,2.68982065028624,2.01496788826183,5.85636802713481,68.9433587079346,4.52671106343196,20
nominal,12,0.25,22270842,64,22,22,True,0.195173108366438,1046.47263485809,False,30,True,max_iterations_reached,1.4530458232908e-08,,,,,,21
nominal,12,0.25,22270843,65,22,22,True,0.197261159627105,1036.9329910088,True,15,False,ok,3.61235359317846e-11,2.59095679159329,1.95964339201707,5.54125613357588,68.429446647739,4.38451413508544,22
nominal,12,0.25,22270844,70,22,22,True,0.202784489968232,1011.13029796573,True,17,False,ok,5.22607145185775e-11,2.24888121310788,1.72581766492319,4.82021469507572,56.3544429558173,3.24814614156683,23
nominal,12,0.25,22270845,66,22,22,True,0.204077959984194,1026.89438690851,False,30,True,max_iterations_reached,1.42694759866122e-10,,,,,,24
nominal,12,0.25,22270846,68,22,22,True,0.191086785206316,1075.7023323957,True,18,False,ok,7.10982417705605e-11,1.63462781242986,1.28470255517655,3.23683393468954,35.6773841692873,2.25294686910114,25
nominal,12,0.25,22270847,67,22,22,True,0.193734364413496,1024.24831675766,True,22,False,ok,6.89689134281069e-11,2.10859435995513,1.59432616888789,4.40910848313898,50.6458776314133,3.34820885033922,26
nominal,12,0.25,22270848,66,22,22,True,0.187697895449184,1078.41116662358,True,26,False,ok,6.3921354353503e-11,1.35847489553568,1.08759460084837,2.64337225687539,22.6389383381166,1.57319712007024,27
nominal,12,0.25,22270849,68,22,22,True,0.19990828829373,1047.71046311486,False,30,True,max_iterations_reached,1.17082348045218e-10,,,,,,28
nominal,12,0.25,22270850,67,22,22,True,0.191610130545827,1037.98094915924,True,24,False,ok,9.74110765763104e-11,2.28431024772592,1.61883500715463,5.408533795066,58.2238607989849,3.5792940096761,29
nominal,12,0.25,22270851,69,22,22,True,0.18346447845577,1082.23657003861,True,29,False,ok,9.53268415551937e-11,2.92827089889799,2.17501635723784,6.43764892216332,75.6010770522669,5.05354828576681,30
nominal,12,0.25,22270852,66,22,22,True,0.192855932748891,1018.48326132323,True,28,False,ok,7.5898801967008e-11,1.45743461669742,1.15978621622408,2.85695774510541,27.9837857176687,2.06548594139008,31
nominal,12,0.25,22270853,69,22,22,True,0.199942821300923,1054.2742583462,False,30,True,max_iterations_reached,1.29500709847859e-10,,,,,,32
nominal,12,0.25,22270854,63,22,22,True,0.188157793881753,1082.01720901067,True,16,False,ok,6.11862191091933e-11,2.51105371603431,2.00585158682663,5.00063715906762,63.3707256947973,4.32629769446334,33
nominal,12,0.25,22270855,67,22,22,True,0.19772938830605,1065.71501055259,False,30,True,max_iterations_reached,5.19504862908935e-10,,,,,,34
nominal,12,0.25,22270856,64,22,22,True,0.191393691561947,1036.54952759261,True,23,False,ok,7.4689177971584e-11,1.5912914549206,1.25414117718116,3.19818538836643,32.0684183824589,1.69297060048005,35
nominal,12,0.25,22270857,62,22,22,True,0.198376840753261,957.670315432831,True,25,False,ok,7.98315085609908e-11,2.69320795873261,2.19195067182418,5.30778522048862,72.5261548999963,4.24596971397553,36
nominal,12,0.25,22270858,63,22,22,True,0.199587216764057,980.744060539185,True,16,False,ok,5.35091161291204e-11,1.44860826744745,1.12583158305049,2.98126131765759,25.9489040864567,1.44723412470667,37
nominal,12,0.25,22270859,66,22,22,True,0.198435398627972,1016.66048763898,True,21,False,ok,6.19084539607989e-11,1.73370905445309,1.37330229436359,3.49234978994346,41.4909006205205,2.44608186077493,38
nominal,12,0.25,22270860,64,22,22,True,0.198348072401978,1057.93455101602,False,30,True,max_iterations_reached,2.34897385470089e-10,,,,,,39
nominal,12,0.25,22270861,66,22,22,True,0.204687207806531,1028.11004419551,False,30,True,max_iterations_reached,7.67703672439909e-10,,,,,,40
nominal,12,0.25,22270862,61,22,22,True,0.189453779792838,1014.33271457789,True,19,False,ok,8.22381941992461e-11,1.66571146869318,1.31076378859868,3.39486898888879,36.5616710715361,2.25603284166854,41
nominal,12,0.25,22270863,67,22,22,True,0.187459404418788,1091.81255232543,True,24,False,ok,6.2292389956801e-11,1.46339398987831,1.1466970130934,2.90657140054904,28.4174573498217,1.59355066797916,42
nominal,12,0.25,22270864,66,22,22,True,0.192617754628765,1006.65368575562,True,23,False,ok,8.62729435041105e-11,1.48313687944955,1.18602651176259,2.84648389484232,29.9732748764599,1.89955706111455,43
nominal,12,0.25,22270865,68,22,22,True,0.199919634122851,1005.94164201494,True,17,False,ok,9.39418625507643e-11,1.44696231359961,1.1560436258213,2.86203251684773,29.3339424134964,1.53774293803241,44
nominal,12,0.25,22270866,69,22,22,True,0.206275952797793,1021.13449748291,False,30,True,max_iterations_reached,1.04893498259673e-10,,,,,,45
nominal,12,0.25,22270867,71,22,22,True,0.204983796808605,1025.16997106681,False,30,True,max_iterations_reached,1.02222409443556e-09,,,,,,46
nominal,12,0.25,22270868,62,22,22,True,0.186650551502759,1042.09439518234,True,22,False,ok,5.22208932883376e-11,2.07205392324848,1.58579508101177,4.3104995928056,52.4005419238294,3.35467518395836,47
nominal,12,0.25,22270869,66,22,22,True,0.180531626774694,1053.68203973262,True,25,False,ok,6.63596971877525e-11,1.934940955317,1.54762914516798,3.76895957661141,50.3384057597135,3.1442782302856,48
nominal,12,0.25,22270870,67,22,22,True,0.194214076465825,1021.42129954278,True,13,False,ok,9.66484837766084e-11,2.21095222053724,1.70321483531292,4.69585084454778,55.1020268506899,3.12749102631253,49
nominal,12,0.5,22270821,67,22,22,True,0.378303232328057,572.054711181018,False,30,True,max_iterations_reached,1.30667217797867e-10,,,,,,0
nominal,12,0.5,22270822,67,22,22,True,0.377452902956747,574.039842971455,False,30,True,max_iterations_reached,2.35940481557137e-10,,,,,,1
nominal,12,0.5,22270823,67,22,22,True,0.372675014813756,571.068019211967,True,17,False,ok,7.6537690113876e-11,1.44530239895715,1.13369516113565,2.85833422929271,27.7181746509953,1.34871568833258,2
nominal,12,0.5,22270824,65,22,22,True,0.363362974561803,582.008584890289,True,19,False,ok,9.76533830314787e-11,1.52250032388119,1.22935354928196,2.95116169482838,26.0722070782812,1.78306226863523,3
nominal,12,0.5,22270825,61,22,22,True,0.370436304416842,557.62328694989,False,30,True,max_iterations_reached,1.15508795894296e-10,,,,,,4
nominal,12,0.5,22270826,62,22,22,True,0.361522630073425,561.9287647703,True,19,False,ok,8.3133908829442e-11,1.65557676005912,1.31163131205201,3.23047625456692,32.8725160305501,2.53941467423328,5
nominal,12,0.5,22270827,67,22,22,True,0.362416615772336,582.186909923587,True,24,False,ok,7.1502873651453e-11,1.31450069358904,1.0052231903642,2.72455436900003,18.9293486468408,0.721481106218273,6
nominal,12,0.5,22270828,67,22,22,True,0.367679846669927,578.082567880972,True,24,False,ok,5.87518855204363e-11,1.39143905259337,1.10764863041084,2.71093907272872,25.273616061077,1.7216301148244,7
nominal,12,0.5,22270829,66,22,22,True,0.349761131907392,613.653219602442,True,14,False,ok,6.58571488020746e-11,1.18656391387008,0.947070108691406,2.31296108906562,12.2269578653621,1.15286170646543,8
nominal,12,0.5,22270830,67,22,22,True,0.369936057260558,573.652183426079,True,25,False,ok,7.61080810899239e-11,1.8354686494786,1.43374688239062,3.7681747772293,43.3913170042754,2.73953772029767,9
nominal,12,0.5,22270831,62,22,22,True,0.37253863019009,565.016865384844,False,30,True,max_iterations_reached,7.85690392721881e-10,,,,,,10
nominal,12,0.5,22270832,66,22,22,True,0.369519363346575,559.970067307896,True,14,False,ok,9.21710867889586e-11,1.08391867869362,0.863564215476526,2.10259960740746,7.62484216664677,0.673428854288943,11
nominal,12,0.5,22270833,68,22,22,True,0.376408489870935,577.3462830052,False,30,True,max_iterations_reached,2.25469824086602e-09,,,,,,12
nominal,12,0.5,22270834,65,22,22,True,0.348054559732177,587.282888393661,True,22,False,ok,6.34466735618245e-11,2.21730494157545,1.76200920959539,4.37255063206243,55.0215331600708,3.63696064017047,13
nominal,12,0.5,22270835,68,22,22,True,0.372492016333068,581.074216332643,False,30,True,max_iterations_reached,5.33284457359391e-10,,,,,,14
nominal,12,0.5,22270836,68,22,22,True,0.37658816470504,576.575137746072,False,30,True,max_iterations_reached,7.41324440267598e-10,,,,,,15
nominal,12,0.5,22270837,67,22,22,True,0.374490653545254,577.752686291635,False,30,True,max_iterations_reached,1.99139501369105e-10,,,,,,16
nominal,12,0.5,22270838,64,22,22,True,0.352181950794671,596.028521784023,True,17,False,ok,6.34933683155102e-11,1.09947338355959,0.86767063623673,2.19936633238973,11.865867611839,0.866954958621323,17
nominal,12,0.5,22270839,65,22,22,True,0.361530306917042,554.50151404425,True,21,False,ok,7.6234109804433e-11,1.32899648995224,1.05496345001079,2.65263075407844,22.72697763271,1.21419617691363,18
nominal,12,0.5,22270840,64,22,22,True,0.362978369350332,575.627762035022,True,18,False,ok,8.16329016587644e-11,1.31075823381137,1.03881471826917,2.55579591891459,21.1777945666063,1.46307769281435,19
nominal,12,0.5,22270841,64,22,22,True,0.367949130071835,555.639260451728,True,15,False,ok,6.96439793825916e-11,1.68341680200579,1.33149099075539,3.39706295309052,34.3807171874552,2.48317620291486,20
nominal,12,0.5,22270842,64,22,22,True,0.367204959023948,581.871389072027,False,30,True,max_iterations_reached,1.13547550148007e-08,,,,,,21
nominal,12,0.5,22270843,65,22,22,True,0.362465056082524,589.517910506714,True,22,False,ok,8.53886260109567e-11,1.58492724940096,1.24355735927173,3.18532908928759,34.4561857885945,2.34669625473808,22
nominal,12,0.5,22270844,70,22,22,True,0.374231340336293,572.28494833011,True,19,False,ok,7.03065942556958e-11,1.47072777387365,1.16443961572435,2.98268456105326,28.008414390844,1.5902697800578,23
nominal,12,0.5,22270845,66,22,22,True,0.355891949585611,571.232991684998,True,25,False,ok,7.05740036668431e-11,1.25689623061607,0.993900530424939,2.51633184924867,17.5549647249975,1.31492597397705,24
nominal,12,0.5,22270846,68,22,22,True,0.357398611547728,601.435673003714,True,18,False,ok,7.65989828165335e-11,1.25812183431188,1.00658504957226,2.39339030988148,18.2755675190233,1.23817701965694,25
nominal,12,0.5,22270847,67,22,22,True,0.37006837965025,585.513876379229,False,30,True,max_iterations_reached,2.90496220121799e-08,,,,,,26
nominal,12,0.5,22270848,66,22,22,True,0.353830204470176,601.087242499771,True,25,False,ok,6.83150285957118e-11,1.16713015479922,0.938174647172799,2.28203851377756,11.3786310932669,0.926723489999995,27
nominal,12,0.5,22270849,68,22,22,True,0.372598364532783,580.113691196043,False,30,True,max_iterations_reached,2.49211910416413e-09,,,,,,28
nominal,12,0.5,22270850,67,22,22,True,0.356404536750523,581.240975867398,True,16,False,ok,5.69472491449232e-11,1.43560478563206,1.10474510071792,2.9338048429968,28.4118929748511,1.80816992863615,29
nominal,12,0.5,22270851,69,22,22,True,0.371748911908365,584.584328513322,False,30,True,max_iterations_reached,1.90912905510185e-09,,,,,,30
nominal,12,0.5,22270852,66,22,22,True,0.360668053117633,572.971722752399,True,17,False,ok,9.5398339328933e-11,1.19498642789093,0.955376687091476,2.33550541592145,13.5486200552819,1.20915217408922,31
nominal,12,0.5,22270853,69,22,22,True,0.372822579285218,583.22243699262,False,30,True,max_iterations_reached,1.7231150429778e-07,,,,,,32
nominal,12,0.5,22270854,63,22,22,True,0.352093336817128,602.27820940023,True,16,False,ok,6.40339089573668e-11,1.6145546189385,1.30223308217412,3.15143041305728,31.1992400918115,2.41353104994409,33
nominal,12,0.5,22270855,67,22,22,True,0.341767768234389,570.725395800523,True,28,False,ok,9.50632387971324e-11,1.29376247543433,1.0299403986285,2.53806730182697,19.8790510337263,1.31163861379443,34
nominal,12,0.5,22270856,64,22,22,True,0.357521508281786,586.869265194637,True,16,False,ok,6.20753494579239e-11,1.25948408649668,0.986551807941117,2.51744667478349,15.7974551068412,0.776740418935426,35
nominal,12,0.5,22270857,62,22,22,True,0.36818857423095,540.103092737541,True,24,False,ok,9.44742189453955e-11,1.61938264220673,1.28602507933037,3.24507199004414,36.2722737251864,2.09290784395789,36
nominal,12,0.5,22270858,63,22,22,True,0.370074620868042,555.588533467663,True,15,False,ok,5.59557950059413e-11,1.20331223771849,0.95513560503534,2.37067694386326,13.027081924668,0.726750625522645,37
nominal,12,0.5,22270859,66,22,22,True,0.371224239874185,563.064119497667,True,19,False,ok,7.09462530548066e-11,1.19893197410063,0.958074242918234,2.38322372747017,20.3759281286306,1.20128348298008,38
nominal,12,0.5,22270860,64,22,22,True,0.343710793319333,597.843066084462,True,25,False,ok,8.36094674102003e-11,1.24249508501393,0.969307410624039,2.56063517391887,20.3385046867903,1.39186402611841,39
nominal,12,0.5,22270861,66,22,22,True,0.377463777826428,575.421737798527,False,30,True,max_iterations_reached,2.41626437216956e-10,,,,,,40
nominal,12,0.5,22270862,61,22,22,True,0.354106191835337,570.108507877692,True,18,False,ok,6.38210227833804e-11,1.22848434433385,0.970624080887248,2.47217913897462,18.1238196222113,1.16378474753463,41
nominal,12,0.5,22270863,67,22,22,True,0.35182576402514,610.034327069559,True,21,False,ok,8.79666169904083e-11,1.17743660559439,0.936917843215467,2.32628109617128,14.4075854578598,0.768415046087926,42
nominal,12,0.5,22270864,66,22,22,True,0.358798438683166,573.680141212622,True,22,False,ok,7.20649127327108e-11,1.18198322694886,0.946196443440609,2.29061921088025,15.2967598843974,1.02665700494098,43
nominal,12,0.5,22270865,68,22,22,True,0.372595889719495,557.069523136199,True,13,False,ok,8.67871012836601e-11,1.1592412154697,0.926459259969061,2.32716847859535,14.7533650459406,0.684629060467481,44
nominal,12,0.5,22270866,69,22,22,True,0.357625343161287,593.089584744814,True,21,False,ok,7.35576293727953e-11,1.51213340585187,1.20921430900323,2.91209721347982,27.6074759762559,1.49714837732636,45
nominal,12,0.5,22270867,71,22,22,True,0.378478559175147,573.048490468068,False,30,True,max_iterations_reached,3.65173321800324e-10,,,,,,46
nominal,12,0.5,22270868,62,22,22,True,0.340688675834047,605.428999467809,True,21,False,ok,6.52746246257564e-11,1.36918511570759,1.07026418590316,2.68950983284455,26.3958064909807,1.80138602570312,47
nominal,12,0.5,22270869,66,22,22,True,0.328756618701183,606.137455146744,True,23,False,ok,8.0673016847891e-11,1.29284032638439,1.02912234190641,2.51851126137907,25.4665277867012,1.65723383778751,48
nominal,12,0.5,22270870,67,22,22,True,0.366991324344598,555.479841163477,True,16,False,ok,2.84205856903061e-11,1.44238568936566,1.13800690839026,2.93177679959609,27.3264523400277,1.467723958135,49
nominal,12,1,22270821,67,22,22,True,0.563512690908886,410.797229706804,True,23,False,ok,7.12622346621737e-11,1.07986556649893,0.85404425210065,2.17585162390073,9.83083825317256,0.450935184374846,0
nominal,12,1,22270822,67,22,22,True,0.597178530883496,404.851677910985,False,30,True,max_iterations_reached,2.37503360856369e-09,,,,,,1
nominal,12,1,22270823,67,22,22,True,0.590946174414688,407.10956062399,True,17,False,ok,8.60610479555112e-11,1.16217385462046,0.92838399401759,2.27697496280879,13.7368755568373,0.535903653751852,2
nominal,12,1,22270824,65,22,22,True,0.586900764787313,408.28020022434,True,24,False,ok,8.08924371676519e-11,1.29734473504162,1.05087266824959,2.49898984857886,13.0149022312095,1.086516633042,3
nominal,12,1,22270825,61,22,22,True,0.591303045585015,382.085017250165,True,20,False,ok,9.93358691830618e-11,1.16178283316041,0.922275780408451,2.3673374498145,4.33679110474642,0.673740531475277,4
nominal,12,1,22270826,62,22,22,True,0.578415373478306,401.673336841127,True,19,False,ok,5.41380469741345e-11,1.32441904420336,1.05207623727906,2.5382450981787,16.5162626426519,1.56238228384249,5
nominal,12,1,22270827,67,22,22,True,0.578522069579469,412.628935416918,True,22,False,ok,9.04051780121707e-11,1.18240344093707,0.93117679799138,2.38295295552131,9.35853570545467,0.287951804367278,6
nominal,12,1,22270828,67,22,22,True,0.586722028483673,410.559178959224,True,23,False,ok,7.75501384642357e-11,1.1630726375516,0.933691993152744,2.19847882837669,12.6717984288197,0.990058864124343,7
nominal,12,1,22270829,66,22,22,True,0.562569967975415,429.709692187859,True,14,False,ok,5.46903823531397e-11,1.13570711924394,0.909692121856954,2.23590081869673,6.11520232293899,0.823265754521579,8
nominal,12,1,22270830,67,22,22,True,0.59031393101825,407.16957217814,True,23,False,ok,9.03447656555935e-11,1.30979970415833,1.04178903752038,2.48690069479724,21.7080338532382,1.46105090774328,9
nominal,12,1,22270831,62,22,22,True,0.588958532520929,391.433759896971,True,21,False,ok,6.27717571177136e-11,1.10986273515833,0.887904780648387,2.1780463240475,8.85029568509178,0.654727261701004,10
nominal,12,1,22270832,66,22,22,True,0.583365045007673,408.108288185679,True,15,False,ok,9.23673327619221e-11,1.05548236216194,0.839753786762384,2.06793954765168,3.8456802932019,0.477131355906431,11
nominal,12,1,22270833,68,22,22,True,0.595955568891501,406.765650657027,False,30,True,max_iterations_reached,1.54514878548769e-09,,,,,,12
nominal,12,1,22270834,65,22,22,True,0.566897825131025,410.099638627414,True,19,False,ok,6.69537041271046e-11,1.50145684690022,1.19629770551402,2.88504124171336,27.305224179882,2.01599506671441,13
nominal,12,1,22270835,68,22,22,True,0.593896657221858,406.584449891846,False,30,True,max_iterations_reached,3.20325876440854e-10,,,,,,14
nominal,12,1,22270836,68,22,22,True,0.597236473356408,405.502997890342,False,30,True,max_iterations_reached,3.89105481685803e-10,,,,,,15
nominal,12,1,22270837,67,22,22,True,0.58382702723529,390.67756819923,True,24,False,ok,7.92001371785733e-11,1.13557152729338,0.906358170173574,2.2658182964161,12.8311004047659,0.648209404568974,16
nominal,12,1,22270838,64,22,22,True,0.56705363049467,424.37078745342,True,17,False,ok,4.38987669913932e-11,1.04209028323314,0.825327231214757,2.04995293232777,5.84666603000288,0.561052196195405,17
nominal,12,1,22270839,65,22,22,True,0.567943969788088,400.608517316919,True,21,False,ok,6.32393035561122e-11,1.14871743759426,0.915600925686143,2.29893920304711,11.4474211418877,0.63563851844053,18
nominal,12,1,22270840,64,22,22,True,0.579771060004701,410.369090004154,True,20,False,ok,8.7653769754524e-11,1.1580125969707,0.920100680228088,2.28657020154976,10.6372454793741,0.884723927383404,19
nominal,12,1,22270841,64,22,22,True,0.586491536343066,399.178875189678,True,15,False,ok,3.61484465691072e-11,1.32087569490683,1.05781609404311,2.60751263012651,17.1853961383881,1.49062465722462,20
nominal,12,1,22270842,64,22,22,True,0.58917332198477,409.010463322429,False,30,True,max_iterations_reached,5.22700599130296e-09,,,,,,21
nominal,12,1,22270843,65,22,22,True,0.571039793902426,421.909239049991,True,21,False,ok,8.78814283349516e-11,1.20495862210075,0.961774470478526,2.30786669116307,17.2769971185514,1.32255405777921,22
nominal,12,1,22270844,70,22,22,True,0.592634546869597,408.095949496969,True,23,False,ok,9.55802129576756e-11,1.21021010493657,0.96845805161121,2.37750748965055,13.9534892864546,0.833577060620115,23
nominal,12,1,22270845,66,22,22,True,0.595407213526826,406.736349397337,False,30,True,max_iterations_reached,1.14280808713959e-10,,,,,,24
nominal,12,1,22270846,68,22,22,True,0.574581123126481,421.578712347862,True,19,False,ok,9.40736997657506e-11,1.13586885368844,0.914889452541879,2.19836051545883,9.26687051735374,0.746092857235998,25
nominal,12,1,22270847,67,22,22,True,0.588247977272598,407.171912234011,True,18,False,ok,7.14425458365553e-11,1.21030076852938,0.956433284504193,2.38030565731433,12.6755943185569,1.13634743576274,26
nominal,12,1,22270848,66,22,22,True,0.573864137293222,420.093517304641,True,24,False,ok,6.63318673362695e-11,1.11026221039441,0.889012263767957,2.20253334651428,5.66614265676238,0.632460841892545,27
nominal,12,1,22270849,68,22,22,True,0.593824826534731,406.243263332673,False,30,True,max_iterations_reached,1.92264380787539e-09,,,,,,28
nominal,12,1,22270850,67,22,22,True,0.565087445891166,421.822876973055,True,15,False,ok,7.04228413441667e-11,1.14664706760915,0.915102210587424,2.24250631812191,14.0789246474555,0.98785174006871,29
nominal,12,1,22270851,69,22,22,True,0.592391654256536,409.023243561119,False,30,True,max_iterations_reached,7.1391375206405e-10,,,,,,30
nominal,12,1,22270852,66,22,22,True,0.578236683594573,407.362885778115,True,20,False,ok,7.37584434066954e-11,1.13007010597381,0.9023697695657,2.22011152505308,6.66007834838317,0.816955766812804,31
nominal,12,1,22270853,69,22,22,True,0.593634535938223,408.231466961043,False,30,True,max_iterations_reached,3.85568859454608e-08,,,,,,32
nominal,12,1,22270854,63,22,22,True,0.572502804658458,418.841580822865,True,21,False,ok,8.07996880455591e-11,1.29965078945565,1.04575154591561,2.53233383424778,15.484664716215,1.49382724547442,33
nominal,12,1,22270855,67,22,22,True,0.540246541844017,395.169964004402,True,28,False,ok,7.28151856584882e-11,1.16288535771725,0.920497395819427,2.33229974840228,9.94760163771237,0.803329442671545,34
nominal,12,1,22270856,64,22,22,True,0.572345836648055,420.432693881109,True,15,False,ok,6.60523490030911e-11,1.16510642573007,0.915317175976776,2.31287216082514,7.83982879464277,0.441340911054045,35
nominal,12,1,22270857,62,22,22,True,0.587949444763906,384.743139017244,True,22,False,ok,7.32992474653468e-11,1.20944271856222,0.953144746435733,2.37602747334256,18.1273128303132,1.04866338332224,36
nominal,12,1,22270858,63,22,22,True,0.589777010488975,398.463942969143,True,14,False,ok,8.64683061296886e-11,1.12818818405869,0.895484506810154,2.2485884865751,6.52695830271474,0.44066573205069,37
nominal,12,1,22270859,66,22,22,True,0.592104010805483,397.524177248262,True,17,False,ok,8.30402643761158e-11,1.04027859588079,0.834420174347072,2.00385729255572,10.096015716597,0.624487806190494,38
nominal,12,1,22270860,64,22,22,True,0.544527228767072,423.504699506735,True,20,False,ok,8.38562649598436e-11,1.09563349521546,0.864225555794185,2.15690588027666,10.1648093884522,0.805692779647323,39
nominal,12,1,22270861,66,22,22,True,0.570804952235655,419.690587462105,True,26,False,ok,7.17344982070463e-11,1.41139673630381,1.14240624878277,2.76918028389304,16.8589577425491,0.367286278455455,40
nominal,12,1,22270862,61,22,22,True,0.574734856930486,403.918131764604,True,15,False,ok,8.25053918507494e-11,1.09043733921827,0.860796546839044,2.15247370068745,9.02255649901618,0.640667903503555,41
nominal,12,1,22270863,67,22,22,True,0.565837951509882,428.42063227075,True,20,False,ok,6.62834975181189e-11,1.08445329389903,0.868447902457391,2.11011829931209,7.24980247857032,0.380630592548908,42
nominal,12,1,22270864,66,22,22,True,0.573736222617056,408.913594390163,True,21,False,ok,9.03152933524223e-11,1.08438346454991,0.866702204977341,2.11064996764119,7.72852154688624,0.598460149406581,43
nominal,12,1,22270865,68,22,22,True,0.594050280014532,401.278855157226,True,13,False,ok,3.99981195133503e-11,1.07507291934333,0.859282811109496,2.0603610370463,7.40735331377225,0.294715390582816,44
nominal,12,1,22270866,69,22,22,True,0.562146253308556,429.178480049071,True,21,False,ok,9.49615271206798e-11,1.27056679943514,1.02131292171296,2.48933667687226,13.8348102191513,0.800974124442606,45
nominal,12,1,22270867,71,22,22,True,0.598136053939807,404.569360788638,False,30,True,max_iterations_reached,6.43812054449899e-10,,,,,,46
nominal,12,1,22270868,62,22,22,True,0.534162386625691,446.250069660344,True,20,False,ok,8.4052943068092e-11,1.1290481615738,0.890639729379734,2.27749589721746,13.241144220916,1.01858228859684,47
nominal,12,1,22270869,66,22,22,True,0.515503252467413,440.061123576106,True,23,False,ok,9.32422617871639e-11,1.07880864567211,0.860195360508383,2.10464244797191,12.8172910310468,0.912816664166166,48
nominal,12,1,22270870,67,22,22,True,0.591037335924197,394.359845832142,True,15,False,ok,9.18235323806505e-11,1.17487459775865,0.930897290700708,2.34635626005826,13.6077465121361,0.680077142661288,49
nominal,16,0.25,22270821,87,26,26,True,0.223058648656251,981.103601017763,True,18,False,ok,9.11961249212501e-11,1.48659645398581,1.20058482080126,2.93044440090882,27.2478413469852,1.48608103724035,0
nominal,16,0.25,22270822,92,26,26,True,0.227801890703543,1032.98685465161,True,16,False,ok,8.57844857317596e-11,2.07265366095595,1.60942585665675,4.27569399156829,52.6342778984207,3.04684563720387,1
nominal,16,0.25,22270823,89,26,26,True,0.218929389743528,1031.72462246353,True,28,False,ok,8.78828406462449e-11,1.99878530692375,1.61827867669067,3.82289249171137,49.1884043055112,3.00618222844934,2
nominal,16,0.25,22270824,90,26,26,True,0.213234996000581,1083.97650290255,True,21,False,ok,6.77615652154421e-11,2.77171590919027,2.1059595799872,5.95140413962536,72.6643798092885,4.38917952057462,3
nominal,16,0.25,22270825,80,26,26,True,0.214913213479082,1020.8575409186,True,15,False,ok,9.83314746483691e-11,1.21847022300133,0.961517382170859,2.41200802325645,18.5974057598859,1.37762912254806,4
nominal,16,0.25,22270826,86,26,26,True,0.223508098188296,1043.2504314809,False,30,True,max_iterations_reached,4.06055844547143e-09,,,,,,5
nominal,16,0.25,22270827,90,26,26,True,0.221554095791706,986.668159982125,True,22,False,ok,9.93378443522285e-11,1.90164605006166,1.42568763510333,4.1444297593074,42.3236665026601,2.6734776631237,6
nominal,16,0.25,22270828,85,26,26,True,0.227893825234105,1029.74657388321,False,30,True,max_iterations_reached,1.11108234851693e-08,,,,,,7
nominal,16,0.25,22270829,86,26,26,True,0.217114859171436,1040.33171605251,True,25,False,ok,6.71256018208461e-11,2.75391335702713,2.04002451917529,6.05442832072853,73.7350246601491,4.66626299149804,8
nominal,16,0.25,22270830,88,26,26,True,0.218419811183362,1056.22267642752,True,19,False,ok,9.34015259911771e-11,1.7645266606538,1.41839119864398,3.3818217672978,39.1265494173793,2.67871069414687,9
nominal,16,0.25,22270831,87,26,26,True,0.223840425872465,1034.88519818878,True,25,False,ok,5.42420194336787e-11,1.58100362397474,1.25158314353334,3.15954908540985,34.4686331708925,1.96099363563876,10
nominal,16,0.25,22270832,86,26,26,True,0.233413639583406,963.984886448849,True,18,False,ok,7.18053453203647e-11,2.36825299686187,1.85694093161558,4.86058170201642,59.6696002624342,3.37991421423921,11
nominal,16,0.25,22270833,85,26,26,True,0.219173429280178,1048.89111728401,True,27,False,ok,9.84068775902655e-11,1.75716693421765,1.37976389073279,3.57603134961231,39.025484608164,2.51018197544042,12
nominal,16,0.25,22270834,84,26,26,True,0.219857307908653,1002.33038793632,True,27,False,ok,9.29030423269061e-11,2.26368268002308,1.58124832641046,5.36719258193461,55.9764833318154,3.16839106277633,13
nominal,16,0.25,22270835,84,26,26,True,0.212210305960812,1035.3771846961,True,17,False,ok,9.14791981159634e-11,1.86475073108578,1.43495144314737,3.86487177582455,44.0379365066973,2.81139511809864,14
nominal,16,0.25,22270836,94,26,26,True,0.22546710328978,1043.90217692807,True,19,False,ok,9.04611067016786e-11,2.74892781136714,1.98915531359188,6.2003452058287,74.420187449846,4.59188495913561,15
nominal,16,0.25,22270837,87,26,26,True,0.220389984120419,1044.70194343769,True,19,False,ok,7.07974482629032e-11,3.25882436535031,2.60578577694959,6.52742420421963,89.0263369162259,5.16359452967297,16
nominal,16,0.25,22270838,87,26,26,True,0.211133581771431,1076.56759082351,True,23,False,ok,6.40328843232797e-11,1.12653919925347,0.887109012748888,2.1566637654157,16.6673338478232,1.09429417015311,17
nominal,16,0.25,22270839,86,26,26,True,0.224295892475058,999.677332220992,True,20,False,ok,6.10648773357183e-11,1.58073538245838,1.26053621081146,3.08056732805006,32.9601537066823,1.78864987035134,18
nominal,16,0.25,22270840,84,26,26,True,0.21343058903354,1035.96597423378,True,28,False,ok,9.42164974331886e-11,1.61947588803079,1.27830106017966,3.23985054455065,33.3213629422176,1.90066648613164,19
nominal,16,0.25,22270841,90,26,26,True,0.216801891573181,1080.47665929019,True,24,False,ok,9.16705158635114e-11,1.66352065330213,1.34339696728192,3.19071381730698,37.2733744256893,2.39606658330923,20
nominal,16,0.25,22270842,84,26,26,True,0.217685286967557,1038.21086691025,True,21,False,ok,5.37713985505178e-11,1.74441814988702,1.30829181907441,3.62172318282825,37.4603658679425,1.94099372034675,21
nominal,16,0.25,22270843,83,26,26,True,0.222544547180753,1088.09599348983,False,30,True,max_iterations_reached,6.76132652027284e-10,,,,,,22
nominal,16,0.25,22270844,91,26,26,True,0.220335803328281,1054.12299054961,True,19,False,ok,6.33693692798596e-11,2.09139816396751,1.55220283693882,4.58712721257086,52.6286072171608,3.19119736726471,23
nominal,16,0.25,22270845,91,26,26,True,0.21343132766832,1059.35583707445,True,18,False,ok,8.08503974380608e-11,1.69566187292131,1.27934243195653,3.6536487250757,40.3278418920642,2.42646513822139,24
nominal,16,0.25,22270846,83,26,26,True,0.218182026783101,1035.67279820215,True,19,False,ok,9.10748087677425e-11,1.96784257564503,1.54321388012051,3.87740984395926,39.1497049512378,3.23096447209556,25
nominal,16,0.25,22270847,90,26,26,True,0.225482572197455,1035.61872482205,True,14,False,ok,8.45136555004614e-11,1.94854758216105,1.52824606548759,4.00251953698198,48.1604300334342,3.006783699279,26
nominal,16,0.25,22270848,85,26,26,True,0.216399541073366,1065.13510305417,True,23,False,ok,9.12463077230189e-11,1.67590250532439,1.34042889357664,3.35150546446528,37.2381444866052,2.34674180569881,27
nominal,16,0.25,22270849,88,26,26,True,0.216350021801556,1057.17578558591,True,21,False,ok,7.96122072977009e-11,1.4784391304769,1.18991664692664,2.91898349690598,27.4306804434627,1.94391384577685,28
nominal,16,0.25,22270850,92,26,26,True,0.220524281741782,1072.77542718757,True,16,False,ok,6.27444006281795e-11,1.26840806812143,1.01738536181849,2.46935052682673,23.0820951669405,1.29297677092747,29
nominal,16,0.25,22270851,89,26,26,True,0.219497846624304,1021.12318115909,True,22,False,ok,8.27363164359068e-11,3.00017790967282,2.41485481065211,5.82827920489173,79.611681956839,4.3240296374574,30
nominal,16,0.25,22270852,88,26,26,True,0.227151023735399,1046.61176939422,False,30,True,max_iterations_reached,3.5376873321074e-09,,,,,,31
nominal,16,0.25,22270853,87,26,26,True,0.222628631832081,1014.70152907515,True,17,False,ok,4.16872300259531e-11,1.83074629646306,1.41070037230498,3.78892692791686,42.0111671233301,2.25667281165558,32
nominal,16,0.25,22270854,89,26,26,True,0.225488876774054,1015.15715151338,True,16,False,ok,7.49074839403504e-11,2.29841609143683,1.80160248597079,4.75637344729485,57.7830098269637,3.70686197220834,33
nominal,16,0.25,22270855,90,26,26,True,0.215598963730018,1088.30057373858,True,20,False,ok,9.12472188572448e-11,1.80662377654103,1.42641259395193,3.53117971774282,41.075698607647,2.32112431675058,34
nominal,16,0.25,22270856,87,26,26,True,0.223758735732864,1085.2733952359,False,30,True,max_iterations_reached,1.04227096902603e-09,,,,,,35
nominal,16,0.25,22270857,93,26,26,True,0.228617128913488,1064.21059560778,False,30,True,max_iterations_reached,8.71744000183621e-09,,,,,,36
nominal,16,0.25,22270858,87,26,26,True,0.217676677255104,1035.72181780521,True,17,False,ok,9.20137407634907e-11,3.64281562794504,2.83779823834957,7.29039557492541,99.2144503240672,5.61942380558837,37
nominal,16,0.25,22270859,89,26,26,True,0.216337043602214,1065.10251055544,True,30,False,ok,8.76577692695495e-11,2.56869048704357,1.98937034643869,5.24328002331602,64.4789050034484,3.71609083724906,38
nominal,16,0.25,22270860,87,26,26,True,0.216561922083539,1025.29872228793,True,19,False,ok,6.90111431981685e-11,2.65366640359176,2.07965875878997,5.57171646905026,71.6926978102131,4.62067450414598,39
nominal,16,0.25,22270861,85,26,26,True,0.22741271739127,1020.65151760016,True,15,False,ok,9.76790574682674e-11,2.60969082973975,2.12926880723638,4.88876959748141,66.2514783762141,4.61829917274023,40
nominal,16,0.25,22270862,85,26,26,True,0.213091975147067,1093.17571414595,True,27,False,ok,9.94184861404274e-11,1.2949133157267,1.01229048945748,2.65117921396048,21.6592185807125,1.52300635747957,41
nominal,16,0.25,22270863,87,26,26,True,0.223318514040237,1088.14798137449,False,30,True,max_iterations_reached,1.81209927259165e-10,,,,,,42
nominal,16,0.25,22270864,87,26,26,True,0.224272660205264,1013.63716045546,True,16,False,ok,6.08622438045492e-11,1.59094718480682,1.24994312574447,3.17683588340145,32.230391411692,2.15323495065818,43
nominal,16,0.25,22270865,84,26,26,True,0.224736036500235,1078.97896038856,False,30,True,max_iterations_reached,3.64199777946821e-10,,,,,,44
nominal,16,0.25,22270866,89,26,26,True,0.224667547787726,1012.17261248223,True,20,False,ok,9.31109325912936e-11,1.39230849555784,1.10680585435167,2.7774073168259,25.1447301289712,1.83899821959985,45
nominal,16,0.25,22270867,93,26,26,True,0.222388142923029,1048.72599719738,True,28,False,ok,8.20171613086932e-11,1.61794322247293,1.24550941088496,3.39336444942049,35.5583499193492,1.97543501842768,46
nominal,16,0.25,22270868,87,26,26,True,0.223802044776805,1031.78051993639,True,19,False,ok,7.98105044787578e-11,1.54617579830477,1.20820876878702,3.15548180499761,32.2908030359727,1.93279476034901,47
nominal,16,0.25,22270869,92,26,26,True,0.227043789944493,1068.97391172634,False,30,True,max_iterations_reached,1.02681756547218e-09,,,,,,48
nominal,16,0.25,22270870,89,26,26,True,0.220760097025884,1015.35530998565,True,23,False,ok,6.25246232866638e-11,2.0116613980955,1.56713361877112,4.07525287940964,49.8738823872434,2.85794597976671,49
nominal,16,0.5,22270821,87,26,26,True,0.411007740389345,546.523008364066,True,19,False,ok,5.93829577445153e-11,1.24223732649788,0.99903210627367,2.43417866236126,13.636524056985,0.755935951712072,0
nominal,16,0.5,22270822,92,26,26,True,0.41613092070845,582.882761471508,True,16,False,ok,5.69925731711432e-11,1.3453972444064,1.07279656666435,2.53143617163785,25.9502560413751,1.4411827440033,1
nominal,16,0.5,22270823,89,26,26,True,0.405206248659624,577.968542322835,True,19,False,ok,7.61581733369288e-11,1.33117380931002,1.07374341657736,2.54885199367111,24.6997643337726,1.54587628622148,2
nominal,16,0.5,22270824,90,26,26,True,0.392593614360335,608.129456825624,True,17,False,ok,6.5368624247601e-11,1.69278868019762,1.33436445103378,3.39834556227601,36.0660685042496,2.22147619470432,3
nominal,16,0.5,22270825,80,26,26,True,0.401455031875227,563.051761647189,True,15,False,ok,7.07782505816275e-11,1.10127754445977,0.869747427091314,2.20920184777924,9.24749566218356,0.830903508482342,4
nominal,16,0.5,22270826,86,26,26,True,0.413654111936818,581.125244273825,False,30,True,max_iterations_reached,3.49069163107374e-09,,,,,,5
nominal,16,0.5,22270827,90,26,26,True,0.410579380173947,547.246254988234,True,26,False,ok,5.13758986832623e-11,1.3995556660052,1.11247553749528,2.79854810858797,21.2398449971471,1.48357442432563,6
nominal,16,0.5,22270828,85,26,26,True,0.405809570639513,581.735648810463,True,26,False,ok,8.27193911671136e-11,1.49494650666049,1.18631436997967,3.06969294552921,28.5621305238296,1.44253142407616,7
nominal,16,0.5,22270829,86,26,26,True,0.402147634325469,580.865797473651,True,22,False,ok,9.88896206071471e-11,1.6302151250878,1.25726919413178,3.32112108432412,37.1973999022042,2.47385463268547,8
nominal,16,0.5,22270830,88,26,26,True,0.400466634032147,587.73910844524,True,19,False,ok,8.4778526064483e-11,1.33903182566003,1.0876093564963,2.58344373017127,19.4695420609458,1.53923076300473,9
nominal,16,0.5,22270831,87,26,26,True,0.411276015899304,584.021779773733,True,16,False,ok,8.68170992085338e-11,1.20592530676909,0.958855313897982,2.36379805091813,17.2766055554022,0.946962128373827,10
nominal,16,0.5,22270832,86,26,26,True,0.419873558110916,557.357995558774,True,17,False,ok,7.31361519207508e-11,1.51773288955746,1.20779045995001,2.95749216143619,30.3262825663893,1.63290048304814,11
nominal,16,0.5,22270833,85,26,26,True,0.399441834617785,596.008174733228,True,21,False,ok,9.40978985588959e-11,1.27724808405366,1.02876419751422,2.43061767590191,19.7325211057024,1.38591526564391,12
nominal,16,0.5,22270834,84,26,26,True,0.403143369899617,570.096056748442,True,20,False,ok,8.79448910874393e-11,1.48308925466619,1.12099077708383,3.06419998071892,27.9955236703332,1.53016059635298,13
nominal,16,0.5,22270835,84,26,26,True,0.390457280281579,578.139766599796,True,17,False,ok,5.93327318115792e-11,1.29331372119203,1.02340328283707,2.55369773918233,22.0215892802683,1.49426714567712,14
nominal,16,0.5,22270836,94,26,26,True,0.415382861247635,587.744381850546,True,18,False,ok,8.1277069722158e-11,1.66090041948235,1.27536400392641,3.55343268766131,37.0808776149785,2.36810410665339,15
nominal,16,0.5,22270837,87,26,26,True,0.409180973552288,588.156404667759,True,24,False,ok,9.60167425487759e-11,1.85296765342389,1.48367887340343,3.6896934080116,44.1031236069476,2.48768424224327,16
nominal,16,0.5,22270838,87,26,26,True,0.390771857325305,597.675822991486,True,12,False,ok,5.44660976449667e-11,1.01904659172355,0.81101649018235,1.96573836852423,8.72429253339649,0.6366709112267,17
nominal,16,0.5,22270839,86,26,26,True,0.413146640670835,555.186834945276,True,19,False,ok,6.3235011578693e-11,1.23201363401297,0.979684916419618,2.39650555804118,17.0826957613447,0.86976362660487,18
nominal,16,0.5,22270840,84,26,26,True,0.396932787959021,570.416808784235,True,26,False,ok,9.90105432122721e-11,1.23590135448844,0.97273057003052,2.44529153794399,16.3020745665604,0.933304554736383,19
nominal,16,0.5,22270841,90,26,26,True,0.40012989284417,606.828115463937,True,18,False,ok,8.35090181984907e-11,1.22709466541718,0.99179426392396,2.32977588693521,18.383264214007,1.27562273878322,20
nominal,16,0.5,22270842,84,26,26,True,0.404706464484393,579.900789643946,True,20,False,ok,8.83468416851255e-11,1.28764887735012,1.0057234582295,2.58141519143606,18.6392410975882,0.842732094652149,21
nominal,16,0.5,22270843,83,26,26,True,0.410739024266076,607.806298414812,False,30,True,max_iterations_reached,7.82455411290418e-10,,,,,,22
nominal,16,0.5,22270844,91,26,26,True,0.405244010520519,591.183450686399,True,19,False,ok,6.36577827098588e-11,1.35283859109544,1.06345002841654,2.66268029483934,25.6291136207705,1.57702885410297,23
nominal,16,0.5,22270845,91,26,26,True,0.390753004686628,588.161479493524,True,18,False,ok,5.24976103796105e-11,1.20834033890096,0.954708573655432,2.45418167724338,20.046935629653,1.21510907746316,24
nominal,16,0.5,22270846,83,26,26,True,0.405910936963106,578.549742652843,True,17,False,ok,6.4838705760254e-11,1.58386363320274,1.28365640616185,2.93773479836616,19.5821619284055,2.08056990706755,25
nominal,16,0.5,22270847,90,26,26,True,0.414943846641506,576.826830340718,True,14,False,ok,5.77855878686404e-11,1.29189368405648,1.0326046838813,2.52645815909282,23.3002634087505,1.51737562281496,26
nominal,16,0.5,22270848,85,26,26,True,0.400787419551528,590.508732305536,True,22,False,ok,8.8781287352358e-11,1.2510847193892,0.994118028249853,2.51864968579127,17.9522624640763,1.22076910343156,27
nominal,16,0.5,22270849,88,26,26,True,0.397038072064072,607.74105735195,True,19,False,ok,8.80253457989253e-11,1.23402007236771,0.989323798697358,2.4472890809804,13.6892167654167,1.16605005326226,28
nominal,16,0.5,22270850,92,26,26,True,0.407755596287198,602.167860380256,True,15,False,ok,9.24526173399229e-11,1.05122784596936,0.845661634872585,2.00177490581339,10.6476204973635,0.549199396723713,29
nominal,16,0.5,22270851,89,26,26,True,0.407925567497808,575.407396291825,True,21,False,ok,7.36983044793629e-11,1.79828480912311,1.42781047788172,3.51845372581736,39.5408819078806,1.93156725792486,30
nominal,16,0.5,22270852,88,26,26,True,0.416522687972007,593.499566728835,False,30,True,max_iterations_reached,1.72443438330012e-09,,,,,,31
nominal,16,0.5,22270853,87,26,26,True,0.411085041689107,571.290961117556,True,17,False,ok,8.02803607573847e-11,1.34108935502169,1.05503788860861,2.69949228333068,20.5888891857656,1.01750511316237,32
nominal,16,0.5,22270854,89,26,26,True,0.414656257848001,569.871770661908,True,16,False,ok,8.15874391102157e-11,1.45807140751976,1.16036804679429,2.89823810256067,28.6734308614016,1.97492933459737,33
nominal,16,0.5,22270855,90,26,26,True,0.399883378434585,605.203943327212,True,21,False,ok,6.46038284621493e-11,1.27714154496027,1.00846375725034,2.59843783678209,20.3213900431252,1.09499107251831,34
nominal,16,0.5,22270856,87,26,26,True,0.401712934573442,600.511601623399,True,18,False,ok,7.8044419672923e-11,1.23936681237368,0.994404547465059,2.40495428036454,13.9432077704775,1.00158562908083,35
nominal,16,0.5,22270857,93,26,26,True,0.419062826706814,598.292975820454,False,30,True,max_iterations_reached,2.16579515371065e-08,,,,,,36
nominal,16,0.5,22270858,87,26,26,True,0.397787068819055,593.187815117661,True,17,False,ok,6.41431391387352e-11,2.02434385075038,1.59331419649845,3.9648418914705,48.8278258998447,2.60781998689462,37
nominal,16,0.5,22270859,89,26,26,True,0.404303139760768,588.325669688352,True,14,False,ok,8.53766829499485e-11,1.576496180423,1.25212166071556,3.15241058335878,31.8580958591254,1.77041602249103,38
nominal,16,0.5,22270860,87,26,26,True,0.394697527868395,581.816556735168,True,19,False,ok,7.98758291572841e-11,1.63850255028987,1.30450967811253,3.23727630848549,36.1622101500782,2.50178814655638,39
nominal,16,0.5,22270861,85,26,26,True,0.416057443872635,580.57661115524,True,15,False,ok,5.38373527287768e-11,1.68745589585768,1.36036596988173,3.30073989908186,33.2780718828431,2.6484262837437,40
nominal,16,0.5,22270862,85,26,26,True,0.391648142822371,616.719521171611,True,18,False,ok,9.04474071082965e-11,1.12766772795436,0.896073039689362,2.26370444839858,11.1718493361093,0.908362714279261,41
nominal,16,0.5,22270863,87,26,26,True,0.3931220350401,592.296518645348,True,29,False,ok,9.29260162277261e-11,1.42984689575424,1.14016966918921,2.81841998526797,30.3544721992178,1.8358319711198,42
nominal,16,0.5,22270864,87,26,26,True,0.410965993713618,569.249670845424,True,17,False,ok,5.64331445335355e-11,1.26941228740651,1.01243215474055,2.47725279886808,16.8462459619665,1.27123612480353,43
nominal,16,0.5,22270865,84,26,26,True,0.415113714818397,601.962639411925,False,30,True,max_iterations_reached,2.8203596593052e-10,,,,,,44
nominal,16,0.5,22270866,89,26,26,True,0.412808473557339,566.67831859222,True,17,False,ok,9.80801973730352e-11,1.1748981954941,0.940035682472737,2.25225449701294,12.4668216344588,1.10009591113451,45
nominal,16,0.5,22270867,93,26,26,True,0.409122329720559,594.228014338761,True,30,False,ok,8.81805394268208e-11,1.22024642724201,0.966044225430748,2.42922787961639,17.8883742567124,0.930639542040406,46
nominal,16,0.5,22270868,87,26,26,True,0.408374116251098,588.264368153736,True,17,False,ok,6.36952346059506e-11,1.20864949045658,0.957266880737871,2.38066859332982,16.4981416755084,1.01839190144345,47
nominal,16,0.5,22270869,92,26,26,True,0.403345054130557,561.882562174816,True,27,False,ok,9.34679187314102e-11,1.23212142859796,0.97810059367436,2.38365956509483,20.1018928274717,1.07379862601728,48
nominal,16,0.5,22270870,89,26,26,True,0.410560032411292,558.5799982443,True,22,False,ok,7.4466531807609e-11,1.33151240083593,1.06034975832639,2.60994766891729,24.5135041025642,1.33758025142745,49
nominal,16,1,22270821,87,26,26,True,0.643265249661477,386.953081717628,True,22,False,ok,7.34327709099208e-11,1.1720414386082,0.93699163709576,2.25799364772414,6.87771737794503,0.499931987479776,0
nominal,16,1,22270822,92,26,26,True,0.643906950947177,424.28938350237,True,16,False,ok,4.90160976457248e-11,1.10156130108399,0.885503693920012,2.1299486654172,12.8783273344196,0.658042355524882,1
nominal,16,1,22270823,89,26,26,True,0.630967774809381,419.840212421907,True,24,False,ok,6.772137887653e-11,1.10568324729048,0.88734763866172,2.12115032984848,12.3295034434607,0.824647207269829,2
nominal,16,1,22270824,90,26,26,True,0.607720557916161,439.708380992214,True,21,False,ok,8.40890190648965e-11,1.29918024864761,1.04127341809456,2.54217962304679,17.9846843352309,1.19174024502491,3
nominal,16,1,22270825,80,26,26,True,0.635091886728165,398.53951965815,True,15,False,ok,9.49622770113994e-11,1.07364146732488,0.849524529759755,2.16173390149415,4.6277589322939,0.587117191317048,4
nominal,16,1,22270826,86,26,26,True,0.64396993965932,423.064593474582,False,30,True,max_iterations_reached,2.65859754418594e-09,,,,,,5
nominal,16,1,22270827,90,26,26,True,0.643076465067902,387.576318159877,True,27,False,ok,9.42199695527515e-11,1.23600465907055,0.993157682409823,2.39599952476652,10.6861078505596,0.945625113926334,6
nominal,16,1,22270828,85,26,26,True,0.633975398391302,423.57979764562,True,27,False,ok,6.78260058669248e-11,1.2120260230839,0.975075658881487,2.36513050714997,14.2101792955767,0.618389312249481,7
nominal,16,1,22270829,86,26,26,True,0.62241165377619,418.427092691099,True,22,False,ok,7.40774801669983e-11,1.19067215033392,0.939707976892423,2.36089071069667,18.6838151710799,1.36537283784193,8
nominal,16,1,22270830,88,26,26,True,0.622732126552159,413.06874639581,True,19,False,ok,5.92369782476356e-11,1.21706867652522,0.983462787760846,2.36811036199598,9.69319104401491,1.01094927326064,9
nominal,16,1,22270831,87,26,26,True,0.639665618086557,421.850454495994,True,17,False,ok,9.7259619188797e-11,1.09861299568452,0.881291761731037,2.15457157467114,8.64960653023586,0.468976106976495,10
nominal,16,1,22270832,86,26,26,True,0.645538639648349,409.384265811445,True,18,False,ok,7.35278006933364e-11,1.19418708475591,0.953336908569871,2.33118490927033,15.2834572434627,0.756535112133389,11
nominal,16,1,22270833,85,26,26,True,0.616881926477183,431.867702770055,True,18,False,ok,6.28456545852587e-11,1.11792842130036,0.89787515988037,2.20396391563789,9.96459188752521,0.860214738311261,12
nominal,16,1,22270834,84,26,26,True,0.622974232997915,416.56963618503,True,20,False,ok,9.50971431345825e-11,1.21039248175112,0.946230634488722,2.46315758016138,14.0083722428699,0.753701796673715,13
nominal,16,1,22270835,84,26,26,True,0.602636087542013,425.350664483145,True,16,False,ok,7.97100694455719e-11,1.10571900208666,0.883260081794004,2.12144485538275,10.9867769103568,0.836423337844877,14
nominal,16,1,22270836,94,26,26,True,0.645337852625231,422.431185965269,True,17,False,ok,9.19574699943541e-11,1.24468004328969,0.982816301379577,2.45511633051336,18.504226186342,1.27739247736184,15
nominal,16,1,22270837,87,26,26,True,0.640615097912199,426.194848296692,True,26,False,ok,7.545590023269e-11,1.29847017909584,1.03946604207651,2.5599174244455,21.9607596754509,1.19272700469363,16
nominal,16,1,22270838,87,26,26,True,0.4894198506795,523.227091490394,True,11,False,ok,9.33016783195431e-11,0.988183351297882,0.785658645053483,1.90363368323077,4.45753136468516,0.409253734511887,17
nominal,16,1,22270839,86,26,26,True,0.646725856364519,426.336876558708,False,30,True,max_iterations_reached,6.24296347603818e-09,,,,,,18
nominal,16,1,22270840,84,26,26,True,0.623177203391553,418.344754561231,True,23,False,ok,6.8925568535831e-11,1.11892924556703,0.881614740090411,2.21641581187342,8.06269867840479,0.530719910533495,19
nominal,16,1,22270841,90,26,26,True,0.630437919461793,432.528329526844,True,21,False,ok,5.3691422600124e-11,1.09602199160122,0.883713900783279,2.15572323872806,9.11480858610182,0.74021192675841,20
nominal,16,1,22270842,84,26,26,True,0.636073964767464,420.08615851971,True,20,False,ok,6.45730384139182e-11,1.13855374533603,0.902180478736128,2.28309390818033,9.2959441719706,0.358279487738725,21
nominal,16,1,22270843,83,26,26,True,0.642455024291194,432.100648205675,False,30,True,max_iterations_reached,1.30095332776858e-10,,,,,,22
nominal,16,1,22270844,91,26,26,True,0.634007648770144,421.256096624526,True,18,False,ok,8.60950578118082e-11,1.10510564707936,0.888632106223762,2.14451389389296,12.6145472724401,0.807383889361024,23
nominal,16,1,22270845,91,26,26,True,0.600852808166372,417.237036812498,True,18,False,ok,5.19716608512048e-11,1.04980184012769,0.834466411431365,2.04480321884937,9.98319154980929,0.614487512515742,24
nominal,16,1,22270846,83,26,26,True,0.63325906799826,417.796954554754,True,17,False,ok,6.54599983461002e-11,1.47272339097824,1.20759246416035,2.73388232098934,9.78798156045845,1.52193404284888,25
nominal,16,1,22270847,90,26,26,True,0.644096445792985,413.683294388861,True,14,False,ok,5.89878896561991e-11,1.08800999117992,0.871414646449658,2.13076014839451,11.4523938254059,0.809859503518174,26
nominal,16,1,22270848,85,26,26,True,0.625617852093201,419.276342929847,True,22,False,ok,6.5774814994472e-11,1.13649582166738,0.908459653182421,2.2276201817359,8.8105515177713,0.7287154712748,27
nominal,16,1,22270849,88,26,26,True,0.616372808775219,446.970849094082,True,19,False,ok,6.51131471658525e-11,1.16903848619354,0.93352232890521,2.33217742184024,6.83549060096689,0.806230649530337,28
nominal,16,1,22270850,92,26,26,True,0.639059259805345,431.478855587025,True,15,False,ok,6.71769589106961e-11,0.999483619476724,0.802063617480804,1.93771826421596,5.10320051090677,0.224945788846515,29
nominal,16,1,22270851,89,26,26,True,0.642189633184007,415.45806619824,True,19,False,ok,7.52747850238884e-11,1.34183622202645,1.05806487011856,2.63396763285684,19.6291222504142,0.754761957669337,30
nominal,16,1,22270852,88,26,26,True,0.645146319644929,430.120589838851,False,30,True,max_iterations_reached,9.21688725393755e-10,,,,,,31
nominal,16,1,22270853,87,26,26,True,0.638202983150394,415.168255404381,True,18,False,ok,9.91226021536726e-11,1.19246976923997,0.94351456440911,2.40608318166231,10.1922581363753,0.51973097772377,32
nominal,16,1,22270854,89,26,26,True,0.642827081495654,415.999298463005,True,16,False,ok,6.35659563314904e-11,1.16037929831913,0.925138633903574,2.30256783449718,14.2738304392449,1.13477363579367,33
nominal,16,1,22270855,90,26,26,True,0.622218531984445,433.949997274908,True,23,False,ok,8.08618070096646e-11,1.10864429418367,0.878022220999654,2.21783834535163,10.1020352645765,0.525927377408402,34
nominal,16,1,22270856,87,26,26,True,0.634079070724128,424.736810895362,True,17,False,ok,8.43085120461496e-11,1.1690161840465,0.939717317551368,2.23018249898708,7.00708689734379,0.691024251933381,35
nominal,16,1,22270857,93,26,26,True,0.647817283085632,429.905251383152,False,30,True,max_iterations_reached,3.22223763612611e-08,,,,,,36
nominal,16,1,22270858,87,26,26,True,0.61710609400379,439.221790454738,True,18,False,ok,7.10763801329839e-11,1.37304240415437,1.08585296071924,2.75568987284256,24.2157619770373,1.14438214152922,37
nominal,16,1,22270859,89,26,26,True,0.634862719610325,419.062315061624,True,14,False,ok,5.52607134879109e-11,1.20798514220329,0.970672318318342,2.32005714161527,15.8348101782665,0.838214079649673,38
nominal,16,1,22270860,87,26,26,True,0.606048443301529,426.228535664673,True,20,False,ok,6.57073983016533e-11,1.26237945050537,1.00510632995694,2.49863901178098,18.1520413526334,1.44236786688927,39
nominal,16,1,22270861,85,26,26,True,0.644931947913792,422.794891995367,True,15,False,ok,5.18496806865208e-11,1.3562858925173,1.08528044547576,2.67688444544216,16.6693180993818,1.65940628249652,40
nominal,16,1,22270862,85,26,26,True,0.606572015780736,446.935277482133,True,19,False,ok,9.98119641034979e-11,1.07668414927492,0.856684682889419,2.12883621238014,5.6359002673676,0.594057047187019,41
nominal,16,1,22270863,87,26,26,True,0.608259563784849,437.977198949706,True,25,False,ok,9.1966313345414e-11,1.13430423063008,0.900154189333721,2.2224767049472,15.1607040720106,0.936536346731602,42
nominal,16,1,22270864,87,26,26,True,0.638509634283403,422.741665889396,True,15,False,ok,5.51786963526713e-11,1.16523603738675,0.929660619942481,2.25637387720212,8.63854438308468,0.836518025306675,43
nominal,16,1,22270865,84,26,26,True,0.645176978570189,430.346857707311,False,30,True,max_iterations_reached,1.67183452711717e-10,,,,,,44
nominal,16,1,22270866,89,26,26,True,0.643405229372017,401.395248501028,True,18,False,ok,9.99235348969634e-11,1.11387826234813,0.890279295042521,2.13063943596055,6.2055458237883,0.750807958239456,45
nominal,16,1,22270867,93,26,26,True,0.648765026801811,428.676154291853,False,30,True,max_iterations_reached,1.13656372680746e-10,,,,,,46
nominal,16,1,22270868,87,26,26,True,0.648901667933826,426.768003416379,False,30,True,max_iterations_reached,9.18523502106009e-10,,,,,,47
nominal,16,1,22270869,92,26,26,True,0.626640852276275,400.676323511807,True,24,False,ok,9.75254791002383e-11,1.07518575864882,0.863104505772369,2.06597098176715,10.0585777291141,0.502082155647981,48
nominal,16,1,22270870,89,26,26,True,0.642450219127468,399.02720639361,True,22,False,ok,8.06219015527245e-11,1.10603713090048,0.884768118943919,2.1664737467006,12.1518308988495,0.605359148937132,49
nominal,24,0.25,22270821,138,34,34,True,0.263409008973267,1075.61111102249,True,21,False,ok,9.96993316784087e-11,1.54952582449015,1.20839800566183,3.14794715652058,32.9411447375391,1.65453226133024,0
nominal,24,0.25,22270822,137,34,34,True,0.261954156777369,1104.77131489958,True,15,False,ok,7.76140560612742e-11,1.36966234289694,1.09544159439143,2.66155138838613,24.3851755287694,1.58193801460023,1
nominal,24,0.25,22270823,130,34,34,True,0.267591694878328,1067.27878937772,True,23,False,ok,8.61207283870439e-11,1.31150247223595,1.03758182333745,2.55673377183712,21.8864185257405,1.44351542312881,2
nominal,24,0.25,22270824,134,34,34,True,0.27114082811266,1041.42490161499,True,20,False,ok,6.51699830994027e-11,1.87836644557866,1.48971343186377,3.65065449140465,42.3201253773431,3.05920261433843,3
nominal,24,0.25,22270825,125,34,34,True,0.26062065193614,1049.9593105349,True,25,False,ok,8.97846835240176e-11,1.87326419825758,1.43493796464491,3.94375833682261,45.7059866344187,2.74713862446156,4
nominal,24,0.25,22270826,134,34,34,True,0.264461504064588,1070.88020006077,True,16,False,ok,5.60270993672023e-11,1.11490965710467,0.891458908106421,2.20869929875285,3.15652356158502,0.550756675337587,5
nominal,24,0.25,22270827,133,34,34,True,0.27092887420934,1042.29438112791,True,17,False,ok,7.55969170076196e-11,1.33758973203785,1.07351267590794,2.61625333040811,11.7170287006341,0.87885495490801,6
nominal,24,0.25,22270828,134,34,34,True,0.266554607747661,1076.99194218376,True,21,False,ok,9.92488920336446e-11,1.6989797523642,1.31932497038572,3.53321973742995,37.413591032045,2.11707160955962,7
nominal,24,0.25,22270829,127,34,34,True,0.257279621496621,1061.04423467916,True,27,False,ok,8.26097134092206e-11,2.11379083241427,1.67828505245442,4.15837822685967,54.0250603897164,3.32894843176504,8
nominal,24,0.25,22270830,123,34,34,True,0.258399793496603,1059.61611161526,True,18,False,ok,7.3224464590276e-11,1.3384422888778,1.05211067669528,2.71914773733428,25.938482576953,1.3817858383473,9
nominal,24,0.25,22270831,133,34,34,True,0.259842361668148,1073.53835151854,True,22,False,ok,7.53722662625e-11,2.12352808562243,1.70953657493667,4.04559565805229,51.809008520728,2.99280126320745,10
nominal,24,0.25,22270832,127,34,34,True,0.264206336641282,1049.29372903182,True,22,False,ok,8.01466397203489e-11,1.78422051221552,1.36686212956039,3.74865145000056,41.8344078509682,2.42417467454584,11
nominal,24,0.25,22270833,139,34,34,True,0.267169857694088,1087.07364826837,True,19,False,ok,9.95594170064967e-11,1.6384920089011,1.30047351925682,3.25112216983605,36.4205172063369,2.24307509107616,12
nominal,24,0.25,22270834,128,34,34,True,0.261049495238321,1017.09170358662,True,23,False,ok,6.95896487903853e-11,1.88167590045665,1.54038596572047,3.54561535889027,45.5430688095574,2.882882977905,13
nominal,24,0.25,22270835,130,34,34,True,0.264117063792795,1066.45244679059,True,25,False,ok,8.78871762938433e-11,1.18208098949167,0.94482403931385,2.30278577984429,15.1079545623928,1.10610635417759,14
nominal,24,0.25,22270836,133,34,34,True,0.262169554246251,1078.71203042917,True,15,False,ok,3.92905096863403e-11,1.50899393150082,1.17052648458745,3.08208981100972,32.9551414588818,1.89599997779201,15
nominal,24,0.25,22270837,132,34,34,True,0.263896128614888,1072.01680282716,True,15,False,ok,5.91896707761767e-11,1.58820063147587,1.27055635626971,3.22690628785907,36.5140160187498,2.28330108985572,16
nominal,24,0.25,22270838,137,34,34,True,0.264059987048487,1097.87966340618,True,18,False,ok,9.45335323819697e-11,1.21558854008956,0.954644216435089,2.44211978146467,22.5194203733315,1.24712926225062,17
nominal,24,0.25,22270839,138,34,34,True,0.26577911637787,1098.5334849167,True,17,False,ok,5.10199108912383e-11,1.69325523869446,1.30455007896657,3.53432731250312,36.1526310169939,2.2171751463392,18
nominal,24,0.25,22270840,132,34,34,True,0.261225309959141,1055.92789282606,True,24,False,ok,6.57621092583367e-11,1.43037855559936,1.11382479838245,2.85332849473638,25.1833453042638,1.50461344883669,19
nominal,24,0.25,22270841,128,34,34,True,0.263956271732015,1041.76573953399,True,14,False,ok,5.99905779250499e-11,1.50145372176312,1.20386160682426,2.90223578981301,28.5179294874907,1.98536262504004,20
nominal,24,0.25,22270842,133,34,34,True,0.26733804141855,1085.16877518178,True,22,False,ok,8.99309873740787e-11,1.89252121380008,1.54067999726875,3.69233378867193,46.517894568302,2.61375653386793,21
nominal,24,0.25,22270843,130,34,34,True,0.261606931038886,1087.62596707131,True,19,False,ok,8.93925435485171e-11,1.77173239636853,1.41968864461027,3.44647720797706,39.1713769988878,2.66782742892849,22
nominal,24,0.25,22270844,134,34,34,True,0.258794794444421,1108.60858663542,True,20,False,ok,9.02762588823103e-11,1.36495055506373,1.09714080850819,2.60229074699603,25.4623126374644,1.75934022763799,23
nominal,24,0.25,22270845,134,34,34,True,0.270148688900049,1077.14523544201,True,27,False,ok,9.77070154160405e-11,1.37568582992037,1.06560978442921,2.80570826725608,28.4935548444806,1.71393611606315,24
nominal,24,0.25,22270846,127,34,34,True,0.264190481761171,1000.96436655529,True,21,False,ok,9.39631738262092e-11,1.67087485856762,1.29617236039059,3.29982128369721,36.7913281989578,2.06136996639863,25
nominal,24,0.25,22270847,136,34,34,True,0.264488422139751,1036.58149631149,True,28,False,ok,7.56623509041724e-11,1.37717612850778,1.10389381500052,2.6993596430902,25.2809466515157,1.26519943082143,26
nominal,24,0.25,22270848,128,34,34,True,0.266143242389125,1020.29992571295,True,13,False,ok,8.93051729053879e-11,1.17472397940366,0.921326485846964,2.32641241847027,18.9570669200049,1.25230868279697,27
nominal,24,0.25,22270849,131,34,34,True,0.259921637203778,1043.23147004165,True,18,False,ok,6.50471031255295e-11,2.40093584960131,2.0120807159622,4.37378587729039,62.3263516407118,3.57227384637561,28
nominal,24,0.25,22270850,136,34,34,True,0.259446067099934,1098.41439157838,True,19,False,ok,8.83837909472011e-11,2.2638231414257,1.77943562737181,4.54423587763672,59.0191312639151,3.5463495188768,29
nominal,24,0.25,22270851,133,34,34,True,0.267043657931199,1064.30536581167,True,15,False,ok,9.57090606578007e-11,1.17378735255334,0.939641735783294,2.28012813211329,15.5687398057532,1.03152435252293,30
nominal,24,0.25,22270852,131,34,34,True,0.260636742728409,1039.39540210517,True,18,False,ok,7.65422725106542e-11,1.42705157310523,1.13036578855656,2.83261425531398,28.3524808690153,1.62937022266541,31
nominal,24,0.25,22270853,135,34,34,True,0.267752674877588,1066.52972517476,True,24,False,ok,7.30288715256147e-11,1.17759084380952,0.926883165664153,2.33855517123125,15.9685128257953,0.821622982702218,32
nominal,24,0.25,22270854,133,34,34,True,0.263441804113535,1081.01772959876,True,20,False,ok,7.68857423496762e-11,1.60849280135525,1.30454979949409,3.03307156591437,36.1277443982806,2.28091818442158,33
nominal,24,0.25,22270855,128,34,34,True,0.259826943505891,1077.04346239552,True,18,False,ok,5.49497002985752e-11,1.47465327042768,1.15236325620634,3.01428986703813,31.0572736910039,1.64683449075947,34
nominal,24,0.25,22270856,127,34,34,True,0.262900859961812,1039.02615730646,True,19,False,ok,6.97224330793574e-11,1.56431414730995,1.26877888937325,2.97342473211248,32.5468090562773,2.00245897302603,35
nominal,24,0.25,22270857,136,34,34,True,0.258554305502268,1093.61540707587,True,20,False,ok,6.83969930203244e-11,1.9535601566271,1.50071620176235,3.90120855735518,50.0932107934288,2.79538075612209,36
nominal,24,0.25,22270858,132,34,34,True,0.263550766959652,1062.37825121261,True,15,False,ok,7.1686736096666e-11,1.638978315365,1.18699396674793,3.63198980632191,34.2479328719553,2.29530269129206,37
nominal,24,0.25,22270859,133,34,34,True,0.256958226092332,1125.72034286092,True,15,False,ok,4.36376458928812e-11,2.73386845586282,2.27242560679774,5.00203841438136,71.4507431143637,3.89831077770755,38
nominal,24,0.25,22270860,132,34,34,True,0.268930542862064,1108.6020681693,False,30,True,max_iterations_reached,1.81594542301243e-10,,,,,,39
nominal,24,0.25,22270861,131,34,34,True,0.266499367800084,1003.74118232142,True,22,False,ok,6.63697093986443e-11,1.78289304683343,1.32349978484586,3.90543611146228,41.5387726847914,2.35174264423344,40
nominal,24,0.25,22270862,128,34,34,True,0.264182232677628,1040.10026684277,True,20,False,ok,9.22813051428673e-11,1.73007331886847,1.36260084442198,3.48956617263156,40.8977875368757,2.66976311776672,41
nominal,24,0.25,22270863,135,34,34,True,0.263423459554248,1074.36405097521,True,20,False,ok,8.61525492099315e-11,1.71567356670915,1.27995748284897,3.69220851972778,39.7211765528686,2.43595771696123,42
nominal,24,0.25,22270864,137,34,34,True,0.264478980945135,1052.29229508776,True,23,False,ok,6.64724687956725e-11,2.02305932097883,1.60842501640026,4.09223107932766,47.6581191754237,3.17085889951418,43
nominal,24,0.25,22270865,132,34,34,True,0.251665478117978,1142.26607765125,True,13,False,ok,5.87872297727505e-11,1.49679359356934,1.19397174406514,2.9743261523322,31.5992933292757,1.85005832372225,44
nominal,24,0.25,22270866,133,34,34,True,0.267162315654272,1058.00845189335,True,15,False,ok,4.54823343733038e-11,1.46919010331409,1.17637678862032,2.9125862590496,28.6054808144048,1.51892309999602,45
nominal,24,0.25,22270867,136,34,34,True,0.261423904453332,1094.85768636198,True,18,False,ok,5.87381261168866e-11,1.87784796190911,1.49502892414635,3.64005228740636,43.7698882439011,2.81536350004729,46
nominal,24,0.25,22270868,130,34,34,True,0.266917152450313,1045.3093325641,True,14,False,ok,7.81704186434402e-11,1.21379667304385,0.966070485282524,2.40403016742832,17.2105217361795,1.12719647049526,47
nominal,24,0.25,22270869,135,34,34,True,0.2627170958431,1068.31835056053,True,18,False,ok,4.0257554799896e-11,1.74846357645438,1.39766456870756,3.48088572564116,41.1551973701221,2.69455211162718,48
nominal,24,0.25,22270870,131,34,34,True,0.260726000500239,1090.69872553324,True,27,False,ok,6.5878152645985e-11,1.65469900585456,1.32453276257685,3.28953394072016,37.8149914429888,2.40893108726475,49
nominal,24,0.5,22270821,138,34,34,True,0.473094669153011,618.817116411755,True,21,False,ok,7.07576242135099e-11,1.20323984249214,0.948522210837698,2.38642406756568,16.7401983786274,0.691468953753812,0
nominal,24,0.5,22270822,137,34,34,True,0.46621659249246,643.011602681023,True,15,False,ok,7.04039434092455e-11,1.14746016042399,0.916305950619457,2.21027983131323,12.131784883294,0.87466789222048,1
nominal,24,0.5,22270823,130,34,34,True,0.481287486958569,618.838174350397,True,27,False,ok,9.58373563410578e-11,1.13948852626781,0.905697298070466,2.21772268711788,10.9682793446876,0.8173896379183,2
nominal,24,0.5,22270824,134,34,34,True,0.484210120195197,603.908836283301,True,19,False,ok,7.66802961579476e-11,1.38704894761688,1.11388080306565,2.6635234361521,21.4837210319978,1.81685264682734,3
nominal,24,0.5,22270825,125,34,34,True,0.480172002243939,618.555953793215,False,30,True,max_iterations_reached,1.0177834317821e-10,,,,,,4
nominal,24,0.5,22270826,134,34,34,True,0.476000166310867,615.971006886107,True,16,False,ok,5.42809769655637e-11,1.1096327430997,0.886943972644474,2.22374065209614,1.69046992832071,0.466080778447862,5
nominal,24,0.5,22270827,133,34,34,True,0.483221307761895,607.65301230146,True,14,False,ok,9.96315827883835e-11,1.28183453426803,1.0262527084783,2.49483741036691,5.90659406649815,0.707693205458498,6
nominal,24,0.5,22270828,134,34,34,True,0.478730960072943,617.558348523574,True,21,False,ok,9.28155695284459e-11,1.25072567900782,0.986399924895307,2.42914596631341,18.3751716731482,0.995072069109871,7
nominal,24,0.5,22270829,127,34,34,True,0.464221339948057,619.698317199053,True,14,False,ok,4.89014666018416e-11,1.38263743136743,1.11250894688229,2.59029810299456,27.4729599368005,1.75094963551497,8
nominal,24,0.5,22270830,123,34,34,True,0.464946242972047,608.116338464003,True,17,False,ok,8.21522525014606e-11,1.10894919311198,0.87690353063071,2.23120461900539,12.8658050589693,0.607819337657193,9
nominal,24,0.5,22270831,133,34,34,True,0.464025249046014,621.462115815288,True,21,False,ok,9.59660758219278e-11,1.43318483157804,1.14408862505883,2.77252882820811,25.9790464610577,1.47086464350043,10
nominal,24,0.5,22270832,127,34,34,True,0.466213438082799,615.305139820072,True,19,False,ok,9.40068456056713e-11,1.26033627250273,0.995433150186977,2.52608174461599,21.4094295350017,1.20749153220787,11
nominal,24,0.5,22270833,139,34,34,True,0.476502064263369,627.366758830653,True,18,False,ok,8.02305315257173e-11,1.2182598330549,0.98543194237953,2.38189205890009,18.1846013030106,1.18812240024836,12
nominal,24,0.5,22270834,128,34,34,True,0.473657429248462,577.409645860533,True,24,False,ok,9.58097344481645e-11,1.31218455820722,1.05107602174229,2.52579885990363,22.4321177299858,1.51982641829949,13
nominal,24,0.5,22270835,130,34,34,True,0.47497230390797,614.170207423005,True,21,False,ok,7.61332652337214e-11,1.09052918278005,0.878295281090298,2.06563072123167,7.75565622526421,0.675563776843163,14
nominal,24,0.5,22270836,133,34,34,True,0.472442258062486,626.858311562589,True,15,False,ok,2.74929940811081e-11,1.16056096836149,0.927630112124395,2.24858214979697,16.5259979506149,0.918832924941408,15
nominal,24,0.5,22270837,132,34,34,True,0.472009770524235,612.348894738653,True,17,False,ok,5.99547333453269e-11,1.15296244259431,0.919775887292651,2.31579241443267,17.2158997117193,1.1235965441787,16
nominal,24,0.5,22270838,137,34,34,True,0.478172483059924,628.781881928606,True,18,False,ok,6.01796210039326e-11,1.03091611564395,0.815547287573515,2.03459227798386,11.3942459488405,0.592543758154165,17
nominal,24,0.5,22270839,138,34,34,True,0.471984883875756,639.131323289473,True,22,False,ok,6.91440283753163e-11,1.31231367406662,1.05075210476129,2.59025105413038,18.0070524487669,1.21278578827237,18
nominal,24,0.5,22270840,132,34,34,True,0.47034862090947,604.974197593595,True,23,False,ok,8.58198500019366e-11,1.19731605291882,0.941271872145707,2.40049378917178,12.8816193361023,0.827703521558165,19
nominal,24,0.5,22270841,128,34,34,True,0.473764451617024,606.340898117517,True,14,False,ok,7.75254476487399e-11,1.22499321339721,0.986815503908856,2.33205644371139,14.1653462083641,1.15957606197696,20
nominal,24,0.5,22270842,133,34,34,True,0.479457727796309,623.37490227409,True,18,False,ok,6.91803408642754e-11,1.293518681149,1.03734696110618,2.4967480935139,23.1356813476411,1.22020752189992,21
nominal,24,0.5,22270843,130,34,34,True,0.485872708548446,628.979104215052,False,30,True,max_iterations_reached,1.26867442640245e-10,,,,,,22
nominal,24,0.5,22270844,134,34,34,True,0.460057293216694,643.660122337032,True,19,False,ok,8.80551058334265e-11,1.12996482951934,0.90904482176444,2.25127354067922,12.8424637777177,1.01509096063689,23
nominal,24,0.5,22270845,134,34,34,True,0.484059612114174,619.138618701072,True,27,False,ok,8.39277401815178e-11,1.09354403489094,0.864057244093586,2.21631081832552,14.3605277494227,0.868282020575968,24
nominal,24,0.5,22270846,127,34,34,True,0.47545818589553,574.404416114301,True,20,False,ok,7.14313979419597e-11,1.25543226404146,0.989301429005421,2.49896479346212,18.7644686167507,0.992891823601362,25
nominal,24,0.5,22270847,136,34,34,True,0.484515510730148,623.452935148065,False,30,True,max_iterations_reached,1.09464203549984e-10,,,,,,26
nominal,24,0.5,22270848,128,34,34,True,0.47272747582792,594.041068521256,True,16,False,ok,4.89438610496009e-11,1.04508345006732,0.82823395443016,2.00486002654479,9.58911549047522,0.691094276099228,27
nominal,24,0.5,22270849,131,34,34,True,0.465604921674789,611.116649935374,True,17,False,ok,7.65613084072401e-11,1.50305085789267,1.23107834108257,2.83508927059586,31.1911854429555,1.70927619077429,28
nominal,24,0.5,22270850,136,34,34,True,0.463633192231177,629.537403513209,True,17,False,ok,7.53968076110642e-11,1.42648300211219,1.14324164967545,2.76855244376146,29.546478740084,1.79053592294153,29
nominal,24,0.5,22270851,133,34,34,True,0.480405423280646,608.258301365383,True,15,False,ok,6.09654962479326e-11,1.08693106695886,0.872706095386209,2.16088749427943,7.71867959294839,0.612103679137396,30
nominal,24,0.5,22270852,131,34,34,True,0.470984185651372,588.363769172642,True,16,False,ok,7.61331408692352e-11,1.13280546665267,0.908139587658237,2.16013849542351,14.3287333172323,0.803744878546556,31
nominal,24,0.5,22270853,135,34,34,True,0.482005188189231,608.621661774841,True,19,False,ok,8.08105235790868e-11,1.07948285928166,0.856353996495596,2.12939622504677,7.71984401628136,0.371274477888228,32
nominal,24,0.5,22270854,133,34,34,True,0.473633518406395,624.761324916358,True,13,False,ok,9.65306011813769e-11,1.18224046486644,0.949397109248854,2.30281983405778,18.166474636201,1.21123614225218,33
nominal,24,0.5,22270855,128,34,34,True,0.470733397804062,603.531211084715,True,18,False,ok,9.02427091427092e-11,1.14771384833047,0.906374308671646,2.31115026690451,15.4785893759546,0.713017098645969,34
nominal,24,0.5,22270856,127,34,34,True,0.476255348003368,592.473542152936,True,18,False,ok,8.37148249797283e-11,1.2106891473432,0.980522954953748,2.33483736779947,16.5562344656719,1.06919840761824,35
nominal,24,0.5,22270857,136,34,34,True,0.461463436070193,638.152106813285,True,18,False,ok,8.77705793325171e-11,1.30662307956579,1.03228307543795,2.58717483352489,25.3700954648005,1.31408703979246,36
nominal,24,0.5,22270858,132,34,34,True,0.471262018837817,621.676807588853,True,16,False,ok,6.514962670469e-11,1.24205092282113,0.958407424630581,2.53190233234157,17.3545620661938,1.29998764806122,37
nominal,24,0.5,22270859,133,34,34,True,0.462656548282971,644.683148832265,True,13,False,ok,8.08110627205385e-11,1.61605698092106,1.32015651539209,3.01476296937455,35.1308401065105,1.73093548651918,38
nominal,24,0.5,22270860,132,34,34,True,0.477635590961642,628.904423536434,True,27,False,ok,9.68245742006752e-11,1.11000258135831,0.874184232764526,2.19848997791772,14.799635900759,0.784441461931636,39
nominal,24,0.5,22270861,131,34,34,True,0.472488142826365,587.806675213673,True,22,False,ok,7.89566204779246e-11,1.30156195154903,1.01450697088411,2.66686376655318,21.2649277751376,1.14149265907323,40
nominal,24,0.5,22270862,128,34,34,True,0.477325922501878,592.316038618197,True,20,False,ok,7.56528439207343e-11,1.23629445863736,0.998515399710905,2.43047476129625,20.4635333353272,1.44799322067692,41
nominal,24,0.5,22270863,135,34,34,True,0.478036542120021,606.496930130376,True,25,False,ok,9.36178811962287e-11,1.23040574783849,0.973447513424452,2.41864106500778,19.4296688289759,1.2244437807612,42
nominal,24,0.5,22270864,137,34,34,True,0.474720175372144,602.695034788231,True,22,False,ok,7.86006795916665e-11,1.40310250656129,1.12127422544341,2.76586210076708,24.0572421872559,1.77481879657939,43
nominal,24,0.5,22270865,132,34,34,True,0.451156548227885,659.543235009063,True,13,False,ok,8.73728361605756e-11,1.16720714598278,0.928487780065931,2.30024472860482,15.8776037310984,0.908667018394486,44
nominal,24,0.5,22270866,133,34,34,True,0.481439363515601,612.042598039066,True,14,False,ok,6.09873149299668e-11,1.19229091576194,0.949883675411945,2.32802539131462,14.3567057089982,0.711907012548988,45
nominal,24,0.5,22270867,136,34,34,True,0.464530746977179,630.582266330038,True,17,False,ok,6.11617509165826e-11,1.31974920693618,1.05622844323555,2.54591172221197,21.5577126053794,1.49826219003449,46
nominal,24,0.5,22270868,130,34,34,True,0.47615650193534,603.306342724126,True,14,False,ok,5.09695039713032e-11,1.09431829612288,0.872332229957995,2.12575156382258,8.75492121588286,0.645050874704757,47
nominal,24,0.5,22270869,135,34,34,True,0.476098395142551,616.548232948328,True,16,False,ok,9.90766778764959e-11,1.26833415295001,1.01494545352919,2.48338423807226,20.4701920856859,1.48685202331938,48
nominal,24,0.5,22270870,131,34,34,True,0.469633995946917,631.464207123013,True,24,False,ok,5.25230245002408e-11,1.21233499521771,0.979561232663333,2.35994389618028,18.6651952262106,1.26752218323014,49
nominal,24,1,22270821,138,34,34,True,0.703157832173086,463.796442671121,True,22,False,ok,6.77396345031892e-11,1.09889436551212,0.865906579348595,2.19170758648026,8.44581238525138,0.217726455770467,0
nominal,24,1,22270822,137,34,34,True,0.683977694946189,489.592689750231,True,16,False,ok,5.90029551045726e-11,1.0834159842711,0.86422632995896,2.10509255969065,6.05434384396529,0.551815266208945,1
nominal,24,1,22270823,130,34,34,True,0.714099448755608,468.509024603093,True,24,False,ok,7.4304221375928e-11,1.09471694543846,0.872361387438905,2.06363612269946,5.50237337056018,0.546972146084912,2
nominal,24,1,22270824,134,34,34,True,0.715508727028406,458.178030353904,True,20,False,ok,6.23562796148338e-11,1.22996232934793,0.988517167397854,2.34799370113166,10.8122809784967,1.1876765773448,3
nominal,24,1,22270825,125,34,34,True,0.702789207224249,452.370114188233,True,23,False,ok,6.23635850232151e-11,1.09105742801495,0.867615051108769,2.1549842377155,11.6677290185993,0.722643110246825,4
nominal,24,1,22270826,134,34,34,True,0.706896364030331,465.90929548849,True,16,False,ok,5.54151710494493e-11,1.10748486880827,0.885491137506164,2.2010941920799,0.883627609586008,0.424626175516036,5
nominal,24,1,22270827,133,34,34,True,0.71337405519993,462.505295939976,True,14,False,ok,8.22098367010335e-11,1.26498063690817,1.01236606314812,2.46155389397007,2.97019514878556,0.682312609975063,6
nominal,24,1,22270828,134,34,34,True,0.707180047413022,464.162303584061,True,21,False,ok,5.46655757503276e-11,1.11572687264807,0.890159103852873,2.15433331761998,9.11291650875559,0.487253294084203,7
nominal,24,1,22270829,127,34,34,True,0.689923753173081,475.371431157962,True,13,False,ok,7.31866703826067e-11,1.1150287788974,0.895683674318737,2.11572199554926,13.8643017247269,0.950716512568811,8
nominal,24,1,22270830,123,34,34,True,0.690890663397779,454.826262470925,True,17,False,ok,8.28761825482679e-11,1.0460884045617,0.83096003839446,2.09552927653718,6.41254808415224,0.253377217446434,9
nominal,24,1,22270831,133,34,34,True,0.68051855168686,469.200267895881,True,22,False,ok,7.21932155196091e-11,1.19484864886879,0.945874431568749,2.37950423778379,13.0999029913489,0.761728837792485,10
nominal,24,1,22270832,127,34,34,True,0.684135766781629,469.073403967746,True,18,False,ok,9.99846976750035e-11,1.08092354576846,0.857998868957498,2.13676898594741,10.8150055141117,0.587835508900535,11
nominal,24,1,22270833,139,34,34,True,0.704507541955931,470.345359347954,True,13,False,ok,8.86173656877627e-11,1.09210688960874,0.882668098800416,2.12690058429887,9.10949384830034,0.709692845498817,12
nominal,24,1,22270834,128,34,34,True,0.70905367074391,427.937940413628,True,24,False,ok,7.29579836600552e-11,1.13786464239602,0.902809314453027,2.2659701487477,11.0997432515882,0.875729380353372,13
nominal,24,1,22270835,130,34,34,True,0.702255325416363,463.010042812508,True,17,False,ok,6.38351584723925e-11,1.06565332908006,0.859417094197378,2.04238390628291,3.92833517824454,0.459995949410179,14
nominal,24,1,22270836,133,34,34,True,0.70249351075507,476.900648239335,True,14,False,ok,7.15040381235892e-11,1.05300328468017,0.844645272353665,2.08960990382039,8.27325268924021,0.436145516776162,15
nominal,24,1,22270837,132,34,34,True,0.695056429898065,456.83987588894,True,14,False,ok,9.05682508410392e-11,1.03315990082961,0.824995367398445,2.02459967858246,8.32610425619693,0.596150760841079,16
nominal,24,1,22270838,137,34,34,True,0.714822359999093,470.240308985091,True,16,False,ok,8.532685449242e-11,0.982762997447786,0.777158214631088,1.95433693626512,5.73848716028689,0.276381976048247,17
nominal,24,1,22270839,138,34,34,True,0.698704751720073,481.439006036142,True,19,False,ok,6.66626550683499e-11,1.20639591771311,0.966222256325424,2.33455908970228,9.00912120312106,0.793105992168816,18
nominal,24,1,22270840,132,34,34,True,0.702935760389617,458.532610007073,True,22,False,ok,9.81259462110282e-11,1.12446322015172,0.888453380396109,2.21537392060629,6.5164382578437,0.549283666033523,19
nominal,24,1,22270841,128,34,34,True,0.701419083883977,462.268007484503,True,14,False,ok,8.12618871955888e-11,1.14710411382724,0.923321507735383,2.24211807670258,7.06054720099869,0.776982868395727,20
nominal,24,1,22270842,133,34,34,True,0.710120871864825,467.441661603129,True,25,False,ok,7.80360389402218e-11,1.09576478365976,0.870241706800773,2.11240633268552,11.5320052167767,0.541353021101418,21
nominal,24,1,22270843,130,34,34,True,0.70260626880254,456.768885348015,True,23,False,ok,8.07810391344822e-11,1.14196091756343,0.915143826244067,2.21693176237094,9.78338641630308,0.928708814778847,22
nominal,24,1,22270844,134,34,34,True,0.675425348930883,487.48402536363,True,20,False,ok,6.5897427305223e-11,1.06033385923052,0.853660162075341,2.07735247723662,6.43077228886169,0.645768648625909,23
nominal,24,1,22270845,134,34,34,True,0.715060573159757,464.952055733867,True,23,False,ok,4.7203233490501e-11,1.01191638052288,0.80499231661836,2.06200104201883,7.19417262014292,0.442181231003765,24
nominal,24,1,22270846,127,34,34,True,0.703964438742257,432.376299121762,True,20,False,ok,6.33409413764878e-11,1.11742419975459,0.887956585031656,2.20222708065094,9.46594866482159,0.473942196950187,25
nominal,24,1,22270847,136,34,34,True,0.717256279849584,471.670122552058,False,30,True,max_iterations_reached,1.42269057644068e-10,,,,,,26
nominal,24,1,22270848,128,34,34,True,0.695410954963066,451.263756117179,True,14,False,ok,7.8212155985144e-11,1.01186197171064,0.805966348608926,1.94331561237568,4.82007057325923,0.406240067943346,27
nominal,24,1,22270849,131,34,34,True,0.690059524687774,468.391826107,True,17,False,ok,5.21566423131478e-11,1.18216651380683,0.951236460965447,2.29550526981761,15.5927574515619,0.786751751680384,28
nominal,24,1,22270850,136,34,34,True,0.539901292309299,593.26350579193,True,17,False,ok,6.7745717695674e-11,1.11943197228521,0.900258969080624,2.14663116023033,14.7578954138996,0.916947120439843,29
nominal,24,1,22270851,133,34,34,True,0.713784265408034,454.967932981659,True,14,False,ok,7.47277824983769e-11,1.06908955154094,0.857946757252404,2.11984803429104,3.84752165817842,0.444913270502355,30
nominal,24,1,22270852,131,34,34,True,0.702497533855743,429.574180209991,True,26,False,ok,7.84532019565203e-11,1.04468237831577,0.840672617928832,2.01039537284835,7.19692683427792,0.396492511164753,31
nominal,24,1,22270853,135,34,34,True,0.71509728274543,454.419253991843,True,18,False,ok,9.67915969396797e-11,1.05682252074513,0.839843723066877,2.07297695162678,3.80467197627457,0.22585440949546,32
nominal,24,1,22270854,133,34,34,True,0.700638768591869,474.821572440183,True,13,False,ok,6.77512397434723e-11,1.04619437960041,0.841422460796816,2.01518966025009,9.09852832413588,0.68074009368792,33
nominal,24,1,22270855,128,34,34,True,0.707384444524107,457.045169234178,True,18,False,ok,5.82983705228161e-11,1.05515090165984,0.837783831468902,2.12879923372853,7.74365546314786,0.25371633739597,34
nominal,24,1,22270856,127,34,34,True,0.708474033841049,443.391830863984,True,18,False,ok,9.62845474713826e-11,1.09715048954696,0.879843505264293,2.13311630116344,8.35843989801413,0.604817599490399,35
nominal,24,1,22270857,136,34,34,True,0.680616722187749,484.367204383586,True,18,False,ok,7.20974231840763e-11,1.08019562868393,0.865096585298372,2.11485923727168,12.7671759516399,0.567956030176929,36
nominal,24,1,22270858,132,34,34,True,0.697979264221531,474.534080749737,True,15,False,ok,6.43941689819427e-11,1.11625481504957,0.881056614133015,2.20664607640213,8.73866258917826,0.804751274165893,37
nominal,24,1,22270859,133,34,34,True,0.683177235294723,485.765010619217,True,13,False,ok,8.25784065378477e-11,1.20907593261189,0.972798447740397,2.34046639392815,17.4176902838699,0.690713887044862,38
nominal,24,1,22270860,132,34,34,True,0.711641319356806,471.488398767778,True,20,False,ok,5.1844924764301e-11,1.03106652715215,0.812110214736876,2.1414597594358,7.44679161095594,0.36809823586881,39
nominal,24,1,22270861,131,34,34,True,0.69317167988261,447.539740813043,True,21,False,ok,8.75339676717063e-11,1.13254750769265,0.898037298807479,2.24413585258461,10.760778267309,0.526865626016226,40
nominal,24,1,22270862,128,34,34,True,0.712646606992732,441.157333646969,True,20,False,ok,6.50372302898066e-11,1.08617669595081,0.874673558373901,2.08350095071319,10.2339864897552,0.84635585012096,41
nominal,24,1,22270863,135,34,34,True,0.714612978031334,450.173962225984,True,13,False,ok,7.6741703842488e-11,1.07821747217235,0.862279300284083,2.06431942774978,9.45688771695711,0.6403640428578,42
nominal,24,1,22270864,137,34,34,True,0.700529926684293,455.890227010493,True,22,False,ok,6.42036856335156e-11,1.19046405292885,0.94898652809439,2.3243486472854,12.0801485834171,1.08138881347608,43
nominal,24,1,22270865,132,34,34,True,0.664311514307604,499.71884027997,True,13,False,ok,8.07675743932608e-11,1.07127144430478,0.856287805676373,2.07354911592685,7.96244327091233,0.451138474358738,44
nominal,24,1,22270866,133,34,34,True,0.715462659242332,464.803427632206,True,19,False,ok,9.86385724649561e-11,1.11203218309527,0.886160575463336,2.1716657647481,7.19055545213956,0.386482069229222,45
nominal,24,1,22270867,136,34,34,True,0.681196284828103,473.265230162267,True,16,False,ok,8.12213482414706e-11,1.14047998254949,0.90678483852858,2.23048002952613,10.7017479896949,0.880547446589235,46
nominal,24,1,22270868,130,34,34,True,0.707584757339264,456.207753024022,True,14,False,ok,6.29134501124656e-11,1.06009045922627,0.843573054137305,2.10688508639603,4.46509702623417,0.423151904907793,47
nominal,24,1,22270869,135,34,34,True,0.707182131003529,468.976606265409,True,16,False,ok,9.86671768871715e-11,1.11996115475075,0.902829421517393,2.17509749003675,10.217237331555,0.915633807613478,48
nominal,24,1,22270870,131,34,34,True,0.698337080241661,477.938358207816,True,24,False,ok,6.32110827211221e-11,1.08040688218695,0.869526642184051,2.10770225521593,9.26820310668186,0.723199142671643,49
stress,4,0.25,22280821,17,14,14,True,0.0764571738804622,1476.36982942542,False,30,True,max_iterations_reached,6.60912261965845e-07,,,,,,0
stress,4,0.25,22280822,13,14,12,False,1.61323650326007e-15,inf,False,0,True,rank_deficient_design,,,,,,,1
stress,4,0.25,22280823,22,14,14,True,0.136061206640901,907.600327958373,False,30,True,max_iterations_reached,5.96650589694929e-08,,,,,,2
stress,4,0.25,22280824,22,14,14,True,0.138672281526025,849.394347530283,True,14,False,ok,6.85393080220266e-11,72.9006384977298,45.393653143605,167.144069194803,1988.95668076428,136.870656594493,3
stress,4,0.25,22280825,19,14,14,True,0.133076261979837,920.553792783177,False,30,True,max_iterations_reached,4.94006804218892e-06,,,,,,4
stress,4,0.25,22280826,17,14,14,True,0.0796081984283604,1507.77948569402,False,30,True,max_iterations_reached,5.16348727404181e-06,,,,,,5
stress,4,0.25,22280827,17,14,13,False,2.12708323756409e-15,inf,False,0,True,rank_deficient_design,,,,,,,6
stress,4,0.25,22280828,18,14,14,True,0.112324667481959,1080.44457239202,False,30,True,max_iterations_reached,2.5459182243542e-06,,,,,,7
stress,4,0.25,22280829,19,14,14,True,0.0870503817560488,1118.76617317318,True,26,False,ok,7.76144894612498e-11,15.935163699657,11.7674843429661,35.2381950114747,413.429701474988,25.6535710046847,8
stress,4,0.25,22280830,17,14,14,True,0.0971565366758991,1165.17115343701,False,30,True,max_iterations_reached,4.44520572986915e-07,,,,,,9
stress,4,0.25,22280831,16,14,13,False,1.883962652329e-16,inf,False,0,True,rank_deficient_design,,,,,,,10
stress,4,0.25,22280832,19,14,14,True,0.0993913594201984,1150.42835760317,True,24,False,ok,5.14956798302297e-11,73.9499296805315,41.1856306538788,194.42316507952,2027.59725481467,140.716099340904,11
stress,4,0.25,22280833,13,14,12,False,8.89543008504046e-17,inf,False,0,True,rank_deficient_design,,,,,,,12
stress,4,0.25,22280834,14,14,13,False,1.49697003700102e-17,inf,False,0,True,rank_deficient_design,,,,,,,13
stress,4,0.25,22280835,18,14,14,True,0.0684433878423427,1587.48098804749,True,27,False,ok,4.1825518074699e-12,14.2677490799242,11.0776942457395,29.2402508155644,356.209320766657,26.1646849890656,14
stress,4,0.25,22280836,13,14,12,False,8.5504560355909e-18,inf,False,0,True,rank_deficient_design,,,,,,,15
stress,4,0.25,22280837,19,14,14,True,0.137790496729358,786.005145997775,False,30,True,max_iterations_reached,2.22751116673315e-09,,,,,,16
stress,4,0.25,22280838,20,14,13,False,2.00743482790796e-16,inf,False,0,True,rank_deficient_design,,,,,,,17
stress,4,0.25,22280839,18,14,14,True,0.0977615844155518,1155.75299217017,False,30,True,max_iterations_reached,1.15562765386237e-06,,,,,,18
stress,4,0.25,22280840,20,14,14,True,0.0990537796055503,1214.50083809776,True,14,False,ok,3.49454068578549e-11,81.2359116991316,59.7333497588965,169.479048337264,2300.91062360698,123.762273504351,19
stress,4,0.25,22280841,17,14,14,True,0.0846609605903969,1439.80490427468,False,30,True,max_iterations_reached,2.83616017491311e-05,,,,,,20
stress,4,0.25,22280842,16,14,14,True,0.083756963768895,1350.16960590654,True,25,False,ok,7.95620971179441e-13,17.1468320808284,13.0099890216897,35.6095033152926,451.531942301109,25.8192810579245,21
stress,4,0.25,22280843,17,14,14,True,0.0920991861301389,1177.41410368514,True,18,False,ok,1.63086861171764e-11,29.7802014187185,24.2396707513913,56.0779686483957,797.551750428618,46.9219467439457,22
stress,4,0.25,22280844,20,14,14,True,0.12504959371034,973.37702348927,False,30,True,max_iterations_reached,1.15447273406274e-05,,,,,,23
stress,4,0.25,22280845,18,14,14,True,0.131019169700315,931.072703945743,False,30,True,max_iterations_reached,8.26134809467422e-08,,,,,,24
stress,4,0.25,22280846,21,14,14,True,0.138046213585852,883.818532918614,False,30,True,max_iterations_reached,5.5852831741575e-10,,,,,,25
stress,4,0.25,22280847,18,14,14,True,0.082030046445799,1472.59563978133,False,30,True,max_iterations_reached,1.24723548224887e-05,,,,,,26
stress,4,0.25,22280848,16,14,12,False,4.90061719223931e-16,inf,False,0,True,rank_deficient_design,,,,,,,27
stress,4,0.25,22280849,15,14,12,False,1.46341580757574e-17,inf,False,0,True,rank_deficient_design,,,,,,,28
stress,4,0.25,22280850,19,14,14,True,0.093884005300573,1297.43244809074,False,30,True,max_iterations_reached,1.3286883564967e-06,,,,,,29
stress,4,0.25,22280851,16,14,13,False,6.11280921113736e-17,inf,False,0,True,rank_deficient_design,,,,,,,30
stress,4,0.25,22280852,17,14,14,True,0.122222526540307,924.319196201011,False,30,True,max_iterations_reached,3.57256398920807e-07,,,,,,31
stress,4,0.25,22280853,15,14,13,False,1.48168339680296e-17,inf,False,0,True,rank_deficient_design,,,,,,,32
stress,4,0.25,22280854,14,14,12,False,1.93302297357575e-17,inf,False,0,True,rank_deficient_design,,,,,,,33
stress,4,0.25,22280855,17,14,14,True,0.0152745811143633,6336.51254441181,True,14,False,ok,4.34822539580881e-11,17.4423005758746,13.4045291018338,35.6282327837221,471.258135776687,23.4093563933458,34
stress,4,0.25,22280856,19,14,14,True,0.0826027267901516,1484.91531729745,False,30,True,max_iterations_reached,7.40339640334075e-06,,,,,,35
stress,4,0.25,22280857,17,14,14,True,0.0699300512770553,1410.35801869806,True,27,False,ok,2.37585475481337e-13,30.5719992399893,21.2677220431605,69.5665683063339,837.497540470609,55.0423088301959,36
stress,4,0.25,22280858,19,14,13,False,3.760301831726e-15,inf,False,0,True,rank_deficient_design,,,,,,,37
stress,4,0.25,22280859,18,14,13,False,2.575806325997e-15,inf,False,0,True,rank_deficient_design,,,,,,,38
stress,4,0.25,22280860,16,14,13,False,4.19467292262067e-15,inf,False,0,True,rank_deficient_design,,,,,,,39
stress,4,0.25,22280861,16,14,14,True,0.0884195662545605,1089.8259130163,True,25,False,ok,5.98085574144389e-13,24.0514326256383,19.8842640934366,43.8789968996895,674.644317635999,43.2821390668416,40
stress,4,0.25,22280862,20,14,14,True,0.108392434803939,1136.11950011717,True,14,False,ok,4.16475909469165e-11,93.58621473061,73.3400346962908,190.935475492516,2621.04241282202,137.16079686714,41
stress,4,0.25,22280863,15,14,14,True,0.00531677631885167,18359.0763947249,True,22,False,ok,4.78375623426769e-12,21.0287632475249,17.2100820532435,39.6392294624939,543.423855989247,28.1632224424855,42
stress,4,0.25,22280864,17,14,13,False,8.87348178838174e-17,inf,False,0,True,rank_deficient_design,,,,,,,43
stress,4,0.25,22280865,18,14,14,True,0.130357319719724,927.509372116165,False,30,True,max_iterations_reached,9.38435944347018e-06,,,,,,44
stress,4,0.25,22280866,18,14,13,False,1.50815791630789e-16,inf,False,0,True,rank_deficient_design,,,,,,,45
stress,4,0.25,22280867,19,14,14,True,0.105581710887351,1171.4847692453,False,30,True,max_iterations_reached,6.48863792286544e-06,,,,,,46
stress,4,0.25,22280868,20,14,14,True,0.135611744678337,895.353784968379,True,15,False,ok,4.50041715262816e-11,110.432850832415,72.9502694056438,246.488080685334,3096.11083346187,208.337969299792,47
stress,4,0.25,22280869,20,14,14,True,0.129130563904511,948.851645080439,False,30,True,max_iterations_reached,3.41911458465593e-06,,,,,,48
stress,4,0.25,22280870,20,14,14,True,0.1263815503491,971.490373408341,False,30,True,max_iterations_reached,3.86817844354358e-09,,,,,,49
stress,4,0.5,22280821,17,14,14,True,0.133222624678201,925.36758210435,False,30,True,max_iterations_reached,2.57092668036796e-07,,,,,,0
stress,4,0.5,22280822,13,14,12,False,3.7671267883105e-17,inf,False,0,True,rank_deficient_design,,,,,,,1
stress,4,0.5,22280823,22,14,14,True,0.257768630940909,499.842303154817,False,30,True,max_iterations_reached,1.39069139449977e-07,,,,,,2
stress,4,0.5,22280824,22,14,14,True,0.260644629593176,476.447885123421,True,14,False,ok,5.51473110469773e-11,39.7868636010192,25.8682942225633,94.2406974841153,982.617020955041,76.4696984815655,3
stress,4,0.5,22280825,19,14,14,True,0.248406407055226,515.057586268841,False,30,True,max_iterations_reached,1.13806672567688e-06,,,,,,4
stress,4,0.5,22280826,17,14,14,True,0.154231211671895,813.416135257726,False,30,True,max_iterations_reached,1.29099912829801e-06,,,,,,5
stress,4,0.5,22280827,17,14,13,False,1.07676878707769e-15,inf,False,0,True,rank_deficient_design,,,,,,,6
stress,4,0.5,22280828,18,14,14,True,0.230343769149775,550.070515637296,False,30,True,max_iterations_reached,7.00162382218361e-07,,,,,,7
stress,4,0.5,22280829,19,14,14,True,0.201584447606771,502.793895371632,True,28,False,ok,8.6584434164317e-11,9.80154395964745,7.73937691088339,19.5491633976478,206.736562181381,13.6526053106964,8
stress,4,0.5,22280830,17,14,14,True,0.186074231459854,664.12325663964,False,30,True,max_iterations_reached,1.813338667773e-07,,,,,,9
stress,4,0.5,22280831,16,14,13,False,2.41223695546263e-16,inf,False,0,True,rank_deficient_design,,,,,,,10
stress,4,0.5,22280832,19,14,14,True,0.22226262999583,545.073523276051,True,22,False,ok,9.92335357704527e-11,41.3539694324492,22.9309024162479,112.535639997162,1006.12892638328,80.1776679589547,11
stress,4,0.5,22280833,13,14,12,False,8.33934850459941e-16,inf,False,0,True,rank_deficient_design,,,,,,,12
stress,4,0.5,22280834,14,14,13,False,3.31661914180299e-18,inf,False,0,True,rank_deficient_design,,,,,,,13
stress,4,0.5,22280835,18,14,14,True,0.117616910558714,993.738686930187,True,27,False,ok,7.11992413068045e-12,9.39036325526006,7.30362001421974,19.1939320667735,177.272588458322,15.4920749630728,14
stress,4,0.5,22280836,13,14,12,False,9.78825931184346e-17,inf,False,0,True,rank_deficient_design,,,,,,,15
stress,4,0.5,22280837,19,14,14,True,0.259578900764657,448.899108750485,False,30,True,max_iterations_reached,1.5253734678809e-09,,,,,,16
stress,4,0.5,22280838,20,14,13,False,2.58461480430382e-16,inf,False,0,True,rank_deficient_design,,,,,,,17
stress,4,0.5,22280839,18,14,14,True,0.186281883750699,662.298798547959,False,30,True,max_iterations_reached,6.51747068118696e-07,,,,,,18
stress,4,0.5,22280840,20,14,14,True,0.222720717942741,563.007457261552,True,13,False,ok,9.06327971090516e-11,43.817150636445,33.6591173881077,92.22581785979,1127.735549312,54.0843711452559,19
stress,4,0.5,22280841,17,14,14,True,0.195310087827673,651.750071585384,False,30,True,max_iterations_reached,4.7867383935423e-06,,,,,,20
stress,4,0.5,22280842,16,14,14,True,0.18560081791506,665.08596834621,True,24,False,ok,6.16042476349029e-13,10.1703697428259,7.99702073536924,20.5680278265592,223.351383190361,12.4704358417407,21
stress,4,0.5,22280843,17,14,14,True,0.195598677010195,596.530597529416,True,17,False,ok,1.54026136502733e-11,17.1796289174728,14.0000880122889,32.8709818279076,399.062269124045,23.3449116738889,22
stress,4,0.5,22280844,20,14,14,True,0.233613548391441,544.112973173546,False,30,True,max_iterations_reached,3.12624522241995e-06,,,,,,23
stress,4,0.5,22280845,18,14,14,True,0.24670194312727,516.329077086522,False,30,True,max_iterations_reached,8.57471481387394e-08,,,,,,24
stress,4,0.5,22280846,21,14,14,True,0.260017253177827,490.132314083768,False,30,True,max_iterations_reached,1.13296339618917e-10,,,,,,25
stress,4,0.5,22280847,18,14,14,True,0.172050305077878,733.611015827351,False,30,True,max_iterations_reached,3.52793374149383e-06,,,,,,26
stress,4,0.5,22280848,16,14,12,False,1.44733703687327e-15,inf,False,0,True,rank_deficient_design,,,,,,,27
stress,4,0.5,22280849,15,14,12,False,1.32926680471204e-17,inf,False,0,True,rank_deficient_design,,,,,,,28
stress,4,0.5,22280850,19,14,14,True,0.18547214173447,685.545650536804,False,30,True,max_iterations_reached,2.98829816530539e-07,,,,,,29
stress,4,0.5,22280851,16,14,13,False,7.50728420194353e-17,inf,False,0,True,rank_deficient_design,,,,,,,30
stress,4,0.5,22280852,17,14,14,True,0.228598697146975,539.519005219852,False,30,True,max_iterations_reached,8.24200222132038e-08,,,,,,31
stress,4,0.5,22280853,15,14,13,False,4.45866112077553e-17,inf,False,0,True,rank_deficient_design,,,,,,,32
stress,4,0.5,22280854,14,14,12,False,6.72590108255261e-18,inf,False,0,True,rank_deficient_design,,,,,,,33
stress,4,0.5,22280855,17,14,14,True,0.0379996297111113,2462.82033946059,True,14,False,ok,2.78878412406239e-11,10.7802805593297,8.45776358047911,21.6830915991206,231.206934044273,9.22766593720425,34
stress,4,0.5,22280856,19,14,14,True,0.143607917656915,891.57036985811,False,30,True,max_iterations_reached,1.86942051718846e-06,,,,,,35
stress,4,0.5,22280857,17,14,14,True,0.120671672678221,933.569658224751,True,26,False,ok,3.1081079653512e-12,16.7555372185397,12.0669934957323,38.8767237785117,421.67359830769,30.184567336265,36
stress,4,0.5,22280858,19,14,13,False,7.43145431428005e-15,inf,False,0,True,rank_deficient_design,,,,,,,37
stress,4,0.5,22280859,18,14,13,False,5.79628600536758e-15,inf,False,0,True,rank_deficient_design,,,,,,,38
stress,4,0.5,22280860,16,14,13,False,4.35871028945404e-15,inf,False,0,True,rank_deficient_design,,,,,,,39
stress,4,0.5,22280861,16,14,14,True,0.202473950441541,464.316893548183,True,25,False,ok,1.15110327492935e-13,13.2862700877345,11.1631699924567,23.9108395072993,336.48066682865,23.1621172675605,40
stress,4,0.5,22280862,20,14,14,True,0.23305738745289,551.378890634663,True,12,False,ok,9.03995055928895e-11,52.3115078347201,39.7935266179564,108.544596078582,1310.45734767062,59.3943263920444,41
stress,4,0.5,22280863,15,14,14,True,0.0141564534389921,7886.81296465096,True,22,False,ok,3.31810686659771e-13,13.1010573130667,10.8262613571951,24.3954451274803,269.979625794828,12.7328528727527,42
stress,4,0.5,22280864,17,14,13,False,1.18825866576667e-16,inf,False,0,True,rank_deficient_design,,,,,,,43
stress,4,0.5,22280865,18,14,14,True,0.250799193400022,503.841914629984,False,30,True,max_iterations_reached,2.68692755741722e-06,,,,,,44
stress,4,0.5,22280866,18,14,13,False,2.3755745917545e-16,inf,False,0,True,rank_deficient_design,,,,,,,45
stress,4,0.5,22280867,19,14,14,True,0.229808408017396,561.321633299435,False,30,True,max_iterations_reached,1.63375987551491e-06,,,,,,46
stress,4,0.5,22280868,20,14,14,True,0.258589336635451,488.519390114789,True,14,False,ok,6.85420136519673e-11,59.2880678300821,39.6177735683037,135.733072415743,1544.53889538054,116.134442818568,47
stress,4,0.5,22280869,20,14,14,True,0.245805680964668,520.008899979163,False,30,True,max_iterations_reached,8.12916215320435e-08,,,,,,48
stress,4,0.5,22280870,20,14,14,True,0.234348730891417,546.977031051313,False,30,True,max_iterations_reached,8.31305361036573e-10,,,,,,49
stress,4,1,22280821,17,14,14,True,0.211699901716191,694.224037681941,False,30,True,max_iterations_reached,1.27198780219921e-07,,,,,,0
stress,4,1,22280822,13,14,12,False,1.08831241381717e-15,inf,False,0,True,rank_deficient_design,,,,,,,1
stress,4,1,22280823,22,14,14,True,0.426957976806317,347.491417285944,False,30,True,max_iterations_reached,5.65443151904216e-08,,,,,,2
stress,4,1,22280824,22,14,14,True,0.426825332427707,340.865898395334,True,14,False,ok,5.23998253849674e-11,25.8460741713903,17.6892385088598,61.5724551667625,488.301302007659,46.906239421776,3
stress,4,1,22280825,19,14,14,True,0.408570372750943,361.392551656463,False,30,True,max_iterations_reached,2.24830583199413e-07,,,,,,4
stress,4,1,22280826,17,14,14,True,0.278745534557143,525.684539931551,False,30,True,max_iterations_reached,3.04823900627906e-07,,,,,,5
stress,4,1,22280827,17,14,13,False,1.95180698685631e-15,inf,False,0,True,rank_deficient_design,,,,,,,6
stress,4,1,22280828,18,14,14,True,0.379873150600055,385.271977940363,False,30,True,max_iterations_reached,1.9554153146317e-07,,,,,,7
stress,4,1,22280829,19,14,14,True,0.410256617355114,356.755073442942,False,30,True,max_iterations_reached,1.18786951099638e-10,,,,,,8
stress,4,1,22280830,17,14,14,True,0.339561324408431,433.533614761533,False,30,True,max_iterations_reached,5.69233417620554e-08,,,,,,9
stress,4,1,22280831,16,14,13,False,1.21184706582485e-15,inf,False,0,True,rank_deficient_design,,,,,,,10
stress,4,1,22280832,19,14,14,True,0.41583215280683,344.572053562945,True,22,False,ok,5.58745496756714e-11,28.4224450990515,16.4216987190872,80.7766562021907,501.224545079437,50.5967309291927,11
stress,4,1,22280833,13,14,12,False,1.08436765433388e-15,inf,False,0,True,rank_deficient_design,,,,,,,12
stress,4,1,22280834,14,14,13,False,4.17421623787571e-18,inf,False,0,True,rank_deficient_design,,,,,,,13
stress,4,1,22280835,18,14,14,True,0.180600966806768,781.971429654243,True,27,False,ok,6.09737201651589e-12,7.72368469176091,6.1037929079639,15.0452885629118,88.437168428865,10.2520581330736,14
stress,4,1,22280836,13,14,12,False,6.87700235034096e-17,inf,False,0,True,rank_deficient_design,,,,,,,15
stress,4,1,22280837,19,14,14,True,0.427526126117756,329.500012115552,False,30,True,max_iterations_reached,3.69979978102393e-08,,,,,,16
stress,4,1,22280838,20,14,13,False,1.29840781328369e-15,inf,False,0,True,rank_deficient_design,,,,,,,17
stress,4,1,22280839,18,14,14,True,0.331129755014678,444.035398276847,False,30,True,max_iterations_reached,3.62215845818808e-07,,,,,,18
stress,4,1,22280840,20,14,14,True,0.4162772231331,347.490177859315,True,13,False,ok,6.1712069832737e-11,28.3200110472403,22.7147629658289,58.1729967379068,558.296055203558,22.4239405019985,19
stress,4,1,22280841,17,14,14,True,0.405391488411014,362.53720746854,False,30,True,max_iterations_reached,8.47391463451371e-07,,,,,,20
stress,4,1,22280842,16,14,14,True,0.334841442286687,439.180139125995,True,22,False,ok,8.98247321502606e-11,7.54846937628198,6.04782622993542,14.7453440153132,111.082869466081,6.41940848340828,21
stress,4,1,22280843,17,14,14,True,0.284877588965224,495.120073135247,True,17,False,ok,4.889587672528e-12,12.1140518422828,9.95624828307767,23.2549660360833,199.684983060524,12.6318558363037,22
stress,4,1,22280844,20,14,14,True,0.386471950949004,379.84518765552,False,30,True,max_iterations_reached,7.3052439660582e-07,,,,,,23
stress,4,1,22280845,18,14,14,True,0.407171914974294,361.131644189586,False,30,True,max_iterations_reached,9.71899367694769e-08,,,,,,24
stress,4,1,22280846,21,14,14,True,0.411184976673522,343.852874419069,True,19,False,ok,8.18635968936234e-11,6.69285921603691,5.41993536675159,13.0323733682019,81.6874691380379,6.3208132316451,25
stress,4,1,22280847,18,14,14,True,0.332306438598469,439.33117213217,False,30,True,max_iterations_reached,7.71865127715484e-07,,,,,,26
stress,4,1,22280848,16,14,12,False,7.03068309396297e-16,inf,False,0,True,rank_deficient_design,,,,,,,27
stress,4,1,22280849,15,14,12,False,3.43985033925192e-17,inf,False,0,True,rank_deficient_design,,,,,,,28
stress,4,1,22280850,19,14,14,True,0.34706796781496,422.812169641163,False,30,True,max_iterations_reached,4.37027691490794e-08,,,,,,29
stress,4,1,22280851,16,14,13,False,7.57117138781904e-17,inf,False,0,True,rank_deficient_design,,,,,,,30
stress,4,1,22280852,17,14,14,True,0.379384969775729,387.372370613103,False,30,True,max_iterations_reached,1.87305302856894e-08,,,,,,31
stress,4,1,22280853,15,14,13,False,9.42680138580932e-17,inf,False,0,True,rank_deficient_design,,,,,,,32
stress,4,1,22280854,14,14,12,False,2.37372611932533e-18,inf,False,0,True,rank_deficient_design,,,,,,,33
stress,4,1,22280855,17,14,14,True,0.0712067298781298,1635.73273310829,True,14,False,ok,1.32070355717977e-11,8.43974984986552,6.8548616784946,15.8969570031296,114.532458431953,3.27872784075667,34
stress,4,1,22280856,19,14,14,True,0.22819165954324,647.091271594927,False,30,True,max_iterations_reached,4.42019388053635e-07,,,,,,35
stress,4,1,22280857,17,14,14,True,0.190251102189605,742.862918905763,True,25,False,ok,9.98977994928176e-12,10.7109108119652,7.99993849670208,24.4023203464112,211.618684014045,17.7198152463002,36
stress,4,1,22280858,19,14,13,False,4.84576783943218e-15,inf,False,0,True,rank_deficient_design,,,,,,,37
stress,4,1,22280859,18,14,13,False,3.17086635443964e-15,inf,False,0,True,rank_deficient_design,,,,,,,38
stress,4,1,22280860,16,14,13,False,3.46948735699914e-15,inf,False,0,True,rank_deficient_design,,,,,,,39
stress,4,1,22280861,16,14,14,True,0.361680329457762,323.4264659328,True,24,False,ok,2.36838520283886e-13,8.77157284991735,7.24912000606659,16.6391157117314,168.039377478106,13.306151317449,40
stress,4,1,22280862,20,14,14,True,0.409441793990997,361.567243345301,True,13,False,ok,4.03225791083905e-11,35.193931876706,26.7643662460301,77.4959281861996,655.198207504095,23.8263606582667,41
stress,4,1,22280863,15,14,14,True,0.0283214964479389,4955.25690378041,True,21,False,ok,1.12484585236299e-12,10.1532268485164,8.26749559833846,19.17491380214,134.606022757287,6.56338673627353,42
stress,4,1,22280864,17,14,13,False,6.73518598121787e-17,inf,False,0,True,rank_deficient_design,,,,,,,43
stress,4,1,22280865,18,14,14,True,0.419637653648022,348.396309943772,False,30,True,max_iterations_reached,6.54941932952653e-07,,,,,,44
stress,4,1,22280866,18,14,13,False,1.02274331180729e-15,inf,False,0,True,rank_deficient_design,,,,,,,45
stress,4,1,22280867,19,14,14,True,0.420768294499346,352.763368122274,False,30,True,max_iterations_reached,3.6534490199581e-07,,,,,,46
stress,4,1,22280868,20,14,14,True,0.42760352814768,341.954762114554,True,21,False,ok,8.78363549459698e-11,37.3044737566499,25.042694804198,89.3813181667125,771.751516358076,70.5400262910518,47
stress,4,1,22280869,20,14,14,True,0.409262555483406,359.905717784573,False,30,True,max_iterations_reached,7.69910343129451e-09,,,,,,48
stress,4,1,22280870,20,14,14,True,0.385964918873891,382.971540062189,False,30,True,max_iterations_reached,3.24886000794617e-10,,,,,,49
stress,6,0.25,22280821,30,16,16,True,0.153384787494007,966.738370292579,False,30,True,max_iterations_reached,1.39172963987712e-07,,,,,,0
stress,6,0.25,22280822,26,16,16,True,0.143140128901027,1032.50120577111,False,30,True,max_iterations_reached,2.97565451336458e-08,,,,,,1
stress,6,0.25,22280823,27,16,16,True,0.0459749696111479,3252.46283117397,False,30,True,max_iterations_reached,1.92991607482059e-06,,,,,,2
stress,6,0.25,22280824,26,16,16,True,0.0908022641798164,1556.85198473665,False,30,True,max_iterations_reached,6.48863010648887e-06,,,,,,3
stress,6,0.25,22280825,28,16,16,True,0.143985808274876,1031.31181600035,False,30,True,max_iterations_reached,2.81516730655113e-06,,,,,,4
stress,6,0.25,22280826,22,16,16,True,0.0305659531017105,3836.75961803541,True,30,False,ok,8.83064022904998e-11,139.323821320126,69.8335601370567,368.076232588274,3924.36684608452,262.321127952006,5
stress,6,0.25,22280827,31,16,16,True,0.149303478962468,993.143008349027,True,22,False,ok,6.74159615048577e-11,70.3273933840784,49.4928833029129,166.665531406755,1940.15665619243,129.120734343857,6
stress,6,0.25,22280828,32,16,16,True,0.148030772797162,1009.3952626569,False,30,True,max_iterations_reached,1.94141759220282e-06,,,,,,7
stress,6,0.25,22280829,30,16,16,True,0.149344327920211,949.494957378521,False,30,True,max_iterations_reached,1.93075790391688e-06,,,,,,8
stress,6,0.25,22280830,30,16,16,True,0.149437957124008,999.180726484681,False,30,True,max_iterations_reached,2.29104569696127e-06,,,,,,9
stress,6,0.25,22280831,30,16,16,True,0.134346010838532,1113.51259231146,False,30,True,max_iterations_reached,7.91298936273001e-06,,,,,,10
stress,6,0.25,22280832,30,16,16,True,0.145388922161571,1014.26806873664,False,30,True,max_iterations_reached,2.7927696342002e-06,,,,,,11
stress,6,0.25,22280833,25,16,16,True,0.145138553097324,979.256950053845,False,30,True,max_iterations_reached,4.54649707189732e-08,,,,,,12
stress,6,0.25,22280834,28,16,16,True,0.106725626709866,1393.19224799778,False,30,True,max_iterations_reached,3.44859041662876e-06,,,,,,13
stress,6,0.25,22280835,27,16,16,True,0.133975177683867,1056.50435614435,True,27,False,ok,6.94272200720989e-11,124.93703541113,83.6812318380218,285.342716090028,3487.79914865334,228.218906018599,14
stress,6,0.25,22280836,27,16,16,True,0.14076031810783,1057.98516892421,False,30,True,max_iterations_reached,3.73235641740114e-09,,,,,,15
stress,6,0.25,22280837,29,16,16,True,0.152412420217293,973.850194163771,False,30,True,max_iterations_reached,2.89160428285342e-07,,,,,,16
stress,6,0.25,22280838,31,16,16,True,0.156681457077047,957.959618027577,False,30,True,max_iterations_reached,1.49687797869414e-07,,,,,,17
stress,6,0.25,22280839,27,16,16,True,0.0944236257073099,1350.13014260801,True,30,False,ok,4.2226252553803e-11,46.7205052811493,33.7444582267885,104.204630025401,1286.92544282116,68.6564732815166,18
stress,6,0.25,22280840,27,16,16,True,0.149332863081449,948.523321725287,False,30,True,max_iterations_reached,4.21093387492128e-07,,,,,,19
stress,6,0.25,22280841,29,16,16,True,0.147520317011286,1008.43089291354,False,30,True,max_iterations_reached,1.80167640050489e-07,,,,,,20
stress,6,0.25,22280842,26,16,16,True,0.138141741747971,1024.08364710041,False,30,True,max_iterations_reached,1.08689710996355e-10,,,,,,21
stress,6,0.25,22280843,27,16,16,True,0.128296873437736,1162.63032322512,False,30,True,max_iterations_reached,1.2168514938146e-08,,,,,,22
stress,6,0.25,22280844,30,16,16,True,0.152670320734948,974.055114239581,False,30,True,max_iterations_reached,3.65606949486707e-07,,,,,,23
stress,6,0.25,22280845,31,16,16,True,0.149339306199993,999.079936179759,False,30,True,max_iterations_reached,8.85770634384069e-10,,,,,,24
stress,6,0.25,22280846,32,16,16,True,0.139822940567837,1073.91609552212,False,30,True,max_iterations_reached,3.64789324790047e-07,,,,,,25
stress,6,0.25,22280847,22,16,16,True,0.111085841021525,1253.09801799761,False,30,True,max_iterations_reached,7.89380845292264e-06,,,,,,26
stress,6,0.25,22280848,25,16,16,True,0.138777578638356,975.601204592476,False,30,True,max_iterations_reached,6.21157368117432e-08,,,,,,27
stress,6,0.25,22280849,28,16,16,True,0.149723825005892,990.699764216267,False,30,True,max_iterations_reached,4.29951058277636e-06,,,,,,28
stress,6,0.25,22280850,24,16,16,True,0.0634953263257184,2326.0036717875,False,30,True,max_iterations_reached,1.30121403612913e-07,,,,,,29
stress,6,0.25,22280851,25,16,16,True,0.140800944942758,958.125691024404,False,30,True,max_iterations_reached,9.30089821732401e-09,,,,,,30
stress,6,0.25,22280852,30,16,16,True,0.15222571491531,973.08184866397,False,30,True,max_iterations_reached,8.84927984882229e-06,,,,,,31
stress,6,0.25,22280853,24,16,16,True,0.0627117438011576,2246.68280517987,False,30,True,max_iterations_reached,3.00165754373429e-07,,,,,,32
stress,6,0.25,22280854,22,16,16,True,0.0831431276598344,1620.79460246355,False,30,True,max_iterations_reached,1.14270807715184e-05,,,,,,33
stress,6,0.25,22280855,23,16,16,True,0.0938948036638864,1389.67794875176,False,30,True,max_iterations_reached,1.69568841484047e-07,,,,,,34
stress,6,0.25,22280856,27,16,16,True,0.140454049684481,1009.11728071889,False,30,True,max_iterations_reached,3.38860269350964e-06,,,,,,35
stress,6,0.25,22280857,28,16,16,True,0.11572623026564,1206.31535034461,False,30,True,max_iterations_reached,3.13130501192349e-09,,,,,,36
stress,6,0.25,22280858,31,16,16,True,0.152649720813963,981.258360521317,False,30,True,max_iterations_reached,3.3661091536428e-09,,,,,,37
stress,6,0.25,22280859,27,16,16,True,0.138757911299104,997.612823484074,True,26,False,ok,6.05867716922538e-11,141.682600958792,97.5255796258351,301.205103267777,3934.85407702607,235.640302593263,38
stress,6,0.25,22280860,30,16,16,True,0.143532083259612,1040.7170350106,False,30,True,max_iterations_reached,2.20115977593234e-09,,,,,,39
stress,6,0.25,22280861,23,16,16,True,0.0950841355529733,1450.68803977393,False,30,True,max_iterations_reached,2.33134334511631e-05,,,,,,40
stress,6,0.25,22280862,31,16,16,True,0.155404924584222,959.539257895739,False,30,True,max_iterations_reached,3.27681184358598e-08,,,,,,41
stress,6,0.25,22280863,22,16,16,True,0.0431277906321875,2859.69417636864,False,30,True,max_iterations_reached,3.24304355737437e-07,,,,,,42
stress,6,0.25,22280864,27,16,16,True,0.129013864829566,1074.43232300469,False,30,True,max_iterations_reached,5.04448337500448e-08,,,,,,43
stress,6,0.25,22280865,24,16,16,True,0.116854945906016,1199.01344578664,False,30,True,max_iterations_reached,2.89989066146901e-09,,,,,,44
stress,6,0.25,22280866,30,16,16,True,0.139443227368815,1065.37782492254,False,30,True,max_iterations_reached,1.98055626262915e-05,,,,,,45
stress,6,0.25,22280867,31,16,16,True,0.132407535199272,1139.33247849076,True,23,False,ok,8.6100234790969e-11,19.898484246609,15.5315154682045,43.4862924361953,530.718953222852,35.2316732107365,46
stress,6,0.25,22280868,26,16,14,False,0,inf,False,0,True,rank_deficient_design,,,,,,,47
stress,6,0.25,22280869,25,16,16,True,0.105784400399017,1343.85647537648,False,30,True,max_iterations_reached,2.30358380844175e-06,,,,,,48
stress,6,0.25,22280870,28,16,16,True,0.140193805031561,945.749939248892,False,30,True,max_iterations_reached,6.29668519202475e-08,,,,,,49
stress,6,0.5,22280821,30,16,16,True,0.287724175405896,535.052356852635,False,30,True,max_iterations_reached,1.89672832717699e-07,,,,,,0
stress,6,0.5,22280822,26,16,16,True,0.272880957315426,562.292774321515,False,30,True,max_iterations_reached,1.39738410528387e-08,,,,,,1
stress,6,0.5,22280823,27,16,16,True,0.0827886751165388,1872.59845676654,False,30,True,max_iterations_reached,5.01400454581495e-07,,,,,,2
stress,6,0.5,22280824,26,16,16,True,0.167080977848106,902.794106208611,False,30,True,max_iterations_reached,5.43060271437899e-08,,,,,,3
stress,6,0.5,22280825,28,16,16,True,0.278491324110011,553.440733121469,False,30,True,max_iterations_reached,1.61718535641916e-06,,,,,,4
stress,6,0.5,22280826,22,16,16,True,0.0487818745178673,2414.00592246726,True,29,False,ok,7.45441335807886e-11,82.602172591846,40.9280591926647,221.702832812658,2151.43728893735,159.262945582787,5
stress,6,0.5,22280827,31,16,16,True,0.283949408347147,541.728137647722,True,19,False,ok,5.43741640722327e-11,38.91984577101,26.918941634405,88.0737390013557,952.375318826493,70.3505630098147,6
stress,6,0.5,22280828,32,16,16,True,0.280327989579017,552.778220185048,False,30,True,max_iterations_reached,4.72198989327328e-07,,,,,,7
stress,6,0.5,22280829,30,16,16,True,0.239410437961953,575.363944240776,True,29,False,ok,6.36028972555082e-11,32.6478459351513,19.151349970941,84.8388250031049,845.231553029964,37.2099921975357,8
stress,6,0.5,22280830,30,16,16,True,0.285030600365207,543.405855973078,False,30,True,max_iterations_reached,5.92433035219519e-07,,,,,,9
stress,6,0.5,22280831,30,16,16,True,0.253592327941879,611.988470889854,False,30,True,max_iterations_reached,3.38574856249932e-06,,,,,,10
stress,6,0.5,22280832,30,16,16,True,0.267470791383712,572.677561465261,False,30,True,max_iterations_reached,2.22568229381333e-06,,,,,,11
stress,6,0.5,22280833,25,16,16,True,0.277304482059109,547.028966773614,False,30,True,max_iterations_reached,1.87808698057852e-08,,,,,,12
stress,6,0.5,22280834,28,16,16,True,0.203336191259542,758.503463048432,False,30,True,max_iterations_reached,8.92500343638055e-07,,,,,,13
stress,6,0.5,22280835,27,16,16,True,0.257221053411423,587.393814799533,False,30,True,max_iterations_reached,8.46032787211961e-10,,,,,,14
stress,6,0.5,22280836,27,16,16,True,0.268087114025036,560.713722651786,True,29,False,ok,9.5196765412961e-11,34.0351033707297,18.5523509968373,93.9928051083242,949.010907393215,60.7687533370206,15
stress,6,0.5,22280837,29,16,16,True,0.285253304395618,540.160308020939,False,30,True,max_iterations_reached,2.49297508588065e-08,,,,,,16
stress,6,0.5,22280838,31,16,16,True,0.290840507785309,535.421976205543,False,30,True,max_iterations_reached,1.26013097604844e-07,,,,,,17
stress,6,0.5,22280839,27,16,16,True,0.182758581347221,755.76478257658,True,28,False,ok,6.84119197122009e-11,25.0376609288392,17.9589151286756,57.8007123859869,638.150365242113,29.8501421811705,18
stress,6,0.5,22280840,27,16,16,True,0.279118144233894,541.968242420289,False,30,True,max_iterations_reached,1.83323804426867e-07,,,,,,19
stress,6,0.5,22280841,29,16,16,True,0.283801938075187,543.951457613579,False,30,True,max_iterations_reached,6.69444677298485e-08,,,,,,20
stress,6,0.5,22280842,26,16,16,True,0.256749329477525,588.063808585188,True,29,False,ok,9.20846151860259e-11,55.3020731622238,36.4861725756424,124.881412976558,1329.99898678433,107.746863925453,21
stress,6,0.5,22280843,27,16,16,True,0.250781968403443,616.940663197155,False,30,True,max_iterations_reached,5.24740861389373e-09,,,,,,22
stress,6,0.5,22280844,30,16,16,True,0.287511045007291,536.706971158674,False,30,True,max_iterations_reached,7.41109654326031e-08,,,,,,23
stress,6,0.5,22280845,31,16,16,True,0.287187890127449,538.625301672018,False,30,True,max_iterations_reached,1.03270563831735e-09,,,,,,24
stress,6,0.5,22280846,32,16,16,True,0.26882709780721,578.994665292749,False,30,True,max_iterations_reached,2.375327422323e-07,,,,,,25
stress,6,0.5,22280847,22,16,16,True,0.224497627602115,658.84274838588,False,30,True,max_iterations_reached,1.90831202533063e-06,,,,,,26
stress,6,0.5,22280848,25,16,16,True,0.272317452227285,515.00451072188,False,30,True,max_iterations_reached,4.07195466506824e-10,,,,,,27
stress,6,0.5,22280849,28,16,16,True,0.285520327304576,539.067095023092,False,30,True,max_iterations_reached,1.33923463713376e-06,,,,,,28
stress,6,0.5,22280850,24,16,16,True,0.165923457375339,923.780898422737,False,30,True,max_iterations_reached,7.14096199358495e-08,,,,,,29
stress,6,0.5,22280851,25,16,16,True,0.244799475998211,520.819757108187,True,25,False,ok,8.19480856719298e-11,13.8664699675212,9.81601866531751,32.3697156171072,315.976040412401,20.9952222212165,30
stress,6,0.5,22280852,30,16,16,True,0.287488837926583,534.875898008604,False,30,True,max_iterations_reached,4.54497787967818e-06,,,,,,31
stress,6,0.5,22280853,24,16,16,True,0.119094650194822,1263.48055350137,False,30,True,max_iterations_reached,1.09826527942306e-07,,,,,,32
stress,6,0.5,22280854,22,16,16,True,0.14800561730766,943.071948287568,False,30,True,max_iterations_reached,5.52246514419247e-06,,,,,,33
stress,6,0.5,22280855,23,16,16,True,0.176626077096039,812.819309119765,False,30,True,max_iterations_reached,5.11656344461895e-08,,,,,,34
stress,6,0.5,22280856,27,16,16,True,0.259356729997278,583.567983732837,False,30,True,max_iterations_reached,1.3794686148345e-06,,,,,,35
stress,6,0.5,22280857,28,16,16,True,0.212230107008128,698.997603794435,False,30,True,max_iterations_reached,2.23577674905269e-09,,,,,,36
stress,6,0.5,22280858,31,16,16,True,0.284051325990295,527.972236682207,True,23,False,ok,4.1966651320778e-11,65.1127459745025,39.1727406983889,163.694509755044,1583.86061499185,63.7385131479793,37
stress,6,0.5,22280859,27,16,16,True,0.260840094956252,558.055801055785,False,30,True,max_iterations_reached,1.13299296267077e-10,,,,,,38
stress,6,0.5,22280860,30,16,16,True,0.279405474466397,554.544282464349,False,30,True,max_iterations_reached,9.60940830553386e-10,,,,,,39
stress,6,0.5,22280861,23,16,16,True,0.169343319499416,865.92876964297,False,30,True,max_iterations_reached,1.32139467269183e-05,,,,,,40
stress,6,0.5,22280862,31,16,16,True,0.292452533472804,529.014804441498,False,30,True,max_iterations_reached,1.81591580604145e-08,,,,,,41
stress,6,0.5,22280863,22,16,16,True,0.0769334614413782,1711.30424197291,False,30,True,max_iterations_reached,2.26158538830514e-07,,,,,,42
stress,6,0.5,22280864,27,16,16,True,0.236147992899376,623.87809334965,False,30,True,max_iterations_reached,2.43892515144665e-06,,,,,,43
stress,6,0.5,22280865,24,16,16,True,0.235125495684215,473.700828684807,True,26,False,ok,9.57154462338248e-11,47.5597254587662,30.8434487459329,107.170072639693,1218.72324929098,84.0726369345169,44
stress,6,0.5,22280866,30,16,16,True,0.258629959274507,596.367432221954,False,30,True,max_iterations_reached,1.0720498340976e-05,,,,,,45
stress,6,0.5,22280867,31,16,16,True,0.245829803812468,635.974579065265,True,23,False,ok,7.64916108279718e-11,12.1183269767852,9.80370243162717,24.2292634035049,261.739122181303,19.3750800855071,46
stress,6,0.5,22280868,26,16,14,False,0,inf,False,0,True,rank_deficient_design,,,,,,,47
stress,6,0.5,22280869,25,16,16,True,0.21765799530934,697.055489792347,False,30,True,max_iterations_reached,5.30158207187006e-07,,,,,,48
stress,6,0.5,22280870,28,16,16,True,0.264909546703497,530.27150189927,False,30,True,max_iterations_reached,1.76721574392185e-08,,,,,,49
stress,6,1,22280821,30,16,16,True,0.473619506252478,370.60849987865,False,30,True,max_iterations_reached,9.55603888505298e-08,,,,,,0
stress,6,1,22280822,26,16,16,True,0.45739021347267,380.929194362478,False,30,True,max_iterations_reached,8.67197581254587e-09,,,,,,1
stress,6,1,22280823,27,16,16,True,0.132297075886409,1326.43780293829,False,30,True,max_iterations_reached,1.39209762208111e-07,,,,,,2
stress,6,1,22280824,26,16,16,True,0.27474722200168,635.443617480737,False,30,True,max_iterations_reached,1.43722286117958e-08,,,,,,3
stress,6,1,22280825,28,16,16,True,0.474554846738294,368.484222558413,False,30,True,max_iterations_reached,8.60270519162112e-07,,,,,,4
stress,6,1,22280826,22,16,16,True,0.0751866887410459,1736.01604158217,True,28,False,ok,9.65948546634291e-11,53.4429031034418,26.2129002441236,153.362707272384,1130.57233008765,100.055418652053,5
stress,6,1,22280827,31,16,16,True,0.469924214499155,371.164964958367,True,19,False,ok,5.32490161928866e-11,26.0419503646412,18.3326748443092,62.5722797209965,471.790752552618,42.5781048037595,6
stress,6,1,22280828,32,16,16,True,0.465457227084041,377.023658628744,False,30,True,max_iterations_reached,1.69963012715351e-07,,,,,,7
stress,6,1,22280829,30,16,16,True,0.386684702655909,428.338093772421,True,29,False,ok,9.06021957462458e-11,20.6038002019355,11.7543462309633,58.9887349449135,421.869704856858,13.184079272973,8
stress,6,1,22280830,30,16,16,True,0.475172055827826,369.272689171211,False,30,True,max_iterations_reached,2.44132811823506e-07,,,,,,9
stress,6,1,22280831,30,16,16,True,0.432283530007159,406.710418507376,False,30,True,max_iterations_reached,9.03039355971671e-07,,,,,,10
stress,6,1,22280832,30,16,16,True,0.440496185574311,395.216632471478,False,30,True,max_iterations_reached,8.00290650363603e-07,,,,,,11
stress,6,1,22280833,25,16,16,True,0.464838115916566,377.714528855891,False,30,True,max_iterations_reached,8.52669978144707e-09,,,,,,12
stress,6,1,22280834,28,16,16,True,0.361335592447109,483.786300993103,False,30,True,max_iterations_reached,1.09968313487642e-07,,,,,,13
stress,6,1,22280835,27,16,16,True,0.403728019413915,433.340263866817,True,29,False,ok,8.63939726882102e-11,39.1603202682657,23.5475294736678,101.509709934913,948.353618631196,75.0092038934874,14
stress,6,1,22280836,27,16,16,True,0.44574888723652,391.036905875618,True,28,False,ok,9.04592962457255e-11,18.1583884929311,11.0262394497064,48.1793608176275,476.709318927918,32.4902686720641,15
stress,6,1,22280837,29,16,16,True,0.470294906511966,371.803049116612,False,30,True,max_iterations_reached,8.62623038630337e-07,,,,,,16
stress,6,1,22280838,31,16,16,True,0.474844052133792,371.399842825547,False,30,True,max_iterations_reached,1.0289024785333e-07,,,,,,17
stress,6,1,22280839,27,16,16,True,0.315559154089937,527.000142140554,True,27,False,ok,6.79522881172191e-11,15.6302872232298,11.2679843992172,36.4828283837326,317.64013683095,11.030680437055,18
stress,6,1,22280840,27,16,16,True,0.46075625666129,380.376118517835,False,30,True,max_iterations_reached,6.30857700392797e-08,,,,,,19
stress,6,1,22280841,29,16,16,True,0.475669665243235,368.015472481766,False,30,True,max_iterations_reached,3.92651408309378e-08,,,,,,20
stress,6,1,22280842,26,16,16,True,0.433999837748007,402.75623639439,True,25,False,ok,6.27945600508644e-11,37.5099583482565,25.068171224158,87.8292974554053,659.949629477163,67.5897758890442,21
stress,6,1,22280843,27,16,16,True,0.423548669973207,413.833116027573,False,30,True,max_iterations_reached,2.74565458740634e-09,,,,,,22
stress,6,1,22280844,30,16,16,True,0.474546590408651,368.706858250862,False,30,True,max_iterations_reached,1.08245163600081e-08,,,,,,23
stress,6,1,22280845,31,16,16,True,0.479162076960223,365.497801092677,False,30,True,max_iterations_reached,6.38472842145714e-10,,,,,,24
stress,6,1,22280846,32,16,16,True,0.456261600175672,385.863917019025,False,30,True,max_iterations_reached,1.30114489741748e-07,,,,,,25
stress,6,1,22280847,22,16,16,True,0.430063388429038,401.720958207392,False,30,True,max_iterations_reached,4.63898960045482e-07,,,,,,26
stress,6,1,22280848,25,16,16,True,0.466970386653925,343.34047963398,False,30,True,max_iterations_reached,1.32891207205503e-10,,,,,,27
stress,6,1,22280849,28,16,16,True,0.474888251417469,367.596942860985,False,30,True,max_iterations_reached,5.68216147250894e-07,,,,,,28
stress,6,1,22280850,24,16,16,True,0.442428375751676,393.21797541012,False,30,True,max_iterations_reached,1.92991186305485e-08,,,,,,29
stress,6,1,22280851,25,16,16,True,0.397083233417841,388.271802539321,True,25,False,ok,6.44116584151898e-11,9.9871128735295,7.39666836641823,22.4696179388282,159.076926568351,12.3435898104377,30
stress,6,1,22280852,30,16,16,True,0.476069959770352,366.605903824768,False,30,True,max_iterations_reached,1.18423886743881e-06,,,,,,31
stress,6,1,22280853,24,16,16,True,0.228021720022223,764.897486965533,False,30,True,max_iterations_reached,7.82870800053968e-08,,,,,,32
stress,6,1,22280854,22,16,16,True,0.236576772259642,675.04044854959,False,30,True,max_iterations_reached,1.62183198367118e-06,,,,,,33
stress,6,1,22280855,23,16,16,True,0.305859531674204,561.897978896663,False,30,True,max_iterations_reached,5.83567096549458e-09,,,,,,34
stress,6,1,22280856,27,16,16,True,0.430875946215697,406.912748599962,False,30,True,max_iterations_reached,3.68044428530595e-07,,,,,,35
stress,6,1,22280857,28,16,16,True,0.366313731005212,472.965765835886,False,30,True,max_iterations_reached,1.39998067071032e-09,,,,,,36
stress,6,1,22280858,31,16,16,True,0.47506812551426,365.429198114743,True,21,False,ok,6.5171949384117e-11,43.3126027705508,26.1364502250532,107.263336438475,791.653904277788,16.257328212231,37
stress,6,1,22280859,27,16,16,True,0.434925075364745,397.730015147223,False,30,True,max_iterations_reached,7.67605342289447e-07,,,,,,38
stress,6,1,22280860,30,16,16,True,0.47644620271766,368.378135281464,False,30,True,max_iterations_reached,5.49763438201547e-10,,,,,,39
stress,6,1,22280861,23,16,16,True,0.272701710136748,629.043143631416,False,30,True,max_iterations_reached,3.28650654252878e-06,,,,,,40
stress,6,1,22280862,31,16,16,True,0.480198219134963,365.167282354604,False,30,True,max_iterations_reached,1.0698285807261e-08,,,,,,41
stress,6,1,22280863,22,16,16,True,0.122194224478311,1280.99977145494,False,30,True,max_iterations_reached,1.38085970262927e-07,,,,,,42
stress,6,1,22280864,27,16,16,True,0.389982151288029,443.131054614745,False,30,True,max_iterations_reached,7.23264191513346e-08,,,,,,43
stress,6,1,22280865,24,16,16,True,0.452811411995267,382.71951409253,False,30,True,max_iterations_reached,2.19476836437754e-09,,,,,,44
stress,6,1,22280866,30,16,16,True,0.430411425938006,409.734657017134,False,30,True,max_iterations_reached,2.77773142773986e-06,,,,,,45
stress,6,1,22280867,31,16,16,True,0.395288837960886,447.030249497774,True,23,False,ok,5.25143916937826e-11,9.28870186317114,7.67305767718165,17.2952643430996,129.98811546096,12.0387105611969,46
stress,6,1,22280868,26,16,14,False,0,inf,False,0,True,rank_deficient_design,,,,,,,47
stress,6,1,22280869,25,16,16,True,0.39496051398653,444.558217406681,False,30,True,max_iterations_reached,1.07726447204396e-07,,,,,,48
stress,6,1,22280870,28,16,16,True,0.44209960662011,379.091570263192,False,30,True,max_iterations_reached,7.47999908707481e-09,,,,,,49
stress,8,0.25,22280821,39,18,18,True,0.158696262607093,979.348759252559,False,30,True,max_iterations_reached,1.93931092759611e-06,,,,,,0
stress,8,0.25,22280822,33,18,18,True,0.152427131163827,1042.94915444615,False,30,True,max_iterations_reached,9.76141324699163e-09,,,,,,1
stress,8,0.25,22280823,34,18,18,True,0.151704699811982,1134.27747497335,False,30,True,max_iterations_reached,1.33185452264514e-10,,,,,,2
stress,8,0.25,22280824,39,18,18,True,0.156899312460677,1042.40574330528,False,30,True,max_iterations_reached,1.91709988510762e-07,,,,,,3
stress,8,0.25,22280825,36,18,18,True,0.162467533855484,933.301376452246,False,30,True,max_iterations_reached,8.20630844207233e-09,,,,,,4
stress,8,0.25,22280826,35,18,18,True,0.169098269733708,929.190360564252,False,30,True,max_iterations_reached,1.34099558271771e-09,,,,,,5
stress,8,0.25,22280827,34,18,18,True,0.154478504058116,982.142223316216,False,30,True,max_iterations_reached,4.5329685765052e-08,,,,,,6
stress,8,0.25,22280828,41,18,18,True,0.165290044353577,1042.91209430054,False,30,True,max_iterations_reached,1.02116041894339e-07,,,,,,7
stress,8,0.25,22280829,33,18,18,True,0.147335839891372,958.259322049652,True,14,False,ok,2.98516528354983e-11,85.5495533774196,59.4347532052682,191.875891518912,2369.51643463311,146.603754386245,8
stress,8,0.25,22280830,37,18,18,True,0.166656199724666,968.496282247498,False,30,True,max_iterations_reached,1.05933092306952e-05,,,,,,9
stress,8,0.25,22280831,35,18,18,True,0.109096920670154,1579.58229228329,False,30,True,max_iterations_reached,2.66702237107923e-10,,,,,,10
stress,8,0.25,22280832,42,18,18,True,0.162281412093827,992.414694091913,True,26,False,ok,9.71266921587307e-11,12.502438937504,9.26339591650121,27.1911196418034,320.504358974793,18.6547835171107,11
stress,8,0.25,22280833,37,18,18,True,0.149098786146839,1071.34313310649,False,30,True,max_iterations_reached,2.04211277961687e-08,,,,,,12
stress,8,0.25,22280834,39,18,18,True,0.167936724633834,963.661401916814,False,30,True,max_iterations_reached,6.358250208014e-09,,,,,,13
stress,8,0.25,22280835,37,18,18,True,0.154983843691351,1101.03065178789,False,30,True,max_iterations_reached,3.55727402112619e-07,,,,,,14
stress,8,0.25,22280836,32,18,18,True,0.161776645712094,962.493628823398,False,30,True,max_iterations_reached,3.36393202493606e-08,,,,,,15
stress,8,0.25,22280837,38,18,18,True,0.133772826674046,1292.47470523823,False,30,True,max_iterations_reached,4.99770097192908e-06,,,,,,16
stress,8,0.25,22280838,45,18,18,True,0.171588766895247,1002.78732093507,False,30,True,max_iterations_reached,3.43048581936977e-07,,,,,,17
stress,8,0.25,22280839,39,18,18,True,0.167457299643442,981.925362177707,False,30,True,max_iterations_reached,7.6920928667234e-10,,,,,,18
stress,8,0.25,22280840,35,18,18,True,0.158907390825012,965.063312340389,False,30,True,max_iterations_reached,1.3077023605155e-09,,,,,,19
stress,8,0.25,22280841,36,18,18,True,0.16954199571021,876.835234614902,False,30,True,max_iterations_reached,3.24057920959737e-07,,,,,,20
stress,8,0.25,22280842,43,18,18,True,0.161915925985299,1069.00637467837,False,30,True,max_iterations_reached,1.6564626756718e-08,,,,,,21
stress,8,0.25,22280843,39,18,18,True,0.162000919956443,1064.23952734509,False,30,True,max_iterations_reached,7.35819338348063e-06,,,,,,22
stress,8,0.25,22280844,41,18,18,True,0.167748243481283,1029.70421302863,False,30,True,max_iterations_reached,4.40194607063146e-10,,,,,,23
stress,8,0.25,22280845,39,18,18,True,0.169182278284411,1021.80963964396,False,30,True,max_iterations_reached,3.41120133410034e-08,,,,,,24
stress,8,0.25,22280846,40,18,18,True,0.164425020935578,980.754671181913,False,30,True,max_iterations_reached,7.29406967767508e-08,,,,,,25
stress,8,0.25,22280847,38,18,18,True,0.163162003612457,992.865837255849,False,30,True,max_iterations_reached,3.64987289290404e-07,,,,,,26
stress,8,0.25,22280848,35,18,18,True,0.134778575445748,1158.70939599881,False,30,True,max_iterations_reached,1.97454094689588e-09,,,,,,27
stress,8,0.25,22280849,33,18,18,True,0.130769890850625,1024.03787645874,True,26,False,ok,8.34656232778591e-11,12.3485526321634,8.88133298518197,29.3966119569859,294.935588309151,16.1664791963277,28
stress,8,0.25,22280850,33,18,18,True,0.0488233376062386,3336.01786266598,False,30,True,max_iterations_reached,8.57560586363036e-07,,,,,,29
stress,8,0.25,22280851,34,18,18,True,0.161781867509207,957.859837354385,False,30,True,max_iterations_reached,3.63740238361166e-07,,,,,,30
stress,8,0.25,22280852,36,18,18,True,0.142366218586026,1080.48950467739,True,18,False,ok,5.23953972427931e-11,12.4595846268724,9.35270700425068,26.817278454466,292.060317738689,20.5604687239222,31
stress,8,0.25,22280853,34,18,18,True,0.144349524878976,1138.4208337112,False,30,True,max_iterations_reached,8.6174817773765e-06,,,,,,32
stress,8,0.25,22280854,34,18,18,True,0.161085746994999,984.699332783526,False,30,True,max_iterations_reached,1.57008447702231e-09,,,,,,33
stress,8,0.25,22280855,33,18,18,True,0.154064198414681,995.263818681773,False,30,True,max_iterations_reached,1.11148980949211e-06,,,,,,34
stress,8,0.25,22280856,34,18,18,True,0.135855294520806,1065.14434586145,True,22,False,ok,5.74366821375635e-11,194.185869302057,138.780086672262,415.236966069943,5216.41935777146,356.919654703243,35
stress,8,0.25,22280857,37,18,18,True,0.160373795914573,986.917831904807,False,30,True,max_iterations_reached,9.83512994160094e-09,,,,,,36
stress,8,0.25,22280858,36,18,18,True,0.156783814351762,862.682607996475,True,21,False,ok,6.26115807452445e-11,14.8191053050988,10.9953758473414,33.6448607320885,386.437096557045,20.5434901059034,37
stress,8,0.25,22280859,38,18,18,True,0.156070438045241,1015.51738006716,False,30,True,max_iterations_reached,5.30054809139103e-06,,,,,,38
stress,8,0.25,22280860,38,18,18,True,0.142221432437284,1167.35216607872,True,25,False,ok,5.52738581815354e-11,15.2763258028076,12.0955689965723,30.8987510140786,384.520271996711,23.8228838984564,39
stress,8,0.25,22280861,35,18,18,True,0.150176663037106,931.156777046827,True,30,False,ok,6.07488840324186e-11,20.1969276325796,14.34499332948,49.6944727030296,539.906758912545,29.8279175286518,40
stress,8,0.25,22280862,35,18,18,True,0.165861089021638,925.546089430164,False,30,True,max_iterations_reached,1.23581905196466e-06,,,,,,41
stress,8,0.25,22280863,33,18,18,True,0.164936142794463,942.190247158941,False,30,True,max_iterations_reached,1.44423538529586e-07,,,,,,42
stress,8,0.25,22280864,36,18,18,True,0.169099109168023,935.895946040003,False,30,True,max_iterations_reached,8.01485322705832e-07,,,,,,43
stress,8,0.25,22280865,36,18,18,True,0.157072700708894,991.422160216715,False,30,True,max_iterations_reached,1.23127828616568e-05,,,,,,44
stress,8,0.25,22280866,33,18,18,True,0.144847046475525,1069.77541888869,True,28,False,ok,7.17948458906027e-11,53.4898880734511,34.9564752790403,125.430069122006,1449.93985345883,102.560293179013,45
stress,8,0.25,22280867,37,18,18,True,0.159759929633211,1023.18333794542,False,30,True,max_iterations_reached,3.64237404669109e-09,,,,,,46
stress,8,0.25,22280868,33,18,18,True,0.0310199196421706,5203.52210713688,False,30,True,max_iterations_reached,5.5816003044519e-07,,,,,,47
stress,8,0.25,22280869,36,18,18,True,0.167149488967681,930.008457229318,False,30,True,max_iterations_reached,3.17483138328459e-08,,,,,,48
stress,8,0.25,22280870,39,18,18,True,0.153031865765068,1119.63502302001,False,30,True,max_iterations_reached,5.62592665984168e-07,,,,,,49
stress,8,0.5,22280821,39,18,18,True,0.30482488066919,507.285842332534,False,30,True,max_iterations_reached,1.80283299275155e-06,,,,,,0
stress,8,0.5,22280822,33,18,18,True,0.284880787933963,594.657645154349,False,30,True,max_iterations_reached,4.67194240344236e-08,,,,,,1
stress,8,0.5,22280823,34,18,18,True,0.293397274860102,565.302218766884,True,28,False,ok,4.84714215343256e-11,48.8643102203082,33.0559339322909,119.631020432275,1188.97688400137,47.1202536902849,2
stress,8,0.5,22280824,39,18,18,True,0.30734115235971,558.061745957789,False,30,True,max_iterations_reached,6.32439217217888e-10,,,,,,3
stress,8,0.5,22280825,36,18,18,True,0.306288821561375,520.775573119517,False,30,True,max_iterations_reached,8.90598829178331e-09,,,,,,4
stress,8,0.5,22280826,35,18,18,True,0.310681384390867,543.72570779921,False,30,True,max_iterations_reached,1.32345256768793e-09,,,,,,5
stress,8,0.5,22280827,34,18,18,True,0.293592860823292,543.273916929448,False,30,True,max_iterations_reached,2.25576538186064e-08,,,,,,6
stress,8,0.5,22280828,41,18,18,True,0.310046159032168,575.213041094673,False,30,True,max_iterations_reached,2.47121303270136e-08,,,,,,7
stress,8,0.5,22280829,33,18,18,True,0.28303423964088,534.736522219058,True,22,False,ok,6.66398641500864e-11,46.4862012127634,32.117601043012,104.560117772667,1190.68243355811,77.0767662342475,8
stress,8,0.5,22280830,37,18,18,True,0.311144062716687,544.932949270734,False,30,True,max_iterations_reached,5.83582279032925e-06,,,,,,9
stress,8,0.5,22280831,35,18,18,True,0.207563613883972,858.895271639347,False,30,True,max_iterations_reached,2.75901616317939e-10,,,,,,10
stress,8,0.5,22280832,42,18,18,True,0.303109084244395,550.065706921855,True,25,False,ok,6.35070603922177e-11,8.16182988596194,6.36917487311832,16.431335436959,166.591017701377,9.80827062795184,11
stress,8,0.5,22280833,37,18,18,True,0.286556617711037,593.838184254617,False,30,True,max_iterations_reached,8.78120901797208e-09,,,,,,12
stress,8,0.5,22280834,39,18,18,True,0.319798162828788,531.343841939671,False,30,True,max_iterations_reached,8.81809863917393e-09,,,,,,13
stress,8,0.5,22280835,37,18,18,True,0.300549523814121,587.336042255261,False,30,True,max_iterations_reached,4.33520592159685e-08,,,,,,14
stress,8,0.5,22280836,32,18,18,True,0.300683790847519,556.997394156255,False,30,True,max_iterations_reached,1.53692422561182e-08,,,,,,15
stress,8,0.5,22280837,38,18,18,True,0.246885551212518,724.352597804244,False,30,True,max_iterations_reached,1.56473843964816e-06,,,,,,16
stress,8,0.5,22280838,45,18,18,True,0.320979123265203,554.6484959998,False,30,True,max_iterations_reached,9.51258081253477e-08,,,,,,17
stress,8,0.5,22280839,39,18,18,True,0.307209920451476,514.190151288759,True,26,False,ok,6.89405515121804e-11,10.4818149434433,8.00370018425626,22.955401029224,259.419974200947,17.3228543856213,18
stress,8,0.5,22280840,35,18,18,True,0.296769457138578,532.376566673198,True,28,False,ok,7.86448331823397e-11,36.2002581774011,18.7659073493259,98.0671482941353,882.821628828626,33.2680502476553,19
stress,8,0.5,22280841,36,18,18,True,0.317196400083985,486.468971362102,False,30,True,max_iterations_reached,5.77766411654732e-07,,,,,,20
stress,8,0.5,22280842,43,18,18,True,0.305224741817653,586.242440778264,False,30,True,max_iterations_reached,1.47492442250435e-09,,,,,,21
stress,8,0.5,22280843,39,18,18,True,0.306624785742829,581.403758191428,False,30,True,max_iterations_reached,6.86171303853727e-07,,,,,,22
stress,8,0.5,22280844,41,18,18,True,0.313716297784096,569.560771327567,False,30,True,max_iterations_reached,5.02278963022748e-10,,,,,,23
stress,8,0.5,22280845,39,18,18,True,0.316876089773016,564.226392575993,False,30,True,max_iterations_reached,3.9228177671645e-09,,,,,,24
stress,8,0.5,22280846,40,18,18,True,0.305385326205024,511.494299977482,True,29,False,ok,6.7329875709466e-11,9.72892935053101,7.68700661101858,19.3205714409146,221.228740845385,13.7863343479643,25
stress,8,0.5,22280847,38,18,18,True,0.307102628238624,550.285033300346,False,30,True,max_iterations_reached,2.67830151956545e-07,,,,,,26
stress,8,0.5,22280848,35,18,18,True,0.265542597963602,555.264099996065,True,19,False,ok,4.53539734458925e-11,7.70899179410557,6.10340611655772,15.145143871869,124.18414264161,9.86208267359764,27
stress,8,0.5,22280849,33,18,18,True,0.245316310383762,594.850608054275,True,23,False,ok,9.1584668380754e-11,8.05134493217226,6.06039776544233,16.909240774222,149.246139673054,7.55738498159073,28
stress,8,0.5,22280850,33,18,18,True,0.135058779150773,1265.65807498322,False,30,True,max_iterations_reached,2.70558886851399e-07,,,,,,29
stress,8,0.5,22280851,34,18,18,True,0.29953991115261,553.236243389805,False,30,True,max_iterations_reached,4.04575430723138e-06,,,,,,30
stress,8,0.5,22280852,36,18,18,True,0.262757285183464,618.325471055102,True,19,False,ok,2.95099676019648e-11,8.83778260722712,6.96313475403897,17.7296599912992,150.848586182197,12.3102281159336,31
stress,8,0.5,22280853,34,18,18,True,0.274497362817894,632.684766513005,False,30,True,max_iterations_reached,3.56192236013629e-06,,,,,,32
stress,8,0.5,22280854,34,18,18,True,0.307757379869321,538.404087854963,False,30,True,max_iterations_reached,1.19910002751417e-09,,,,,,33
stress,8,0.5,22280855,33,18,18,True,0.287157375072042,569.460730825954,False,30,True,max_iterations_reached,6.12973459959016e-07,,,,,,34
stress,8,0.5,22280856,34,18,18,True,0.252151108802929,642.46733895669,False,30,True,max_iterations_reached,3.33507123854703e-10,,,,,,35
stress,8,0.5,22280857,37,18,18,True,0.295059742459937,551.697353324952,False,30,True,max_iterations_reached,8.14514174572845e-09,,,,,,36
stress,8,0.5,22280858,36,18,18,True,0.300324056385486,477.330070326792,True,23,False,ok,8.27677312767163e-11,9.37072703155795,7.33767838202008,18.8511042041571,198.294880177527,9.41354591682825,37
stress,8,0.5,22280859,38,18,18,True,0.294823577555567,579.709079973522,False,30,True,max_iterations_reached,4.98978310377612e-07,,,,,,38
stress,8,0.5,22280860,38,18,18,True,0.276229365648843,633.864943683772,True,27,False,ok,8.45884228604153e-11,10.0386299913511,8.19385494774795,19.1676223107187,185.476928865844,12.416626478832,39
stress,8,0.5,22280861,35,18,18,True,0.284087964397583,524.018229838179,True,30,False,ok,9.85749279594095e-11,11.8677302768014,9.00770203493343,24.8816412802108,270.573834451479,14.1412419608678,40
stress,8,0.5,22280862,35,18,18,True,0.30953068737916,504.153061700003,True,19,False,ok,7.66007080336292e-11,22.0823478298733,18.8457824239364,40.5659260639347,464.999340202345,30.0425636545475,41
stress,8,0.5,22280863,33,18,18,True,0.310240330355592,511.753408868165,True,25,False,ok,9.73864064976142e-11,23.5030407471688,17.9718728712109,50.7467814385244,593.143874566866,28.9531910806784,42
stress,8,0.5,22280864,36,18,18,True,0.317806937062747,518.54553549968,False,30,True,max_iterations_reached,3.46328774498863e-07,,,,,,43
stress,8,0.5,22280865,36,18,18,True,0.308467373959467,527.050586066887,False,30,True,max_iterations_reached,2.95397893246157e-06,,,,,,44
stress,8,0.5,22280866,33,18,18,True,0.276276655895318,585.628266119807,True,30,False,ok,7.19837298727292e-11,30.6795270114233,20.1186929124237,75.5382888591952,720.259048052162,58.8451936637114,45
stress,8,0.5,22280867,37,18,18,True,0.303112717095477,562.073747320346,False,30,True,max_iterations_reached,1.02970190705775e-09,,,,,,46
stress,8,0.5,22280868,33,18,18,True,0.0660745442684707,2548.62677416944,False,30,True,max_iterations_reached,9.6574076327263e-08,,,,,,47
stress,8,0.5,22280869,36,18,18,True,0.316487503600857,501.13065402829,False,30,True,max_iterations_reached,2.24685633960608e-09,,,,,,48
stress,8,0.5,22280870,39,18,18,True,0.295485613515477,599.77358499002,False,30,True,max_iterations_reached,1.3556134084747e-06,,,,,,49
stress,8,1,22280821,39,18,18,True,0.513364023645532,318.113220496018,False,30,True,max_iterations_reached,1.36093189364473e-06,,,,,,0
stress,8,1,22280822,33,18,18,True,0.470214605176043,420.90360641614,False,30,True,max_iterations_reached,1.4730988303531e-08,,,,,,1
stress,8,1,22280823,34,18,18,True,0.496232962471476,381.796981040022,True,28,False,ok,5.45521834042726e-11,33.1777013630707,22.8181584015942,77.4834183954773,592.45097777216,12.335797800356,2
stress,8,1,22280824,39,18,18,True,0.514123112561132,382.657468414593,True,27,False,ok,6.81515932848715e-11,8.75597614081953,7.11876104186909,16.7708032528914,133.407254546396,6.0217302842792,3
stress,8,1,22280825,36,18,18,True,0.506651030656689,365.410905798083,False,30,True,max_iterations_reached,7.23911560179364e-09,,,,,,4
stress,8,1,22280826,35,18,18,True,0.504907487215773,390.953290722308,False,30,True,max_iterations_reached,1.04160782233492e-09,,,,,,5
stress,8,1,22280827,34,18,18,True,0.488667639851089,378.522657104696,False,30,True,max_iterations_reached,1.11746686654052e-08,,,,,,6
stress,8,1,22280828,41,18,18,True,0.509795211825008,393.098876604755,False,30,True,max_iterations_reached,7.99075344013919e-09,,,,,,7
stress,8,1,22280829,33,18,18,True,0.482529776471536,367.012163835301,True,21,False,ok,7.77670069371326e-11,29.1439981604908,20.5512073533977,65.2485492257721,595.215734423535,43.5467961909975,8
stress,8,1,22280830,37,18,18,True,0.507317165421507,384.70827629081,False,30,True,max_iterations_reached,3.46527347420325e-06,,,,,,9
stress,8,1,22280831,35,18,18,True,0.36036490670448,555.910232810341,False,30,True,max_iterations_reached,1.85149048615853e-10,,,,,,10
stress,8,1,22280832,42,18,18,True,0.497399818475785,379.74320597071,True,23,False,ok,7.73486800986137e-11,6.55575925706932,5.23706270049443,12.8605286583769,84.8801920289562,5.51271604243327,11
stress,8,1,22280833,37,18,18,True,0.487087234369063,407.894724794584,False,30,True,max_iterations_reached,3.62217680039974e-09,,,,,,12
stress,8,1,22280834,39,18,18,True,0.52596754389031,371.560179056132,False,30,True,max_iterations_reached,4.86063631551755e-09,,,,,,13
stress,8,1,22280835,37,18,18,True,0.506700961773373,391.849576701021,False,30,True,max_iterations_reached,3.49239093614664e-08,,,,,,14
stress,8,1,22280836,32,18,18,True,0.490593160778363,399.393951634467,False,30,True,max_iterations_reached,2.00932492474331e-09,,,,,,15
stress,8,1,22280837,38,18,18,True,0.411035669290352,488.580409810153,False,30,True,max_iterations_reached,4.92004459018761e-07,,,,,,16
stress,8,1,22280838,45,18,18,True,0.523470295595747,382.29341320464,False,30,True,max_iterations_reached,3.32278348999402e-08,,,,,,17
stress,8,1,22280839,39,18,18,True,0.507548270032651,356.002554176394,True,25,False,ok,4.99889571506155e-11,7.30984996586797,5.82263877657483,14.4206592501883,129.286102736101,9.72916051239743,18
stress,8,1,22280840,35,18,18,True,0.513779735713427,370.684707412815,False,30,True,max_iterations_reached,8.72947369474489e-10,,,,,,19
stress,8,1,22280841,36,18,18,True,0.518378826776016,353.802932679801,False,30,True,max_iterations_reached,5.70399358465196e-07,,,,,,20
stress,8,1,22280842,43,18,18,True,0.503785324971363,398.535366133785,False,30,True,max_iterations_reached,1.35154321258193e-08,,,,,,21
stress,8,1,22280843,39,18,18,True,0.506393176665474,395.320968880262,False,30,True,max_iterations_reached,2.16495354739205e-07,,,,,,22
stress,8,1,22280844,41,18,18,True,0.51428807526052,390.269393712903,False,30,True,max_iterations_reached,1.3703259917944e-09,,,,,,23
stress,8,1,22280845,39,18,18,True,0.517484757554015,387.968657676353,False,30,True,max_iterations_reached,5.64072045619945e-10,,,,,,24
stress,8,1,22280846,40,18,18,True,0.517706735904618,364.408447976243,False,30,True,max_iterations_reached,7.54591632412172e-10,,,,,,25
stress,8,1,22280847,38,18,18,True,0.507052721859206,381.117739573981,False,30,True,max_iterations_reached,9.40559118601033e-08,,,,,,26
stress,8,1,22280848,35,18,18,True,0.491535275005559,362.31263661473,True,23,False,ok,7.96745191135457e-11,6.74189577655848,5.43007332518705,13.2127284517374,62.1160802965541,6.50861101548153,27
stress,8,1,22280849,33,18,18,True,0.414295434068245,421.336609841005,True,23,False,ok,8.6869955110113e-11,6.43596627964282,5.0065132118063,13.2963441359582,75.018298160815,3.42361525826259,28
stress,8,1,22280850,33,18,18,True,0.479571075234143,409.45675126387,False,30,True,max_iterations_reached,8.60922992588239e-08,,,,,,29
stress,8,1,22280851,34,18,18,True,0.491725865467062,392.721576577379,False,30,True,max_iterations_reached,2.45069721222704e-06,,,,,,30
stress,8,1,22280852,36,18,18,True,0.441847855945665,425.852859968639,True,22,False,ok,7.13212734039885e-11,7.54032458618476,6.04396120954398,14.779809405487,76.6979158441114,8.20693287547758,31
stress,8,1,22280853,34,18,18,True,0.461805966856809,429.993637030667,False,30,True,max_iterations_reached,1.60270485622618e-06,,,,,,32
stress,8,1,22280854,34,18,18,True,0.510393318570001,381.894169784239,False,30,True,max_iterations_reached,7.96775977343128e-10,,,,,,33
stress,8,1,22280855,33,18,18,True,0.486242654728299,394.134794003599,False,30,True,max_iterations_reached,2.74566759044576e-07,,,,,,34
stress,8,1,22280856,34,18,18,True,0.415213382422303,437.182211736325,True,25,False,ok,9.97863220195375e-11,67.0038755592608,44.2210118237672,173.019454983813,1286.77932319021,121.255195324666,35
stress,8,1,22280857,37,18,18,True,0.483762194927037,396.444920841384,False,30,True,max_iterations_reached,1.39717404972823e-08,,,,,,36
stress,8,1,22280858,36,18,18,True,0.502303855347371,331.213701605429,True,23,False,ok,7.67647612840124e-11,7.29917188285985,5.88988008477165,14.0399516839913,100.373590449589,4.23774768104946,37
stress,8,1,22280859,38,18,18,True,0.489954535708434,406.813744022687,False,30,True,max_iterations_reached,8.39676695083968e-08,,,,,,38
stress,8,1,22280860,38,18,18,True,0.480346112999152,415.783732665083,True,25,False,ok,8.94222067188026e-11,8.40688729056593,6.89972133013939,15.9217484513029,91.1334885183385,7.77321382517981,39
stress,8,1,22280861,35,18,18,True,0.49405068573439,399.597023077042,False,30,True,max_iterations_reached,2.46746867352562e-10,,,,,,40
stress,8,1,22280862,35,18,18,True,0.508937526438706,340.303777296966,True,18,False,ok,8.94535150891606e-11,16.9331651623153,14.6441652100193,28.4252186671978,232.680776929625,18.7889966090313,41
stress,8,1,22280863,33,18,18,True,0.51130394271237,364.46708647779,True,24,False,ok,6.78229265199575e-11,15.9313230548499,12.6340114406026,32.2252747802338,301.485944299424,13.218363601539,42
stress,8,1,22280864,36,18,18,True,0.519751546339,369.697107052643,False,30,True,max_iterations_reached,1.14392696758527e-07,,,,,,43
stress,8,1,22280865,36,18,18,True,0.520049600073939,366.648256021666,False,30,True,max_iterations_reached,2.19016097011038e-07,,,,,,44
stress,8,1,22280866,33,18,18,True,0.486488316073203,386.394541363544,False,30,True,max_iterations_reached,8.88757339235723e-10,,,,,,45
stress,8,1,22280867,37,18,18,True,0.504138487164951,385.618328102175,False,30,True,max_iterations_reached,3.78784619274765e-10,,,,,,46
stress,8,1,22280868,33,18,18,True,0.124660098440503,1545.56217955217,False,30,True,max_iterations_reached,5.56792489822833e-08,,,,,,47
stress,8,1,22280869,36,18,18,True,0.520291873233199,354.190737401959,False,30,True,max_iterations_reached,6.39758979900621e-10,,,,,,48
stress,8,1,22280870,39,18,18,True,0.497417168168674,400.511528352546,False,30,True,max_iterations_reached,4.21417605787745e-07,,,,,,49
stress,12,0.25,22280821,57,22,22,True,0.188070193774566,1054.69391268312,False,30,True,max_iterations_reached,1.89835432163922e-08,,,,,,0
stress,12,0.25,22280822,50,22,22,True,0.169935249711014,992.219942922831,True,27,False,ok,6.60392196413745e-11,116.599805147572,54.2880228212894,322.498204510707,3309.30687264848,165.603221179338,1
stress,12,0.25,22280823,59,22,22,True,0.198715984624976,1068.09080433751,False,30,True,max_iterations_reached,7.73937270037798e-08,,,,,,2
stress,12,0.25,22280824,54,22,22,True,0.190138921691215,1016.38301739884,False,30,True,max_iterations_reached,1.15523865587493e-06,,,,,,3
stress,12,0.25,22280825,52,22,22,True,0.184171247491567,1098.16746366023,False,30,True,max_iterations_reached,8.95321120954059e-08,,,,,,4
stress,12,0.25,22280826,54,22,22,True,0.164843251866541,1090.19166893335,True,23,False,ok,7.80973162520199e-11,15.564619379979,11.8600107133118,33.7575757826656,429.0080562106,24.6411371756125,5
stress,12,0.25,22280827,55,22,22,True,0.183892986426991,895.236118197182,True,20,False,ok,5.56130197482777e-11,9.95651667633134,7.54505975263297,20.7853241249335,229.818688727372,15.9757281488428,6
stress,12,0.25,22280828,53,22,22,True,0.143099929862554,1426.62103662987,False,30,True,max_iterations_reached,4.09590010854409e-08,,,,,,7
stress,12,0.25,22280829,47,22,22,True,0.182239872986722,997.067339486959,False,30,True,max_iterations_reached,2.80124507744862e-09,,,,,,8
stress,12,0.25,22280830,54,22,22,True,0.197813162443481,948.83226825665,False,30,True,max_iterations_reached,4.58848395082985e-06,,,,,,9
stress,12,0.25,22280831,60,22,22,True,0.199258512011027,1050.8681912063,False,30,True,max_iterations_reached,2.72726775672796e-10,,,,,,10
stress,12,0.25,22280832,58,22,22,True,0.199436027569972,1000.54964906344,False,30,True,max_iterations_reached,2.90850854180497e-08,,,,,,11
stress,12,0.25,22280833,54,22,22,True,0.180412047009873,975.993771518405,True,29,False,ok,7.18536650862517e-11,15.2660305828096,12.2869450841125,28.4715441450153,424.98816374368,25.1302254021123,12
stress,12,0.25,22280834,56,22,22,True,0.195586035063025,912.065023786673,True,21,False,ok,9.30140580626817e-11,17.1580562779757,13.5802764260362,32.2799782538425,447.640147413247,22.156457835563,13
stress,12,0.25,22280835,57,22,22,True,0.197553564749869,997.922450039963,False,30,True,max_iterations_reached,2.31198295550035e-10,,,,,,14
stress,12,0.25,22280836,48,22,22,True,0.191963945161741,1005.82405506857,False,30,True,max_iterations_reached,1.87734173397875e-10,,,,,,15
stress,12,0.25,22280837,48,22,22,True,0.18572675074284,1000.20679002756,False,30,True,max_iterations_reached,2.7144232667417e-08,,,,,,16
stress,12,0.25,22280838,54,22,22,True,0.186594728269259,1039.07410148739,False,30,True,max_iterations_reached,7.92148529170115e-08,,,,,,17
stress,12,0.25,22280839,60,22,22,True,0.201051777008953,1022.32183785312,False,30,True,max_iterations_reached,4.70603654534493e-08,,,,,,18
stress,12,0.25,22280840,57,22,22,True,0.193352081267403,1030.82856319479,False,30,True,max_iterations_reached,5.60353549634484e-09,,,,,,19
stress,12,0.25,22280841,49,22,22,True,0.178239841046743,1021.76509363998,False,30,True,max_iterations_reached,1.98530671668894e-07,,,,,,20
stress,12,0.25,22280842,49,22,22,True,0.157565937019678,1220.29455537251,False,30,True,max_iterations_reached,8.57623815976333e-08,,,,,,21
stress,12,0.25,22280843,58,22,22,True,0.195293876633632,1017.87469959553,False,30,True,max_iterations_reached,1.78962573675109e-08,,,,,,22
stress,12,0.25,22280844,52,22,22,True,0.192389863679519,1004.33320425887,False,30,True,max_iterations_reached,1.56226086425618e-10,,,,,,23
stress,12,0.25,22280845,55,22,22,True,0.166274733740038,1079.51144343222,True,22,False,ok,7.68323647080862e-11,27.1855604306712,17.2143365751555,70.7873425049241,733.823250357794,48.8225579410828,24
stress,12,0.25,22280846,53,22,22,True,0.191171214404181,998.198710031817,False,30,True,max_iterations_reached,1.05180476452449e-10,,,,,,25
stress,12,0.25,22280847,51,22,22,True,0.191534392502629,1054.77736056178,False,30,True,max_iterations_reached,1.30094390340091e-08,,,,,,26
stress,12,0.25,22280848,57,22,22,True,0.189461618894693,1108.32252277751,False,30,True,max_iterations_reached,1.82044398919116e-09,,,,,,27
stress,12,0.25,22280849,55,22,22,True,0.196759994396714,968.813389148153,False,30,True,max_iterations_reached,2.70089523427531e-10,,,,,,28
stress,12,0.25,22280850,50,22,22,True,0.18933363089828,1074.12537271723,False,30,True,max_iterations_reached,6.88406147816408e-09,,,,,,29
stress,12,0.25,22280851,45,22,22,True,0.157108196558589,1038.15350466353,True,28,False,ok,7.49753738053789e-11,11.7343079490948,9.19573969176051,24.686234227191,284.663028755517,14.1579149017967,30
stress,12,0.25,22280852,53,22,22,True,0.186323507031782,1019.63725296974,False,30,True,max_iterations_reached,8.11011989480348e-10,,,,,,31
stress,12,0.25,22280853,53,22,22,True,0.188029303923909,1090.12778975255,False,30,True,max_iterations_reached,5.96819609349449e-09,,,,,,32
stress,12,0.25,22280854,54,22,22,True,0.189665890868356,1013.16925668716,False,30,True,max_iterations_reached,1.27460920524033e-08,,,,,,33
stress,12,0.25,22280855,54,22,22,True,0.188061741595001,965.265298807716,True,26,False,ok,6.13194943866211e-11,10.7777457911732,7.63847070029919,25.26649765624,280.245790662716,17.1293805930934,34
stress,12,0.25,22280856,57,22,22,True,0.192914031317056,906.22535579744,True,29,False,ok,8.15054310443919e-11,19.9926991661092,16.0671258583007,38.0390060344162,542.730815641678,34.9166990080218,35
stress,12,0.25,22280857,51,22,22,True,0.183312375817343,996.40020486878,False,30,True,max_iterations_reached,1.45261823225251e-07,,,,,,36
stress,12,0.25,22280858,53,22,22,True,0.18871689726548,1064.04938089516,False,30,True,max_iterations_reached,4.30727316844528e-07,,,,,,37
stress,12,0.25,22280859,58,22,22,True,0.182712031115361,992.615080831153,True,26,False,ok,5.93616482356329e-11,12.8324466568613,9.91381423677904,26.7232405424231,310.581755929835,20.9841560850682,38
stress,12,0.25,22280860,53,22,22,True,0.185731555511929,1080.74433091261,False,30,True,max_iterations_reached,4.18259555821445e-07,,,,,,39
stress,12,0.25,22280861,54,22,22,True,0.191477928762108,967.667477002698,False,30,True,max_iterations_reached,2.4604412112945e-10,,,,,,40
stress,12,0.25,22280862,58,22,22,True,0.19347829504845,997.769057605405,False,30,True,max_iterations_reached,1.56446941796328e-08,,,,,,41
stress,12,0.25,22280863,51,22,22,True,0.149606385011882,1278.43047670146,False,30,True,max_iterations_reached,6.58292441175254e-10,,,,,,42
stress,12,0.25,22280864,48,22,22,True,0.193681309732442,1003.68470534802,False,30,True,max_iterations_reached,3.33372398790197e-07,,,,,,43
stress,12,0.25,22280865,50,22,22,True,0.166811130231512,1139.14379448097,False,30,True,max_iterations_reached,2.32011974602691e-09,,,,,,44
stress,12,0.25,22280866,53,22,22,True,0.153734295032845,1129.52114878027,True,21,False,ok,7.9504728428476e-11,12.4282735177552,9.83635512133756,25.0165236410112,322.569108094824,18.066438931479,45
stress,12,0.25,22280867,56,22,22,True,0.183452189413708,1009.49644945454,True,20,False,ok,6.01540799920507e-11,22.4553947742349,17.1311077771082,46.5156744645995,637.809604933872,39.047285119475,46
stress,12,0.25,22280868,57,22,22,True,0.194971865005654,996.553790782468,False,30,True,max_iterations_reached,3.10859779587779e-10,,,,,,47
stress,12,0.25,22280869,57,22,22,True,0.187809580085782,978.993684387902,True,19,False,ok,5.0589416830056e-11,10.7940607541274,8.1521543710345,23.2571782151195,256.398297626588,17.3107968080221,48
stress,12,0.25,22280870,51,22,22,True,0.187518158243249,1040.87760919626,False,30,True,max_iterations_reached,2.94662577550874e-10,,,,,,49
stress,12,0.5,22280821,57,22,22,True,0.348458916468111,600.375627428286,False,30,True,max_iterations_reached,8.07523022512009e-07,,,,,,0
stress,12,0.5,22280822,50,22,22,True,0.331108031634726,516.404906909824,True,26,False,ok,8.81361865595571e-11,66.6198383634182,30.675625189324,182.482538671827,1673.02662641172,67.3817022186797,1
stress,12,0.5,22280823,59,22,22,True,0.352613809759609,577.69448979714,True,22,False,ok,9.15492900984931e-11,12.5483880496727,10.1126094547277,24.8063894706405,309.922260866273,18.8922197562867,2
stress,12,0.5,22280824,54,22,22,True,0.354131991739055,568.452748454475,False,30,True,max_iterations_reached,2.6438863153408e-07,,,,,,3
stress,12,0.5,22280825,52,22,22,True,0.344747943126461,611.381567467022,False,30,True,max_iterations_reached,1.59843745884422e-07,,,,,,4
stress,12,0.5,22280826,54,22,22,True,0.315705356755965,607.391430421168,True,20,False,ok,9.1367887146441e-11,9.4416154806167,7.33044348042976,19.3675078402592,225.656014467246,12.4168072876932,5
stress,12,0.5,22280827,55,22,22,True,0.345607976122128,473.150081722896,True,19,False,ok,9.30749636358528e-11,7.35870573943739,5.81599843587102,14.6871025159101,113.744099036801,9.3510297562829,6
stress,12,0.5,22280828,53,22,22,True,0.275883279026678,768.967801119188,False,30,True,max_iterations_reached,6.18190673276912e-08,,,,,,7
stress,12,0.5,22280829,47,22,22,True,0.315663514354982,546.101282538093,True,24,False,ok,8.83957260720199e-11,11.253073485912,8.64956577003539,23.1472992062943,235.965910444383,17.820038297928,8
stress,12,0.5,22280830,54,22,22,True,0.363354927484892,528.99054564923,False,30,True,max_iterations_reached,2.52179901717587e-06,,,,,,9
stress,12,0.5,22280831,60,22,22,True,0.36104378777302,557.524006437918,True,24,False,ok,6.42301765081172e-11,14.6491299269229,10.9542768025175,33.2394141056845,353.613859214747,16.576856093298,10
stress,12,0.5,22280832,58,22,22,True,0.3689144392248,572.883707890065,False,30,True,max_iterations_reached,1.15021071741401e-08,,,,,,11
stress,12,0.5,22280833,54,22,22,True,0.34165912472106,541.129697021885,True,27,False,ok,5.89837751151872e-11,8.71550585440633,7.00470289372641,16.9387879901727,210.548336690781,12.3580850236318,12
stress,12,0.5,22280834,56,22,22,True,0.365338993420539,520.620146378303,True,19,False,ok,6.46484073330105e-11,10.730622537554,8.5838948989899,20.3372428296497,223.959013330903,8.90585861591922,13
stress,12,0.5,22280835,57,22,22,True,0.358180554577527,496.368742339275,True,29,False,ok,9.98941995084227e-11,6.48337458986908,5.08870416950506,12.8057138181882,95.0246285255278,3.26129657266063,14
stress,12,0.5,22280836,48,22,22,True,0.339575052225177,458.194051048443,True,28,False,ok,8.81446486522998e-11,24.8065914164168,14.2728219325241,63.103692981425,635.547390237858,28.5484309795694,15
stress,12,0.5,22280837,48,22,22,True,0.350207969947608,553.826345433536,False,30,True,max_iterations_reached,1.29072090615949e-08,,,,,,16
stress,12,0.5,22280838,54,22,22,True,0.34935181723163,596.473110080497,False,30,True,max_iterations_reached,1.31864658577568e-07,,,,,,17
stress,12,0.5,22280839,60,22,22,True,0.371875107539329,577.493667012755,False,30,True,max_iterations_reached,2.87883732884182e-08,,,,,,18
stress,12,0.5,22280840,57,22,22,True,0.363391786995919,561.872205892321,False,30,True,max_iterations_reached,1.05999183693858e-08,,,,,,19
stress,12,0.5,22280841,49,22,22,True,0.338001317974693,532.794757880065,False,30,True,max_iterations_reached,9.79918137438775e-08,,,,,,20
stress,12,0.5,22280842,49,22,22,True,0.291222194780798,682.957796303715,False,30,True,max_iterations_reached,2.04640879820993e-08,,,,,,21
stress,12,0.5,22280843,58,22,22,True,0.365729120102359,563.404051023862,False,30,True,max_iterations_reached,7.24198536382938e-10,,,,,,22
stress,12,0.5,22280844,52,22,22,True,0.342885119287487,546.292088458916,True,24,False,ok,8.0368931848694e-11,8.11620758458712,6.55560165578043,15.1924730380514,188.305199473667,12.7019885666361,23
stress,12,0.5,22280845,55,22,22,True,0.345273911057959,599.41627644522,False,30,True,max_iterations_reached,3.96515546785302e-09,,,,,,24
stress,12,0.5,22280846,53,22,22,True,0.362553866876919,542.020197176924,False,30,True,max_iterations_reached,1.80414258418739e-10,,,,,,25
stress,12,0.5,22280847,51,22,22,True,0.35384056989812,593.645464774161,False,30,True,max_iterations_reached,2.80125367372495e-09,,,,,,26
stress,12,0.5,22280848,57,22,22,True,0.358652102749507,603.979810525775,False,30,True,max_iterations_reached,3.57429353529006e-10,,,,,,27
stress,12,0.5,22280849,55,22,22,True,0.366075055026003,536.257401792114,False,30,True,max_iterations_reached,1.80983795935693e-08,,,,,,28
stress,12,0.5,22280850,50,22,22,True,0.354906298000755,597.004519234965,False,30,True,max_iterations_reached,4.84438760721062e-09,,,,,,29
stress,12,0.5,22280851,45,22,22,True,0.337909566222353,522.4095561524,False,30,True,max_iterations_reached,5.21715595069569e-10,,,,,,30
stress,12,0.5,22280852,53,22,22,True,0.355305380364634,553.617060895324,False,30,True,max_iterations_reached,5.44388843502259e-10,,,,,,31
stress,12,0.5,22280853,53,22,22,True,0.351836756495919,608.754721049551,False,30,True,max_iterations_reached,3.70710481700836e-09,,,,,,32
stress,12,0.5,22280854,54,22,22,True,0.354696889544619,566.464419527771,False,30,True,max_iterations_reached,1.79432724804067e-07,,,,,,33
stress,12,0.5,22280855,54,22,22,True,0.353042822550245,532.07278238494,True,25,False,ok,6.20942785512031e-11,7.26034476514891,5.65506735190812,14.2494855991789,145.368735437681,9.1795252778808,34
stress,12,0.5,22280856,57,22,22,True,0.358454278749859,498.511294291092,True,28,False,ok,8.59947416913089e-11,11.2737320067819,8.91483211577514,22.0597646781385,272.433863440709,18.7547678762759,35
stress,12,0.5,22280857,51,22,22,True,0.34676053498427,549.763403610609,False,30,True,max_iterations_reached,2.22043110212019e-08,,,,,,36
stress,12,0.5,22280858,53,22,22,True,0.356015535575991,597.932285360958,False,30,True,max_iterations_reached,1.07594733377045e-08,,,,,,37
stress,12,0.5,22280859,58,22,22,True,0.347856397360587,557.320689700917,True,24,False,ok,6.95138976235589e-11,8.53955952706378,6.64351298307482,17.2115400423063,150.395862258446,11.6633803677848,38
stress,12,0.5,22280860,53,22,22,True,0.353093973143338,584.765393164272,False,30,True,max_iterations_reached,1.81371624171704e-07,,,,,,39
stress,12,0.5,22280861,54,22,22,True,0.326900145719522,524.272474218406,True,29,False,ok,8.04636267081191e-11,8.33744050912683,6.39581488598261,17.5554836796024,187.178570158671,11.1400658913119,40
stress,12,0.5,22280862,58,22,22,True,0.363276867552808,548.807307056435,False,30,True,max_iterations_reached,8.75633960277492e-09,,,,,,41
stress,12,0.5,22280863,51,22,22,True,0.269509168009896,709.000536263724,True,30,False,ok,8.46581878081733e-11,22.0381967203213,16.5811744803797,46.4067554351162,562.539046270229,41.5745001134894,42
stress,12,0.5,22280864,48,22,22,True,0.359351199568958,565.913362751025,False,30,True,max_iterations_reached,9.90266445092045e-08,,,,,,43
stress,12,0.5,22280865,50,22,22,True,0.316179961825858,612.50399961017,False,30,True,max_iterations_reached,3.25412615737391e-08,,,,,,44
stress,12,0.5,22280866,53,22,22,True,0.284209423906848,647.413706948272,True,21,False,ok,5.65719550391233e-11,7.83527330168042,6.18545722616653,15.6236290340726,162.197996412678,8.5143259471614,45
stress,12,0.5,22280867,56,22,22,True,0.351343514928114,543.566733488586,True,19,False,ok,6.64279729352812e-11,12.0374812721933,9.37555439419356,24.4671987687177,313.65357633658,19.6033209663612,46
stress,12,0.5,22280868,57,22,22,True,0.357173925722349,548.323604628928,True,25,False,ok,8.86226776592044e-11,10.7073811229791,7.85705537673116,22.7959713531934,244.023683176151,14.5947737440204,47
stress,12,0.5,22280869,57,22,22,True,0.354476224943783,543.350934672345,True,14,False,ok,3.25207548025633e-11,7.55486315881373,5.95560999718801,15.0306785790171,128.187103295864,9.76253589534141,48
stress,12,0.5,22280870,51,22,22,True,0.355378538326486,553.111381525604,False,30,True,max_iterations_reached,5.34665615684453e-09,,,,,,49
stress,12,1,22280821,57,22,22,True,0.563966398813105,423.565495642908,False,30,True,max_iterations_reached,9.51841224231068e-07,,,,,,0
stress,12,1,22280822,50,22,22,True,0.560455126532645,337.159303996803,True,26,False,ok,6.13990961863958e-11,45.1048926052717,20.9771036196305,129.69766721229,841.731928486328,17.8112564969032,1
stress,12,1,22280823,59,22,22,True,0.571084857432856,413.202990566838,True,23,False,ok,8.95680046141858e-11,8.23343107983605,6.72916546127465,15.6618794298211,155.990523506194,9.96982948142053,2
stress,12,1,22280824,54,22,22,True,0.57024062763576,400.093449426072,False,30,True,max_iterations_reached,6.69828506455365e-08,,,,,,3
stress,12,1,22280825,52,22,22,True,0.562417532469389,424.414024667231,False,30,True,max_iterations_reached,1.78645797666252e-07,,,,,,4
stress,12,1,22280826,54,22,22,True,0.54760422895183,407.03759301284,True,19,False,ok,9.86537806477894e-11,6.7794725133912,5.37904147159054,13.5199046936928,115.581001964362,5.88845374526984,5
stress,12,1,22280827,55,22,22,True,0.559340874820099,325.356188322031,True,18,False,ok,4.22121801251164e-11,6.59356506060877,5.29010119342169,12.6838390970689,56.6249658205947,6.30135135247814,6
stress,12,1,22280828,53,22,22,True,0.499142388799534,479.712259304948,False,30,True,max_iterations_reached,1.5274479082498e-07,,,,,,7
stress,12,1,22280829,47,22,22,True,0.524023102000603,372.511440870092,True,22,False,ok,8.97178734614491e-11,8.54269066941798,6.68483358554824,17.0793022018093,117.081893454039,11.066287158425,8
stress,12,1,22280830,54,22,22,True,0.579464120617535,368.649121089238,False,30,True,max_iterations_reached,1.42674754523909e-06,,,,,,9
stress,12,1,22280831,60,22,22,True,0.584509908836213,392.146682087462,True,23,False,ok,7.99657227033035e-11,10.2404313092616,7.49356305682402,23.4449905273017,178.469675693904,6.71529296173623,10
stress,12,1,22280832,58,22,22,True,0.589004553977749,410.319614226098,False,30,True,max_iterations_reached,5.0643247300322e-09,,,,,,11
stress,12,1,22280833,54,22,22,True,0.559013392094837,370.435762763821,True,25,False,ok,8.10007660346866e-11,6.1219344982954,4.87984610074909,11.8427013994079,104.619320582793,6.07815040997738,12
stress,12,1,22280834,56,22,22,True,0.585979744459385,377.481882985482,True,16,False,ok,9.48571416303309e-11,8.38439706835758,6.81158101653545,15.814981318092,112.015185731244,3.01682323523732,13
stress,12,1,22280835,57,22,22,True,0.578806606786668,350.050587151916,True,28,False,ok,7.63354176274741e-11,5.91589688369972,4.69600956807433,11.4912349957368,47.6224459395725,1.1955730727253,14
stress,12,1,22280836,48,22,22,True,0.577626671446906,404.072664029459,False,30,True,max_iterations_reached,4.71395204841763e-10,,,,,,15
stress,12,1,22280837,48,22,22,True,0.57578761488456,382.551081977663,False,30,True,max_iterations_reached,3.34160350479825e-09,,,,,,16
stress,12,1,22280838,54,22,22,True,0.568160032780791,425.037348975474,False,30,True,max_iterations_reached,4.68009203933756e-08,,,,,,17
stress,12,1,22280839,60,22,22,True,0.592013864914902,409.615694087623,False,30,True,max_iterations_reached,5.88650714267264e-09,,,,,,18
stress,12,1,22280840,57,22,22,True,0.586688207832849,401.36808816829,False,30,True,max_iterations_reached,1.14176360253718e-08,,,,,,19
stress,12,1,22280841,49,22,22,True,0.563947796511407,354.675362942508,False,30,True,max_iterations_reached,1.20765323260032e-07,,,,,,20
stress,12,1,22280842,49,22,22,True,0.484770544933379,461.229589014093,False,30,True,max_iterations_reached,1.37492631544547e-07,,,,,,21
stress,12,1,22280843,58,22,22,True,0.587394987796488,402.495726629912,False,30,True,max_iterations_reached,4.40834390040713e-10,,,,,,22
stress,12,1,22280844,52,22,22,True,0.56019018630132,397.866115734752,True,25,False,ok,6.99579098855627e-11,6.01489642212779,4.85137330385809,11.5909535034596,94.9029812676829,7.14499990466629,23
stress,12,1,22280845,55,22,22,True,0.560830058251161,420.741185533867,False,30,True,max_iterations_reached,2.07075696698181e-10,,,,,,24
stress,12,1,22280846,53,22,22,True,0.587715779684184,375.40440106458,False,30,True,max_iterations_reached,1.33845780632663e-10,,,,,,25
stress,12,1,22280847,51,22,22,True,0.569002906679737,417.414781683509,False,30,True,max_iterations_reached,1.1331420403695e-09,,,,,,26
stress,12,1,22280848,57,22,22,True,0.55681108461862,400.85154966094,True,30,False,ok,8.99842623821653e-11,7.88925607294994,6.00465952607576,16.5764569280229,106.796641118345,9.59053640351371,27
stress,12,1,22280849,55,22,22,True,0.585938515149392,376.214448646502,False,30,True,max_iterations_reached,3.44798515496328e-09,,,,,,28
stress,12,1,22280850,50,22,22,True,0.575582627319061,416.482399012414,False,30,True,max_iterations_reached,2.88074355420825e-09,,,,,,29
stress,12,1,22280851,45,22,22,True,0.477924245274931,405.730498888986,True,30,False,ok,7.37372022862951e-11,7.46658300651592,6.03890263091088,14.7523800533955,71.6185088218778,4.14872182422664,30
stress,12,1,22280852,53,22,22,True,0.582614325318143,380.770095812215,False,30,True,max_iterations_reached,3.47078304076128e-10,,,,,,31
stress,12,1,22280853,53,22,22,True,0.571456957406247,423.376872582426,False,30,True,max_iterations_reached,9.3813689721632e-09,,,,,,32
stress,12,1,22280854,54,22,22,True,0.573449683607314,405.705764377723,False,30,True,max_iterations_reached,6.53986472635729e-10,,,,,,33
stress,12,1,22280855,54,22,22,True,0.57591820176758,369.49408887228,True,23,False,ok,5.37186391519008e-11,5.95425747590598,4.77301012595874,11.5514603261381,73.9635958237895,5.12098876075362,34
stress,12,1,22280856,57,22,22,True,0.576610126331738,368.111096572336,True,27,False,ok,8.99541774430761e-11,7.57317593768075,5.97940867129805,14.9057419058252,136.440708958618,10.635367599869,35
stress,12,1,22280857,51,22,22,True,0.572446026813364,382.436190120811,False,30,True,max_iterations_reached,2.70681845471849e-08,,,,,,36
stress,12,1,22280858,53,22,22,True,0.578461001518223,420.004263735505,False,30,True,max_iterations_reached,6.22351359532705e-08,,,,,,37
stress,12,1,22280859,58,22,22,True,0.568685472516475,393.40022589835,True,23,False,ok,8.44801610389159e-11,7.11727067628224,5.62842223129435,13.9811014459285,73.6841181321445,7.41838764786481,38
stress,12,1,22280860,53,22,22,True,0.578291622698732,398.015928288809,False,30,True,max_iterations_reached,1.28379408714229e-07,,,,,,39
stress,12,1,22280861,54,22,22,True,0.531762964588693,355.16615667399,True,28,False,ok,5.99607904892943e-11,6.1368986417681,4.86699832291617,12.1255641134121,93.2343714628547,5.62110999699346,40
stress,12,1,22280862,58,22,22,True,0.585101420099152,383.586040079437,False,30,True,max_iterations_reached,3.60054932928942e-09,,,,,,41
stress,12,1,22280863,51,22,22,True,0.465695946010228,472.378659133041,True,29,False,ok,9.18252428064652e-11,14.0239934247364,11.0120959485744,28.6203527594963,280.610984424294,24.9267544401015,42
stress,12,1,22280864,48,22,22,True,0.576462978217334,402.138907520222,False,30,True,max_iterations_reached,1.99273734678633e-08,,,,,,43
stress,12,1,22280865,50,22,22,True,0.534583610341053,410.323669068714,False,30,True,max_iterations_reached,1.74928161350245e-08,,,,,,44
stress,12,1,22280866,53,22,22,True,0.451292467729731,469.86554920073,True,20,False,ok,9.01600867853347e-11,6.1696761748727,4.8626690533029,12.0521411063997,81.3088015290903,3.90193831773384,45
stress,12,1,22280867,56,22,22,True,0.575519948522678,368.303823396621,True,19,False,ok,6.93878556627281e-11,7.71147785724667,6.12900771932135,15.2701574619911,155.533274003543,10.2495533741535,46
stress,12,1,22280868,57,22,22,True,0.581695591765837,394.253007687917,True,25,False,ok,9.21875884542312e-11,7.85209434852048,6.05408353854347,16.3236437018711,124.460137059189,8.02879743014617,47
stress,12,1,22280869,57,22,22,True,0.577312391467413,384.037615842011,True,17,False,ok,8.53293732064477e-11,6.47922841077717,5.19579789383009,12.5844686698915,63.9625650940558,6.11342923858801,48
stress,12,1,22280870,51,22,22,True,0.578054058933694,363.960146656428,False,30,True,max_iterations_reached,1.9385807858582e-08,,,,,,49
stress,16,0.25,22280821,70,26,26,True,0.195515764763471,1010.12000387174,True,26,False,ok,5.84348888179543e-11,10.756511097034,8.10021266506101,23.3044466892515,274.426894082925,16.7112218667279,0
stress,16,0.25,22280822,79,26,26,True,0.201870217875432,1101.32776907288,True,27,False,ok,8.20710289305163e-11,10.5051635617951,8.26689364278809,20.8289408633641,251.122363542681,15.6230642046483,1
stress,16,0.25,22280823,75,26,26,True,0.212911890105242,1066.80784944101,False,30,True,max_iterations_reached,1.80890319658983e-10,,,,,,2
stress,16,0.25,22280824,69,26,26,True,0.217445337525251,984.662573592777,False,30,True,max_iterations_reached,1.43010634772637e-10,,,,,,3
stress,16,0.25,22280825,76,26,26,True,0.220057623391521,1019.19759432637,False,30,True,max_iterations_reached,3.47261914628224e-08,,,,,,4
stress,16,0.25,22280826,73,26,26,True,0.213858838365587,1065.72922077721,False,30,True,max_iterations_reached,4.01979273686397e-08,,,,,,5
stress,16,0.25,22280827,70,26,26,True,0.212950939692115,1026.04283713431,False,30,True,max_iterations_reached,2.64061885404761e-09,,,,,,6
stress,16,0.25,22280828,69,26,26,True,0.218057727383027,976.655467547695,False,30,True,max_iterations_reached,1.07065720367524e-10,,,,,,7
stress,16,0.25,22280829,66,26,26,True,0.206404327907838,1048.83479580011,False,30,True,max_iterations_reached,3.57838141273825e-08,,,,,,8
stress,16,0.25,22280830,74,26,26,True,0.220061412453116,1037.48644834693,False,30,True,max_iterations_reached,2.81473884929979e-07,,,,,,9
stress,16,0.25,22280831,78,26,26,True,0.21290968998475,1025.63504959399,True,25,False,ok,8.09646490833999e-11,8.28496266231645,6.4066067990932,16.6412914507385,176.421714736169,10.368948414202,10
stress,16,0.25,22280832,79,26,26,True,0.218871564668496,1005.65487150543,True,29,False,ok,9.02228250715928e-11,7.79692080802035,6.12053478738216,15.3773841441021,158.954294983387,10.3205863546046,11
stress,16,0.25,22280833,68,26,26,True,0.207950573934081,1069.83626332932,False,30,True,max_iterations_reached,4.66166461646863e-10,,,,,,12
stress,16,0.25,22280834,71,26,26,True,0.203807707370196,905.715467609137,True,28,False,ok,8.88782171327958e-11,10.0620443745124,8.00642553775129,19.8336305328267,226.327032033392,14.9635262664303,13
stress,16,0.25,22280835,70,26,26,True,0.190274933364622,1030.21247063094,True,22,False,ok,6.83354092736226e-11,15.457812674728,11.6969816367518,33.4121833192908,412.460552960585,26.929931683475,14
stress,16,0.25,22280836,74,26,26,True,0.206107954742684,997.844203759994,True,23,False,ok,6.33518283534202e-11,17.5568789195287,14.0008894910254,34.9355586634085,477.327491524667,29.6976860149793,15
stress,16,0.25,22280837,73,26,26,True,0.216208287256657,1050.40978413242,False,30,True,max_iterations_reached,1.10225886180016e-08,,,,,,16
stress,16,0.25,22280838,70,26,26,True,0.20624497511553,990.072763411733,True,19,False,ok,6.10844635440601e-11,7.37413748010152,5.61483463518696,16.0992555213439,149.91022104549,9.42779255188296,17
stress,16,0.25,22280839,72,26,26,True,0.223809702536556,978.515359268828,False,30,True,max_iterations_reached,1.10704518361586e-10,,,,,,18
stress,16,0.25,22280840,64,26,26,True,0.194347063408501,1067.54391739147,False,30,True,max_iterations_reached,3.23793568494509e-09,,,,,,19
stress,16,0.25,22280841,76,26,26,True,0.216903783243141,934.935016768353,True,24,False,ok,9.26548843634138e-11,14.9209564289641,10.7543751132849,31.8987231350676,413.622149602648,25.7996472835916,20
stress,16,0.25,22280842,72,26,26,True,0.207114795598533,1039.65926656674,False,30,True,max_iterations_reached,1.70598119953963e-08,,,,,,21
stress,16,0.25,22280843,76,26,26,True,0.21571354468584,927.312145965222,True,19,False,ok,8.9038762413944e-11,7.89015427579109,5.74547417794553,17.2584578804276,167.335389439015,11.7830059422627,22
stress,16,0.25,22280844,79,26,26,True,0.212094811672621,967.878628856436,True,26,False,ok,8.35686069921538e-11,15.790713202481,11.333556388725,36.7987385262396,443.661682710748,27.8695869805266,23
stress,16,0.25,22280845,73,26,26,True,0.21969380617372,1046.6543760684,False,30,True,max_iterations_reached,5.0848712458066e-10,,,,,,24
stress,16,0.25,22280846,75,26,26,True,0.218806752951487,1024.36982981171,False,30,True,max_iterations_reached,1.45164378173992e-08,,,,,,25
stress,16,0.25,22280847,74,26,26,True,0.198082131761084,1032.84977565614,True,30,False,ok,7.28087105641144e-11,15.9878761146302,12.4656445638272,32.3429610027249,405.882962590025,29.9034156075396,26
stress,16,0.25,22280848,78,26,26,True,0.181934297958703,1134.62256882895,True,26,False,ok,8.97585185249752e-11,13.6819619613526,10.7780621585175,28.1145041116378,368.855668336579,21.5433779772746,27
stress,16,0.25,22280849,71,26,26,True,0.220016689148106,1007.84554864504,False,30,True,max_iterations_reached,6.02263899278995e-09,,,,,,28
stress,16,0.25,22280850,76,26,26,True,0.215076774248708,971.796901262336,True,26,False,ok,8.30901447970844e-11,12.412863356102,8.16397940248793,31.0479598293064,317.041425740932,21.1977571904774,29
stress,16,0.25,22280851,67,26,26,True,0.199345513422228,1093.77344712724,False,30,True,max_iterations_reached,8.81007325317912e-08,,,,,,30
stress,16,0.25,22280852,70,26,26,True,0.218637776630297,1065.55798640831,False,30,True,max_iterations_reached,2.32237926066193e-09,,,,,,31
stress,16,0.25,22280853,69,26,26,True,0.209455879179757,941.481647867559,False,30,True,max_iterations_reached,1.67901981865252e-09,,,,,,32
stress,16,0.25,22280854,71,26,26,True,0.218897002716753,1033.8475253426,False,30,True,max_iterations_reached,1.17684682479901e-09,,,,,,33
stress,16,0.25,22280855,72,26,26,True,0.201201712915073,1044.20443420728,True,27,False,ok,6.21632894307375e-11,11.9965148629952,8.56073022293036,27.4163951245988,299.809622912121,15.4313990078077,34
stress,16,0.25,22280856,73,26,26,True,0.212402076831209,1096.3733360463,False,30,True,max_iterations_reached,2.06586700284072e-08,,,,,,35
stress,16,0.25,22280857,68,26,26,True,0.20900138521772,1106.02369609978,False,30,True,max_iterations_reached,2.09934872232735e-08,,,,,,36
stress,16,0.25,22280858,74,26,26,True,0.206194308912043,1042.16051356333,True,30,False,ok,9.85003768844329e-11,16.2615218856931,12.3289557722286,33.8082113633236,440.37786352961,24.7590600721123,37
stress,16,0.25,22280859,73,26,26,True,0.20713177269247,970.4296211933,True,30,False,ok,8.78234067291243e-11,14.7637468795334,11.756310569399,29.5680219527535,395.721288127991,23.8786349978645,38
stress,16,0.25,22280860,75,26,26,True,0.216962558586765,1036.4299919026,False,30,True,max_iterations_reached,1.22216685620463e-08,,,,,,39
stress,16,0.25,22280861,76,26,26,True,0.199960662371734,1107.95469365143,True,27,False,ok,6.18571881841737e-11,13.4922093957894,9.76026630526777,29.0634158821291,343.225030126238,18.7353974493291,40
stress,16,0.25,22280862,69,26,26,True,0.210173273053188,899.920120562019,True,24,False,ok,8.85521245500512e-11,16.2097155239787,12.6060103696377,33.456399748253,441.409731209127,25.6618795858822,41
stress,16,0.25,22280863,69,26,26,True,0.221575563680577,1014.62561874967,False,30,True,max_iterations_reached,9.93343119908018e-10,,,,,,42
stress,16,0.25,22280864,75,26,26,True,0.219122708142241,1057.50307845113,False,30,True,max_iterations_reached,5.30587250365198e-06,,,,,,43
stress,16,0.25,22280865,77,26,26,True,0.209667834520723,1030.15397267387,True,24,False,ok,7.59378224577026e-11,10.1172203599722,8.24198110383369,19.3236344723999,238.124207028651,13.3631034889967,44
stress,16,0.25,22280866,75,26,26,True,0.206452070615771,1001.48033967655,True,22,False,ok,7.73091228111015e-11,16.6163394044741,12.7297026014657,35.6874570969854,436.147442583758,26.8683081683139,45
stress,16,0.25,22280867,74,26,26,True,0.212201916000045,960.653314374151,True,23,False,ok,6.56220152886564e-11,12.0911453968688,9.58378368920546,24.342355276211,288.934505885419,17.305540956246,46
stress,16,0.25,22280868,71,26,26,True,0.189942238151278,1006.12704059239,True,30,False,ok,8.12178440515839e-11,23.4625586660777,15.6704690589007,56.8727024767469,677.307662574019,41.5189172858381,47
stress,16,0.25,22280869,70,26,26,True,0.212922227303654,983.204026257995,False,30,True,max_iterations_reached,8.9857978848384e-09,,,,,,48
stress,16,0.25,22280870,77,26,26,True,0.215883857879974,1019.53468212516,True,24,False,ok,8.84540368941453e-11,15.431720061242,11.7013081424665,32.4161695996866,416.627020366585,26.3019770821167,49
stress,16,0.5,22280821,70,26,26,True,0.370190948461349,547.927710425684,True,25,False,ok,7.4537524941994e-11,7.1947086533771,5.6263536155403,14.1293822349027,142.324275095201,8.92018040634467,0
stress,16,0.5,22280822,79,26,26,True,0.365857091886855,640.843140297373,True,28,False,ok,9.81795149845388e-11,7.43768295308015,5.93284999471847,14.9269084473658,128.414219474952,8.47097188811231,1
stress,16,0.5,22280823,75,26,26,True,0.384090704484427,544.233672468273,True,29,False,ok,8.16087170682664e-11,6.65688400467765,5.36655142427677,12.8446871177957,55.6930473342363,6.6107948938317,2
stress,16,0.5,22280824,69,26,26,True,0.395877710881798,525.733885207412,True,20,False,ok,5.97976798274148e-11,11.1293065792719,8.32404175188112,23.5928958095052,233.653182995309,11.0711245151863,3
stress,16,0.5,22280825,76,26,26,True,0.405836129270626,580.285694515028,False,30,True,max_iterations_reached,3.14782011366097e-08,,,,,,4
stress,16,0.5,22280826,73,26,26,True,0.394746025786674,611.160044171319,False,30,True,max_iterations_reached,1.98344655789295e-08,,,,,,5
stress,16,0.5,22280827,70,26,26,True,0.396869374066518,583.844158457551,False,30,True,max_iterations_reached,9.71678926754493e-10,,,,,,6
stress,16,0.5,22280828,69,26,26,True,0.403186811251423,547.46579506518,False,30,True,max_iterations_reached,1.100027925119e-08,,,,,,7
stress,16,0.5,22280829,66,26,26,True,0.383590581910963,588.919511569729,False,30,True,max_iterations_reached,2.32289040489658e-10,,,,,,8
stress,16,0.5,22280830,74,26,26,True,0.406156624021608,580.552617013988,False,30,True,max_iterations_reached,1.53381783070174e-06,,,,,,9
stress,16,0.5,22280831,78,26,26,True,0.392758628000189,571.725183840265,True,25,False,ok,9.83415200772375e-11,6.24100387914542,4.98507783996506,12.0335025671994,88.7273459192935,5.21178023063143,10
stress,16,0.5,22280832,79,26,26,True,0.400500917186191,565.883501310153,True,27,False,ok,6.51326919560178e-11,6.27193644819462,4.94199082081039,12.0560060078112,80.7337224398689,5.95970994614196,11
stress,16,0.5,22280833,68,26,26,True,0.389236076467474,600.48435808879,False,30,True,max_iterations_reached,1.11557111749977e-09,,,,,,12
stress,16,0.5,22280834,71,26,26,True,0.405769754314639,533.518014932982,False,30,True,max_iterations_reached,2.79711518961078e-10,,,,,,13
stress,16,0.5,22280835,70,26,26,True,0.347488463039958,603.720381285583,True,21,False,ok,8.66755189106332e-11,8.90858513552936,6.90091060913488,18.449009256322,203.130397478904,14.3081781808571,14
stress,16,0.5,22280836,74,26,26,True,0.383679161361708,562.047787182245,True,22,False,ok,7.74153032212585e-11,10.2385083672192,8.31916645009977,19.5622028645842,240.550763411021,15.6959548185257,15
stress,16,0.5,22280837,73,26,26,True,0.400073685867419,586.061996446889,False,30,True,max_iterations_reached,3.75031903034645e-09,,,,,,16
stress,16,0.5,22280838,70,26,26,True,0.387148759007085,530.316807080012,True,18,False,ok,7.85279257701706e-11,5.78560466582802,4.57377638618334,11.6931147364177,77.7220509501702,5.18058639612013,17
stress,16,0.5,22280839,72,26,26,True,0.409208237860549,568.911262014412,False,30,True,max_iterations_reached,7.18347377310472e-08,,,,,,18
stress,16,0.5,22280840,64,26,26,True,0.368157741046031,593.891499695424,False,30,True,max_iterations_reached,7.1977894782076e-09,,,,,,19
stress,16,0.5,22280841,76,26,26,True,0.400375296025564,534.569209822165,True,18,False,ok,7.88549758616516e-11,8.71468621825457,6.61912704165116,18.3207234887665,206.7554674519,13.394527889182,20
stress,16,0.5,22280842,72,26,26,True,0.385104066055631,568.522780779172,False,30,True,max_iterations_reached,1.17775925996085e-08,,,,,,21
stress,16,0.5,22280843,76,26,26,True,0.402740392711573,521.665746595497,True,19,False,ok,7.44399601418906e-11,6.07941820082711,4.74647220007609,11.7954096736881,80.9981393311743,6.67790442634915,22
stress,16,0.5,22280844,79,26,26,True,0.391660592822209,555.694205022577,True,25,False,ok,5.92725874513812e-11,9.21012224794557,7.08565511023863,19.3514340750346,219.921389161391,14.6518462673537,23
stress,16,0.5,22280845,73,26,26,True,0.403679214805512,591.075664980043,False,30,True,max_iterations_reached,6.51833203387044e-09,,,,,,24
stress,16,0.5,22280846,75,26,26,True,0.403739044590443,567.126193461021,False,30,True,max_iterations_reached,6.51458291866715e-10,,,,,,25
stress,16,0.5,22280847,74,26,26,True,0.360697026943286,601.162093829538,True,29,False,ok,7.23136295357573e-11,10.2424034996345,7.95429128226453,20.7707716172882,201.611635645958,17.6006305919123,26
stress,16,0.5,22280848,78,26,26,True,0.355746610573735,605.862356930361,True,29,False,ok,7.02512050090773e-11,8.13823149891357,6.4259935100403,16.4614696022964,184.724775394624,10.5387950207716,27
stress,16,0.5,22280849,71,26,26,True,0.406996090883053,571.989873681262,False,30,True,max_iterations_reached,4.91512609602215e-08,,,,,,28
stress,16,0.5,22280850,76,26,26,True,0.395688617729014,549.6603165899,True,23,False,ok,8.65038983566655e-11,8.02717471793768,5.88301025785419,16.1318017773735,160.793675605637,11.8742395483576,29
stress,16,0.5,22280851,67,26,26,True,0.376288787616905,595.884885490661,False,30,True,max_iterations_reached,4.2534012064453e-08,,,,,,30
stress,16,0.5,22280852,70,26,26,True,0.405912812296176,588.19280365365,False,30,True,max_iterations_reached,3.0321805906606e-09,,,,,,31
stress,16,0.5,22280853,69,26,26,True,0.391121172776638,548.027233703798,False,30,True,max_iterations_reached,3.5201677864357e-08,,,,,,32
stress,16,0.5,22280854,71,26,26,True,0.405471619970206,591.119243921016,False,30,True,max_iterations_reached,4.8776972255432e-10,,,,,,33
stress,16,0.5,22280855,72,26,26,True,0.382136024379303,580.445099922276,True,30,False,ok,8.1277141575673e-11,7.98576994847654,6.04592704816282,17.1229623106154,153.163342760184,6.73988111342212,34
stress,16,0.5,22280856,73,26,26,True,0.397027412125934,601.246751555689,False,30,True,max_iterations_reached,6.70383416826001e-09,,,,,,35
stress,16,0.5,22280857,68,26,26,True,0.38770549874562,622.502171460419,False,30,True,max_iterations_reached,1.52353090330474e-09,,,,,,36
stress,16,0.5,22280858,74,26,26,True,0.407811470167175,585.704948953439,False,30,True,max_iterations_reached,2.81522550835872e-10,,,,,,37
stress,16,0.5,22280859,73,26,26,True,0.387536534211882,529.756358606813,True,28,False,ok,9.90814370990827e-11,8.83434015170705,7.0199145765077,17.6498655789969,192.964970149831,11.9385659914731,38
stress,16,0.5,22280860,75,26,26,True,0.405365373126256,572.840402380038,False,30,True,max_iterations_reached,4.46521602691016e-09,,,,,,39
stress,16,0.5,22280861,76,26,26,True,0.367842415537952,640.187932861935,True,26,False,ok,7.63589154610425e-11,9.02415495157708,6.73962392639118,19.2327950107746,178.099607789926,9.25974728957907,40
stress,16,0.5,22280862,69,26,26,True,0.393026618561364,505.540669703531,True,28,False,ok,6.20046533708545e-11,9.195314446219,7.25804984686179,18.085892015905,217.268850740746,12.1839517931215,41
stress,16,0.5,22280863,69,26,26,True,0.407084288923206,565.189043621056,False,30,True,max_iterations_reached,5.87384099231638e-10,,,,,,42
stress,16,0.5,22280864,75,26,26,True,0.405314993552238,599.955536536103,False,30,True,max_iterations_reached,1.75520540477181e-06,,,,,,43
stress,16,0.5,22280865,77,26,26,True,0.39248124505175,563.591955728129,True,24,False,ok,6.37329686674327e-11,7.0553667106711,5.66336353400225,13.6048689700679,120.414974118639,6.3517736810309,44
stress,16,0.5,22280866,75,26,26,True,0.386789759117483,554.294559853221,True,23,False,ok,5.92461203586033e-11,9.81801248396536,7.83454038212553,19.6187550575073,210.405872289909,13.5522654662584,45
stress,16,0.5,22280867,74,26,26,True,0.397980424626911,531.232165013191,True,13,False,ok,8.70646992709719e-11,8.36773319028602,6.80429953997975,15.9269318827981,141.281384675736,9.01082610306035,46
stress,16,0.5,22280868,71,26,26,True,0.392312755425966,559.722593199281,False,30,True,max_iterations_reached,2.83149220664102e-06,,,,,,47
stress,16,0.5,22280869,70,26,26,True,0.39353160278531,548.638849695856,False,30,True,max_iterations_reached,2.89904599556381e-10,,,,,,48
stress,16,0.5,22280870,77,26,26,True,0.413842007743336,581.982594580513,False,30,True,max_iterations_reached,4.42907513367768e-09,,,,,,49
stress,16,1,22280821,70,26,26,True,0.599931312530541,376.722432534656,True,25,False,ok,5.85354788828469e-11,5.86245346903225,4.66651813859649,11.4558849637529,72.5496240261051,4.98842780624003,0
stress,16,1,22280822,79,26,26,True,0.551101453638456,488.348347405973,True,27,False,ok,8.65617123498693e-11,6.42700677673483,5.13334564366269,12.9651198661044,64.9774149476867,5.08938143118258,1
stress,16,1,22280823,75,26,26,True,0.616975008464475,376.929915860712,True,28,False,ok,7.36038784591781e-11,6.47443806154318,5.24941980874329,12.2741799751839,28.2309003118807,5.18329475745648,2
stress,16,1,22280824,69,26,26,True,0.638222189179071,378.110624356552,False,30,True,max_iterations_reached,1.28403616734955e-10,,,,,,3
stress,16,1,22280825,76,26,26,True,0.635631098646575,422.759460160926,False,30,True,max_iterations_reached,1.80100972941131e-08,,,,,,4
stress,16,1,22280826,73,26,26,True,0.62651449189172,440.244879590065,False,30,True,max_iterations_reached,1.10931488197054e-08,,,,,,5
stress,16,1,22280827,70,26,26,True,0.595239368753085,436.167304873924,True,30,False,ok,9.97211935233695e-11,7.94782677443228,6.18689601246027,15.8923291061869,131.773393671026,10.9544248918327,6
stress,16,1,22280828,69,26,26,True,0.635480553979582,387.901940794007,False,30,True,max_iterations_reached,3.52868885651199e-09,,,,,,7
stress,16,1,22280829,66,26,26,True,0.617433415764774,415.454675576879,False,30,True,max_iterations_reached,8.11841874631475e-10,,,,,,8
stress,16,1,22280830,74,26,26,True,0.638306787318981,410.182381045752,False,30,True,max_iterations_reached,8.09391748740245e-07,,,,,,9
stress,16,1,22280831,78,26,26,True,0.62011463864362,403.40208491973,True,27,False,ok,7.03336024195627e-11,5.59406157031623,4.493280066926,10.6179479763043,44.4920200227879,2.71404153726289,10
stress,16,1,22280832,79,26,26,True,0.629675605191635,402.171751212958,True,26,False,ok,6.77275605794481e-11,5.81804038105696,4.57015654553441,11.3854678193183,40.6927333317924,3.9578235546723,11
stress,16,1,22280833,68,26,26,True,0.621796281021302,430.997866128548,False,30,True,max_iterations_reached,4.67072923574883e-10,,,,,,12
stress,16,1,22280834,71,26,26,True,0.588953335700052,387.269195822683,True,24,False,ok,4.46458455084783e-11,6.81764184769063,5.54375361556939,13.1753904172738,53.8262979732377,5.74796213152944,13
stress,16,1,22280835,70,26,26,True,0.531653128515843,457.770147827759,True,21,False,ok,5.79860887851833e-11,6.39640446061892,5.01741332206311,12.7787854374228,100.74995545243,8.16077175682551,14
stress,16,1,22280836,74,26,26,True,0.617665499106179,397.879610226037,True,22,False,ok,5.50207656694691e-11,7.23869864381477,5.90307472306888,14.0264455692389,120.707676782451,8.80909000473808,15
stress,16,1,22280837,73,26,26,True,0.567437942068993,456.37975513055,True,24,False,ok,7.61276971100741e-11,6.66266691555082,5.22984109753527,13.0181271602522,92.9342195963221,7.23439701353979,16
stress,16,1,22280838,70,26,26,True,0.623184643809905,352.143921008109,True,18,False,ok,5.66403609045878e-11,5.26035333379814,4.17988837545233,10.6173470847557,39.5611389760748,3.00855194460718,17
stress,16,1,22280839,72,26,26,True,0.637434222729411,422.058623679516,False,30,True,max_iterations_reached,5.95746194430749e-10,,,,,,18
stress,16,1,22280840,64,26,26,True,0.579434074483654,414.205345996406,True,27,False,ok,7.00236670900942e-11,6.81027128695598,5.47190470777148,12.9157077466592,86.4596143303777,7.57943409280565,19
stress,16,1,22280841,76,26,26,True,0.63062193070366,392.359104559348,True,18,False,ok,9.19856318317575e-11,6.31969644653298,5.0081575262589,12.4775164397062,103.270557799471,7.2485414521007,20
stress,16,1,22280842,72,26,26,True,0.61585088958004,405.767223356358,False,30,True,max_iterations_reached,9.13147772808306e-09,,,,,,21
stress,16,1,22280843,76,26,26,True,0.632182181714413,383.576825403425,True,19,False,ok,6.88681825577797e-11,5.60124235697364,4.46239968477147,10.6539318810384,39.8434770338459,4.31638448846851,22
stress,16,1,22280844,79,26,26,True,0.613754971464883,407.226410240182,True,23,False,ok,8.54537860020907e-11,6.74961553572207,5.43259385710734,13.1243139785631,109.334085636983,8.27448689410911,23
stress,16,1,22280845,73,26,26,True,0.632230386469499,422.53043568553,False,30,True,max_iterations_reached,2.87499730389022e-10,,,,,,24
stress,16,1,22280846,75,26,26,True,0.634876477000785,403.144783479307,False,30,True,max_iterations_reached,8.32281524456835e-10,,,,,,25
stress,16,1,22280847,74,26,26,True,0.547676560041784,454.390114645592,True,28,False,ok,7.31255300195725e-11,8.24942102612082,6.52075237694756,16.3062050554869,100.471921477297,11.5431580960195,26
stress,16,1,22280848,78,26,26,True,0.591833343583873,422.940908721463,True,24,False,ok,9.9055019832743e-11,5.99498763455998,4.75793023986293,11.7312627401368,92.3998718191677,5.0523277972189,27
stress,16,1,22280849,71,26,26,True,0.637598177632813,417.615059430073,False,30,True,max_iterations_reached,5.2768718111721e-08,,,,,,28
stress,16,1,22280850,76,26,26,True,0.624415474229722,399.779232352728,True,22,False,ok,7.23403533713253e-11,6.42212203727246,4.96360556983711,12.6640098242049,81.04429608176,7.17000888574036,29
stress,16,1,22280851,67,26,26,True,0.615298811776913,404.307340087078,False,30,True,max_iterations_reached,2.40923337772865e-08,,,,,,30
stress,16,1,22280852,70,26,26,True,0.63732049794655,413.832391370619,False,30,True,max_iterations_reached,1.79731325793236e-10,,,,,,31
stress,16,1,22280853,69,26,26,True,0.623237156315039,408.184809997536,False,30,True,max_iterations_reached,4.47963482852534e-10,,,,,,32
stress,16,1,22280854,71,26,26,True,0.622303820406819,404.935668350481,True,18,False,ok,4.67247123316531e-11,6.10425527985834,4.86543195004534,11.8408760227221,84.5509483807279,4.34654166952166,33
stress,16,1,22280855,72,26,26,True,0.62215360614639,409.472947794646,True,26,False,ok,8.82403839693349e-11,6.51673618245058,5.12457661855875,13.0298249606838,77.3435404195663,2.54856692370607,34
stress,16,1,22280856,73,26,26,True,0.633114305769861,416.673725591262,False,30,True,max_iterations_reached,3.04899889844386e-09,,,,,,35
stress,16,1,22280857,68,26,26,True,0.620745538260356,440.445068149989,False,30,True,max_iterations_reached,2.78256324670032e-09,,,,,,36
stress,16,1,22280858,74,26,26,True,0.63782275298801,422.515972382203,False,30,True,max_iterations_reached,2.32437848794633e-10,,,,,,37
stress,16,1,22280859,73,26,26,True,0.610245238245368,364.440919763773,True,24,False,ok,5.7649607333737e-11,6.73917814064717,5.38508976203903,13.2804706906391,95.4955935886792,6.51622405138955,38
stress,16,1,22280860,75,26,26,True,0.638104760221095,407.050511665264,False,30,True,max_iterations_reached,1.94439811935491e-09,,,,,,39
stress,16,1,22280861,76,26,26,True,0.563357655702914,481.793362052741,True,25,False,ok,8.97962133925367e-11,7.31853329320173,5.65148238718818,15.2823141208255,90.6768477529099,4.99841296799848,40
stress,16,1,22280862,69,26,26,True,0.623398652627547,365.855718574561,True,27,False,ok,5.68595823995371e-11,6.39969897021347,5.11322018086365,12.0562092415505,107.744121863261,5.6649617945267,41
stress,16,1,22280863,69,26,26,True,0.636688540140954,399.756162205751,False,30,True,max_iterations_reached,1.12267271027265e-10,,,,,,42
stress,16,1,22280864,75,26,26,True,0.636717362571375,432.635800389654,False,30,True,max_iterations_reached,1.91642696501612e-07,,,,,,43
stress,16,1,22280865,77,26,26,True,0.629045448011032,396.137141037697,True,23,False,ok,8.93070459572901e-11,5.98388939442563,4.78654927290105,11.6894754604367,60.5928882732668,3.01005308777965,44
stress,16,1,22280866,75,26,26,True,0.617558537601815,389.858422486199,True,22,False,ok,3.67002537491621e-11,7.44525891954506,6.00991944267767,14.6180757624645,104.159058519042,7.70931512631703,45
stress,16,1,22280867,74,26,26,True,0.631187341277808,374.220537208259,True,14,False,ok,3.55269807166694e-11,7.21552635813707,5.8711352373171,13.6707232690568,69.9046986547139,5.63666567922452,46
stress,16,1,22280868,71,26,26,True,0.621312751483857,408.079461652535,False,30,True,max_iterations_reached,3.05536002233884e-10,,,,,,47
stress,16,1,22280869,70,26,26,True,0.622319201170071,396.477497593244,False,30,True,max_iterations_reached,1.86298099045585e-10,,,,,,48
stress,16,1,22280870,77,26,26,True,0.642428087876265,415.860352303456,False,30,True,max_iterations_reached,2.509282200022e-08,,,,,,49
stress,24,0.25,22280821,111,34,34,True,0.245184199108317,1062.19285159404,True,21,False,ok,9.78301666184396e-11,15.8884704815146,10.9950086324175,40.9722781485971,436.923912879076,24.8875094968847,0
stress,24,0.25,22280822,107,34,34,True,0.262862738823215,991.029497177312,False,30,True,max_iterations_reached,3.67856469691436e-10,,,,,,1
stress,24,0.25,22280823,107,34,34,True,0.253159578148545,969.849215317035,True,23,False,ok,8.47686418243613e-11,7.29213893359328,5.69776305378244,14.6455757911603,141.298682641709,9.32994686520251,2
stress,24,0.25,22280824,103,34,34,True,0.256653904879435,966.506984169807,False,30,True,max_iterations_reached,3.27550866209052e-07,,,,,,3
stress,24,0.25,22280825,101,34,34,True,0.237256494254592,962.755835930257,True,26,False,ok,8.82485024957156e-11,11.4033621843481,8.86857935606255,23.2663501301437,288.799826434754,17.7671249213272,4
stress,24,0.25,22280826,113,34,34,True,0.258195448180356,954.333550723436,True,17,False,ok,8.7845798379814e-11,11.8709989196017,9.15942089697189,24.2580997322605,308.612513132529,18.7471549462105,5
stress,24,0.25,22280827,105,34,34,True,0.249631663764159,930.181176605251,True,17,False,ok,4.88458752477824e-11,9.29961166145619,7.49962951483774,17.9469968415274,215.026031775615,12.6011456515465,6
stress,24,0.25,22280828,110,34,34,True,0.252364648759148,1015.67788502027,True,25,False,ok,5.83347273320052e-11,18.0103260509198,14.4143469338539,34.2164061004774,497.748458308219,31.4877513169158,7
stress,24,0.25,22280829,103,34,34,True,0.253949297136527,913.960190821732,True,27,False,ok,8.49516597846376e-11,14.2906647513824,11.694131504702,27.2023174082942,373.138681880002,24.0545536586802,8
stress,24,0.25,22280830,108,34,34,True,0.257567773859165,969.9184876917,True,22,False,ok,6.47644316720181e-11,11.6201699749587,9.40673181743803,22.9262978064888,287.780248848811,17.7086158423243,9
stress,24,0.25,22280831,110,34,34,True,0.259942988864369,1032.2533094824,False,30,True,max_iterations_reached,1.44694479808378e-10,,,,,,10
stress,24,0.25,22280832,116,34,34,True,0.25559466052492,950.222368210702,True,23,False,ok,8.86344769181595e-11,7.99157606360045,6.3426141094404,15.9540648194752,173.13449106692,10.7652525939075,11
stress,24,0.25,22280833,99,34,34,True,0.252903398823383,892.854339586439,True,25,False,ok,7.99547730538368e-11,9.01100880980093,6.88969616729779,18.7872897555827,219.718175611476,13.6252083505988,12
stress,24,0.25,22280834,108,34,34,True,0.249193535796582,989.091508516081,True,23,False,ok,6.24563967890151e-11,15.3959145291748,11.2652606783307,34.0156728468379,406.924897115121,21.1490251559046,13
stress,24,0.25,22280835,110,34,34,True,0.251887644549932,1036.97423634338,True,23,False,ok,5.4041846982855e-11,14.4962808608344,11.3884701588935,28.937520337744,388.005490800481,25.6253497295826,14
stress,24,0.25,22280836,116,34,34,True,0.270768892044627,1009.372008901,False,30,True,max_iterations_reached,1.13532800252251e-10,,,,,,15
stress,24,0.25,22280837,115,34,34,True,0.261841344513027,1053.45420995261,False,30,True,max_iterations_reached,6.61249496900609e-10,,,,,,16
stress,24,0.25,22280838,103,34,34,True,0.249787391576595,932.818890016881,True,25,False,ok,9.37760526618321e-11,12.9881413538175,10.2170456110402,26.1319580158227,326.243240229768,20.1606331979546,17
stress,24,0.25,22280839,105,34,34,True,0.253137012197785,1001.38286944012,True,28,False,ok,9.70033661660909e-11,13.750655571325,10.8878974320588,27.8140127834706,359.966322772606,22.1529213676858,18
stress,24,0.25,22280840,98,34,34,True,0.249130518859502,1018.72329388475,False,30,True,max_iterations_reached,1.98014223120858e-10,,,,,,19
stress,24,0.25,22280841,110,34,34,True,0.265831099679975,1032.00618287336,False,30,True,max_iterations_reached,5.8019869334661e-10,,,,,,20
stress,24,0.25,22280842,108,34,34,True,0.242838340038444,1027.40825445002,True,21,False,ok,6.84942070093953e-11,9.04820348910607,7.29778571200222,17.5053623827106,162.219398084492,12.2367278507319,21
stress,24,0.25,22280843,113,34,34,True,0.24297562913724,1042.70406588031,True,27,False,ok,6.32155013853927e-11,12.1288641525392,9.8432644749066,23.2762610484414,305.970196381441,19.1099224367465,22
stress,24,0.25,22280844,120,34,34,True,0.248146796811681,1033.51115105788,True,21,False,ok,9.08265214192128e-11,6.13569862275823,4.95708538857444,11.9506200697385,93.6580078216003,5.40444257715776,23
stress,24,0.25,22280845,105,34,34,True,0.242583028118181,991.620150875391,True,20,False,ok,6.71642191059055e-11,11.7303896478968,8.75489890578279,26.2645576102896,274.346536394916,15.8376646991084,24
stress,24,0.25,22280846,108,34,34,True,0.246844779580012,988.212162607897,True,26,False,ok,6.49859244336319e-11,13.5720528057739,9.76043939000169,31.268330334637,362.946171037477,20.7177720976396,25
stress,24,0.25,22280847,100,34,34,True,0.256233659842004,1029.54296718056,False,30,True,max_iterations_reached,1.10744490656721e-08,,,,,,26
stress,24,0.25,22280848,107,34,34,True,0.252960083638075,939.990768256877,True,26,False,ok,6.13503001540582e-11,10.1954582080987,7.4460658241712,22.555804071645,250.051157031258,16.805434719085,27
stress,24,0.25,22280849,110,34,34,True,0.246003760080056,1060.5630513158,True,25,False,ok,7.43064608189947e-11,9.01071677120368,7.25217134343042,17.6500851856718,171.508795749616,12.86302340803,28
stress,24,0.25,22280850,111,34,34,True,0.263985701098209,950.708259576714,True,26,False,ok,8.47983907687961e-11,8.97812443895528,6.99239296956834,18.0708197346261,209.463190919554,11.3725386606538,29
stress,24,0.25,22280851,100,34,34,True,0.247302995545878,924.543895585631,True,21,False,ok,6.96154476103494e-11,12.4731060870967,8.78473388163436,29.4500518105651,336.351292104528,19.2132092518898,30
stress,24,0.25,22280852,118,34,34,True,0.244254922775312,1105.97050171812,True,19,False,ok,5.25665932850459e-11,12.1060290802276,8.92102614409017,27.3136343844376,328.218712213255,18.657905331294,31
stress,24,0.25,22280853,103,34,34,True,0.249387992202896,926.720488114349,True,25,False,ok,5.85983264272039e-11,7.90243147805701,6.08988886638669,15.9626016351524,179.220713464865,11.4047304793119,32
stress,24,0.25,22280854,102,34,34,True,0.255231066105792,1038.57259977525,False,30,True,max_iterations_reached,6.9956620825063e-09,,,,,,33
stress,24,0.25,22280855,114,34,34,True,0.255743121867156,1015.25603761156,True,24,False,ok,6.31328491068981e-11,8.5054022520643,6.5653844601013,17.1214432574207,201.035322677378,12.3763869409261,34
stress,24,0.25,22280856,103,34,34,True,0.250294189912377,929.606794961298,True,22,False,ok,5.84595626293819e-11,7.57023885507849,5.99863720592582,15.1554475939887,156.564479843602,9.51980612300784,35
stress,24,0.25,22280857,102,34,34,True,0.22875947949395,1029.63927224836,True,22,False,ok,9.50806191005737e-11,26.0668827231474,20.4224530319293,50.3944600548275,733.494058130952,45.2270862029319,36
stress,24,0.25,22280858,107,34,34,True,0.249433083835113,994.160085194818,True,28,False,ok,8.63722702732942e-11,10.3461927236424,7.91528045150997,21.3497577400564,261.570470186405,16.7494467699103,37
stress,24,0.25,22280859,106,34,34,True,0.238385292423425,958.24361270657,True,24,False,ok,8.375396389505e-11,8.97187959377385,7.15652666540175,17.5475912286573,210.448474255324,13.620456193779,38
stress,24,0.25,22280860,110,34,34,True,0.253117628129046,1017.04784758059,True,19,False,ok,5.29990642560454e-11,8.81397621529559,7.01205986351869,16.9887493660717,199.580963084582,11.5328951420236,39
stress,24,0.25,22280861,110,34,34,True,0.267172482962203,1004.89196533315,False,30,True,max_iterations_reached,1.15548887865199e-10,,,,,,40
stress,24,0.25,22280862,111,34,34,True,0.250780117697705,980.235619936469,True,20,False,ok,8.68268425837147e-11,11.1863900222261,8.36312380275062,24.6759739412566,279.655114690073,17.1081839439207,41
stress,24,0.25,22280863,114,34,34,True,0.233351926367288,1077.29171660787,True,27,False,ok,7.79265537284056e-11,9.77382146287923,7.66832485433466,19.7715314100531,224.934192087111,14.916355369618,42
stress,24,0.25,22280864,114,34,34,True,0.249158534446391,989.481249599737,True,30,False,ok,7.47855064392545e-11,10.3158999475074,6.91233720322554,25.5631833834361,261.452664258903,15.5074809741974,43
stress,24,0.25,22280865,103,34,34,True,0.246296706911773,950.342229319702,True,23,False,ok,6.60945887007343e-11,8.60284426006745,6.9962291182627,16.1338092667565,184.921830288226,11.4379340404094,44
stress,24,0.25,22280866,99,34,34,True,0.246565221928959,976.445744382238,True,27,False,ok,7.28110850805528e-11,16.4008631679189,12.4395950987517,34.1312192476543,434.381184160619,27.7401917360172,45
stress,24,0.25,22280867,109,34,34,True,0.23988547279614,1071.88435506502,True,23,False,ok,8.78902188047773e-11,11.7394926096867,9.52874203044072,22.4698632819949,301.863141772746,17.7944026103561,46
stress,24,0.25,22280868,103,34,34,True,0.264406950480836,996.34424573491,False,30,True,max_iterations_reached,3.94033839186805e-08,,,,,,47
stress,24,0.25,22280869,110,34,34,True,0.259591531668919,1052.40644979122,False,30,True,max_iterations_reached,3.36783505010038e-10,,,,,,48
stress,24,0.25,22280870,113,34,34,True,0.243419198899177,1024.69751989096,True,24,False,ok,7.90744606785467e-11,13.0131593721428,9.76278305482526,28.3369427735184,349.101866013071,20.9161483355649,49
stress,24,0.5,22280821,111,34,34,True,0.44436399293466,615.874365284841,True,26,False,ok,7.48117962363822e-11,9.17725022733521,6.81474509686956,20.4595988767041,219.751050413329,11.887710058122,0
stress,24,0.5,22280822,107,34,34,True,0.475512578259611,558.557386230884,False,30,True,max_iterations_reached,3.07824156650331e-10,,,,,,1
stress,24,0.5,22280823,107,34,34,True,0.460589160458244,571.956384567784,True,23,False,ok,5.77205907809216e-11,5.84499695577891,4.6604658297073,11.2531257333612,70.3733835958687,5.08867604322728,2
stress,24,0.5,22280824,103,34,34,True,0.467521805027045,545.878727748627,False,30,True,max_iterations_reached,1.15568314999342e-08,,,,,,3
stress,24,0.5,22280825,101,34,34,True,0.430514482666463,537.616896304658,True,25,False,ok,9.42826248338804e-11,7.37087693918162,5.87424241401244,14.4571747404861,145.969584850295,9.26580541433712,4
stress,24,0.5,22280826,113,34,34,True,0.466238215578982,542.439407562482,True,18,False,ok,5.95227650773462e-11,7.43219628569266,5.84551192388412,14.758577956794,152.59996587904,9.44558894473336,5
stress,24,0.5,22280827,105,34,34,True,0.457138870264296,531.139476943304,True,16,False,ok,6.91297064076348e-11,6.79157547819091,5.41201239744813,13.3816483109348,108.206475674257,6.4917832977772,6
stress,24,0.5,22280828,110,34,34,True,0.456286582542725,578.571889217292,True,24,False,ok,6.91656844544777e-11,9.91095611016989,7.97180201319298,19.2695214025909,238.403134413166,15.9256062620449,7
stress,24,0.5,22280829,103,34,34,True,0.475851621873896,555.546830065051,False,30,True,max_iterations_reached,3.57492286215296e-07,,,,,,8
stress,24,0.5,22280830,108,34,34,True,0.465524255680847,550.960311357729,True,21,False,ok,6.13137946164487e-11,7.66655203168402,6.18879498798189,14.9693564302909,147.12593380725,9.42588240953417,9
stress,24,0.5,22280831,110,34,34,True,0.455824709323239,568.923862789269,True,22,False,ok,5.97188929313158e-11,7.23359672946469,5.80240490901767,14.0544033039067,102.756387235553,7.66261097465045,10
stress,24,0.5,22280832,116,34,34,True,0.457930609299977,558.123211149566,True,23,False,ok,6.1585369916649e-11,5.96841417289546,4.69459097130044,11.8896693734958,87.0741572761467,5.63880832408902,11
stress,24,0.5,22280833,99,34,34,True,0.461495226092073,510.629684787409,True,24,False,ok,6.95130638353952e-11,6.32626800300567,4.96580383098671,12.4700460864858,111.43686102933,7.20415043042819,12
stress,24,0.5,22280834,108,34,34,True,0.455402466324895,562.659778976717,True,22,False,ok,7.14810738674573e-11,9.35652777910765,7.14126685786962,19.5442185691944,200.291013184297,8.74688751246107,13
stress,24,0.5,22280835,110,34,34,True,0.455323880590655,602.815418537395,True,22,False,ok,5.91439161141949e-11,8.53778750284383,6.77125593067083,17.1233825988026,192.115736027492,13.8454433659444,14
stress,24,0.5,22280836,116,34,34,True,0.477336330126753,546.784770347619,True,29,False,ok,8.02189403693288e-11,7.8165916436438,6.16350678487193,15.3981356611305,168.725101996928,11.4462548740843,15
stress,24,0.5,22280837,115,34,34,True,0.473509969570314,607.537662617508,False,30,True,max_iterations_reached,1.3301883490963e-10,,,,,,16
stress,24,0.5,22280838,103,34,34,True,0.455943996859554,527.534290395935,True,23,False,ok,5.94593152426513e-11,7.95087961955054,6.32982315948066,15.604245704703,162.501940718422,10.4043264742521,17
stress,24,0.5,22280839,105,34,34,True,0.453433866465931,579.137379668623,True,28,False,ok,9.49105424529694e-11,8.65564247981924,6.81372533202896,17.2340722557465,186.111038398882,11.8453349317402,18
stress,24,0.5,22280840,98,34,34,True,0.414221193871524,553.448498425749,True,30,False,ok,7.13274072793477e-11,6.81775394711341,5.38559958058819,13.5676173908656,120.567819542486,7.3728643710439,19
stress,24,0.5,22280841,110,34,34,True,0.475379973069459,590.140409555847,False,30,True,max_iterations_reached,3.45472595045013e-10,,,,,,20
stress,24,0.5,22280842,108,34,34,True,0.451217981960939,579.148687169136,True,20,False,ok,8.22673955913463e-11,7.53345341563215,6.06109349430138,14.5654860564502,81.2480051608751,7.88942454334301,21
stress,24,0.5,22280843,113,34,34,True,0.406867797036609,645.913609706347,True,28,False,ok,8.17651186609871e-11,7.63499015129715,6.13064336566442,14.8946216739785,150.271770365034,9.8560606733476,22
stress,24,0.5,22280844,120,34,34,True,0.45411821917586,586.350379484684,True,23,False,ok,5.97710079714105e-11,5.44416757074192,4.3850953087126,10.6181559192994,46.0389984869594,2.88157258122756,23
stress,24,0.5,22280845,105,34,34,True,0.442391501787949,563.302136470631,True,21,False,ok,8.75656955339676e-11,8.12718282006442,6.54830213436176,15.4434592611484,134.241093274962,7.9471588567911,24
stress,24,0.5,22280846,108,34,34,True,0.452026677361148,559.216210858889,True,26,False,ok,6.58333970508877e-11,8.27614864610424,6.33258734303466,17.5998494270075,185.724760649568,10.1700819254565,25
stress,24,0.5,22280847,100,34,34,True,0.466067722096007,579.289199451984,False,30,True,max_iterations_reached,2.11181607569757e-08,,,,,,26
stress,24,0.5,22280848,107,34,34,True,0.459503352187988,525.223188388086,True,25,False,ok,7.39522228173929e-11,6.92144564752263,5.37139864446155,13.8916572663193,126.544946833743,9.41302468122523,27
stress,24,0.5,22280849,110,34,34,True,0.471008160910134,625.615489817601,False,30,True,max_iterations_reached,8.85372309556458e-08,,,,,,28
stress,24,0.5,22280850,111,34,34,True,0.481295790383704,579.965976727942,False,30,True,max_iterations_reached,1.82657298174615e-08,,,,,,29
stress,24,0.5,22280851,100,34,34,True,0.447121720413124,521.739050504648,True,20,False,ok,9.21250556985827e-11,7.8611980483638,6.03667804129307,15.9761477584039,169.049719912605,9.3392470750224,30
stress,24,0.5,22280852,118,34,34,True,0.436195389696062,645.302998974236,True,20,False,ok,7.432239060319e-11,7.60988324225948,5.90431253833729,15.5215540083319,166.410737813968,8.99173054580865,31
stress,24,0.5,22280853,103,34,34,True,0.468683453819285,569.635548880393,False,30,True,max_iterations_reached,1.02135268403708e-10,,,,,,32
stress,24,0.5,22280854,102,34,34,True,0.465800268127568,587.576794673999,False,30,True,max_iterations_reached,5.6753524803782e-09,,,,,,33
stress,24,0.5,22280855,114,34,34,True,0.467706769399954,575.923620198929,True,18,False,ok,7.08739430188764e-11,6.11978775881714,4.83266050984018,11.913987558596,101.208310442673,6.39618511161029,34
stress,24,0.5,22280856,103,34,34,True,0.457273482540479,541.947920261658,True,21,False,ok,6.29590340159593e-11,5.86958678351381,4.6562011014647,11.750988463856,74.7369559770963,4.69135023574907,35
stress,24,0.5,22280857,102,34,34,True,0.42839357212326,589.122446605427,True,22,False,ok,7.81510892813329e-11,13.5262629724531,10.7479845536341,26.1685074059578,360.684400119475,22.8633081375553,36
stress,24,0.5,22280858,107,34,34,True,0.466716193968519,613.435243219941,False,30,True,max_iterations_reached,2.39360015366875e-08,,,,,,37
stress,24,0.5,22280859,106,34,34,True,0.432474175373925,545.337232227386,True,22,False,ok,7.69287913049968e-11,6.38794995148444,5.08249029376542,12.5804992822757,103.069672190652,7.1903868942753,38
stress,24,0.5,22280860,110,34,34,True,0.463685248874431,567.569399776304,True,18,False,ok,7.29132723450695e-11,6.40951932420798,5.14072260597326,12.5124362521376,99.9706260857448,5.6632737979001,39
stress,24,0.5,22280861,110,34,34,True,0.469611110909494,565.596365998176,True,20,False,ok,5.99289308165522e-11,5.80385631449657,4.65465538385861,11.3613857117102,88.6420025139512,5.3452196627623,40
stress,24,0.5,22280862,111,34,34,True,0.459830057757984,567.731033812556,True,20,False,ok,6.067665916986e-11,7.15037113271905,5.62209854235235,14.4786089467566,139.489707097873,8.73521668089993,41
stress,24,0.5,22280863,114,34,34,True,0.423196439554798,621.04522997752,True,26,False,ok,8.3818965635651e-11,7.00746365649661,5.55010759822286,13.86089392957,114.928664772742,8.47273185762256,42
stress,24,0.5,22280864,114,34,34,True,0.454166000382683,563.798569536201,True,27,False,ok,8.52249408732594e-11,6.65507628516309,5.12871873015743,13.653166071062,123.547773353728,7.30862403634569,43
stress,24,0.5,22280865,103,34,34,True,0.447595987460185,543.760985970671,True,22,False,ok,7.51548034001502e-11,6.57524465925327,5.3033118371216,12.7249565684259,94.7175085201564,6.20424539985638,44
stress,24,0.5,22280866,99,34,34,True,0.4481727666928,560.221537041236,True,26,False,ok,9.04625476058656e-11,9.40414383893191,7.36439409524519,19.2585757958545,214.844000089925,14.663295655811,45
stress,24,0.5,22280867,109,34,34,True,0.432875358507583,623.681055792307,True,23,False,ok,5.75710829111276e-11,7.52287926849758,6.08512011744907,14.4103834264321,149.980974627039,8.74496119127473,46
stress,24,0.5,22280868,103,34,34,True,0.431478356701021,574.368272560293,True,24,False,ok,8.07557605314193e-11,7.68733848807043,6.24301965095471,14.7677910808404,133.50320324724,8.25087060077321,47
stress,24,0.5,22280869,110,34,34,True,0.472914004938419,586.929943842081,False,30,True,max_iterations_reached,3.60654055257021e-10,,,,,,48
stress,24,0.5,22280870,113,34,34,True,0.435285651182432,602.085785207093,True,23,False,ok,7.95809279317413e-11,8.15772842103778,6.40347778090735,16.3392377065416,177.097953438886,10.7209108900075,49
stress,24,1,22280821,111,34,34,True,0.649188232202811,479.619614491438,True,25,False,ok,6.13444093230155e-11,6.49206283156521,5.10752752414979,13.0165901626896,110.825343110465,5.45431008399326,0
stress,24,1,22280822,107,34,34,True,0.711945054998797,408.043501967226,False,30,True,max_iterations_reached,2.80228110522857e-10,,,,,,1
stress,24,1,22280823,107,34,34,True,0.69710632097971,441.596902343177,True,23,False,ok,4.97460960641947e-11,5.40300992626678,4.32259531234529,10.2293256764408,35.1105243938988,3.06960086849173,2
stress,24,1,22280824,103,34,34,True,0.683425072355691,372.202076598185,True,27,False,ok,6.48601632773853e-11,6.56500293446579,5.16780171143598,13.0966951992782,107.400377536085,5.39555121159386,3
stress,24,1,22280825,101,34,34,True,0.642646636072711,398.130889293405,True,24,False,ok,9.63469768532717e-11,5.95582415669485,4.78811698055664,11.546443277857,73.4164390074143,5.06045366083233,4
stress,24,1,22280826,113,34,34,True,0.702216901927573,402.824928414918,True,16,False,ok,6.0811064619684e-11,5.86237355231777,4.66294819809923,11.3382544761098,75.7130875329626,4.93772983929062,5
stress,24,1,22280827,105,34,34,True,0.682182553725742,405.036077453434,True,16,False,ok,9.59147521969216e-11,5.99994676929196,4.82811214334396,11.7353662736512,54.2546865143657,3.77332796860548,6
stress,24,1,22280828,110,34,34,True,0.691557605807296,437.586798466841,True,22,False,ok,6.14500229888539e-11,6.80587403042108,5.49490217443513,12.9762454743071,116.901868640653,8.66339260786449,7
stress,24,1,22280829,103,34,34,True,0.690288977246876,403.394173095479,True,26,False,ok,8.09007396957611e-11,6.48934459864676,5.26539873638875,12.5278517179151,93.0341559378966,7.41436513103077,8
stress,24,1,22280830,108,34,34,True,0.673954357635977,420.895171851141,True,20,False,ok,8.40835089485681e-11,6.23698636990034,5.01134449909642,12.508474387268,74.2834841035874,5.32005889264747,9
stress,24,1,22280831,110,34,34,True,0.681732799744897,445.548433650094,True,19,False,ok,8.96270114878578e-11,6.54893802733074,5.27243268716953,12.43125235826,50.8076998409506,5.13208396740859,10
stress,24,1,22280832,116,34,34,True,0.6721955764186,436.804750918736,True,22,False,ok,8.80033213318948e-11,5.32448339806895,4.185695786473,10.5435096316892,43.6634937137182,3.12340259728359,11
stress,24,1,22280833,99,34,34,True,0.700282781018698,382.324397870204,True,23,False,ok,6.92447202473613e-11,5.43797622708288,4.32287722953135,10.801273062048,56.0988982341001,4.02925534297637,12
stress,24,1,22280834,108,34,34,True,0.691337100215479,416.724903678472,True,22,False,ok,5.75893254055242e-11,7.13882458093362,5.58805951290251,14.3729314487107,99.1895535185219,2.9300698281502,13
stress,24,1,22280835,110,34,34,True,0.680837946711136,458.554898759092,True,19,False,ok,6.36265237120927e-11,6.31786954512948,5.00181462884871,12.2364091742664,95.5471895321647,8.05979521512946,14
stress,24,1,22280836,116,34,34,True,0.564631941023181,518.770757371185,True,29,False,ok,7.84273281987282e-11,6.10488035121087,4.88018848240185,11.8218516148501,84.3797263233028,6.52633707169145,15
stress,24,1,22280837,115,34,34,True,0.611903611504976,476.571671231217,True,30,False,ok,9.16794966223939e-11,5.98877523945888,4.82478596516261,11.5481413040204,61.4535164141144,4.47011790701067,16
stress,24,1,22280838,103,34,34,True,0.673031625292984,398.846393238744,True,22,False,ok,7.33431410319607e-11,6.06406216477991,4.84575354564632,11.7876496199466,81.2819959088577,5.65507117845991,17
stress,24,1,22280839,105,34,34,True,0.678624572962498,429.022663608083,True,29,False,ok,7.79081996199241e-11,6.64734619508677,5.24365236738022,12.9192314730825,94.6170091651866,6.64951893490144,18
stress,24,1,22280840,98,34,34,True,0.695836400499053,423.979104807906,False,30,True,max_iterations_reached,1.56988498626833e-09,,,,,,19
stress,24,1,22280841,110,34,34,True,0.710132591287178,441.88404219954,False,30,True,max_iterations_reached,2.5904359909124e-10,,,,,,20
stress,24,1,22280842,108,34,34,True,0.697494255856164,424.116225796634,True,20,False,ok,6.37773846816801e-11,7.09797159591121,5.69688172206101,13.5979547571948,40.7567076942151,6.04317858106272,21
stress,24,1,22280843,113,34,34,True,0.405780644850207,726.210196614234,True,27,False,ok,8.92367695861583e-11,6.07554291655203,4.85490441560711,11.5847036841195,74.4349950915427,5.49500226757546,22
stress,24,1,22280844,120,34,34,True,0.691447295781642,433.90912041144,True,25,False,ok,7.09922014950565e-11,5.256390069657,4.23017323594152,10.2489866507003,22.8305407297869,1.96735261211083,23
stress,24,1,22280845,105,34,34,True,0.569857027799288,499.24394381144,True,21,False,ok,5.97325343143842e-11,6.97402714968555,5.70431429196616,13.2407282164539,66.3262684464575,4.80378741513461,24
stress,24,1,22280846,108,34,34,True,0.686974567623505,409.081813435445,True,25,False,ok,7.03345046821859e-11,6.22940405665374,4.94138119246241,12.5417421066729,94.4804610775142,4.84315990742713,25
stress,24,1,22280847,100,34,34,True,0.70421257183895,429.589050839963,False,30,True,max_iterations_reached,9.3304887867894e-09,,,,,,26
stress,24,1,22280848,107,34,34,True,0.682929242465138,393.076632167236,True,24,False,ok,9.1898209397816e-11,5.806932119223,4.59127748150772,11.48402170718,63.6415524369785,5.66951893565192,27
stress,24,1,22280849,110,34,34,True,0.710423056026189,463.950270338445,False,30,True,max_iterations_reached,6.1892305871077e-10,,,,,,28
stress,24,1,22280850,111,34,34,True,0.714390572229589,435.795824609918,False,30,True,max_iterations_reached,4.22164221196e-08,,,,,,29
stress,24,1,22280851,100,34,34,True,0.667061721293885,392.785722670146,True,20,False,ok,8.32419014211085e-11,6.19103108850594,4.91468790492679,12.0391908328102,84.7217849782788,4.56832177160473,30
stress,24,1,22280852,118,34,34,True,0.629282651789882,500.539955918543,True,18,False,ok,5.81632756164375e-11,5.96317877293269,4.72157943534669,11.2886222208953,83.8423894920201,4.10760905024914,31
stress,24,1,22280853,103,34,34,True,0.693540845136316,384.761288492699,True,18,False,ok,6.34815224668178e-11,5.49909116170979,4.47294286745893,10.5486168061105,45.3959535204212,3.71672005937474,32
stress,24,1,22280854,102,34,34,True,0.706694538201686,428.171343508849,False,30,True,max_iterations_reached,2.19782071291838e-09,,,,,,33
stress,24,1,22280855,114,34,34,True,0.706327677113939,427.7013737645,True,15,False,ok,5.90330227026894e-11,5.35543286679282,4.21873868435285,10.6305461269589,50.7679881011509,3.42776718006134,34
stress,24,1,22280856,103,34,34,True,0.697624511371686,413.27196846024,True,20,False,ok,7.55721699465434e-11,5.41066222188101,4.31445926744801,10.5802065422051,36.4763415861468,2.58333609639397,35
stress,24,1,22280857,102,34,34,True,0.5363438680568,549.725914986853,True,22,False,ok,5.8387261296389e-11,7.98157538473163,6.38006087418382,15.4608149137543,178.193708602563,11.9145759672995,36
stress,24,1,22280858,107,34,34,True,0.70651382652422,459.063553426507,False,30,True,max_iterations_reached,1.18137568644785e-07,,,,,,37
stress,24,1,22280859,106,34,34,True,0.651049637266524,407.580565101748,True,21,False,ok,9.18403749334044e-11,5.57959869616197,4.44361972013655,11.0215070450712,50.9412970625826,4.11301742030675,38
stress,24,1,22280860,110,34,34,True,0.705542453979534,419.252927586004,True,18,False,ok,5.66778527440575e-11,5.63552562542898,4.50521904469997,10.952984476492,50.0216957460816,2.93965840876846,39
stress,24,1,22280861,110,34,34,True,0.70176208424634,434.776639326473,True,21,False,ok,8.04094825072721e-11,5.18601057739714,4.1438897259266,10.0626216929795,44.0137367281255,2.83369359514293,40
stress,24,1,22280862,111,34,34,True,0.694918867026491,430.527653512457,True,22,False,ok,5.668355810757e-11,5.7212258493544,4.5925385005626,11.0821597586549,69.4629655154066,4.66828667318422,41
stress,24,1,22280863,114,34,34,True,0.643511373419797,465.679125133121,True,25,False,ok,9.11310873565073e-11,6.06904358428228,4.84097343758584,11.8848407723217,58.0930241728722,5.27025113843974,42
stress,24,1,22280864,114,34,34,True,0.695351622575252,427.552146843416,True,25,False,ok,7.81821020509326e-11,5.53693366098064,4.40937360910569,10.9444208799289,60.1017266308097,3.61376782363545,43
stress,24,1,22280865,103,34,34,True,0.682992762080726,399.705905015592,True,25,False,ok,7.46485240513498e-11,5.91666808590894,4.73719378071653,11.5793733187659,47.87218627187,3.72644784610907,44
stress,24,1,22280866,99,34,34,True,0.6745306126218,417.590893272913,True,26,False,ok,6.70891836430957e-11,6.62406346175031,5.26767767264699,12.7833374007139,106.776266272134,8.26011693416991,45
stress,24,1,22280867,109,34,34,True,0.644888333133688,478.746807361035,True,23,False,ok,9.53629141589866e-11,6.03038873063909,4.87055109008063,11.8188251655418,74.7178065045893,4.43310993671628,46
stress,24,1,22280868,103,34,34,True,0.438769917913394,649.806392530403,True,24,False,ok,9.00706611945537e-11,6.67937180388697,5.4319938601496,12.9237278136172,66.2441817510387,5.01530802351951,47
stress,24,1,22280869,110,34,34,True,0.711551804606994,423.33655438112,False,30,True,max_iterations_reached,3.33488913471494e-10,,,,,,48
stress,24,1,22280870,113,34,34,True,0.614332564130352,487.293424875022,True,23,False,ok,9.47733065565631e-11,6.30843312545997,5.05032597105804,12.1455646617911,89.042449687093,5.67252333042536,49
