n_observations,n_parameters,rank_A,identifiable,sigma_min_weighted_A,condition_number_weighted_A,iterations,converged,status,solver_failure,final_relative_parameter_change,final_huber_loss,runtime_s,rmse_ms,mae_ms,experiment,replicate,seed,tolerance,n_streams,n_anchors
36,16,16,True,0.540336665441982,372.235833637051,21,True,ok,False,6.99758242923097e-11,15.683844604041,0.00125179998576641,1.12595261704495,0.907782488658644,D3_scaling,0,25260821,1e-10,5,8
77,24,24,True,,inf,30,False,max_iterations_reached,True,1.73714874895366e-10,426.110852332995,0.00262639997527003,,,D3_scaling,0,25260821,1e-10,5,16
141,40,40,True,0.769710916638821,465.742030562995,19,True,ok,False,8.96979243895274e-11,413.229280209098,0.00318229990079999,1.05182582084488,0.849719366346002,D3_scaling,0,25260821,1e-10,5,32
291,72,72,True,0.84913178737648,595.51610371153,27,True,ok,False,6.89809471284907e-11,1156.13045080613,0.0900830999016762,1.01687662282068,0.823808092359133,D3_scaling,0,25260821,1e-10,5,64
585,136,136,True,0.923125223555761,775.317562270962,24,True,ok,False,8.92855757636003e-11,2208.44179289171,0.314189700176939,1.00403006600989,0.809983381681634,D3_scaling,0,25260821,1e-10,5,128
69,26,26,True,0.418929412362611,477.834860806175,20,True,ok,False,8.88087113258011e-11,32.243469620597,0.00202839984558523,1.15452030707214,0.921415777395269,D3_scaling,0,25260821,1e-10,10,8
150,34,34,True,0.53191088109671,508.771156969908,13,True,ok,False,9.27062948702948e-11,882.513795574275,0.00191819993779063,1.16990407942766,0.933879131466574,D3_scaling,0,25260821,1e-10,10,16
283,50,50,True,0.636586004297109,590.796952412426,14,True,ok,False,7.26433291982693e-11,841.592525414386,0.0158921000547707,1.09003211970155,0.872305538128448,D3_scaling,0,25260821,1e-10,10,32
580,82,82,True,0.765726113337775,670.735891199495,15,True,ok,False,8.06390921690986e-11,2571.8077913329,0.081449800170958,1.01075198682465,0.810717153862712,D3_scaling,0,25260821,1e-10,10,64
1153,146,146,True,0.863067428064727,833.165065642403,17,True,ok,False,9.21386118548539e-11,4125.46554657586,0.328791599953547,0.994718211020664,0.795729997682953,D3_scaling,0,25260821,1e-10,10,128
137,46,46,True,0.298157849914722,673.233376064387,21,True,ok,False,8.14626895067521e-11,79.3920974212625,0.00466350000351667,1.17510431566317,0.941383089922616,D3_scaling,0,25260821,1e-10,20,8
293,54,54,True,0.406542563112865,676.04949213322,14,True,ok,False,9.17528297410621e-11,1436.27878722373,0.0269650998525321,1.12485305460788,0.898257843787324,D3_scaling,0,25260821,1e-10,20,16
566,70,70,True,0.509624201818104,734.502190154891,15,True,ok,False,5.06227953413369e-11,1982.17048556849,0.0629983001854271,1.06400844965644,0.848660091812967,D3_scaling,0,25260821,1e-10,20,32
1154,102,102,True,0.65079825601664,801.092724236835,14,True,ok,False,9.99315207600644e-11,5051.05740203027,0.170632800087333,1.01315396936697,0.811164248066115,D3_scaling,0,25260821,1e-10,20,64
2297,166,166,True,0.773256594605069,949.265404278552,10,True,ok,False,7.67231927411309e-11,9117.64023273008,0.263044800143689,0.995238404924947,0.796241609588364,D3_scaling,0,25260821,1e-10,20,128
270,86,86,True,0.221431878346711,908.327974912531,17,True,ok,False,7.92771459810089e-11,116.160687696914,0.0798800000920892,1.21887604709625,0.970176773263518,D3_scaling,0,25260821,1e-10,40,8
582,94,94,True,0.29976970251485,912.610199875014,26,True,ok,False,6.97497718257748e-11,3132.04695110638,0.189230100018904,1.13505021257239,0.902579769135533,D3_scaling,0,25260821,1e-10,40,16
1141,110,110,True,0.387436938026592,987.187588020455,14,True,ok,False,4.98681180139968e-11,4226.32973434659,0.209221899975091,1.06499288678722,0.847152561073566,D3_scaling,0,25260821,1e-10,40,32
2318,142,142,True,0.515222383642632,1043.00805918953,10,True,ok,False,3.45683774385031e-11,9923.23354663415,0.23823169991374,1.02931951817317,0.820258803751669,D3_scaling,0,25260821,1e-10,40,64
4580,206,206,True,0.652156809029493,1124.26460016433,10,True,ok,False,8.42519121784814e-11,18822.8950023866,0.480497899930924,1.00522416857364,0.800969150630542,D3_scaling,0,25260821,1e-10,40,128
38,16,16,True,,inf,30,False,max_iterations_reached,True,4.77798072963832e-10,22.9255400280439,0.00181160005740821,,,D3_scaling,1,25260822,1e-10,5,8
74,24,24,True,0.674442134265949,378.618553075091,21,True,ok,False,6.00063494945191e-11,364.691712472302,0.00197630003094673,1.12505530400972,0.899599816902748,D3_scaling,1,25260822,1e-10,5,16
142,40,40,True,0.7716339770278,462.117487849059,26,True,ok,False,8.07574417740738e-11,613.92857089586,0.00442879996262491,1.08464110112389,0.867781284768612,D3_scaling,1,25260822,1e-10,5,32
284,72,72,True,0.847112766826087,617.819762159125,21,True,ok,False,8.11510726758821e-11,1069.72702575743,0.0641691000200808,1.05737107913628,0.842376580990798,D3_scaling,1,25260822,1e-10,5,64
594,136,136,True,0.926698942295086,779.355890015624,18,True,ok,False,7.11949893993674e-11,2116.75367321564,0.222067400114611,1.02783479622998,0.812972731496334,D3_scaling,1,25260822,1e-10,5,128
69,26,26,True,,inf,30,False,max_iterations_reached,True,1.16122264527823e-09,56.7477181407172,0.0028603000100702,,,D3_scaling,1,25260822,1e-10,10,8
143,34,34,True,0.538932223837504,488.698734844185,17,True,ok,False,6.06358052576134e-11,758.099229117063,0.00239769998006523,1.16621749133959,0.924915388234833,D3_scaling,1,25260822,1e-10,10,16
291,50,50,True,0.64774528043889,586.622871808424,15,True,ok,False,5.73455680778565e-11,1233.02843144178,0.0173021999653429,1.04520911698474,0.83492452769097,D3_scaling,1,25260822,1e-10,10,32
569,82,82,True,0.762986991639379,677.362013740186,15,True,ok,False,8.33387641214687e-11,2448.87314833918,0.0801909000147134,1.04333292219115,0.832134937912021,D3_scaling,1,25260822,1e-10,10,64
1173,146,146,True,0.860097616928509,844.322250863964,11,True,ok,False,4.47709080392491e-11,4399.79092131599,0.214912599883974,1.01545619652173,0.807935083447184,D3_scaling,1,25260822,1e-10,10,128
143,46,46,True,0.299716914329661,662.911618227695,26,True,ok,False,9.2375395846252e-11,102.396167417164,0.00550580001436174,1.25230218223996,1.00175699579001,D3_scaling,1,25260822,1e-10,20,8
288,54,54,True,0.410227881427975,676.808351662668,22,True,ok,False,8.7890437978048e-11,1647.33399978616,0.0420179998036474,1.15959734704781,0.921866280835206,D3_scaling,1,25260822,1e-10,20,16
578,70,70,True,0.515180366817779,727.00055130982,13,True,ok,False,5.69901947088906e-11,2242.14879997273,0.0545446998439729,1.05857050115328,0.846193311616633,D3_scaling,1,25260822,1e-10,20,32
1146,102,102,True,0.643726556656052,816.419901587037,10,True,ok,False,8.19166869290743e-11,4506.67969004032,0.133829300059006,1.04491716180451,0.832491562557745,D3_scaling,1,25260822,1e-10,20,64
2321,166,166,True,0.766323498442517,943.937054514001,11,True,ok,False,1.83922038085226e-11,9740.50708644908,0.284881599945948,1.02461445047764,0.816014473716684,D3_scaling,1,25260822,1e-10,20,128
286,86,86,True,0.222966315534601,899.141328426067,19,True,ok,False,6.38798275198796e-11,131.58732767287,0.0915978997945786,1.16890105996475,0.929613016902824,D3_scaling,1,25260822,1e-10,40,8
578,94,94,True,0.303178633898845,914.993559947154,15,True,ok,False,7.96872518389772e-11,3308.2760943516,0.114459400065243,1.13080673008012,0.897359988735158,D3_scaling,1,25260822,1e-10,40,16
1165,110,110,True,0.390865074871394,978.871670039942,11,True,ok,False,9.01909742898402e-11,4821.92036020998,0.167781899916008,1.06100821347094,0.845862309575957,D3_scaling,1,25260822,1e-10,40,32
2308,142,142,True,0.509862656747075,1046.79962951209,10,True,ok,False,6.43332719157785e-11,9379.52299559003,0.230780999874696,1.03247799867102,0.823078097779392,D3_scaling,1,25260822,1e-10,40,64
4649,206,206,True,0.648011640534004,1133.10554263541,10,True,ok,False,3.63732497007826e-11,19739.1241921222,0.464781199814752,1.01375267014274,0.806987265455883,D3_scaling,1,25260822,1e-10,40,128
39,16,16,True,0.560238473916554,343.815347936613,25,True,ok,False,9.985614676325e-11,31.485524684847,0.00155390007421374,1.37359895509034,1.10314954767916,D3_scaling,2,25260823,1e-10,5,8
74,24,24,True,,inf,30,False,max_iterations_reached,True,8.27619134538399e-10,311.504332860095,0.0027367000002414,,,D3_scaling,2,25260823,1e-10,5,16
147,40,40,True,,inf,30,False,max_iterations_reached,True,5.00911530124522e-09,613.541373555742,0.00535039999522269,,,D3_scaling,2,25260823,1e-10,5,32
291,72,72,True,0.410890198442,1236.81196097365,20,True,ok,False,6.67621026807786e-11,1213.32200714301,0.0596815999597311,1.02019633793121,0.810910523174098,D3_scaling,2,25260823,1e-10,5,64
593,136,136,True,0.380763283486541,1903.72036257089,26,True,ok,False,4.7791034470873e-11,2582.6365730707,0.323626199970022,1.05238028676175,0.833106441990201,D3_scaling,2,25260823,1e-10,5,128
77,26,26,True,,inf,30,False,max_iterations_reached,True,1.60931096552291e-09,50.8052659212078,0.00291799986734986,,,D3_scaling,2,25260823,1e-10,10,8
143,34,34,True,0.527558831144546,517.463842977499,20,True,ok,False,8.56684190244242e-11,782.203834193715,0.00304679991677403,1.1968506811063,0.948843332873726,D3_scaling,2,25260823,1e-10,10,16
291,50,50,True,0.665114975847124,558.75865515401,14,True,ok,False,4.23950492514215e-11,1048.28259043865,0.0164908999577165,1.06319971700537,0.843680564541116,D3_scaling,2,25260823,1e-10,10,32
582,82,82,True,0.781916169690599,652.065263012858,16,True,ok,False,7.07702362393328e-11,2565.04993223458,0.0876587000675499,1.03695814966688,0.819185650602479,D3_scaling,2,25260823,1e-10,10,64
1171,146,146,True,0.847038792754245,863.482785120179,13,True,ok,False,7.64460320443244e-11,5261.65179917073,0.254537599859759,1.03112090011927,0.818618566751298,D3_scaling,2,25260823,1e-10,10,128
144,46,46,True,,inf,30,False,max_iterations_reached,True,1.599235339234e-10,101.386671237709,0.00673020002432168,,,D3_scaling,2,25260823,1e-10,20,8
280,54,54,True,0.398551230740828,691.320726094216,22,True,ok,False,7.84311949743737e-11,1616.25633274263,0.0433222998399287,1.20263500382261,0.957809339536872,D3_scaling,2,25260823,1e-10,20,16
574,70,70,True,0.526248507125082,713.43956429581,11,True,ok,False,5.88907375087569e-11,2126.67401387753,0.0489924000576138,1.06153474653008,0.841604518926508,D3_scaling,2,25260823,1e-10,20,32
1161,102,102,True,0.65639962415314,784.837228661053,12,True,ok,False,4.18067821926089e-11,5207.14539717422,0.150585499824956,1.02209307793197,0.810844670142492,D3_scaling,2,25260823,1e-10,20,64
2334,166,166,True,0.759205982289859,974.218301703836,10,True,ok,False,3.20180775092439e-11,10136.4275834887,0.25384459993802,1.03039597453051,0.819413407429833,D3_scaling,2,25260823,1e-10,20,128
288,86,86,True,,inf,30,False,max_iterations_reached,True,5.83495146798184e-09,167.146041998234,0.141421900130808,,,D3_scaling,2,25260823,1e-10,40,8
564,94,94,True,0.293021468595429,948.999634951631,18,True,ok,False,6.07384409404654e-11,3256.56181558784,0.135631600162014,1.1802406861039,0.937953208660144,D3_scaling,2,25260823,1e-10,40,16
1153,110,110,True,0.398825285125377,964.828363366949,13,True,ok,False,9.03224860735401e-11,4582.8995146989,0.195602100109681,1.0551664226375,0.838116303391491,D3_scaling,2,25260823,1e-10,40,32
2304,142,142,True,0.520948274739921,996.340831172173,11,True,ok,False,3.82593174602085e-11,10320.8675341068,0.257366299862042,1.02286484251999,0.814075060757436,D3_scaling,2,25260823,1e-10,40,64
4637,206,206,True,0.642291504203671,1160.83675886748,10,True,ok,False,6.08110153723495e-11,19696.2975177066,0.452594300033525,1.01953703775357,0.812108548773053,D3_scaling,2,25260823,1e-10,40,128
37,16,16,True,,inf,30,False,max_iterations_reached,True,2.63689790849997e-09,13.7369175755367,0.00186199997551739,,,D3_scaling,3,25260824,1e-10,5,8
74,24,24,True,0.663590304890057,409.969949566945,18,True,ok,False,6.91517551308385e-11,376.82272115538,0.00172369997017086,1.25176146383875,1.00565699043805,D3_scaling,3,25260824,1e-10,5,16
146,40,40,True,0.788557728737152,467.119130000736,20,True,ok,False,6.4048012492097e-11,522.752684566908,0.0031997999176383,1.13290111441829,0.908082672129206,D3_scaling,3,25260824,1e-10,5,32
295,72,72,True,0.841943639163338,617.465597822662,19,True,ok,False,9.20219540458758e-11,1337.1554301158,0.0609371000900865,1.01669312030504,0.815200179290446,D3_scaling,3,25260824,1e-10,5,64
587,136,136,True,0.91304113561646,778.614701538941,26,True,ok,False,8.7718911688572e-11,2405.25729371379,0.32193939993158,1.00869750799614,0.810760957537184,D3_scaling,3,25260824,1e-10,5,128
74,26,26,True,0.387583058496641,515.931412268292,28,True,ok,False,8.22932765751605e-11,31.315760051099,0.00317320018075407,1.25576441740903,1.00862384392052,D3_scaling,3,25260824,1e-10,10,8
142,34,34,True,0.51255848526181,528.87874121113,22,True,ok,False,8.09444908326928e-11,963.269465529024,0.00306140002794564,1.22468951764733,0.975156792728427,D3_scaling,3,25260824,1e-10,10,16
292,50,50,True,0.664658607227238,558.699216552229,12,True,ok,False,8.67688687335658e-11,1279.84177711296,0.014344499912113,1.17420834525885,0.936894595445388,D3_scaling,3,25260824,1e-10,10,32
581,82,82,True,0.758520574253032,695.589531104556,11,True,ok,False,5.75154929204989e-11,2268.08316498293,0.0637093998957425,1.03566264575369,0.826171931528333,D3_scaling,3,25260824,1e-10,10,64
1158,146,146,True,0.859714165542518,847.234070831641,23,True,ok,False,8.36025046212131e-11,5092.20754080747,0.437824900029227,1.03164955796645,0.829038267752036,D3_scaling,3,25260824,1e-10,10,128
141,46,46,True,,inf,30,False,max_iterations_reached,True,9.99810310766224e-08,82.1873502469823,0.00665219989605248,,,D3_scaling,3,25260824,1e-10,20,8
296,54,54,True,0.375625640963478,722.923448885186,17,True,ok,False,9.51422193754581e-11,1994.49804380193,0.0329595999792218,1.17986165440175,0.942873602934459,D3_scaling,3,25260824,1e-10,20,16
578,70,70,True,0.528700438656318,712.666478832697,14,True,ok,False,8.58080996683461e-11,2260.60042120925,0.0598740999121219,1.15140438322093,0.919057240144419,D3_scaling,3,25260824,1e-10,20,32
1160,102,102,True,0.642084464799363,829.452418467151,10,True,ok,False,7.76715940111066e-11,4545.46121929183,0.12836810015142,1.04769298211282,0.838899787717321,D3_scaling,3,25260824,1e-10,20,64
2311,166,166,True,0.765555187595811,952.169187813702,12,True,ok,False,6.47750161802819e-11,10540.9773663969,0.28928320016712,1.03229052802626,0.828178989380545,D3_scaling,3,25260824,1e-10,20,128
287,86,86,True,,inf,30,False,max_iterations_reached,True,1.13832978700896e-07,189.190620811495,0.141567300073802,,,D3_scaling,3,25260824,1e-10,40,8
575,94,94,True,0.278874770305317,983.138444637914,17,True,ok,False,5.478708872582e-11,3871.34577593162,0.129986699903384,1.16464248562649,0.926929576001196,D3_scaling,3,25260824,1e-10,40,16
1149,110,110,True,0.401601742533693,940.376359874803,11,True,ok,False,8.53586245852874e-11,4321.48741781815,0.16898570000194,1.12823391632229,0.89991744842321,D3_scaling,3,25260824,1e-10,40,32
2317,142,142,True,0.511691529100407,1041.35945419027,10,True,ok,False,5.936798382468e-11,9208.7533313044,0.234430499840528,1.03037004475986,0.821702021234531,D3_scaling,3,25260824,1e-10,40,64
4610,206,206,True,0.646627284589285,1140.28268375318,10,True,ok,False,3.31527202558689e-11,20137.519474109,0.452151800040156,1.01250978714849,0.808793803928075,D3_scaling,3,25260824,1e-10,40,128
37,16,16,True,0.563288432444573,356.122128116819,24,True,ok,False,8.33130595006557e-11,17.4718051022545,0.00151670002378523,1.06733454413946,0.838234437557524,D3_scaling,4,25260825,1e-10,5,8
70,24,24,True,0.666578761353772,398.040661626056,20,True,ok,False,5.51089491220332e-11,394.914227884816,0.00179939996451139,1.11633589409029,0.88244439125808,D3_scaling,4,25260825,1e-10,5,16
151,40,40,True,0.784961421642265,463.008333863721,27,True,ok,False,7.95701643178035e-11,840.437576934416,0.0046123000793159,1.00652724475753,0.789004020556658,D3_scaling,4,25260825,1e-10,5,32
294,72,72,True,0.858504650731016,591.531481076889,26,True,ok,False,9.98917045939138e-11,1294.3964979437,0.0860601998865604,1.00650537411071,0.78404954929373,D3_scaling,4,25260825,1e-10,5,64
594,136,136,True,0.916371387601568,805.289414309783,17,True,ok,False,7.66177693653949e-11,2417.77890242968,0.215176699915901,0.994369499634989,0.783200107242052,D3_scaling,4,25260825,1e-10,5,128
73,26,26,True,0.428401412731713,468.251222921778,17,True,ok,False,7.8821417814929e-11,35.7285087357818,0.00180040020495653,1.0721344806727,0.848948462542407,D3_scaling,4,25260825,1e-10,10,8
143,34,34,True,0.529712269593837,504.178198984111,13,True,ok,False,8.89915642665578e-11,701.790119339205,0.00192459998652339,1.09970986525038,0.87833716286165,D3_scaling,4,25260825,1e-10,10,16
299,50,50,True,0.661302987540691,564.232344140723,12,True,ok,False,9.73987297947948e-11,1468.96920208696,0.0143673000857234,1.02558828816877,0.818028999398177,D3_scaling,4,25260825,1e-10,10,32
585,82,82,True,0.775803676488401,671.143826881865,17,True,ok,False,6.14510734577736e-11,2325.85960388184,0.0898295999504626,1.03881906591578,0.820893661276801,D3_scaling,4,25260825,1e-10,10,64
1172,146,146,True,0.859652829412218,855.075591197854,14,True,ok,False,6.13477382265703e-11,4649.72807515153,0.276301900157705,1.00795885159128,0.798824297353087,D3_scaling,4,25260825,1e-10,10,128
147,46,46,True,0.317180391845591,630.981911409324,22,True,ok,False,7.74029970057057e-11,75.9277938595034,0.00478900014422834,1.09339692257866,0.861734825770758,D3_scaling,4,25260825,1e-10,20,8
291,54,54,True,0.395751073685036,682.220479384921,13,True,ok,False,9.65617454607052e-11,1629.61905891279,0.0272526000626385,1.07638353662983,0.860471921965566,D3_scaling,4,25260825,1e-10,20,16
578,70,70,True,0.524517010677648,714.544143409375,14,True,ok,False,5.61702389691123e-11,2732.49772659192,0.0630604999605566,1.02102619326267,0.811143463089297,D3_scaling,4,25260825,1e-10,20,32
1159,102,102,True,0.653551002105153,808.979654791742,11,True,ok,False,9.44789434039319e-11,5097.55925938845,0.145306400023401,1.01330303870551,0.803957705748096,D3_scaling,4,25260825,1e-10,20,64
2331,166,166,True,0.769503025918212,952.626849641186,11,True,ok,False,2.48808938366551e-11,9457.19920677747,0.273270500125363,0.998085646956651,0.792978431702763,D3_scaling,4,25260825,1e-10,20,128
299,86,86,True,0.230632819078229,867.765337918065,26,True,ok,False,9.63497888783579e-11,168.368979099871,0.125825300114229,1.10472041741646,0.875301450987874,D3_scaling,4,25260825,1e-10,40,8
580,94,94,True,0.291058166991685,946.693015171614,19,True,ok,False,7.08409472007166e-11,3719.39358610038,0.146762399934232,1.09929963620614,0.879255259765449,D3_scaling,4,25260825,1e-10,40,16
1157,110,110,True,0.399084596698477,954.760885131438,13,True,ok,False,5.24161805012353e-11,5323.83514902307,0.193545500049368,1.03281108569393,0.823337878115982,D3_scaling,4,25260825,1e-10,40,32
2306,142,142,True,0.520616762738723,1013.09896327054,11,True,ok,False,5.32158055660471e-11,10037.1092581732,0.25600769999437,1.01793668566458,0.810631013272726,D3_scaling,4,25260825,1e-10,40,64
4619,206,206,True,0.649491597703212,1131.74304322202,9,True,ok,False,4.32812480706666e-11,19187.4939375144,0.425841900054365,1.01475084822621,0.809689018034456,D3_scaling,4,25260825,1e-10,40,128
39,16,16,True,,inf,30,False,max_iterations_reached,True,1.45382637543649e-09,66.8116396313815,0.00182590004988015,,,D3_scaling,5,25260826,1e-10,5,8
73,24,24,True,0.624716406449449,392.481564450793,22,True,ok,False,6.31067828324773e-11,666.836173422028,0.00188850006088614,1.19927404755934,0.967278585344002,D3_scaling,5,25260826,1e-10,5,16
146,40,40,True,0.768493153390026,486.152144440728,19,True,ok,False,7.53606230879266e-11,743.139389571798,0.00320210005156696,1.14405427584665,0.920609533487198,D3_scaling,5,25260826,1e-10,5,32
295,72,72,True,0.873813922737377,595.774008525507,16,True,ok,False,8.00420127709918e-11,959.827455788439,0.0526612000539899,1.02206756682857,0.816504427356545,D3_scaling,5,25260826,1e-10,5,64
586,136,136,True,0.906169366534272,778.408199045611,18,True,ok,False,6.64004608284573e-11,2153.6622771427,0.228152099996805,1.02991368125827,0.823645331824255,D3_scaling,5,25260826,1e-10,5,128
76,26,26,True,0.426182865165212,470.668733545951,15,True,ok,False,6.1487668710603e-11,38.7509313920575,0.00167589983902872,1.12445999798096,0.889676673338941,D3_scaling,5,25260826,1e-10,10,8
145,34,34,True,0.49078584569465,562.488671832269,15,True,ok,False,9.5731141610127e-11,1047.77645796617,0.00216499995440245,1.239719135975,0.991486452958794,D3_scaling,5,25260826,1e-10,10,16
291,50,50,True,0.642902759471492,588.345848344108,19,True,ok,False,9.44311778223151e-11,1295.16078223338,0.0223469000775367,1.08539156037888,0.863656163047488,D3_scaling,5,25260826,1e-10,10,32
576,82,82,True,0.760735618378397,690.939522789621,14,True,ok,False,5.30307027713423e-11,2451.87775165764,0.0761859999038279,1.0304668825259,0.823127467407565,D3_scaling,5,25260826,1e-10,10,64
1157,146,146,True,0.847886473337731,843.997936890444,14,True,ok,False,8.43598656285023e-11,4839.88192187667,0.269963500089943,1.02546561154822,0.81811594164433,D3_scaling,5,25260826,1e-10,10,128
150,46,46,True,0.314414326610516,637.982868646044,24,True,ok,False,8.22628209874152e-11,76.7722650645813,0.00530399987474084,1.16502279625499,0.928897520252662,D3_scaling,5,25260826,1e-10,20,8
295,54,54,True,0.381196868200841,724.242616392026,20,True,ok,False,6.85361900973153e-11,1787.49293891547,0.0387181001715362,1.27444940035829,1.02145325681214,D3_scaling,5,25260826,1e-10,20,16
579,70,70,True,0.516951439880071,730.433442002128,12,True,ok,False,8.83569552522948e-11,2637.633894872,0.0535158000420779,1.07387526033118,0.856474998011351,D3_scaling,5,25260826,1e-10,20,32
1150,102,102,True,0.641759421260203,818.291970180331,11,True,ok,False,9.51322973666374e-11,4971.10856232186,0.137044900096953,1.04134020281474,0.830232415250366,D3_scaling,5,25260826,1e-10,20,64
2295,166,166,True,0.756041038897053,948.868650428077,10,True,ok,False,7.96644394782836e-11,9430.12528100089,0.253182800021023,1.032423960679,0.822513931846418,D3_scaling,5,25260826,1e-10,20,128
295,86,86,True,0.228334026621674,878.933775413384,16,True,ok,False,8.71991706440707e-11,140.201287626202,0.0782278999686241,1.17133858375824,0.931999733723748,D3_scaling,5,25260826,1e-10,40,8
587,94,94,True,0.287744411752855,965.517672791654,19,True,ok,False,6.4629026284715e-11,3054.2303260595,0.145629100035876,1.20315152183834,0.958161094307367,D3_scaling,5,25260826,1e-10,40,16
1150,110,110,True,0.392896861338995,971.392271887238,13,True,ok,False,8.05864874368076e-11,5037.41118399624,0.197212300030515,1.05599493425763,0.842432399737297,D3_scaling,5,25260826,1e-10,40,32
2288,142,142,True,0.508495215934811,1032.19677832206,11,True,ok,False,6.88828052115688e-11,9972.30517105415,0.260961400112137,1.04537405109868,0.832707500730069,D3_scaling,5,25260826,1e-10,40,64
4610,206,206,True,0.636270489885286,1157.27736506965,11,True,ok,False,3.58375664229078e-11,19427.8720434727,0.515673900023103,1.02833060699813,0.819625921383874,D3_scaling,5,25260826,1e-10,40,128
38,16,16,True,0.535554720007913,371.962853271867,15,True,ok,False,9.33677856191122e-11,18.546712535085,0.00112019991502166,1.30763825786791,1.05766318898701,D3_scaling,6,25260827,1e-10,5,8
74,24,24,True,0.67938435343765,383.698608326785,21,True,ok,False,7.29086369277983e-11,377.128789012139,0.00191069999709725,1.12550250805708,0.908998912488916,D3_scaling,6,25260827,1e-10,5,16
152,40,40,True,0.7883629992081,475.636477958822,25,True,ok,False,6.57010484508534e-11,647.493371497504,0.00391540001146495,1.02185905998507,0.81492880853328,D3_scaling,6,25260827,1e-10,5,32
292,72,72,True,0.873249118856524,582.739320679679,27,True,ok,False,8.34823442414828e-11,1206.1477409309,0.0889693000353873,1.03540767582137,0.82652959165491,D3_scaling,6,25260827,1e-10,5,64
582,136,136,True,0.911956932727468,802.298174778282,18,True,ok,False,8.79277265277818e-11,2386.86169124141,0.230159500148147,0.989527719201442,0.796052285472067,D3_scaling,6,25260827,1e-10,5,128
78,26,26,True,0.426396640363592,467.185945645517,20,True,ok,False,7.08820168582868e-11,29.2627197263299,0.0020514999050647,1.251188328191,1.00690604168202,D3_scaling,6,25260827,1e-10,10,8
147,34,34,True,0.538861932659029,488.079835272182,19,True,ok,False,9.06312944067101e-11,794.226347500189,0.00270089996047318,1.09785148562719,0.881569501422813,D3_scaling,6,25260827,1e-10,10,16
291,50,50,True,0.656188540581013,574.936215761528,15,True,ok,False,9.21662392196886e-11,1128.60343337857,0.0177549999207258,1.03842980335175,0.829424396394133,D3_scaling,6,25260827,1e-10,10,32
578,82,82,True,0.771341929108642,671.493624592491,16,True,ok,False,7.58929181305166e-11,2488.0705026429,0.0874361000023782,1.03682238891563,0.825769986077929,D3_scaling,6,25260827,1e-10,10,64
1154,146,146,True,0.858222599843779,852.573746192839,12,True,ok,False,6.17885456240666e-11,4791.3617875243,0.237994299968705,1.00517116515819,0.807645079480342,D3_scaling,6,25260827,1e-10,10,128
151,46,46,True,0.313824512530607,636.154977118141,12,True,ok,False,6.39870313758217e-11,58.0260287724901,0.00278300000354648,1.21574357957351,0.977136396932348,D3_scaling,6,25260827,1e-10,20,8
293,54,54,True,0.409911670628058,673.422650719291,15,True,ok,False,6.49940904848367e-11,1549.79154235002,0.0295990000013262,1.11087197487816,0.891004718632946,D3_scaling,6,25260827,1e-10,20,16
577,70,70,True,0.52332775928564,725.38776279293,16,True,ok,False,6.21460007859636e-11,2216.97782451529,0.0691875000484288,1.0277168303516,0.823027129762023,D3_scaling,6,25260827,1e-10,20,32
1156,102,102,True,0.649420576537388,804.086722653399,12,True,ok,False,3.63013460262682e-11,4866.90226745283,0.150851999875158,1.03751349204876,0.83016731592521,D3_scaling,6,25260827,1e-10,20,64
2303,166,166,True,0.759266004168895,967.953162213162,11,True,ok,False,3.81461714936986e-11,10173.487650238,0.272143200039864,1.00078544465326,0.803004466601455,D3_scaling,6,25260827,1e-10,20,128
299,86,86,True,0.228148624507432,875.847746000432,14,True,ok,False,6.46915409284226e-11,127.759206204863,0.0695557999424636,1.19299297700514,0.95559377214301,D3_scaling,6,25260827,1e-10,40,8
586,94,94,True,0.303001770046611,913.450949418603,18,True,ok,False,9.07324621444848e-11,3392.23607380473,0.138201499823481,1.09964940797877,0.879039612716584,D3_scaling,6,25260827,1e-10,40,16
1160,110,110,True,0.397754613552617,959.326783116368,13,True,ok,False,6.21048581205293e-11,4582.9913724926,0.19752879999578,1.03212593486833,0.82467763946508,D3_scaling,6,25260827,1e-10,40,32
2295,142,142,True,0.51273329992928,1019.03705378664,11,True,ok,False,5.56162801116681e-11,9871.02817773013,0.257504399865866,1.0384096436503,0.829817069916399,D3_scaling,6,25260827,1e-10,40,64
4597,206,206,True,0.641156766547206,1144.96299322628,10,True,ok,False,7.02817846662357e-11,19563.1172116034,0.442493200069293,1.01079273474523,0.808696132050919,D3_scaling,6,25260827,1e-10,40,128
37,16,16,True,0.556656107716719,359.701268599059,13,True,ok,False,9.74509868525885e-11,19.8674021056441,0.000909899827092886,1.17135131194701,0.926263671263739,D3_scaling,7,25260828,1e-10,5,8
76,24,24,True,0.649711133522886,420.946911191666,22,True,ok,False,8.4104545365066e-11,527.546320238794,0.00201550009660423,1.16713758087555,0.923226941114577,D3_scaling,7,25260828,1e-10,5,16
149,40,40,True,0.781644669061606,479.774047335147,14,True,ok,False,6.43151606500626e-11,551.638537933689,0.00224009994417429,1.10259115211488,0.891817709311291,D3_scaling,7,25260828,1e-10,5,32
289,72,72,True,0.460537059594061,1106.03654695486,21,True,ok,False,6.95144187444722e-11,1060.20843201703,0.067326899850741,1.03191427399359,0.823298929564345,D3_scaling,7,25260828,1e-10,5,64
581,136,136,True,0.927608857975145,772.341332601857,23,True,ok,False,9.29723472872938e-11,2423.4210623386,0.287705000024289,1.0459893655685,0.833013958666251,D3_scaling,7,25260828,1e-10,5,128
75,26,26,True,0.427316298178455,468.922268451978,10,True,ok,False,5.24047576358768e-11,33.4588806668378,0.00114109995774925,1.1556921400127,0.918935215307015,D3_scaling,7,25260828,1e-10,10,8
150,34,34,True,0.53006361657249,513.459655223784,18,True,ok,False,8.1226993741594e-11,1101.38666941781,0.00258539989590645,1.10653959018123,0.877087084889703,D3_scaling,7,25260828,1e-10,10,16
291,50,50,True,0.665190159432466,562.743659820893,15,True,ok,False,9.24433126458367e-11,932.504133067417,0.0171490998473018,1.08112048904993,0.865068291859196,D3_scaling,7,25260828,1e-10,10,32
572,82,82,True,0.777685092966047,659.525674748515,14,True,ok,False,4.85122143534035e-11,2201.49218951358,0.0768790000583977,0.99327751644827,0.787383857064513,D3_scaling,7,25260828,1e-10,10,64
1163,146,146,True,0.866038203928211,849.826256591437,14,True,ok,False,4.10424734792307e-11,4464.89895982247,0.271329300012439,1.0258527979834,0.814449676232319,D3_scaling,7,25260828,1e-10,10,128
147,46,46,True,0.315071941428023,635.976027054117,13,True,ok,False,7.34275914891077e-11,65.8091890477835,0.00295460014604032,1.12912927665602,0.89517361305596,D3_scaling,7,25260828,1e-10,20,8
292,54,54,True,0.407272977723457,672.814628703651,15,True,ok,False,5.17370112360677e-11,2243.5984374043,0.0297433000523597,1.1233121255503,0.892419220479156,D3_scaling,7,25260828,1e-10,20,16
578,70,70,True,0.527707093759809,709.673310865512,12,True,ok,False,9.67484566915382e-11,2020.4616496516,0.052424400113523,1.07372743095073,0.854394597542887,D3_scaling,7,25260828,1e-10,20,32
1150,102,102,True,0.646566589999646,814.218311690411,12,True,ok,False,4.30743701773387e-11,4836.68256992959,0.189183000009507,1.01459899106917,0.803455406994343,D3_scaling,7,25260828,1e-10,20,64
2325,166,166,True,0.770997512456047,957.508304237641,10,True,ok,False,9.35400202232956e-11,10015.6728668493,0.252726000035182,1.03064257924482,0.817813176984026,D3_scaling,7,25260828,1e-10,20,128
287,86,86,True,0.223906130863901,890.532157300092,28,True,ok,False,9.20164087729473e-11,192.627505939138,0.13484809990041,1.20823912693318,0.962800891269248,D3_scaling,7,25260828,1e-10,40,8
579,94,94,True,0.30159144394733,914.497708234866,14,True,ok,False,7.00217356284664e-11,3774.34418213517,0.108302300097421,1.11873012814412,0.893712078594656,D3_scaling,7,25260828,1e-10,40,16
1163,110,110,True,0.40204220815341,957.432332305783,12,True,ok,False,9.33305574366652e-11,4744.33848157811,0.183286299929023,1.08714686178049,0.867183217754522,D3_scaling,7,25260828,1e-10,40,32
2314,142,142,True,0.518386602485537,1025.6984019374,11,True,ok,False,2.55568918496137e-11,10093.0634488683,0.278510800097138,1.03102150226811,0.822293451871719,D3_scaling,7,25260828,1e-10,40,64
4628,206,206,True,0.649789223229182,1136.17684495471,10,True,ok,False,3.20554417586203e-11,19706.8414444301,0.457045299932361,1.04881029124078,0.835843113065281,D3_scaling,7,25260828,1e-10,40,128
35,16,16,True,0.554048088559126,348.932767837754,21,True,ok,False,8.0527843967467e-11,20.5891036473842,0.0021994998678565,1.42612337351461,1.13719662538115,D3_scaling,8,25260829,1e-10,5,8
76,24,24,True,0.678513160397387,402.884655706584,27,True,ok,False,8.90952728277378e-11,314.406381343661,0.00240350002422929,1.31359139707335,1.06761620112623,D3_scaling,8,25260829,1e-10,5,16
152,40,40,True,0.759259367805266,491.274047688847,20,True,ok,False,8.62220727562266e-11,946.427926188027,0.00339210010133684,1.08473568318665,0.874492430263694,D3_scaling,8,25260829,1e-10,5,32
285,72,72,True,0.844660248827551,601.981592343867,15,True,ok,False,9.22739797833236e-11,1109.55264387103,0.0559847999829799,1.05265915216626,0.840638711634795,D3_scaling,8,25260829,1e-10,5,64
589,136,136,True,,inf,30,False,max_iterations_reached,True,1.96039627671901e-10,2622.42717423155,0.401234999997541,,,D3_scaling,8,25260829,1e-10,5,128
69,26,26,True,0.423172577785579,456.848020160647,20,True,ok,False,6.65459335958126e-11,40.1708796852488,0.00231199990957975,1.29328197753639,1.03028012240469,D3_scaling,8,25260829,1e-10,10,8
146,34,34,True,0.528442149840657,509.020413541916,18,True,ok,False,6.90610618632121e-11,959.134940856907,0.00284409988671541,1.45378144790944,1.17097052198227,D3_scaling,8,25260829,1e-10,10,16
299,50,50,True,0.649770737583668,573.85042871604,16,True,ok,False,8.81162318587053e-11,1497.6302455816,0.0202059000730515,1.08687514011515,0.871616715452144,D3_scaling,8,25260829,1e-10,10,32
578,82,82,True,0.767991692834246,675.310147805468,13,True,ok,False,6.38078175986128e-11,2360.89988591748,0.0744566000066698,1.04486911658153,0.835515036967703,D3_scaling,8,25260829,1e-10,10,64
1160,146,146,True,0.860280102380967,840.417885421584,14,True,ok,False,8.05630465139075e-11,5032.96759737105,0.279801100026816,1.03107231897346,0.824258245639391,D3_scaling,8,25260829,1e-10,10,128
142,46,46,True,,inf,30,False,max_iterations_reached,True,2.96824453563929e-10,97.774379171924,0.00695819989778101,,,D3_scaling,8,25260829,1e-10,20,8
288,54,54,True,0.405154869575233,672.774283587571,18,True,ok,False,6.54676042133753e-11,1767.68438956321,0.0376340998336673,1.3740252774748,1.09711914854254,D3_scaling,8,25260829,1e-10,20,16
587,70,70,True,0.525363352570113,729.110840882347,13,True,ok,False,5.93348666915064e-11,2473.32685176185,0.0577645001467317,1.07633605269044,0.859744230523158,D3_scaling,8,25260829,1e-10,20,32
1163,102,102,True,0.645012625958554,831.583515430569,12,True,ok,False,5.44711670173671e-11,4694.48733079362,0.164193500066176,1.04688623391132,0.838042431675087,D3_scaling,8,25260829,1e-10,20,64
2314,166,166,True,0.767834888273962,941.267942321236,10,True,ok,False,5.83853686764787e-11,9947.39811303249,0.257542500039563,1.02517819918829,0.822593844854151,D3_scaling,8,25260829,1e-10,20,128
289,86,86,True,0.228730429551854,876.032299472673,17,True,ok,False,9.08437276692637e-11,143.460924892797,0.09298439999111,1.29717793877556,1.04072236873701,D3_scaling,8,25260829,1e-10,40,8
578,94,94,True,0.300801163464021,924.556495311805,25,True,ok,False,7.05648156238751e-11,3288.5983304564,0.194171000039205,1.33060343407153,1.06216261120161,D3_scaling,8,25260829,1e-10,40,16
1160,110,110,True,0.400404554785461,952.722433048925,11,True,ok,False,6.99087881683338e-11,4495.53769253529,0.177049199817702,1.07107119314017,0.854988339238711,D3_scaling,8,25260829,1e-10,40,32
2315,142,142,True,0.514515489440729,1041.43435120995,10,True,ok,False,5.45484999077206e-11,9544.84832619526,0.243283400079235,1.03492130235324,0.824657798761572,D3_scaling,8,25260829,1e-10,40,64
4634,206,206,True,0.648542589763511,1151.37869594468,9,True,ok,False,7.57048058992621e-11,19674.2160278009,0.442196000134572,1.017076088772,0.813323839269855,D3_scaling,8,25260829,1e-10,40,128
36,16,16,True,0.554728694448802,360.064992455977,22,True,ok,False,8.70863129731036e-11,70.5920541429333,0.00146750011481345,1.26081528636929,1.00275134994129,D3_scaling,9,25260830,1e-10,5,8
78,24,24,True,,inf,30,False,max_iterations_reached,True,4.20391364296339e-09,501.880104490304,0.00254350015893579,,,D3_scaling,9,25260830,1e-10,5,16
147,40,40,True,0.785522653769481,471.152983169847,13,True,ok,False,9.63851695674262e-11,561.023289759729,0.00241099996492267,1.09376353628289,0.870428206248619,D3_scaling,9,25260830,1e-10,5,32
289,72,72,True,0.3782562124487,1359.65611872658,20,True,ok,False,7.57650241518813e-11,1063.20697552005,0.0724239000119269,1.10300676463918,0.882860832924935,D3_scaling,9,25260830,1e-10,5,64
593,136,136,True,0.903604796874633,802.356683556542,22,True,ok,False,8.72645278744342e-11,2339.04952907243,0.305927499895915,1.03081805525555,0.817780196438388,D3_scaling,9,25260830,1e-10,5,128
74,26,26,True,,inf,30,False,max_iterations_reached,True,6.49680380498023e-10,49.0573643239704,0.00298089999705553,,,D3_scaling,9,25260830,1e-10,10,8
143,34,34,True,0.534495411248038,519.503015605383,14,True,ok,False,8.90697343090527e-11,734.002812895336,0.00201459997333586,1.13314101002873,0.904347544630069,D3_scaling,9,25260830,1e-10,10,16
294,50,50,True,0.660730382387597,559.39018343285,12,True,ok,False,6.51382391521926e-11,1298.10122049034,0.0145014999434352,1.06683334663152,0.85144085504848,D3_scaling,9,25260830,1e-10,10,32
570,82,82,True,0.760255464215182,677.177259817093,11,True,ok,False,7.95386342201347e-11,2166.73000606583,0.0642156999092549,1.05887313955957,0.8463083922759,D3_scaling,9,25260830,1e-10,10,64
1172,146,146,True,0.847307897522142,854.923038884402,17,True,ok,False,6.52137645460774e-11,5121.62674345727,0.350349199958146,1.02382611046973,0.814755399631635,D3_scaling,9,25260830,1e-10,10,128
143,46,46,True,,inf,30,False,max_iterations_reached,True,2.39999318394189e-08,150.688078687985,0.0064542000181973,,,D3_scaling,9,25260830,1e-10,20,8
291,54,54,True,0.39813287506585,699.495883377585,17,True,ok,False,8.71654126340258e-11,1723.69283691509,0.0367811999749392,1.09645690518665,0.869185206838053,D3_scaling,9,25260830,1e-10,20,16
580,70,70,True,0.52617296181924,702.416494326164,12,True,ok,False,7.61255079698055e-11,2358.89512870412,0.0612431999761611,1.07149338465181,0.848655457638968,D3_scaling,9,25260830,1e-10,20,32
1162,102,102,True,0.637839594891723,835.466521683448,13,True,ok,False,4.56602275903675e-11,4532.03304727515,0.17925149993971,1.03657355985827,0.822310400385011,D3_scaling,9,25260830,1e-10,20,64
2337,166,166,True,0.759792706424024,973.786496162399,10,True,ok,False,8.27198147527596e-11,10177.8246977212,0.255354200024158,1.01897027206254,0.806832865163377,D3_scaling,9,25260830,1e-10,20,128
289,86,86,True,,inf,30,False,max_iterations_reached,True,1.64341474454742e-08,204.153459026043,0.155920699937269,,,D3_scaling,9,25260830,1e-10,40,8
579,94,94,True,0.293002121077887,947.241541522157,21,True,ok,False,7.3175189430128e-11,3527.90090820779,0.163767199963331,1.11763001524669,0.887729194140917,D3_scaling,9,25260830,1e-10,40,16
1164,110,110,True,0.397036036009646,961.027877677128,13,True,ok,False,3.79522944239214e-11,4951.96357006116,0.204460499808192,1.06283058159717,0.844602763069095,D3_scaling,9,25260830,1e-10,40,32
2318,142,142,True,0.508232857496834,1044.42844536261,10,True,ok,False,6.32444873940919e-11,9687.53471542389,0.239740499993786,1.03120344027645,0.822136762382259,D3_scaling,9,25260830,1e-10,40,64
4655,206,206,True,0.643967666049341,1151.5250502875,10,True,ok,False,4.58337126265348e-11,19853.8828925042,0.531831299886107,1.02287664694455,0.814806726926752,D3_scaling,9,25260830,1e-10,40,128
37,16,16,True,,inf,30,False,max_iterations_reached,True,1.23772775639817e-09,36.6229846925809,0.00192889990285039,,,D3_scaling,10,25260831,1e-10,5,8
73,24,24,True,0.673291213204036,371.626132986221,25,True,ok,False,7.53385705549578e-11,231.092066539586,0.00252159987576306,1.29926729563517,1.02813547932945,D3_scaling,10,25260831,1e-10,5,16
150,40,40,True,0.76834065553069,486.562256784867,17,True,ok,False,5.0686739907727e-11,642.248849102186,0.0031729000620544,1.0705892111638,0.855692972303626,D3_scaling,10,25260831,1e-10,5,32
302,72,72,True,0.848707359147294,610.671973583072,25,True,ok,False,6.68408328362902e-11,1085.97274650058,0.0966833999846131,1.04388032080035,0.836946493192129,D3_scaling,10,25260831,1e-10,5,64
596,136,136,True,0.906518143128646,793.296144172471,14,True,ok,False,8.57194716052546e-11,2433.72869722569,0.191698299953714,1.03877922740488,0.827426136639186,D3_scaling,10,25260831,1e-10,5,128
71,26,26,True,0.425552937416991,471.218759979893,21,True,ok,False,6.64299737492722e-11,43.8208997690022,0.00214460003189743,1.19044090294492,0.932703041081748,D3_scaling,10,25260831,1e-10,10,8
146,34,34,True,0.53049066215896,501.160090152725,12,True,ok,False,6.81140730802938e-11,681.051213890658,0.00178789999336004,1.17526241746117,0.932626083520237,D3_scaling,10,25260831,1e-10,10,16
298,50,50,True,0.657477315138827,568.373146648049,12,True,ok,False,9.97201186767777e-11,1232.15520863003,0.0157403000630438,1.07522245786773,0.856184601050744,D3_scaling,10,25260831,1e-10,10,32
586,82,82,True,0.760542603225884,681.339087008134,16,True,ok,False,5.79048547759179e-11,2211.41912487126,0.0961773998569697,1.04644778773762,0.835299098129136,D3_scaling,10,25260831,1e-10,10,64
1185,146,146,True,0.846418628909378,862.683189044092,13,True,ok,False,9.45311259188054e-11,4945.95824267369,0.259750199969858,1.02404281572797,0.819523582939342,D3_scaling,10,25260831,1e-10,10,128
147,46,46,True,0.315581274576302,634.474110641683,17,True,ok,False,5.95926186533483e-11,80.9800120696818,0.00385120022110641,1.18725726866937,0.945989900354246,D3_scaling,10,25260831,1e-10,20,8
297,54,54,True,0.403355931438479,670.266906672194,22,True,ok,False,9.43335515898931e-11,1538.48123626679,0.0454804000910372,1.14828112085692,0.915188657539918,D3_scaling,10,25260831,1e-10,20,16
582,70,70,True,0.522540742334219,719.476785284292,15,True,ok,False,5.69467437259303e-11,2426.29390116942,0.0687853000126779,1.08070136443886,0.858141374804786,D3_scaling,10,25260831,1e-10,20,32
1178,102,102,True,0.639770728429016,823.367068271193,11,True,ok,False,5.94606095478417e-11,4686.4821088896,0.140585799934343,1.0255518092563,0.82022033602264,D3_scaling,10,25260831,1e-10,20,64
2319,166,166,True,0.75747960862881,966.89938825814,10,True,ok,False,9.06141838869731e-11,10090.9509105414,0.254590000025928,1.01552328060134,0.811993882460956,D3_scaling,10,25260831,1e-10,20,128
299,86,86,True,0.22450392833473,891.897369835136,28,True,ok,False,7.29798538813186e-11,164.955740862406,0.143554799957201,1.24524945559829,0.99451262501501,D3_scaling,10,25260831,1e-10,40,8
585,94,94,True,0.295433045108742,924.198044218127,14,True,ok,False,9.55509034358047e-11,3289.81520771553,0.129329599905759,1.15094693623811,0.917341185207641,D3_scaling,10,25260831,1e-10,40,16
1169,110,110,True,0.398919721020895,958.718707754678,12,True,ok,False,4.24540486114294e-11,4600.68785550466,0.238041199976578,1.07832866639777,0.859211461085182,D3_scaling,10,25260831,1e-10,40,32
2330,142,142,True,0.510344421674801,1050.94595408522,10,True,ok,False,7.17973570736602e-11,9628.57876597024,0.323039299808443,1.02450727886828,0.818972994651653,D3_scaling,10,25260831,1e-10,40,64
4649,206,206,True,0.640443809627615,1154.3012556868,12,True,ok,False,7.03578975623242e-11,19009.9790362811,0.593792099971324,1.01718871299419,0.814147978785999,D3_scaling,10,25260831,1e-10,40,128
37,16,16,True,0.564490951797356,352.412219073053,18,True,ok,False,8.91446070461099e-11,18.1159990437393,0.00195639999583364,1.03309090703955,0.820123860669248,D3_scaling,11,25260832,1e-10,5,8
73,24,24,True,0.685091319009052,380.772712768253,16,True,ok,False,4.79820501508155e-11,464.973379602727,0.0016467000823468,1.04985210110881,0.839237652987418,D3_scaling,11,25260832,1e-10,5,16
151,40,40,True,0.792216220982478,480.688088265984,19,True,ok,False,5.41754563824825e-11,515.992327818499,0.00308709987439215,1.06817713370454,0.856160053244263,D3_scaling,11,25260832,1e-10,5,32
298,72,72,True,0.855876300269114,601.275403446196,25,True,ok,False,7.35285444822042e-11,1305.5793303062,0.0964436000213027,1.0714561318588,0.858820829377732,D3_scaling,11,25260832,1e-10,5,64
590,136,136,True,0.915463416018485,795.014291496689,23,True,ok,False,8.4841753088843e-11,2625.51013993004,0.377550600096583,0.999902783832965,0.803475726497054,D3_scaling,11,25260832,1e-10,5,128
73,26,26,True,0.427302400386944,468.52083040076,17,True,ok,False,6.04464987658265e-11,27.8257335617231,0.00202300003729761,1.19494995817952,0.95441266535067,D3_scaling,11,25260832,1e-10,10,8
145,34,34,True,,inf,30,False,max_iterations_reached,True,1.85739276925975e-10,990.628046000033,0.00502010015770793,,,D3_scaling,11,25260832,1e-10,10,16
305,50,50,True,0.652587351742402,584.562695644055,13,True,ok,False,4.3395477299066e-11,1546.8342004962,0.017792500089854,1.07031391467705,0.865023896966407,D3_scaling,11,25260832,1e-10,10,32
580,82,82,True,0.767315840165872,687.566610451287,15,True,ok,False,4.23422133448736e-11,2526.90154192926,0.0868757998105139,1.07935144717816,0.862612024340965,D3_scaling,11,25260832,1e-10,10,64
1170,146,146,True,0.862097404782208,849.770668436629,13,True,ok,False,6.74274142374596e-11,4695.98689088591,0.271101400023326,1.02930347712554,0.826201029014506,D3_scaling,11,25260832,1e-10,10,128
145,46,46,True,,inf,30,False,max_iterations_reached,True,1.97848279744649e-09,91.6439162190432,0.00628499989397824,,,D3_scaling,11,25260832,1e-10,20,8
290,54,54,True,0.411049011454333,671.791186942725,30,True,ok,False,8.30663766322166e-11,1860.99920733683,0.0628466999623924,1.14969846363174,0.91452853133495,D3_scaling,11,25260832,1e-10,20,16
596,70,70,True,0.519338566650932,735.237331065076,16,True,ok,False,5.48175846430238e-11,2546.42300432718,0.0780321999918669,1.07418238360996,0.862416349321584,D3_scaling,11,25260832,1e-10,20,32
1162,102,102,True,0.641934155293502,816.156824616962,12,True,ok,False,4.41955637014275e-11,5143.60123013504,0.160736200166866,1.08618582374757,0.868103870297859,D3_scaling,11,25260832,1e-10,20,64
2321,166,166,True,0.772224074989013,948.346549107185,10,True,ok,False,5.3317622051427e-11,9423.60510701313,0.284610500093549,1.04026243509169,0.831373909369757,D3_scaling,11,25260832,1e-10,20,128
293,86,86,True,,inf,30,False,max_iterations_reached,True,1.18242849092205e-09,127.210033396692,0.169826199999079,,,D3_scaling,11,25260832,1e-10,40,8
580,94,94,True,0.304175035037488,908.889432630942,19,True,ok,False,6.55497261031097e-11,3614.45695000054,0.159482299815863,1.12734310329415,0.899176695111473,D3_scaling,11,25260832,1e-10,40,16
1174,110,110,True,0.393999995166798,972.663599851239,16,True,ok,False,5.38905292621066e-11,5173.68704902359,0.264823499834165,1.0586496442807,0.845781827164963,D3_scaling,11,25260832,1e-10,40,32
2319,142,142,True,0.512917854875813,1043.38594803162,12,True,ok,False,4.0979539462189e-11,9949.56696114498,0.296667999820784,1.07384911492155,0.858142465804876,D3_scaling,11,25260832,1e-10,40,64
4634,206,206,True,0.649011465210086,1150.37757327219,9,True,ok,False,9.18494836850951e-11,18835.1919384452,0.418753900099546,1.03744013199643,0.828148271963631,D3_scaling,11,25260832,1e-10,40,128
38,16,16,True,0.553571190425919,361.639527425365,11,True,ok,False,8.50606837441981e-11,16.5422730529735,0.00082250009290874,1.17073611733024,0.929857844056394,D3_scaling,12,25260833,1e-10,5,8
75,24,24,True,0.673083397163354,380.61741369097,23,True,ok,False,9.38607733841725e-11,506.683197974373,0.00228150002658367,1.1255980092302,0.900122475057594,D3_scaling,12,25260833,1e-10,5,16
151,40,40,True,0.771482078467705,492.877945257278,17,True,ok,False,5.54808925681819e-11,513.668460199047,0.00288769998587668,1.07484836177846,0.861086068932292,D3_scaling,12,25260833,1e-10,5,32
299,72,72,True,0.857289828265126,615.437614304471,19,True,ok,False,8.33193784292227e-11,1124.11334799433,0.075983100105077,1.03163352400568,0.829398963679014,D3_scaling,12,25260833,1e-10,5,64
586,136,136,True,0.920926745790638,799.226007953001,17,True,ok,False,8.57263728038938e-11,2533.39891845527,0.240632399916649,1.04081148400181,0.828007956775949,D3_scaling,12,25260833,1e-10,5,128
74,26,26,True,0.399339673441651,501.311038884271,18,True,ok,False,9.1801406654524e-11,41.857079941768,0.00280150002799928,1.18570307104837,0.942769627185442,D3_scaling,12,25260833,1e-10,10,8
148,34,34,True,,inf,30,False,max_iterations_reached,True,1.15278121819474e-10,732.319985754981,0.00424770009703934,,,D3_scaling,12,25260833,1e-10,10,16
295,50,50,True,0.648491993868235,591.756373338266,12,True,ok,False,4.59038143945456e-11,1186.17129591475,0.0171703000087291,1.05996709141731,0.852953910262976,D3_scaling,12,25260833,1e-10,10,32
592,82,82,True,0.767891614378618,686.950188119276,11,True,ok,False,9.85477672595039e-11,2260.40828281554,0.0646396998781711,1.03590654920795,0.834404509175501,D3_scaling,12,25260833,1e-10,10,64
1175,146,146,True,0.865476825325589,853.522832154692,13,True,ok,False,8.06361611512389e-11,5081.37510028607,0.264315300155431,1.02885619475603,0.823137293281251,D3_scaling,12,25260833,1e-10,10,128
147,46,46,True,0.284571076912278,701.755095095396,24,True,ok,False,7.95412048645264e-11,92.7920274573519,0.00653569982387125,1.14156255957668,0.912722401033949,D3_scaling,12,25260833,1e-10,20,8
294,54,54,True,0.409357214387069,678.137115078614,18,True,ok,False,8.5413717701939e-11,1598.23738025729,0.040195900015533,1.2015688409769,0.962363017390682,D3_scaling,12,25260833,1e-10,20,16
578,70,70,True,0.512948275029777,748.706579500117,11,True,ok,False,9.43593823810534e-11,2324.19784366179,0.0579755001235753,1.08085061336174,0.867064054441332,D3_scaling,12,25260833,1e-10,20,32
1187,102,102,True,0.642315046249792,821.209024602217,12,True,ok,False,3.1506336672198e-11,4880.92469155339,0.164979400113225,1.0295896941468,0.824259851584815,D3_scaling,12,25260833,1e-10,20,64
2313,166,166,True,0.769625730880475,955.607282587653,12,True,ok,False,5.58357579699681e-11,10193.0905403832,0.303823899943382,1.03505258984973,0.826391022658552,D3_scaling,12,25260833,1e-10,20,128
288,86,86,True,0.199265373883145,1002.7744149703,21,True,ok,False,8.52689597284577e-11,160.484612039582,0.111483700107783,1.12138373471521,0.899082522831962,D3_scaling,12,25260833,1e-10,40,8
580,94,94,True,0.302450907863468,917.838282422529,15,True,ok,False,9.27343347090484e-11,3162.59992375414,0.122806099941954,1.18817781344441,0.950310017665244,D3_scaling,12,25260833,1e-10,40,16
1165,110,110,True,0.393124136917666,983.73794340411,13,True,ok,False,7.94842042656433e-11,4655.99617048601,0.211966199800372,1.08470307047902,0.866964478171987,D3_scaling,12,25260833,1e-10,40,32
2336,142,142,True,0.513409556385379,1026.64913759437,10,True,ok,False,7.8610771090028e-11,9714.39038001992,0.245270499959588,1.03950823792479,0.830474961124575,D3_scaling,12,25260833,1e-10,40,64
4612,206,206,True,0.649180873083637,1140.7377857937,9,True,ok,False,8.37683346937139e-11,19644.1348624754,0.42990790004842,1.03082253178402,0.82169738171482,D3_scaling,12,25260833,1e-10,40,128
36,16,16,True,0.564103522524073,353.983365597536,18,True,ok,False,8.81645068428693e-11,12.7244535372212,0.00133590004406869,1.24825445765369,0.983517172169035,D3_scaling,13,25260834,1e-10,5,8
77,24,24,True,0.680934778972873,407.155662222894,28,True,ok,False,8.16948849997263e-11,432.700225614181,0.0024204000364989,1.12057111790474,0.895300604439211,D3_scaling,13,25260834,1e-10,5,16
146,40,40,True,0.793213653007096,458.776906273305,18,True,ok,False,5.14177267426402e-11,609.788213562671,0.00308420020155609,1.06769089238401,0.844287630736155,D3_scaling,13,25260834,1e-10,5,32
292,72,72,True,0.86306827130681,579.851976202136,24,True,ok,False,9.53597316664507e-11,1101.56114380928,0.0928377998061478,1.05609517713823,0.835496563442628,D3_scaling,13,25260834,1e-10,5,64
595,136,136,True,0.509738389995997,1441.1533151867,15,True,ok,False,8.94042188197722e-11,2086.39022374152,0.211255700094625,1.02971262796644,0.814556359723103,D3_scaling,13,25260834,1e-10,5,128
75,26,26,True,0.428375607256083,467.910682021046,18,True,ok,False,7.50875440308815e-11,31.9235646239719,0.0018804999999702,1.25014228457124,0.989379605532417,D3_scaling,13,25260834,1e-10,10,8
146,34,34,True,0.538087417546433,511.503781760553,13,True,ok,False,9.65783340839578e-11,818.236905963693,0.00192489987239242,1.15744131113533,0.92657119189681,D3_scaling,13,25260834,1e-10,10,16
285,50,50,True,0.66298703170039,573.945535372959,28,True,ok,False,8.82174265007082e-11,1086.90338620179,0.0303160999901593,1.04990272365925,0.837437808447735,D3_scaling,13,25260834,1e-10,10,32
583,82,82,True,0.776357453606954,671.988599710914,12,True,ok,False,9.76027056061126e-11,2220.54648438057,0.0725304000079632,1.05171989019147,0.839061868873864,D3_scaling,13,25260834,1e-10,10,64
1169,146,146,True,0.851625815063354,855.976079857777,13,True,ok,False,5.29815198957896e-11,4888.10094213186,0.270411799894646,1.02052738971471,0.815441167537621,D3_scaling,13,25260834,1e-10,10,128
145,46,46,True,0.315692221401388,634.927030724253,14,True,ok,False,9.51592313805883e-11,71.9757021478856,0.00315080001018941,1.25243731253639,0.99663503075204,D3_scaling,13,25260834,1e-10,20,8
291,54,54,True,0.410394657721642,673.40329093212,16,True,ok,False,5.90635015835086e-11,1585.13392711963,0.032625500112772,1.16142094402511,0.923021451633114,D3_scaling,13,25260834,1e-10,20,16
570,70,70,True,0.526846853252958,715.246865843728,19,True,ok,False,9.82788850347103e-11,2328.45219660635,0.0859215999953449,1.05851342967302,0.84302067296227,D3_scaling,13,25260834,1e-10,20,32
1161,102,102,True,0.656541799395681,802.100722053453,11,True,ok,False,5.89693756897589e-11,4418.90219783677,0.153792600147426,1.04237744981967,0.830139713049506,D3_scaling,13,25260834,1e-10,20,64
2327,166,166,True,0.761754869493316,963.364970209767,10,True,ok,False,5.85340848644096e-11,9294.56883218374,0.269990499829873,1.02571888320816,0.818202250967781,D3_scaling,13,25260834,1e-10,20,128
291,86,86,True,0.229203834243211,874.676844937938,14,True,ok,False,5.84388895818807e-11,139.110432710221,0.0784654000308365,1.24749199543708,0.993044018357366,D3_scaling,13,25260834,1e-10,40,8
587,94,94,True,0.303513740701693,915.190053029488,17,True,ok,False,6.93279583912349e-11,3175.69223790734,0.147335099987686,1.12482978038902,0.897163158931934,D3_scaling,13,25260834,1e-10,40,16
1157,110,110,True,0.401400244492191,952.373418573537,13,True,ok,False,9.94250268725835e-11,4591.84518378201,0.213680600048974,1.0515415557841,0.840640395086784,D3_scaling,13,25260834,1e-10,40,32
2314,142,142,True,0.521008538999057,1033.015859075,10,True,ok,False,3.19647484258108e-11,9667.35892730899,0.252187999896705,1.04306447568055,0.832489441606278,D3_scaling,13,25260834,1e-10,40,64
4627,206,206,True,0.640369403621834,1138.9814436747,9,True,ok,False,9.61769434042072e-11,19154.7479462522,0.432653000112623,1.02081088454869,0.816144035621962,D3_scaling,13,25260834,1e-10,40,128
38,16,16,True,,inf,30,False,max_iterations_reached,True,1.53407012243438e-10,30.8533062014048,0.00180330011062324,,,D3_scaling,14,25260835,1e-10,5,8
75,24,24,True,,inf,30,False,max_iterations_reached,True,1.07069537345772e-09,465.455329750964,0.00275760004296899,,,D3_scaling,14,25260835,1e-10,5,16
150,40,40,True,,inf,30,False,max_iterations_reached,True,1.62577495456606e-10,1032.55288813188,0.00495490012690425,,,D3_scaling,14,25260835,1e-10,5,32
286,72,72,True,0.872976949642406,586.904901227117,20,True,ok,False,8.99081716527144e-11,1224.37884796221,0.0709033999592066,1.03785546338736,0.831215150637423,D3_scaling,14,25260835,1e-10,5,64
586,136,136,True,0.911878497072582,771.711020861844,22,True,ok,False,5.88067615003968e-11,2649.81693464187,0.304013299988583,1.04313844075344,0.834454496744831,D3_scaling,14,25260835,1e-10,5,128
74,26,26,True,0.377632828795176,531.634471495047,18,True,ok,False,6.31624522222783e-11,29.7497519502147,0.00193700008094311,1.24461238797164,0.983520385259772,D3_scaling,14,25260835,1e-10,10,8
149,34,34,True,0.536416460325916,505.594242724676,20,True,ok,False,5.50701904816967e-11,793.726922327804,0.00281660002656281,1.21282210762026,0.965828371763536,D3_scaling,14,25260835,1e-10,10,16
294,50,50,True,0.664152363756412,561.299692806163,17,True,ok,False,6.19303261011012e-11,1558.9320189999,0.0250365999527276,1.02919564159061,0.825383127455733,D3_scaling,14,25260835,1e-10,10,32
569,82,82,True,0.778423263199107,659.262656735922,13,True,ok,False,4.30122108193829e-11,2650.87974647677,0.0746439998038113,1.03799610273571,0.830695244686204,D3_scaling,14,25260835,1e-10,10,64
1158,146,146,True,0.847702611050773,834.506911909574,15,True,ok,False,7.91681826238125e-11,5491.77404815433,0.303986200131476,1.00958615870118,0.805124285967243,D3_scaling,14,25260835,1e-10,10,128
149,46,46,True,0.269914446096594,743.403928149259,17,True,ok,False,9.11509229557019e-11,68.2573678818675,0.00369599997065961,1.22767515860531,0.974054644251605,D3_scaling,14,25260835,1e-10,20,8
291,54,54,True,0.408741339017309,676.419417057797,16,True,ok,False,9.92052352057855e-11,1607.33583142317,0.035302999895066,1.23525149826819,0.989821310094938,D3_scaling,14,25260835,1e-10,20,16
574,70,70,True,0.526299406767251,706.884646273669,14,True,ok,False,7.91585896637026e-11,2720.25003248645,0.0653812000527978,1.03395000311968,0.831071709792308,D3_scaling,14,25260835,1e-10,20,32
1153,102,102,True,0.656480296883877,789.224597446893,14,True,ok,False,5.49048199734517e-11,5180.65314223374,0.190021899994463,1.04851268131557,0.838226523868833,D3_scaling,14,25260835,1e-10,20,64
2312,166,166,True,0.760010197345458,950.15335339925,11,True,ok,False,5.12361885423574e-11,9724.80561307233,0.283381500048563,1.01395400728122,0.811910021186945,D3_scaling,14,25260835,1e-10,20,128
288,86,86,True,,inf,30,False,max_iterations_reached,True,3.15418357009835e-10,155.349936787037,0.158602900104597,,,D3_scaling,14,25260835,1e-10,40,8
573,94,94,True,0.300704524207074,919.445396731816,18,True,ok,False,7.12370727702787e-11,3506.40427822156,0.14944119984284,1.25674909332178,1.00699261312018,D3_scaling,14,25260835,1e-10,40,16
1147,110,110,True,0.400693088612633,942.577012943466,12,True,ok,False,7.0828606464611e-11,4923.89001991125,0.193600999889895,1.02881961471533,0.822702544915604,D3_scaling,14,25260835,1e-10,40,32
2294,142,142,True,0.520329517042072,997.979457468209,10,True,ok,False,2.98596506245302e-11,10107.7355884078,0.241912600118667,1.04496170361596,0.832929121526102,D3_scaling,14,25260835,1e-10,40,64
4627,206,206,True,0.642177494801182,1160.2143470666,9,True,ok,False,6.0672733925614e-11,19369.0031871936,0.453797499882057,1.01206897239348,0.808360783141411,D3_scaling,14,25260835,1e-10,40,128
37,16,16,True,,inf,30,False,max_iterations_reached,True,1.51876731901739e-10,31.5849419675945,0.00288689997978508,,,D3_scaling,15,25260836,1e-10,5,8
75,24,24,True,,inf,30,False,max_iterations_reached,True,2.03997549243765e-10,363.746267996272,0.00285970000550151,,,D3_scaling,15,25260836,1e-10,5,16
148,40,40,True,0.76977313459229,483.413836174705,14,True,ok,False,4.19404160770017e-11,530.496426350526,0.00309360004030168,1.05141316487211,0.841864607071574,D3_scaling,15,25260836,1e-10,5,32
297,72,72,True,0.86527584019517,604.771256968878,22,True,ok,False,6.45416290048722e-11,1204.88606474704,0.0817881000693887,1.06264936722028,0.841826847737146,D3_scaling,15,25260836,1e-10,5,64
591,136,136,True,0.919104681846167,774.698904609049,20,True,ok,False,9.12814915563082e-11,2312.70581579671,0.277864099945873,1.03899495218231,0.83365842452976,D3_scaling,15,25260836,1e-10,5,128
73,26,26,True,0.42477972159775,469.589455969882,15,True,ok,False,6.47321818525292e-11,34.5599994938469,0.00163610000163317,1.33142446001611,1.06739030714833,D3_scaling,15,25260836,1e-10,10,8
144,34,34,True,0.525185851617102,508.081113206018,18,True,ok,False,5.43798971674697e-11,841.739910268907,0.0025222001131624,1.24834620714122,0.998760499100261,D3_scaling,15,25260836,1e-10,10,16
293,50,50,True,0.63409416146971,583.427329654878,16,True,ok,False,6.95676035050659e-11,1276.98469916195,0.0194731000810862,1.06649953088937,0.856394501835069,D3_scaling,15,25260836,1e-10,10,32
588,82,82,True,0.768930799484565,688.125193148351,13,True,ok,False,9.12428784665805e-11,2324.79991844709,0.0822571001481265,1.04384982924765,0.835116049061537,D3_scaling,15,25260836,1e-10,10,64
1170,146,146,True,0.85315661705946,849.940442524343,15,True,ok,False,6.39778231189964e-11,5012.37600228488,0.310618499992415,1.03835923380924,0.833576448797795,D3_scaling,15,25260836,1e-10,10,128
147,46,46,True,0.31608058102671,631.07985611829,15,True,ok,False,8.03848709904313e-11,73.7224436662826,0.00343180005438626,1.2745018504072,1.01746659561117,D3_scaling,15,25260836,1e-10,20,8
293,54,54,True,0.399341298015287,682.374800396014,17,True,ok,False,8.85978744437558e-11,1635.91531082811,0.0365859000012279,1.24101758367867,0.991366250136671,D3_scaling,15,25260836,1e-10,20,16
579,70,70,True,0.500183801312192,743.392297590066,15,True,ok,False,6.40436919499687e-11,2692.08369689197,0.0709133998025209,1.04607067878494,0.837576818250461,D3_scaling,15,25260836,1e-10,20,32
1164,102,102,True,0.64756033088834,823.019083275486,11,True,ok,False,9.94583043952693e-11,4598.1257869079,0.153012599796057,1.03810713966375,0.827806386179208,D3_scaling,15,25260836,1e-10,20,64
2331,166,166,True,0.763136974984093,950.640423173343,10,True,ok,False,7.82068301975453e-11,9713.58101635128,0.250103099970147,1.01551854379908,0.812178330865489,D3_scaling,15,25260836,1e-10,20,128
295,86,86,True,0.229471934601422,869.611628105823,27,True,ok,False,8.32559892091848e-11,167.739662689957,0.143206899985671,1.24324510121146,0.992110780311974,D3_scaling,15,25260836,1e-10,40,8
580,94,94,True,0.294565094346368,937.619457042557,17,True,ok,False,5.39937904337767e-11,3310.86728839469,0.14093489991501,1.22083856805797,0.976495339171498,D3_scaling,15,25260836,1e-10,40,16
1155,110,110,True,0.383872882148005,986.16044597819,13,True,ok,False,6.55788978409529e-11,4904.46790734756,0.207213799934834,1.06098891923087,0.84742057072517,D3_scaling,15,25260836,1e-10,40,32
2318,142,142,True,0.517058878728896,1030.86850478843,10,True,ok,False,6.34570919479675e-11,9767.38752616446,0.253102499991655,1.04945252675705,0.837219110017992,D3_scaling,15,25260836,1e-10,40,64
4634,206,206,True,0.642161470901728,1130.13772009875,9,True,ok,False,9.30631763250288e-11,19888.2387884546,0.447331300005317,1.02109073677998,0.815355255684538,D3_scaling,15,25260836,1e-10,40,128
36,16,16,True,0.494280419459804,402.456222229326,22,True,ok,False,8.72529029990445e-11,24.1076828239975,0.00170040014199913,1.38907296743839,1.12582544808591,D3_scaling,16,25260837,1e-10,5,8
71,24,24,True,0.654508580805684,412.229740396786,24,True,ok,False,8.21495043886957e-11,345.803685093729,0.00231399992480874,1.12472721242603,0.893328520014873,D3_scaling,16,25260837,1e-10,5,16
144,40,40,True,0.793846472109333,443.996860597185,14,True,ok,False,7.49539233530112e-11,531.27438202288,0.00240299990400672,1.12206166968621,0.888848486599759,D3_scaling,16,25260837,1e-10,5,32
294,72,72,True,0.871312113158088,589.61672196204,25,True,ok,False,8.48013425827151e-11,1176.21261135323,0.0955814002081752,1.07722829761798,0.847614760545852,D3_scaling,16,25260837,1e-10,5,64
592,136,136,True,0.902789095359875,789.498766567844,30,True,ok,False,8.93755375021223e-11,2416.47999945389,0.414446499897167,1.03313623262242,0.812235610526864,D3_scaling,16,25260837,1e-10,5,128
72,26,26,True,0.342748544177941,581.910826395681,13,True,ok,False,9.53082238217769e-11,54.0964171900045,0.00142330001108348,1.21292084393033,0.965434702219003,D3_scaling,16,25260837,1e-10,10,8
144,34,34,True,0.511982783277822,530.485803588959,19,True,ok,False,5.39682773867333e-11,999.703963655304,0.00293990015052259,1.13802293746424,0.904278147678517,D3_scaling,16,25260837,1e-10,10,16
292,50,50,True,0.66545775611122,544.394947410987,16,True,ok,False,9.47727912034109e-11,1326.9563348335,0.0229187000077218,1.08372080468992,0.863580076437893,D3_scaling,16,25260837,1e-10,10,32
581,82,82,True,0.777324116905286,663.94547284936,13,True,ok,False,6.79145945923558e-11,2390.51041672935,0.0781994999852031,1.1046425199724,0.876774314263703,D3_scaling,16,25260837,1e-10,10,64
1169,146,146,True,0.855408668869859,843.198781879439,13,True,ok,False,7.34923376010924e-11,5153.67817870663,0.264033599989489,1.03327224518484,0.820522076818425,D3_scaling,16,25260837,1e-10,10,128
137,46,46,True,,inf,30,False,max_iterations_reached,True,3.01545845146145e-10,101.960493823968,0.00646660011261702,,,D3_scaling,16,25260837,1e-10,20,8
293,54,54,True,0.412042833902544,673.484919591068,17,True,ok,False,8.25807454619293e-11,1552.34851109084,0.0354482000693679,1.11881826494561,0.894574035462878,D3_scaling,16,25260837,1e-10,20,16
577,70,70,True,0.529506799771448,686.651426910521,15,True,ok,False,6.89264804453451e-11,2258.2229796133,0.072732700034976,1.09787952654735,0.87508612386534,D3_scaling,16,25260837,1e-10,20,32
1161,102,102,True,0.645453128357157,807.842825767998,13,True,ok,False,7.62950353063207e-11,4912.90418860172,0.165209099883214,1.10814555245992,0.885947559492505,D3_scaling,16,25260837,1e-10,20,64
2329,166,166,True,0.76511686140444,952.333487513525,11,True,ok,False,7.87281338780906e-11,10474.0014360459,0.283311899984255,1.0414616183083,0.83020037496089,D3_scaling,16,25260837,1e-10,20,128
284,86,86,True,0.190842999128193,1045.09559916001,19,True,ok,False,6.6563958280946e-11,168.8323868057,0.102489600190893,1.21559941387686,0.969374990354997,D3_scaling,16,25260837,1e-10,40,8
573,94,94,True,0.304025681082238,912.765040552006,16,True,ok,False,6.40792683156112e-11,3111.84818890941,0.130077700130641,1.09426505960375,0.873828956762523,D3_scaling,16,25260837,1e-10,40,16
1155,110,110,True,0.403610806802279,941.366742432141,12,True,ok,False,5.89601858577336e-11,4536.19015514354,0.195975900162011,1.07578164076727,0.856407120469024,D3_scaling,16,25260837,1e-10,40,32
2315,142,142,True,0.513836265954989,1030.96538943677,10,True,ok,False,9.07446007462194e-11,10040.2562675387,0.245417599799111,1.08770380469799,0.869794388995064,D3_scaling,16,25260837,1e-10,40,64
4651,206,206,True,0.646012074923122,1136.76685617949,10,True,ok,False,3.31254586175989e-11,20552.5748250033,0.476116500096396,1.02982090942514,0.822967049242595,D3_scaling,16,25260837,1e-10,40,128
36,16,16,True,,inf,30,False,max_iterations_reached,True,2.62268497908886e-09,27.7940947130009,0.00183419999666512,,,D3_scaling,17,25260838,1e-10,5,8
72,24,24,True,,inf,30,False,max_iterations_reached,True,1.76405957491945e-09,357.995943613112,0.00265109981410205,,,D3_scaling,17,25260838,1e-10,5,16
149,40,40,True,0.749766451504111,491.421998685421,21,True,ok,False,7.33571183406517e-11,678.52528823017,0.00372400018386543,1.05858785092665,0.852021202018958,D3_scaling,17,25260838,1e-10,5,32
296,72,72,True,0.86128565160569,585.188012216404,19,True,ok,False,7.47804162287085e-11,1213.04251693234,0.0742577000055462,1.09840188551443,0.879099764685236,D3_scaling,17,25260838,1e-10,5,64
596,136,136,True,0.921408098571312,789.934860915806,25,True,ok,False,9.66470618889356e-11,2480.39252203455,0.348049999913201,1.02744029271513,0.823899676750749,D3_scaling,17,25260838,1e-10,5,128
72,26,26,True,,inf,30,False,max_iterations_reached,True,6.01808137901109e-09,51.3910986162299,0.00352969998493791,,,D3_scaling,17,25260838,1e-10,10,8
147,34,34,True,0.524455279355052,525.37672357985,18,True,ok,False,6.09157600716965e-11,891.92433954146,0.00251360004767776,1.19704242821852,0.955087142600532,D3_scaling,17,25260838,1e-10,10,16
295,50,50,True,0.625906894909904,596.017414616785,14,True,ok,False,6.3940994089433e-11,1252.6226380078,0.0209280999843031,1.08857313307947,0.874454473977065,D3_scaling,17,25260838,1e-10,10,32
580,82,82,True,0.768344498244654,686.515906027848,18,True,ok,False,7.48593853316268e-11,2681.06133249824,0.106509000062943,1.12270176274861,0.89659925105699,D3_scaling,17,25260838,1e-10,10,64
1153,146,146,True,0.862859626778867,848.56453987296,12,True,ok,False,7.15853310095963e-11,4947.11141988636,0.244907399872318,1.03451318510998,0.830118881547711,D3_scaling,17,25260838,1e-10,10,128
148,46,46,True,,inf,30,False,max_iterations_reached,True,3.2933359820648e-10,94.9092299028296,0.00780220003798604,,,D3_scaling,17,25260838,1e-10,20,8
296,54,54,True,0.397828677583911,695.451920512892,18,True,ok,False,6.21585014513633e-11,1859.51558488745,0.0418301001191139,1.15798789407142,0.928556674830987,D3_scaling,17,25260838,1e-10,20,16
585,70,70,True,0.486601771280657,792.824209792486,14,True,ok,False,8.09901764691476e-11,2752.86994949803,0.0680679001379758,1.08919479043053,0.874966874356509,D3_scaling,17,25260838,1e-10,20,32
1146,102,102,True,0.643222742439238,818.654556350986,12,True,ok,False,4.40452191106404e-11,5338.69134932464,0.164705500006676,1.09111075996789,0.875081258038476,D3_scaling,17,25260838,1e-10,20,64
2313,166,166,True,0.771370514587109,953.173169770904,11,True,ok,False,4.35712681838903e-11,10094.8390081149,0.29698620014824,1.02435274128617,0.822267330660124,D3_scaling,17,25260838,1e-10,20,128
290,86,86,True,,inf,30,False,max_iterations_reached,True,2.34098483975301e-10,148.347186866242,0.163909499999136,,,D3_scaling,17,25260838,1e-10,40,8
581,94,94,True,0.293326712932179,943.294784165085,27,True,ok,False,8.9466766070791e-11,3358.15597854657,0.227127900114283,1.12236934751463,0.896817318332722,D3_scaling,17,25260838,1e-10,40,16
1154,110,110,True,0.375148802859249,1028.26699959003,14,True,ok,False,7.54674978681416e-11,4977.42990850335,0.229885899927467,1.07939075708763,0.863482705627818,D3_scaling,17,25260838,1e-10,40,32
2306,142,142,True,0.514832054352324,1036.84507443506,11,True,ok,False,4.38959660926007e-11,10127.1312318625,0.270864699967206,1.06670402213087,0.853069503585149,D3_scaling,17,25260838,1e-10,40,64
4660,206,206,True,0.647331633107773,1135.88422120693,9,True,ok,False,8.64724614680669e-11,19795.5011647084,0.447429700056091,1.02439758252256,0.817372268480536,D3_scaling,17,25260838,1e-10,40,128
39,16,16,True,0.561390299100272,356.296265286946,22,True,ok,False,7.93288297421522e-11,19.6326594098595,0.00139069999568164,1.07384120342272,0.85524528976077,D3_scaling,18,25260839,1e-10,5,8
77,24,24,True,0.683500519417196,405.530545828543,18,True,ok,False,8.17955142115845e-11,417.137409184366,0.00175860011950135,1.02119402885915,0.821236621349317,D3_scaling,18,25260839,1e-10,5,16
150,40,40,True,0.759831194999829,500.977980083577,24,True,ok,False,8.46124471127462e-11,657.827568832906,0.00421409984119236,1.10655009606962,0.889206185960989,D3_scaling,18,25260839,1e-10,5,32
296,72,72,True,0.855040880034019,576.25234690582,23,True,ok,False,8.39351139943524e-11,1343.70477408838,0.0838802999351174,1.04055412736866,0.839347377675204,D3_scaling,18,25260839,1e-10,5,64
581,136,136,True,0.402337239418966,1755.42106989298,21,True,ok,False,9.96173385233665e-11,2271.70828390175,0.288581100059673,1.03990098287214,0.83631558792645,D3_scaling,18,25260839,1e-10,5,128
76,26,26,True,,inf,30,False,max_iterations_reached,True,1.1418978063789e-10,77.5403744911831,0.00297560007311404,,,D3_scaling,18,25260839,1e-10,10,8
146,34,34,True,0.538912114926826,514.871183930398,22,True,ok,False,9.52381819608971e-11,907.353471655399,0.0029509998857975,1.12900949181184,0.910124639864471,D3_scaling,18,25260839,1e-10,10,16
289,50,50,True,0.662897881776227,577.815724646633,16,True,ok,False,6.52521597317921e-11,1077.58914594492,0.0235776000190526,1.07838334639202,0.861681397153668,D3_scaling,18,25260839,1e-10,10,32
575,82,82,True,0.770489395366964,669.008635240973,12,True,ok,False,5.94115942130619e-11,2359.12009586113,0.076615999918431,1.0355268189831,0.831426098899245,D3_scaling,18,25260839,1e-10,10,64
1144,146,146,True,0.854777140907382,840.694886992429,12,True,ok,False,7.76834367501437e-11,4529.52615483441,0.257177399937063,1.02959294579249,0.826690515759632,D3_scaling,18,25260839,1e-10,10,128
150,46,46,True,0.307185617729567,651.141414790441,28,True,ok,False,7.99618751658021e-11,94.1931551338945,0.00598889985121787,1.15286378334542,0.913934672377632,D3_scaling,18,25260839,1e-10,20,8
287,54,54,True,0.409554902851996,675.633873496402,19,True,ok,False,4.57055052477033e-11,2002.24541427406,0.0445610000751913,1.10145675189263,0.881224626112478,D3_scaling,18,25260839,1e-10,20,16
575,70,70,True,0.523632045573131,730.728199702622,12,True,ok,False,5.35262245705959e-11,2450.88919071248,0.0581739998888224,1.05089124609211,0.835043375434246,D3_scaling,18,25260839,1e-10,20,32
1147,102,102,True,0.645601762960589,818.523816814918,12,True,ok,False,4.99805284117967e-11,5046.8786050803,0.171257100068033,1.03132295232379,0.822681590366266,D3_scaling,18,25260839,1e-10,20,64
2309,166,166,True,0.758649841816911,960.094605455234,11,True,ok,False,5.20287939835426e-11,9530.87971897099,0.287725599948317,1.03080410951934,0.822708812502781,D3_scaling,18,25260839,1e-10,20,128
293,86,86,True,0.22837544084298,875.844242509289,18,True,ok,False,6.36302175481231e-11,163.027680810421,0.0983822999987751,1.15545453405661,0.918889271636465,D3_scaling,18,25260839,1e-10,40,8
566,94,94,True,0.302401024835751,904.857275364691,16,True,ok,False,9.70500521487034e-11,4122.82277960013,0.130122999893501,1.10152785140874,0.878055945394383,D3_scaling,18,25260839,1e-10,40,16
1142,110,110,True,0.401139671503196,957.846491496348,15,True,ok,False,6.66491483337275e-11,4326.84552923411,0.245005199918523,1.06260790168031,0.846734027839974,D3_scaling,18,25260839,1e-10,40,32
2312,142,142,True,0.514109147219033,1029.87609225601,10,True,ok,False,7.17539552390592e-11,10242.1400236518,0.24895179993473,1.03686616502562,0.827497845219318,D3_scaling,18,25260839,1e-10,40,64
4635,206,206,True,0.639823041978985,1158.98427166985,9,True,ok,False,5.73397201308606e-11,19630.9589784644,0.442914600018412,1.03519772818885,0.827898481189998,D3_scaling,18,25260839,1e-10,40,128
36,16,16,True,,inf,30,False,max_iterations_reached,True,2.89246688320212e-08,36.1992201643908,0.00174849992617965,,,D3_scaling,19,25260840,1e-10,5,8
74,24,24,True,0.639670202977231,415.430131739568,23,True,ok,False,8.95260422205695e-11,304.873801569051,0.00200999993830919,1.15597354353919,0.913613085002962,D3_scaling,19,25260840,1e-10,5,16
148,40,40,True,0.796085649259759,451.128995810363,15,True,ok,False,6.947800824972e-11,669.042291794416,0.00268830009736121,1.11654150432469,0.889171125938357,D3_scaling,19,25260840,1e-10,5,32
283,72,72,True,0.81205354558149,608.470451021435,26,True,ok,False,8.41375131714233e-11,1350.60206517888,0.0903398999944329,1.03512306767318,0.825433049052081,D3_scaling,19,25260840,1e-10,5,64
589,136,136,True,0.911265068449381,801.165380699609,26,True,ok,False,7.70857093484322e-11,2587.53429628355,0.361408700002357,1.02038828446222,0.811861455019349,D3_scaling,19,25260840,1e-10,5,128
72,26,26,True,0.398712472602762,499.672155835582,16,True,ok,False,8.94512792351004e-11,40.846090210532,0.00168759981170297,1.4303390321664,1.13669071297233,D3_scaling,19,25260840,1e-10,10,8
142,34,34,True,0.523745740217664,518.92331159693,30,True,ok,False,8.37554512936066e-11,734.4418348203,0.0040285000577569,1.22699857961333,0.980928512491676,D3_scaling,19,25260840,1e-10,10,16
284,50,50,True,0.665565978493565,542.229135936296,18,True,ok,False,8.72759544598081e-11,1361.41582021976,0.0208856998942792,1.12661924053746,0.903617178345407,D3_scaling,19,25260840,1e-10,10,32
565,82,82,True,0.740840904680167,673.285128308275,15,True,ok,False,6.52566172187083e-11,2730.7060212557,0.0874871001578867,1.03813834606949,0.826859163697066,D3_scaling,19,25260840,1e-10,10,64
1139,146,146,True,0.852182295136872,859.144496568645,22,True,ok,False,8.72258796167449e-11,5229.15669235889,0.447216199943796,1.03458111163279,0.823440774125306,D3_scaling,19,25260840,1e-10,10,128
143,46,46,True,0.297458265858874,669.759599446136,15,True,ok,False,5.95605054456808e-11,75.2096406644164,0.00343160005286336,1.46906907425869,1.15499153895298,D3_scaling,19,25260840,1e-10,20,8
279,54,54,True,0.405197333821353,670.76200438285,20,True,ok,False,6.17416007791913e-11,1814.41096280423,0.0426116001326591,1.20680855768701,0.958907827630077,D3_scaling,19,25260840,1e-10,20,16
573,70,70,True,0.521772138476872,708.320090790492,16,True,ok,False,8.58940847706793e-11,2536.25140599726,0.079328800085932,1.10369939689265,0.878672880560988,D3_scaling,19,25260840,1e-10,20,32
1139,102,102,True,0.632484048769811,819.812685960967,12,True,ok,False,8.19459390691858e-11,4870.35514926049,0.166595499962568,1.02737713734303,0.816636902821606,D3_scaling,19,25260840,1e-10,20,64
2291,166,166,True,0.76535671143279,981.503490761573,10,True,ok,False,6.4112003322764e-11,10261.9568090846,0.270451799966395,1.02093099369527,0.812405729387427,D3_scaling,19,25260840,1e-10,20,128
285,86,86,True,0.214644315446352,927.55287190219,23,True,ok,False,6.1966493604643e-11,173.600100859514,0.12302039982751,1.4258097810965,1.12546982488749,D3_scaling,19,25260840,1e-10,40,8
572,94,94,True,0.302617905921093,898.157021324001,16,True,ok,False,8.70813516058828e-11,3481.08937165273,0.132210799958557,1.20490991963956,0.95846123522574,D3_scaling,19,25260840,1e-10,40,16
1146,110,110,True,0.398469042039759,970.510290635216,12,True,ok,False,4.02415064117167e-11,4760.89903878703,0.202352799940854,1.09191828711622,0.870845475212227,D3_scaling,19,25260840,1e-10,40,32
2296,142,142,True,0.502247893816735,1040.26360881614,13,True,ok,False,4.15399411647823e-11,10407.2424233332,0.316140700131655,1.03737350405907,0.825169918906328,D3_scaling,19,25260840,1e-10,40,64
4607,206,206,True,0.643043548662011,1171.68236686606,10,True,ok,False,7.44583209253273e-11,20548.7966725933,0.480740899918601,1.01820867464139,0.811289966065511,D3_scaling,19,25260840,1e-10,40,128
35,16,16,True,0.478783516804473,382.833300489779,22,True,ok,False,7.49379067184198e-11,42.3236493731924,0.00135069992393255,1.37490232430112,1.11790757445369,D3_scaling,20,25260841,1e-10,5,8
75,24,24,True,0.671904672565084,394.506640480321,21,True,ok,False,6.10553025536448e-11,308.173499118386,0.0018719001673162,1.15613682773484,0.92248025782034,D3_scaling,20,25260841,1e-10,5,16
150,40,40,True,0.750183888288185,491.010777835194,19,True,ok,False,9.24491348243527e-11,726.229699473167,0.0032194999512285,1.15005377510661,0.924462638151072,D3_scaling,20,25260841,1e-10,5,32
296,72,72,True,0.855011851711752,600.831368855168,15,True,ok,False,5.2490898149856e-11,1083.59667554567,0.0523918000981212,1.06493104523715,0.851944739105016,D3_scaling,20,25260841,1e-10,5,64
597,136,136,True,0.913173692106613,801.921715823717,18,True,ok,False,7.16716465329751e-11,2355.39629444944,0.251840499928221,1.04252911904982,0.837384379960823,D3_scaling,20,25260841,1e-10,5,128
72,26,26,True,,inf,30,False,max_iterations_reached,True,2.2648659701975e-10,35.3446390157642,0.00435149995610118,,,D3_scaling,20,25260841,1e-10,10,8
146,34,34,True,0.508171801675433,533.808775719647,19,True,ok,False,9.01513017900253e-11,705.506663692822,0.00274659995920956,1.12763013793288,0.902152372940078,D3_scaling,20,25260841,1e-10,10,16
296,50,50,True,0.651156542208006,573.816634646499,12,True,ok,False,7.00892363510662e-11,1198.45126274264,0.0182691998779774,1.11289621148687,0.891022371050655,D3_scaling,20,25260841,1e-10,10,32
577,82,82,True,0.772075320612662,669.630228891333,13,True,ok,False,3.72087435128923e-11,2651.92001322022,0.0903832998592407,1.03311587508438,0.8216939696291,D3_scaling,20,25260841,1e-10,10,64
1171,146,146,True,0.856214677495397,855.427006717838,14,True,ok,False,6.05451366426694e-11,5119.67469857203,0.315499499905854,1.01262490405913,0.806077192337881,D3_scaling,20,25260841,1e-10,10,128
144,46,46,True,0.316094374390847,630.613016207151,15,True,ok,False,9.60134501400567e-11,71.0634479685874,0.00345020019449294,1.25364403973102,1.00017084993461,D3_scaling,20,25260841,1e-10,20,8
292,54,54,True,0.375627644355999,729.415984130336,23,True,ok,False,7.44351485119194e-11,1780.73285809805,0.0497481001075357,1.18784236901514,0.9529017414898,D3_scaling,20,25260841,1e-10,20,16
585,70,70,True,0.515308071599541,727.976604780447,10,True,ok,False,9.03823456873407e-11,2284.94032906976,0.0469389001373202,1.12165160243308,0.902106629783102,D3_scaling,20,25260841,1e-10,20,32
1161,102,102,True,0.647395233589145,807.986688486796,12,True,ok,False,5.10588836884725e-11,4960.37450873235,0.160135300131515,1.03832511514212,0.829653148781744,D3_scaling,20,25260841,1e-10,20,64
2328,166,166,True,0.762592550461078,962.308529491435,12,True,ok,False,4.35109494095869e-11,10112.6446926731,0.300337500171736,1.0167446856025,0.812142956541631,D3_scaling,20,25260841,1e-10,20,128
292,86,86,True,0.229699765235826,871.347304003318,24,True,ok,False,7.30316584878922e-11,147.398252557805,0.126211900031194,1.29796308064413,1.03176480994582,D3_scaling,20,25260841,1e-10,40,8
584,94,94,True,0.279926519233138,984.786939175189,15,True,ok,False,9.82643869208273e-11,3357.811728524,0.123062199912965,1.15293779394377,0.921308485312412,D3_scaling,20,25260841,1e-10,40,16
1154,110,110,True,0.391048645522293,967.761044676402,12,True,ok,False,8.80263548822279e-11,4419.59678937363,0.198443799978122,1.12475837045821,0.901426197896397,D3_scaling,20,25260841,1e-10,40,32
2307,142,142,True,0.514435758067549,1020.66322527754,10,True,ok,False,9.75948253866538e-11,10348.8843725358,0.254370300099254,1.03632469781881,0.825195528778903,D3_scaling,20,25260841,1e-10,40,64
4655,206,206,True,0.642135265993429,1145.77703874043,10,True,ok,False,2.88766006011641e-11,20433.2388349882,0.476667499868199,1.01860733107577,0.812803003756378,D3_scaling,20,25260841,1e-10,40,128
35,16,16,True,0.547715709401596,359.834277926714,20,True,ok,False,6.90760645755874e-11,16.2108349552246,0.00122010009363294,1.20812307060502,0.96233998583681,D3_scaling,21,25260842,1e-10,5,8
70,24,24,True,0.677733204256103,382.06970518232,15,True,ok,False,8.45432970810896e-11,513.750098599643,0.00139089999720454,1.15167123711526,0.920146357797392,D3_scaling,21,25260842,1e-10,5,16
144,40,40,True,0.793882980499959,453.236805274505,20,True,ok,False,6.99336372192484e-11,299.281465080803,0.00323950010351837,1.05556626760138,0.842933592617258,D3_scaling,21,25260842,1e-10,5,32
296,72,72,True,0.845507140429323,609.345577383561,16,True,ok,False,6.11781106895101e-11,1279.44613470767,0.0594116998836398,1.02836946117385,0.8278991417195,D3_scaling,21,25260842,1e-10,5,64
601,136,136,True,0.914004598512854,795.194694488162,27,True,ok,False,8.2082435406804e-11,2217.57096527282,0.374070500023663,1.02225164198871,0.82189154921158,D3_scaling,21,25260842,1e-10,5,128
69,26,26,True,0.417192137378594,479.685426087436,27,True,ok,False,9.82398006298496e-11,31.5490009806925,0.00276039983145893,1.19953376481578,0.954268059770646,D3_scaling,21,25260842,1e-10,10,8
140,34,34,True,0.539354655335153,502.22694484799,13,True,ok,False,6.61617684072486e-11,732.630150010323,0.00197290000505745,1.12614575003567,0.900949181872847,D3_scaling,21,25260842,1e-10,10,16
296,50,50,True,0.665077713059955,568.238177352964,15,True,ok,False,5.94312704490135e-11,1320.02699911661,0.0224789001513273,1.04308452096565,0.827472474802288,D3_scaling,21,25260842,1e-10,10,32
587,82,82,True,0.754621392201916,688.449507723893,13,True,ok,False,6.18597606111359e-11,2776.54251542245,0.0758745998609811,1.0352079859907,0.825165868421698,D3_scaling,21,25260842,1e-10,10,64
1186,146,146,True,0.861572163801243,868.339031523612,12,True,ok,False,6.80699448496731e-11,4714.32293020816,0.250896999845281,1.00122699619662,0.796533012470006,D3_scaling,21,25260842,1e-10,10,128
141,46,46,True,0.314707967321079,636.764683218683,22,True,ok,False,8.96088049104745e-11,80.4104211665903,0.00481049995869398,1.21298748829797,0.962805004841621,D3_scaling,21,25260842,1e-10,20,8
290,54,54,True,0.40014914372236,687.608138164678,21,True,ok,False,8.96494172964924e-11,1605.29011416316,0.0447843000292778,1.09859867406212,0.878159127677797,D3_scaling,21,25260842,1e-10,20,16
587,70,70,True,0.529884668881419,711.97055724987,12,True,ok,False,9.76042390410813e-11,2806.5948374733,0.0601548000704497,1.05864746633473,0.839845777105692,D3_scaling,21,25260842,1e-10,20,32
1163,102,102,True,0.636686328736121,821.175025298857,12,True,ok,False,4.58628589503012e-11,5183.72811975052,0.160685400012881,1.03479823573356,0.824819744669262,D3_scaling,21,25260842,1e-10,20,64
2345,166,166,True,0.766286172787052,977.127993954509,11,True,ok,False,9.96118779065162e-11,9937.12872880389,0.291431799996644,1.01471020852672,0.807982468899177,D3_scaling,21,25260842,1e-10,20,128
293,86,86,True,0.229054586331027,875.531396708024,22,True,ok,False,6.7569017038266e-11,176.987932016645,0.115594800096005,1.19734076320179,0.95209075968762,D3_scaling,21,25260842,1e-10,40,8
583,94,94,True,0.296382588296449,928.350364219047,23,True,ok,False,7.38675460835458e-11,3178.34870492838,0.187825300032273,1.10343129952509,0.879464420053152,D3_scaling,21,25260842,1e-10,40,16
1174,110,110,True,0.402914703099257,941.286531059667,12,True,ok,False,6.73040174725257e-11,5344.24889302103,0.199663499835879,1.06335485448553,0.844816038864604,D3_scaling,21,25260842,1e-10,40,32
2317,142,142,True,0.506614100279027,1031.41019166315,10,True,ok,False,6.13314790867457e-11,10154.1746616223,0.25396790006198,1.03452464913639,0.822005078693129,D3_scaling,21,25260842,1e-10,40,64
4675,206,206,True,0.646134938327545,1157.36311578684,10,True,ok,False,9.32640605252098e-11,20555.6782447388,0.462543200002983,1.01674722982904,0.810295965246251,D3_scaling,21,25260842,1e-10,40,128
38,16,16,True,,inf,30,False,max_iterations_reached,True,7.19874934692495e-10,26.0032615460088,0.00191960018128157,,,D3_scaling,22,25260843,1e-10,5,8
73,24,24,True,0.681094922530051,385.18905790448,15,True,ok,False,5.33752220052939e-11,305.111532616818,0.00147260003723204,1.12772544220908,0.897932626008554,D3_scaling,22,25260843,1e-10,5,16
145,40,40,True,0.782637822252078,466.123872621136,14,True,ok,False,8.00754135341075e-11,483.310924684207,0.00248609995469451,1.16577603289761,0.940692532827936,D3_scaling,22,25260843,1e-10,5,32
299,72,72,True,0.872895786788395,579.817063799742,23,True,ok,False,7.02359289524998e-11,1149.12793134497,0.083816000027582,1.04612355712852,0.842625374539384,D3_scaling,22,25260843,1e-10,5,64
587,136,136,True,0.355905462106683,2020.04620229877,17,True,ok,False,6.80204014475451e-11,2408.07020500314,0.23297129990533,1.03608169292111,0.827249557637263,D3_scaling,22,25260843,1e-10,5,128
73,26,26,True,0.389204747554108,513.443599766609,12,True,ok,False,8.85114487062625e-11,29.7064963815025,0.00130170001648366,1.2328423218215,0.988055005139024,D3_scaling,22,25260843,1e-10,10,8
144,34,34,True,0.532531666095965,498.477898394599,20,True,ok,False,6.90580057589425e-11,867.948057439339,0.00283950008451939,1.15416070272753,0.921651552579633,D3_scaling,22,25260843,1e-10,10,16
293,50,50,True,0.660921622095245,567.741806088245,14,True,ok,False,6.74315337208568e-11,1171.68049882424,0.0168904999736696,1.08601102170402,0.868990606745723,D3_scaling,22,25260843,1e-10,10,32
582,82,82,True,0.769348261758873,668.679163128593,12,True,ok,False,9.17892344726221e-11,2188.14817209556,0.0746932001784444,1.04857665881128,0.839417119026894,D3_scaling,22,25260843,1e-10,10,64
1155,146,146,True,0.864147601444939,836.399400292638,14,True,ok,False,8.81362881989333e-11,4950.05030702825,0.283233399968594,1.03289269140078,0.823270878852344,D3_scaling,22,25260843,1e-10,10,128
142,46,46,True,,inf,30,False,max_iterations_reached,True,3.92191156918589e-09,68.8219307278004,0.00636499980464578,,,D3_scaling,22,25260843,1e-10,20,8
290,54,54,True,0.405438486548675,681.928907440692,15,True,ok,False,6.16233554810221e-11,1886.73646160792,0.031716899946332,1.15267802433448,0.923160753385596,D3_scaling,22,25260843,1e-10,20,16
570,70,70,True,0.523241014238375,718.143658825228,13,True,ok,False,4.72270192840844e-11,2195.1286764621,0.0637300999369472,1.07612604293897,0.861749892943876,D3_scaling,22,25260843,1e-10,20,32
1157,102,102,True,0.649274628967709,798.152333910135,11,True,ok,False,4.7951865387713e-11,4295.07994738358,0.157674100017175,1.04225960367282,0.836714178939953,D3_scaling,22,25260843,1e-10,20,64
2312,166,166,True,0.770484653750088,938.875565452388,11,True,ok,False,9.76522503498207e-11,10276.2145505668,0.276873499853536,1.03962033345243,0.83154463293025,D3_scaling,22,25260843,1e-10,20,128
289,86,86,True,,inf,30,False,max_iterations_reached,True,1.33089341402275e-09,144.481491051413,0.162886600010097,,,D3_scaling,22,25260843,1e-10,40,8
569,94,94,True,0.297785503596832,925.458195715476,15,True,ok,False,7.74272434966007e-11,3800.39803211772,0.132490900112316,1.16793716794524,0.931584414803484,D3_scaling,22,25260843,1e-10,40,16
1142,110,110,True,0.397149689363039,955.603985279504,13,True,ok,False,4.70562088921485e-11,4247.21317411895,0.21126880007796,1.05444259800501,0.84441699545866,D3_scaling,22,25260843,1e-10,40,32
2312,142,142,True,0.51219071320836,1046.19334148254,11,True,ok,False,7.7851705556424e-11,9430.63447964583,0.274995400104672,1.04162167378397,0.834163045672654,D3_scaling,22,25260843,1e-10,40,64
4606,206,206,True,0.647389209596028,1117.61936895196,10,True,ok,False,3.95955510846797e-11,20302.2384049869,0.473407000070438,1.0331637946849,0.826775134984338,D3_scaling,22,25260843,1e-10,40,128
36,16,16,True,0.542563435123886,363.472707296189,22,True,ok,False,8.47073528821577e-11,15.1373233235975,0.00137019995599985,1.09667142483117,0.87770428618181,D3_scaling,23,25260844,1e-10,5,8
75,24,24,True,0.667608482766062,409.538293500555,26,True,ok,False,9.15264615347114e-11,271.093643175512,0.00231250002980232,1.10764798984278,0.868878004739844,D3_scaling,23,25260844,1e-10,5,16
146,40,40,True,0.791278764828178,478.219838913401,18,True,ok,False,6.96075763132304e-11,594.065302663639,0.00301730004139245,1.05493308013485,0.847125882114962,D3_scaling,23,25260844,1e-10,5,32
296,72,72,True,0.880482960766094,596.731929348128,25,True,ok,False,6.80642673097721e-11,1281.10259695932,0.0916172999422997,1.02912915821537,0.81973610293572,D3_scaling,23,25260844,1e-10,5,64
591,136,136,True,0.911964200981107,791.481696065114,26,True,ok,False,8.99293627089717e-11,2255.61869498765,0.359875600086525,1.00504838923764,0.800149924467369,D3_scaling,23,25260844,1e-10,5,128
73,26,26,True,0.425917484658562,470.681521228791,28,True,ok,False,8.29790544789459e-11,27.188477689188,0.00426080008037388,1.12083666964066,0.896042730890356,D3_scaling,23,25260844,1e-10,10,8
147,34,34,True,0.54031014027327,506.959819794423,14,True,ok,False,9.7978582733217e-11,629.528902523816,0.0021100000012666,1.08616731342633,0.856404923592579,D3_scaling,23,25260844,1e-10,10,16
292,50,50,True,0.661466436362263,569.682470406755,14,True,ok,False,5.5171491283817e-11,1143.43345325389,0.0174875999800861,1.0670662482661,0.852151590665316,D3_scaling,23,25260844,1e-10,10,32
583,82,82,True,0.782867594933871,674.809315750411,12,True,ok,False,6.20537579707339e-11,2274.34135094185,0.0748383000027388,1.05068232381497,0.836653981857316,D3_scaling,23,25260844,1e-10,10,64
1165,146,146,True,0.865220568113778,850.107330537031,19,True,ok,False,9.27487853432433e-11,4726.81328718517,0.386956800008193,1.02079282341296,0.805266645594834,D3_scaling,23,25260844,1e-10,10,128
146,46,46,True,0.31518503185725,636.043906340732,16,True,ok,False,9.02313821115725e-11,58.1650791629877,0.00354339997284114,1.15379079389763,0.921705659932874,D3_scaling,23,25260844,1e-10,20,8
297,54,54,True,0.410395167529769,671.543258784437,15,True,ok,False,8.7404369790708e-11,1432.58834943801,0.0316591998562217,1.11265396042928,0.880578652201509,D3_scaling,23,25260844,1e-10,20,16
583,70,70,True,0.524999505627028,717.068580526965,13,True,ok,False,5.55657427523025e-11,2529.93319398864,0.0602068000007421,1.07960657698321,0.857836602138447,D3_scaling,23,25260844,1e-10,20,32
1156,102,102,True,0.655097678681491,807.827899518348,10,True,ok,False,7.47161194242345e-11,4660.9148825388,0.140441700117663,1.04676576403862,0.832665602100966,D3_scaling,23,25260844,1e-10,20,64
2329,166,166,True,0.767831576783492,957.784845031596,10,True,ok,False,8.5870958676143e-11,9951.58312907433,0.262594199972227,1.02270283507222,0.811653039021735,D3_scaling,23,25260844,1e-10,20,128
290,86,86,True,0.225207490479997,890.199953178546,21,True,ok,False,8.29113651332651e-11,147.839843200113,0.108192599844187,1.22200075925364,0.965709932224471,D3_scaling,23,25260844,1e-10,40,8
588,94,94,True,0.303268446252067,909.725384622661,15,True,ok,False,9.49052280132865e-11,3049.86788409348,0.12699900008738,1.12241833401331,0.892327641013825,D3_scaling,23,25260844,1e-10,40,16
1137,110,110,True,0.399840803516783,943.622281452311,11,True,ok,False,3.27055613578283e-11,4454.68204666897,0.18276960006915,1.07377523812938,0.856073608029936,D3_scaling,23,25260844,1e-10,40,32
2288,142,142,True,0.519894692512266,1018.40042130536,10,True,ok,False,8.02829786104715e-11,9432.88801827043,0.242668100167066,1.03971723874898,0.828291069852005,D3_scaling,23,25260844,1e-10,40,64
4639,206,206,True,0.645358030858798,1137.25222963179,10,True,ok,False,7.3228066914535e-11,20827.1553320787,0.461678799940273,1.02182823592854,0.813216054196073,D3_scaling,23,25260844,1e-10,40,128
40,16,16,True,0.549942635852594,363.577568529366,26,True,ok,False,6.91797076719663e-11,23.7491405127244,0.00157189997844398,1.16945689254974,0.943567730460668,D3_scaling,24,25260845,1e-10,5,8
74,24,24,True,0.637297357490994,426.635030313146,26,True,ok,False,7.63543977493886e-11,334.447954319194,0.00220420002005994,1.39524927330965,1.1135432201256,D3_scaling,24,25260845,1e-10,5,16
146,40,40,True,0.773704752709653,481.906579849253,23,True,ok,False,6.63269087602318e-11,386.52119359247,0.00396479992195964,1.06361687816892,0.85084495517215,D3_scaling,24,25260845,1e-10,5,32
297,72,72,True,0.866034804060356,608.021556698333,19,True,ok,False,5.54104866163852e-11,1121.61092676017,0.0661412999033928,1.09229423786756,0.879399987687025,D3_scaling,24,25260845,1e-10,5,64
579,136,136,True,0.915989298430998,774.973277377289,25,True,ok,False,7.69603146263486e-11,2271.41617468742,0.33837109990418,1.04627588453114,0.836279445319019,D3_scaling,24,25260845,1e-10,5,128
76,26,26,True,0.410282097991578,490.163590397265,17,True,ok,False,7.09748363814869e-11,37.4496352025364,0.00176570005714893,1.16915624653334,0.948283775859249,D3_scaling,24,25260845,1e-10,10,8
148,34,34,True,0.507088669963209,542.994325108667,21,True,ok,False,7.59806906578276e-11,958.186621790536,0.00281179999001324,1.33232799968201,1.07065273747547,D3_scaling,24,25260845,1e-10,10,16
287,50,50,True,0.655334095276006,569.329985835568,14,True,ok,False,8.73389799631031e-11,925.017263589583,0.0163515999447554,1.08620313617731,0.87447318056109,D3_scaling,24,25260845,1e-10,10,32
579,82,82,True,0.774709151478857,682.45973404449,13,True,ok,False,4.01264495006061e-11,2338.27647561025,0.0799228998366743,1.10003596530268,0.883889292803537,D3_scaling,24,25260845,1e-10,10,64
1153,146,146,True,0.853768480643449,852.709757525504,14,True,ok,False,4.06984217260459e-11,4440.95633862048,0.294849199941382,1.07756020252028,0.868735418321984,D3_scaling,24,25260845,1e-10,10,128
148,46,46,True,0.298541459478099,673.626294046807,18,True,ok,False,7.88656463082456e-11,71.5363591285436,0.00440370012074709,1.1899271447557,0.95490293711519,D3_scaling,24,25260845,1e-10,20,8
290,54,54,True,0.402953014246198,683.527889077815,17,True,ok,False,8.6654451577417e-11,1727.88625934027,0.0342609998770058,1.31353749746392,1.05340094226513,D3_scaling,24,25260845,1e-10,20,16
569,70,70,True,0.518986927283132,724.93683863694,13,True,ok,False,4.72037633659466e-11,1904.81175811589,0.0624439001549035,1.0946464518004,0.874489483658405,D3_scaling,24,25260845,1e-10,20,32
1147,102,102,True,0.652781755038778,806.009508436528,12,True,ok,False,3.50946976923697e-11,4882.8774882279,0.166530400048941,1.08099881683279,0.864969103658659,D3_scaling,24,25260845,1e-10,20,64
2295,166,166,True,0.761792301810634,955.466220684802,11,True,ok,False,6.8627803702873e-11,9764.48344627189,0.286334499949589,1.06566586978027,0.852621933740277,D3_scaling,24,25260845,1e-10,20,128
286,86,86,True,0.218717489876579,918.501646057433,21,True,ok,False,8.79060835326546e-11,138.02480309844,0.114787300117314,1.14281666317337,0.913984470212303,D3_scaling,24,25260845,1e-10,40,8
566,94,94,True,0.298605538950094,922.394351897821,20,True,ok,False,6.13526303005652e-11,3298.65070692018,0.160306699806824,1.3335955492825,1.06585847845634,D3_scaling,24,25260845,1e-10,40,16
1136,110,110,True,0.394398661919048,957.756568428519,13,True,ok,False,5.8748065064855e-11,4064.43111497139,0.226244300138205,1.07991403792309,0.862829962812031,D3_scaling,24,25260845,1e-10,40,32
2285,142,142,True,0.51738313436748,1018.43275432549,10,True,ok,False,7.76195035675094e-11,10014.8403121954,0.25122920004651,1.0505945205324,0.839320136258332,D3_scaling,24,25260845,1e-10,40,64
4609,206,206,True,0.642765418725684,1158.7636264539,9,True,ok,False,5.71531164236286e-11,19635.9267083818,0.421944200061262,1.03515114539145,0.828108404534353,D3_scaling,24,25260845,1e-10,40,128
38,16,16,True,0.562415859168892,352.310191727514,26,True,ok,False,9.36781450771777e-11,24.2359840500567,0.00240080012008548,1.17694256396779,0.948341735978766,D3_scaling,25,25260846,1e-10,5,8
71,24,24,True,0.639322721682669,403.03739261533,22,True,ok,False,6.32552046493201e-11,351.566089617034,0.00200419989414513,1.34782245845179,1.08961712152648,D3_scaling,25,25260846,1e-10,5,16
146,40,40,True,0.792326668463353,463.276256230349,17,True,ok,False,7.38731575253194e-11,468.797872909709,0.00295270001515746,1.05938442706906,0.844938783685634,D3_scaling,25,25260846,1e-10,5,32
302,72,72,True,0.861764732817337,608.749711170974,27,True,ok,False,8.94219128167347e-11,1260.24161233007,0.0973939998075366,1.026044433683,0.830244007940141,D3_scaling,25,25260846,1e-10,5,64
593,136,136,True,0.925907794880925,777.404946268518,28,True,ok,False,8.42864520368864e-11,1948.47191484266,0.400973099982366,0.992357166646875,0.801468692285394,D3_scaling,25,25260846,1e-10,5,128
73,26,26,True,0.423381774315641,468.487615647646,14,True,ok,False,7.3631262443729e-11,44.2911203832865,0.00147280003875494,1.20450522577291,0.969346089221491,D3_scaling,25,25260846,1e-10,10,8
141,34,34,True,0.523760054656231,525.982631572198,18,True,ok,False,6.94595436951927e-11,712.743936846223,0.00253779999911785,1.30100822680444,1.04493106124943,D3_scaling,25,25260846,1e-10,10,16
291,50,50,True,0.661097961851582,561.166413268039,17,True,ok,False,4.64117810878158e-11,1021.39264528001,0.020857899915427,1.05430468083017,0.846707194104194,D3_scaling,25,25260846,1e-10,10,32
587,82,82,True,0.761519645207783,688.824140975505,15,True,ok,False,8.31437509796429e-11,2542.96415827951,0.0929328000638634,1.01895765595317,0.824512258318329,D3_scaling,25,25260846,1e-10,10,64
1152,146,146,True,0.8561011267459,859.109880996992,13,True,ok,False,7.68629005254845e-11,4847.45077757776,0.27614440000616,0.999782101476502,0.809265780287333,D3_scaling,25,25260846,1e-10,10,128
142,46,46,True,0.313591012811663,637.246424065687,14,True,ok,False,5.69799569532315e-11,71.8817862193175,0.0044491000007838,1.2195743810207,0.980581476659447,D3_scaling,25,25260846,1e-10,20,8
280,54,54,True,0.406307006400165,678.032246200526,14,True,ok,False,4.87991911510538e-11,1566.60396505812,0.0374396999832243,1.31760164045507,1.06600150298626,D3_scaling,25,25260846,1e-10,20,16
584,70,70,True,0.525122003269725,713.220710612045,11,True,ok,False,8.59793512152934e-11,2192.55986307291,0.0621422999538481,1.08439306966789,0.86539780712334,D3_scaling,25,25260846,1e-10,20,32
1150,102,102,True,0.641148707027071,815.479007271649,11,True,ok,False,7.77531680101579e-11,5049.33318879129,0.153019599849358,1.04119995881094,0.83616789608199,D3_scaling,25,25260846,1e-10,20,64
2315,166,166,True,0.76339893288466,966.253339351176,11,True,ok,False,7.4712640126152e-11,10111.6013121876,0.290687399916351,1.00859432364842,0.809535604143318,D3_scaling,25,25260846,1e-10,20,128
286,86,86,True,0.227988026760585,878.130979002887,22,True,ok,False,6.6845587858471e-11,146.559812523533,0.110544400056824,1.23369294136621,0.989844621336839,D3_scaling,25,25260846,1e-10,40,8
571,94,94,True,0.300908303599068,915.527537649094,21,True,ok,False,5.78992084582212e-11,3264.75123632997,0.172840500017628,1.30764023202751,1.05085890405769,D3_scaling,25,25260846,1e-10,40,16
1158,110,110,True,0.398840321899922,948.943086266965,11,True,ok,False,4.20999547495712e-11,4470.21073026555,0.186248200014234,1.10675745058888,0.881099322392939,D3_scaling,25,25260846,1e-10,40,32
2306,142,142,True,0.514130502558688,1018.85447754729,10,True,ok,False,9.0621236439747e-11,10162.9129660302,0.246433699969202,1.04105397301962,0.831645651917578,D3_scaling,25,25260846,1e-10,40,64
4603,206,206,True,0.645118568677722,1145.34139659255,10,True,ok,False,4.05990887346208e-11,20193.9829804341,0.470830300124362,1.01066540241996,0.808636039074728,D3_scaling,25,25260846,1e-10,40,128
38,16,16,True,0.549969187580239,362.07888789721,21,True,ok,False,6.23114543967473e-11,16.3302715817752,0.00138300005346537,1.08031737529772,0.868460007015028,D3_scaling,26,25260847,1e-10,5,8
77,24,24,True,0.643447435815207,416.705389626697,28,True,ok,False,8.47946665813099e-11,518.670134857148,0.00241829990409315,1.15847741481434,0.92776482009169,D3_scaling,26,25260847,1e-10,5,16
151,40,40,True,0.788038466241434,491.82110315655,20,True,ok,False,6.97049947828026e-11,695.517186372721,0.00331850000657141,1.14539476768499,0.914029540924358,D3_scaling,26,25260847,1e-10,5,32
283,72,72,True,0.878199385693377,558.647970239596,16,True,ok,False,3.41610531174252e-11,1239.51523723947,0.0568641000427306,1.03752937526197,0.826309269547004,D3_scaling,26,25260847,1e-10,5,64
585,136,136,True,0.396124041806386,1830.36795879414,24,True,ok,False,7.15860689360461e-11,2398.83503719191,0.334245099918917,1.03207290627151,0.822975054295423,D3_scaling,26,25260847,1e-10,5,128
74,26,26,True,,inf,30,False,max_iterations_reached,True,4.89333507233445e-10,37.562760065431,0.00285970000550151,,,D3_scaling,26,25260847,1e-10,10,8
148,34,34,True,0.540454437781633,505.602398688253,16,True,ok,False,8.41626569107405e-11,820.777011585641,0.00226780003868043,1.22529761333165,0.987548876007976,D3_scaling,26,25260847,1e-10,10,16
289,50,50,True,0.66366197038543,577.591399016682,22,True,ok,False,8.96759683340629e-11,1112.99017480698,0.0287106998730451,1.15110072847128,0.917045425876485,D3_scaling,26,25260847,1e-10,10,32
578,82,82,True,0.772228514010517,674.401058215151,14,True,ok,False,8.01494499885647e-11,2545.36685055983,0.0886524999514222,1.04153828635225,0.829662920898778,D3_scaling,26,25260847,1e-10,10,64
1154,146,146,True,0.862315746809833,846.571337138166,13,True,ok,False,9.49149552204725e-11,4644.10117800892,0.270860499935225,1.05670635881068,0.847662627384954,D3_scaling,26,25260847,1e-10,10,128
147,46,46,True,0.308019916908231,649.027526551342,13,True,ok,False,9.10320705105223e-11,51.8941414090336,0.0031763999722898,1.21669848400693,0.968214924679222,D3_scaling,26,25260847,1e-10,20,8
288,54,54,True,0.411106554734963,672.842903030513,13,True,ok,False,6.93527342548761e-11,1625.63791922958,0.0281996000558138,1.19182598721715,0.958023984376155,D3_scaling,26,25260847,1e-10,20,16
577,70,70,True,0.528282535642477,730.494993983587,12,True,ok,False,5.80596986860064e-11,2484.5078708618,0.0603064999449998,1.17485011330858,0.937999519684948,D3_scaling,26,25260847,1e-10,20,32
1146,102,102,True,0.658967521977527,790.046615565846,11,True,ok,False,4.74959877276508e-11,4828.99470377629,0.150616199942306,1.02019299694105,0.813909961226188,D3_scaling,26,25260847,1e-10,20,64
2301,166,166,True,0.761442837091057,954.591222445233,13,True,ok,False,5.42971181042933e-11,9765.01061441181,0.325849999906495,1.04809856176642,0.83947465240667,D3_scaling,26,25260847,1e-10,20,128
290,86,86,True,0.220264702153746,906.53199383334,20,True,ok,False,7.83485079421694e-11,146.290451110046,0.10626869997941,1.21793883705939,0.970329772542189,D3_scaling,26,25260847,1e-10,40,8
584,94,94,True,0.30327330175397,898.796451768995,14,True,ok,False,6.12021803964652e-11,3359.19081341728,0.116963100153953,1.16206541986098,0.931812025664792,D3_scaling,26,25260847,1e-10,40,16
1159,110,110,True,0.401785498874127,959.834082331369,12,True,ok,False,8.31297834272604e-11,5082.40568723605,0.227431300096214,1.18331698584904,0.944998838329626,D3_scaling,26,25260847,1e-10,40,32
2302,142,142,True,0.522037863760421,1007.30672411657,11,True,ok,False,3.35958399879603e-11,10110.9457634604,0.265895999968052,1.01410543919753,0.810727983888734,D3_scaling,26,25260847,1e-10,40,64
4629,206,206,True,0.641775415740362,1148.1460592745,11,True,ok,False,4.72493233915856e-11,19287.2632234548,0.518633000086993,1.03320976324833,0.827038279268332,D3_scaling,26,25260847,1e-10,40,128
37,16,16,True,0.525921382036442,364.432440209584,17,True,ok,False,7.33786564186236e-11,25.2528922657049,0.00111060007475317,1.3931040063626,1.12189795850574,D3_scaling,27,25260848,1e-10,5,8
70,24,24,True,,inf,30,False,max_iterations_reached,True,1.90853166778656e-10,430.591298152779,0.00262850010767579,,,D3_scaling,27,25260848,1e-10,5,16
146,40,40,True,0.784286236322822,465.645345847538,14,True,ok,False,7.97372210498858e-11,483.450782573763,0.00224469997920096,1.23647882265158,0.99748614783704,D3_scaling,27,25260848,1e-10,5,32
300,72,72,True,0.811352084585249,646.526854232833,23,True,ok,False,9.62287473012867e-11,1514.21079531472,0.0825252998620272,1.11779500763946,0.885159941208086,D3_scaling,27,25260848,1e-10,5,64
579,136,136,True,0.898242205076959,780.553439805942,22,True,ok,False,8.49379597799477e-11,2461.91920307863,0.304601699812338,1.04187865665261,0.825407985529703,D3_scaling,27,25260848,1e-10,5,128
73,26,26,True,0.406632883636051,488.847437992698,16,True,ok,False,5.27423432131854e-11,36.4933060387436,0.00203539989888668,1.26129755372343,1.00381975939188,D3_scaling,27,25260848,1e-10,10,8
148,34,34,True,0.49686657048677,555.649155306007,24,True,ok,False,6.88043745922338e-11,922.09030304044,0.00332999997772276,1.24545611091082,0.998752394209106,D3_scaling,27,25260848,1e-10,10,16
293,50,50,True,0.654139792079998,569.71376921521,14,True,ok,False,6.15571677291538e-11,1361.75381098045,0.0184347999747843,1.16297129160421,0.929545677686266,D3_scaling,27,25260848,1e-10,10,32
587,82,82,True,0.766430250710576,692.485321960705,16,True,ok,False,5.94874495656574e-11,2597.45887831429,0.0996101000346243,1.07422912945172,0.847413653844488,D3_scaling,27,25260848,1e-10,10,64
1160,146,146,True,0.845187845711945,855.17761021101,19,True,ok,False,6.30247659150906e-11,5575.83231640012,0.383622800000012,1.01887860054646,0.807619710457535,D3_scaling,27,25260848,1e-10,10,128
145,46,46,True,0.304222460080583,654.064907258334,15,True,ok,False,7.56665361758099e-11,77.8515957245748,0.00342569989152253,1.2368477266247,0.98690537258677,D3_scaling,27,25260848,1e-10,20,8
293,54,54,True,0.383125081411519,719.02947278365,15,True,ok,False,8.26994752104956e-11,1729.82129954589,0.0341769999358803,1.2306150078589,0.985193986314467,D3_scaling,27,25260848,1e-10,20,16
569,70,70,True,0.520028681129463,729.744173017761,24,True,ok,False,8.342996855452e-11,2416.47418085823,0.116972299991176,1.13702473120174,0.907412654621022,D3_scaling,27,25260848,1e-10,20,32
1164,102,102,True,0.638597802941934,824.709990435061,11,True,ok,False,4.64117256715804e-11,5328.88517950543,0.150215499801561,1.07570888534527,0.850922532271495,D3_scaling,27,25260848,1e-10,20,64
2303,166,166,True,0.761094055421183,955.970044483396,10,True,ok,False,7.876596289278e-11,10189.6571075107,0.255457400111482,1.01453701555924,0.806382952426748,D3_scaling,27,25260848,1e-10,20,128
287,86,86,True,0.22204886407011,898.103905950701,25,True,ok,False,9.3718681789704e-11,141.140407304855,0.129407699918374,1.20913548228893,0.960209905845627,D3_scaling,27,25260848,1e-10,40,8
565,94,94,True,,inf,30,False,max_iterations_reached,True,3.32943582893018e-10,3193.933237355,0.244072300149128,,,D3_scaling,27,25260848,1e-10,40,16
1144,110,110,True,0.397363282080949,965.481596646072,11,True,ok,False,7.03411863563463e-11,4440.92617050048,0.183756500016898,1.14857698876729,0.918385398289723,D3_scaling,27,25260848,1e-10,40,32
2323,142,142,True,0.505874069067523,1037.584649159,11,True,ok,False,4.65224594173772e-11,10314.7157337085,0.276975599816069,1.07847801421141,0.858241302967258,D3_scaling,27,25260848,1e-10,40,64
4613,206,206,True,0.644601458669308,1132.54851453958,9,True,ok,False,6.1764090627538e-11,19917.656926095,0.448952400125563,1.01282209687738,0.807265579282174,D3_scaling,27,25260848,1e-10,40,128
38,16,16,True,,inf,30,False,max_iterations_reached,True,2.63174100693195e-10,32.0025620640618,0.00292979995720088,,,D3_scaling,28,25260849,1e-10,5,8
74,24,24,True,0.648902372573769,386.932857739393,16,True,ok,False,7.26471088417439e-11,378.826461232642,0.00229929992929101,1.27794279819024,1.0136641179371,D3_scaling,28,25260849,1e-10,5,16
150,40,40,True,0.784836896159145,484.77068022027,14,True,ok,False,4.25094197180734e-11,432.449749097703,0.00361620006151497,1.08696037378671,0.870074897587171,D3_scaling,28,25260849,1e-10,5,32
293,72,72,True,0.85654951368438,597.007046362557,27,True,ok,False,9.31976554990343e-11,1370.81122360398,0.100374699803069,1.07199549404745,0.860715640558731,D3_scaling,28,25260849,1e-10,5,64
589,136,136,True,0.918473860663037,757.750743434416,18,True,ok,False,5.86555546490776e-11,2616.69403124332,0.288312599994242,0.984317674794636,0.781602042063506,D3_scaling,28,25260849,1e-10,5,128
76,26,26,True,,inf,30,False,max_iterations_reached,True,6.35228287289375e-10,42.8607001877683,0.00325960014015436,,,D3_scaling,28,25260849,1e-10,10,8
149,34,34,True,0.519383580897004,506.015204426351,19,True,ok,False,4.78587415628326e-11,794.639543285036,0.00271030003204942,1.26123645022686,1.00891767621404,D3_scaling,28,25260849,1e-10,10,16
292,50,50,True,0.646477723021698,590.021434798027,12,True,ok,False,7.33708936297604e-11,1087.85447117912,0.0189787000417709,1.05970629928359,0.845045386144242,D3_scaling,28,25260849,1e-10,10,32
575,82,82,True,0.765322315273672,677.282780702219,18,True,ok,False,9.11082231222028e-11,2578.67964401702,0.112280200002715,1.07661773866578,0.85961900064156,D3_scaling,28,25260849,1e-10,10,64
1169,146,146,True,0.85014461615371,862.486306274927,12,True,ok,False,2.793105641543e-11,5007.87750575806,0.249398899963126,1.00510482927329,0.800255639315586,D3_scaling,28,25260849,1e-10,10,128
149,46,46,True,0.317366567882772,629.401818579166,26,True,ok,False,8.67800742702977e-11,57.894291262895,0.00610270001925528,1.44617590556696,1.16280097702887,D3_scaling,28,25260849,1e-10,20,8
297,54,54,True,0.392089388151857,687.619106675849,17,True,ok,False,6.67371347901683e-11,1489.41202021652,0.0389038999564946,1.20661005098856,0.968332824528683,D3_scaling,28,25260849,1e-10,20,16
582,70,70,True,0.516767019065748,734.765387456726,13,True,ok,False,6.72430950276781e-11,2162.03607830302,0.0616951000411063,1.0423015494734,0.835018169213089,D3_scaling,28,25260849,1e-10,20,32
1160,102,102,True,0.643730091141637,805.993952828297,12,True,ok,False,4.04512881846437e-11,5319.3177355318,0.161370699992403,1.06470715403927,0.853005278474817,D3_scaling,28,25260849,1e-10,20,64
2301,166,166,True,0.760502515762027,964.537909446137,11,True,ok,False,9.23017229068789e-11,9932.25683895685,0.277803800068796,1.01533159848739,0.812581776798285,D3_scaling,28,25260849,1e-10,20,128
295,86,86,True,0.230242133209518,868.748784744866,25,True,ok,False,8.49459240645235e-11,125.742559681697,0.135800000047311,1.43711974825479,1.15324049280904,D3_scaling,28,25260849,1e-10,40,8
585,94,94,True,0.288320302165409,957.056783022639,16,True,ok,False,5.48789857484565e-11,2722.16662565999,0.13144539995119,1.24840347821462,0.997226082119495,D3_scaling,28,25260849,1e-10,40,16
1145,110,110,True,0.38751068976276,976.441640729893,15,True,ok,False,9.12340354736713e-11,4787.2255070886,0.248677600175142,1.04850578625141,0.835083668392536,D3_scaling,28,25260849,1e-10,40,32
2296,142,142,True,0.514170919706428,1029.00936067587,11,True,ok,False,3.42978286709991e-11,10070.9216509029,0.271066300105304,1.06970238474405,0.853804400871256,D3_scaling,28,25260849,1e-10,40,64
4597,206,206,True,0.643319208917028,1140.57365442886,9,True,ok,False,9.46098352469114e-11,19672.5761674706,0.414760400075465,1.01436335041399,0.808238527929689,D3_scaling,28,25260849,1e-10,40,128
35,16,16,True,,inf,30,False,max_iterations_reached,True,7.96154926678446e-10,25.8986531914055,0.00184240005910397,,,D3_scaling,29,25260850,1e-10,5,8
70,24,24,True,0.670725743269657,387.113937764354,17,True,ok,False,5.70090824036133e-11,402.35039713005,0.00164039991796017,1.29552007437967,1.05236787069203,D3_scaling,29,25260850,1e-10,5,16
146,40,40,True,0.767224841565684,484.189541987748,14,True,ok,False,9.61181523946161e-11,451.528511723878,0.00242680008523166,1.02752777233085,0.828552187473225,D3_scaling,29,25260850,1e-10,5,32
288,72,72,True,0.839929634917043,602.657288773437,24,True,ok,False,9.20505648832378e-11,1182.66718305182,0.0909359001088887,1.00756891242225,0.812826672040435,D3_scaling,29,25260850,1e-10,5,64
596,136,136,True,0.913234386582213,792.295015587342,26,True,ok,False,9.81877352993649e-11,2319.56046668688,0.350993800209835,1.01977191628586,0.814939131960763,D3_scaling,29,25260850,1e-10,5,128
72,26,26,True,0.3987570281606,502.69827208047,20,True,ok,False,6.85884400761736e-11,44.7645727064806,0.00213939999230206,1.1882752588262,0.95203517815519,D3_scaling,29,25260850,1e-10,10,8
141,34,34,True,0.524413541230127,521.907045755808,17,True,ok,False,6.51853054113228e-11,860.919741205109,0.00240250001661479,1.16575150429724,0.938213266407037,D3_scaling,29,25260850,1e-10,10,16
285,50,50,True,0.652446901233205,572.827097482089,14,True,ok,False,8.55668788002491e-11,968.844498566917,0.0175653998740017,1.03858225732922,0.83347656073837,D3_scaling,29,25260850,1e-10,10,32
574,82,82,True,0.764660551791733,667.997916147832,13,True,ok,False,6.85705295541498e-11,2423.86998336139,0.077926900004968,1.02394667136068,0.82082358643261,D3_scaling,29,25260850,1e-10,10,64
1179,146,146,True,0.847131908928868,859.817417157025,13,True,ok,False,5.31303370371526e-11,5288.83287971094,0.262734200106934,1.03504765949454,0.824226992470994,D3_scaling,29,25260850,1e-10,10,128
144,46,46,True,,inf,30,False,max_iterations_reached,True,5.07686031626576e-10,120.942173615005,0.00659699994139373,,,D3_scaling,29,25260850,1e-10,20,8
285,54,54,True,0.398264930749262,692.700358396251,15,True,ok,False,5.49428043992979e-11,1671.35504804115,0.034440099960193,1.17374906607705,0.938344503644269,D3_scaling,29,25260850,1e-10,20,16
573,70,70,True,0.5199800746333,716.491162498227,14,True,ok,False,5.73337812355514e-11,2132.62184824999,0.0675506999250501,1.07436872908873,0.858094820445516,D3_scaling,29,25260850,1e-10,20,32
1153,102,102,True,0.647974680156811,799.785420006504,11,True,ok,False,3.85286757499937e-11,5016.83212381047,0.146322100190446,1.02274246204273,0.815754824733101,D3_scaling,29,25260850,1e-10,20,64
2318,166,166,True,0.758248706918833,963.951901617508,10,True,ok,False,9.93175698449837e-11,9687.01845581621,0.257382800104097,1.01875515838634,0.811717733412667,D3_scaling,29,25260850,1e-10,20,128
290,86,86,True,0.216637936078554,924.800862473998,18,True,ok,False,5.98796373096771e-11,153.04203870053,0.0953499998431653,1.1474553839045,0.917293702314722,D3_scaling,29,25260850,1e-10,40,8
580,94,94,True,0.294753831122014,940.540525386392,16,True,ok,False,7.98465539707115e-11,2973.98767306472,0.142481799935922,1.17020382115629,0.934265972344315,D3_scaling,29,25260850,1e-10,40,16
1157,110,110,True,0.396930168051303,954.9064348595,14,True,ok,False,8.14483613073682e-11,4385.94074413604,0.2288261000067,1.06897006407622,0.852279837129331,D3_scaling,29,25260850,1e-10,40,32
2308,142,142,True,0.513517652513068,1038.15122561726,12,True,ok,False,5.27200039803585e-11,9827.28531657564,0.290917499922216,1.02488317872297,0.817047540054095,D3_scaling,29,25260850,1e-10,40,64
4641,206,206,True,0.643176402629638,1138.94634703587,9,True,ok,False,6.25483050700597e-11,19022.6368008614,0.440416699973866,1.02127837857097,0.813871480487686,D3_scaling,29,25260850,1e-10,40,128
36,16,16,True,0.556527633593465,347.774371393604,23,True,ok,False,7.50579059569561e-11,16.1721135434806,0.00148610002361238,1.10981979298891,0.881512833018869,D3_scaling,30,25260851,1e-10,5,8
75,24,24,True,0.682786516067311,373.603875935115,25,True,ok,False,9.87449177116025e-11,409.982878220578,0.00235249986872077,1.41439713665361,1.15265304251919,D3_scaling,30,25260851,1e-10,5,16
149,40,40,True,0.768482820639707,496.886019009322,20,True,ok,False,6.26786602979909e-11,626.698798814807,0.00337659986689687,1.04788606413175,0.835804454413313,D3_scaling,30,25260851,1e-10,5,32
290,72,72,True,0.863026441230159,576.920994879006,18,True,ok,False,7.84507041282003e-11,1344.57439336628,0.0628098999150097,1.01175493511386,0.80036211579825,D3_scaling,30,25260851,1e-10,5,64
593,136,136,True,,inf,30,False,max_iterations_reached,True,6.90009965004142e-10,2183.76765539469,0.414453500183299,,,D3_scaling,30,25260851,1e-10,5,128
74,26,26,True,0.413905836887619,482.02818744785,24,True,ok,False,8.45110867149215e-11,52.1029856093895,0.00241889990866184,1.07050231777278,0.853513000088411,D3_scaling,30,25260851,1e-10,10,8
144,34,34,True,0.540529139553089,489.123266759816,12,True,ok,False,9.87977033780453e-11,659.518978523926,0.0017750000115484,1.26042439803732,1.0149831329104,D3_scaling,30,25260851,1e-10,10,16
287,50,50,True,0.632763270942679,595.822747235993,17,True,ok,False,5.57635439176045e-11,1231.85367068818,0.0199543000198901,1.06612394726752,0.854434598473567,D3_scaling,30,25260851,1e-10,10,32
586,82,82,True,0.776989514031799,671.696047024213,16,True,ok,False,7.89297098727085e-11,2485.67458207685,0.0932434001006186,0.996215160346362,0.790888247901795,D3_scaling,30,25260851,1e-10,10,64
1161,146,146,True,0.864432303913566,838.797919533346,17,True,ok,False,6.21472130435402e-11,4608.45021733646,0.349602800095454,1.02011426195694,0.812908508619785,D3_scaling,30,25260851,1e-10,10,128
147,46,46,True,0.308279392137168,645.302008973744,17,True,ok,False,7.12451796032026e-11,92.9241595172155,0.00377169996500015,1.10569957964477,0.875549253515856,D3_scaling,30,25260851,1e-10,20,8
283,54,54,True,0.410784959345794,644.342279097726,29,True,ok,False,8.1511898708884e-11,1580.3673644098,0.0603024000301957,1.31292809806205,1.05888318372798,D3_scaling,30,25260851,1e-10,20,16
581,70,70,True,0.512674905305405,741.90938908476,15,True,ok,False,9.47055766231217e-11,2248.77969588501,0.0718485999386758,1.07332782420305,0.859290023441343,D3_scaling,30,25260851,1e-10,20,32
1159,102,102,True,0.653982047333022,806.496714195581,11,True,ok,False,3.43057849682968e-11,4687.37754739328,0.148464200086892,1.00628790650004,0.801658950832083,D3_scaling,30,25260851,1e-10,20,64
2322,166,166,True,0.771271590437271,957.695667125771,12,True,ok,False,9.50044892638604e-11,9601.93163866771,0.314945199992508,1.02465827772223,0.81818698873387,D3_scaling,30,25260851,1e-10,20,128
286,86,86,True,0.224836121441823,887.770477461631,27,True,ok,False,9.2447752884899e-11,144.628846044158,0.149343899916857,1.13134170688726,0.896821868112899,D3_scaling,30,25260851,1e-10,40,8
579,94,94,True,0.299176241780507,920.406020613457,15,True,ok,False,9.7930234170807e-11,3260.83779227291,0.137318399967626,1.29722578524756,1.04130472295581,D3_scaling,30,25260851,1e-10,40,16
1162,110,110,True,0.392778135234622,968.955745859985,12,True,ok,False,4.79649479753639e-11,4495.62884723254,0.19797830004245,1.06309378331672,0.848582681045699,D3_scaling,30,25260851,1e-10,40,32
2323,142,142,True,0.520089222896059,1018.08319691555,10,True,ok,False,7.76645785616107e-11,9562.39934129513,0.245927499840036,1.012704894133,0.807161227316145,D3_scaling,30,25260851,1e-10,40,64
4602,206,206,True,0.649216276709206,1133.74017845119,10,True,ok,False,3.23005523302026e-11,19756.4048188017,0.462420800002292,1.01871816007023,0.811661581749293,D3_scaling,30,25260851,1e-10,40,128
38,16,16,True,0.563832954931715,353.630262065012,15,True,ok,False,4.95540452582887e-11,15.9038774931549,0.00104840006679296,1.15606731355043,0.915559225795208,D3_scaling,31,25260852,1e-10,5,8
75,24,24,True,0.627003904835853,417.576815375164,20,True,ok,False,7.95055143727795e-11,546.932020547271,0.00175359984859824,1.23801352176099,0.994057245429711,D3_scaling,31,25260852,1e-10,5,16
147,40,40,True,0.736452728954735,502.116075122832,18,True,ok,False,8.96001342264093e-11,650.155508041781,0.00317559996619821,0.98086724432143,0.775931327752036,D3_scaling,31,25260852,1e-10,5,32
294,72,72,True,0.861018026193188,590.639399393113,28,True,ok,False,9.43589893053317e-11,1204.67692343174,0.0972440000623465,0.996081236736445,0.790991566900894,D3_scaling,31,25260852,1e-10,5,64
588,136,136,True,0.903594437490663,792.976738759463,20,True,ok,False,8.83596364020854e-11,2719.36882233699,0.280219699954614,0.989922349561608,0.78321029910035,D3_scaling,31,25260852,1e-10,5,128
72,26,26,True,0.422497584304907,471.926904356432,20,True,ok,False,9.37462366084197e-11,37.1705146844763,0.00199969997629523,1.10538766606006,0.885635586080408,D3_scaling,31,25260852,1e-10,10,8
146,34,34,True,0.528944142625313,502.41591058795,16,True,ok,False,8.42965191925398e-11,875.481072135883,0.00224729999899864,1.24299882108451,0.997224506625841,D3_scaling,31,25260852,1e-10,10,16
288,50,50,True,0.62723694717721,595.280064546634,15,True,ok,False,7.02617665626902e-11,1211.17621508409,0.0209613000042737,1.02840854419616,0.816749167222577,D3_scaling,31,25260852,1e-10,10,32
582,82,82,True,0.7652812771196,675.14284922081,13,True,ok,False,9.08624389145943e-11,2569.45779518868,0.0832805000245571,1.02464263765589,0.818875266932839,D3_scaling,31,25260852,1e-10,10,64
1161,146,146,True,0.862374717574142,841.260070757809,16,True,ok,False,9.29804196552987e-11,5131.8470009194,0.314893499948084,1.00307501775614,0.799001263629712,D3_scaling,31,25260852,1e-10,10,128
147,46,46,True,0.308024186146104,649.801507096763,19,True,ok,False,5.29688256130607e-11,82.5119699805316,0.0041718001011759,1.16220495757472,0.927252033929881,D3_scaling,31,25260852,1e-10,20,8
285,54,54,True,0.405323076979691,670.967168306285,13,True,ok,False,7.97567419298671e-11,1443.09714965521,0.0269846001174301,1.20339065180186,0.961623665465434,D3_scaling,31,25260852,1e-10,20,16
579,70,70,True,0.501828798090921,758.325694858984,13,True,ok,False,8.58339813808005e-11,2604.91642219238,0.0591134000569582,1.06077685411648,0.846179914293183,D3_scaling,31,25260852,1e-10,20,32
1160,102,102,True,0.64596984091849,821.400380216591,11,True,ok,False,5.25520339978373e-11,5503.92208525408,0.148146999999881,1.03069070441295,0.826620122026894,D3_scaling,31,25260852,1e-10,20,64
2307,166,166,True,0.767703232732347,942.70669564664,11,True,ok,False,3.45712878788105e-11,10379.9801357605,0.273625700036064,1.01424476581662,0.811674278095237,D3_scaling,31,25260852,1e-10,20,128
287,86,86,True,,inf,30,False,max_iterations_reached,True,2.06656811432093e-10,149.33044706223,0.166616800008342,,,D3_scaling,31,25260852,1e-10,40,8
573,94,94,True,0.298907939893005,929.329820608909,18,True,ok,False,9.94742099785415e-11,3234.08789158839,0.148852700134739,1.21490439053461,0.968013844254805,D3_scaling,31,25260852,1e-10,40,16
1157,110,110,True,0.386408058860359,984.765347134476,12,True,ok,False,8.62961836997749e-11,5171.46564781629,0.200070300139487,1.04356300757196,0.829969997261864,D3_scaling,31,25260852,1e-10,40,32
2294,142,142,True,0.513080705873075,1033.18971150741,10,True,ok,False,5.89604393076324e-11,10395.135197367,0.243866000091657,1.02214890624604,0.817882798694654,D3_scaling,31,25260852,1e-10,40,64
4616,206,206,True,0.647320959772473,1132.79466593963,9,True,ok,False,7.19069893845896e-11,20467.4156532971,0.423864900134504,1.00715585590407,0.803094449996395,D3_scaling,31,25260852,1e-10,40,128
38,16,16,True,0.55122252096733,360.523604704424,13,True,ok,False,9.29700346311889e-11,32.4994480650183,0.000960499979555607,1.02869928092753,0.819398119583944,D3_scaling,32,25260853,1e-10,5,8
68,24,24,True,0.677843930709454,355.167640437241,17,True,ok,False,6.74269433596308e-11,398.26381496649,0.00142320012673736,1.03266792305704,0.819203739769566,D3_scaling,32,25260853,1e-10,5,16
148,40,40,True,0.757951666594272,473.263798325573,16,True,ok,False,7.0835121067948e-11,638.63915024529,0.00276070018298924,1.02471409783202,0.806218552137735,D3_scaling,32,25260853,1e-10,5,32
294,72,72,True,0.86357629718167,581.266504064183,29,True,ok,False,8.75464330794847e-11,1317.84113759192,0.103312799939886,1.00510264409346,0.795077759582782,D3_scaling,32,25260853,1e-10,5,64
591,136,136,True,0.915721042990023,782.296987824837,19,True,ok,False,8.51408317425733e-11,2247.03781954851,0.262024099938571,1.00225678456221,0.791385124487549,D3_scaling,32,25260853,1e-10,5,128
74,26,26,True,0.421395882827872,471.596331456694,24,True,ok,False,9.22756509130826e-11,51.5694743469842,0.00237989984452724,1.08521973268016,0.866043699819832,D3_scaling,32,25260853,1e-10,10,8
140,34,34,True,0.529374852387551,519.357522461454,20,True,ok,False,8.02948592818302e-11,655.441421603759,0.00266400002874434,1.04563717067502,0.837899387690974,D3_scaling,32,25260853,1e-10,10,16
293,50,50,True,0.638738649183667,596.26289189464,18,True,ok,False,8.5197430689069e-11,1302.61520274914,0.021216900087893,1.02163681005884,0.811617783439965,D3_scaling,32,25260853,1e-10,10,32
580,82,82,True,0.770731503883476,680.41403489055,15,True,ok,False,5.80136679036744e-11,2650.87149526947,0.0908985000569373,1.00871184130392,0.804178658583098,D3_scaling,32,25260853,1e-10,10,64
1156,146,146,True,0.856332106816354,843.979375390119,14,True,ok,False,5.11157044404317e-11,4565.88675066818,0.272561899852008,0.989443142085087,0.788878508122218,D3_scaling,32,25260853,1e-10,10,128
149,46,46,True,0.312484842384089,640.063243546394,19,True,ok,False,9.91690458325777e-11,102.253072124237,0.00468889996409416,1.10294430697576,0.877458968245788,D3_scaling,32,25260853,1e-10,20,8
286,54,54,True,0.399641654569543,688.016114430948,17,True,ok,False,9.5387476148187e-11,1541.55432848766,0.0359295001253486,1.04455038920425,0.832103068585481,D3_scaling,32,25260853,1e-10,20,16
572,70,70,True,0.509453344310421,745.554682721156,12,True,ok,False,6.51365295953062e-11,2002.24767660719,0.0556137000676244,1.03494648827446,0.823908927425002,D3_scaling,32,25260853,1e-10,20,32
1168,102,102,True,0.649616879372538,813.970494200699,11,True,ok,False,8.27744339626535e-11,5063.18940170618,0.154489299980924,1.02664861832018,0.816566744546911,D3_scaling,32,25260853,1e-10,20,64
2307,166,166,True,0.763996092044693,951.487568236902,10,True,ok,False,3.6400107691139e-11,9532.2840820642,0.318523700116202,1.00084372921044,0.794236003223505,D3_scaling,32,25260853,1e-10,20,128
296,86,86,True,0.22710407476944,880.915846528978,24,True,ok,False,9.90646808051897e-11,185.093683810401,0.140242900000885,1.11801299850837,0.891196530479247,D3_scaling,32,25260853,1e-10,40,8
574,94,94,True,0.298458974374026,922.326058310211,15,True,ok,False,9.05431252750607e-11,3160.25706289583,0.120836799964309,1.05419493750698,0.841489751910444,D3_scaling,32,25260853,1e-10,40,16
1139,110,110,True,0.389914559177892,975.19932824868,11,True,ok,False,5.70849104148152e-11,4197.78642618174,0.179276800015941,1.03514878293041,0.825340500194267,D3_scaling,32,25260853,1e-10,40,32
2330,142,142,True,0.517586263716292,1023.6460205953,10,True,ok,False,6.42570728351311e-11,9806.78639873849,0.247725100023672,1.02719596378787,0.819054637166375,D3_scaling,32,25260853,1e-10,40,64
4603,206,206,True,0.643027678228437,1138.27628986177,9,True,ok,False,7.06800135484341e-11,20107.7973246952,0.425372999859974,1.00362888141358,0.800974437121918,D3_scaling,32,25260853,1e-10,40,128
35,16,16,True,0.540682144811833,362.798230940468,18,True,ok,False,8.82012868437528e-11,17.0966177360444,0.00176880019716918,1.31650567355866,1.0491009189905,D3_scaling,33,25260854,1e-10,5,8
76,24,24,True,0.626000952154654,424.085984185671,17,True,ok,False,8.50539901885564e-11,330.640816372592,0.00159329990856349,1.0849944432984,0.870539836019996,D3_scaling,33,25260854,1e-10,5,16
140,40,40,True,0.765640533628803,485.842981050364,14,True,ok,False,9.43186531471228e-11,411.472596655691,0.00237689982168376,1.09048397748171,0.867388085700323,D3_scaling,33,25260854,1e-10,5,32
287,72,72,True,0.86947006619104,580.811919025316,21,True,ok,False,5.7792368277198e-11,1264.4625563652,0.0704063000157475,1.03157950873964,0.824594701225827,D3_scaling,33,25260854,1e-10,5,64
582,136,136,True,0.927622414337335,762.062416598284,25,True,ok,False,7.31001635668368e-11,2316.79655545099,0.33042210014537,1.05347214867017,0.841033691256842,D3_scaling,33,25260854,1e-10,5,128
71,26,26,True,0.388810535004167,513.654252607129,12,True,ok,False,9.20523907564031e-11,32.0023720390995,0.00142419990152121,1.18222555398408,0.944793369859324,D3_scaling,33,25260854,1e-10,10,8
148,34,34,True,0.498419065129235,538.728956127905,17,True,ok,False,7.3473666222636e-11,836.839226919832,0.00252870004624128,1.11224414932867,0.894539270628445,D3_scaling,33,25260854,1e-10,10,16
283,50,50,True,0.647214488223167,577.422887544124,16,True,ok,False,3.19755078819711e-11,850.822149424319,0.0194643000140786,1.03075628989521,0.825545406618312,D3_scaling,33,25260854,1e-10,10,32
562,82,82,True,0.771902723959047,653.957705733202,20,True,ok,False,5.64768857680644e-11,2749.38100025586,0.113451299956068,1.01989755145254,0.815837271390387,D3_scaling,33,25260854,1e-10,10,64
1142,146,146,True,0.860711744532249,829.252276976559,19,True,ok,False,9.6884442586543e-11,4997.5085382872,0.37307530012913,1.01644225250219,0.809012796262372,D3_scaling,33,25260854,1e-10,10,128
142,46,46,True,0.273742202799568,726.918792595877,26,True,ok,False,6.55626018626122e-11,83.6499315231029,0.00561850005760789,1.19020067539101,0.948800649079792,D3_scaling,33,25260854,1e-10,20,8
290,54,54,True,0.394665112757243,675.329988892503,15,True,ok,False,4.70570439949188e-11,1585.65714105401,0.032702500000596,1.14202470232523,0.913455687887138,D3_scaling,33,25260854,1e-10,20,16
564,70,70,True,0.517961540813287,730.444588549579,14,True,ok,False,5.69153069466186e-11,1980.94424180968,0.067736699944362,1.04457921879497,0.839277878397903,D3_scaling,33,25260854,1e-10,20,32
1131,102,102,True,0.651914314825681,802.124389042724,11,True,ok,False,6.95437077244888e-11,4992.70219803116,0.149117900058627,1.01831927044771,0.816073200940658,D3_scaling,33,25260854,1e-10,20,64
2292,166,166,True,0.770641714081545,940.30196708583,11,True,ok,False,3.71848526989932e-11,10074.3983797577,0.270728500094265,1.00781602725246,0.806883057141206,D3_scaling,33,25260854,1e-10,20,128
287,86,86,True,,inf,30,False,max_iterations_reached,True,1.80950059802172e-09,179.147527599132,0.156590699916705,,,D3_scaling,33,25260854,1e-10,40,8
578,94,94,True,0.29012194021098,941.6537785206,26,True,ok,False,9.33171334987007e-11,3500.34760488645,0.211138500133529,1.11068726836507,0.88649177624977,D3_scaling,33,25260854,1e-10,40,16
1132,110,110,True,0.396162492592087,954.80970012545,11,True,ok,False,7.72745310627507e-11,4100.99632964025,0.184979100013152,1.03853044547761,0.830398143540032,D3_scaling,33,25260854,1e-10,40,32
2255,142,142,True,0.518896656357318,1004.53732435963,10,True,ok,False,9.87065144490149e-11,9707.46346330976,0.251120599918067,1.01812178939589,0.814709032448913,D3_scaling,33,25260854,1e-10,40,64
4584,206,206,True,0.648153936747404,1148.65191751481,9,True,ok,False,9.4835261175085e-11,19408.1306181094,0.410472700139508,1.0075212324103,0.805147550713708,D3_scaling,33,25260854,1e-10,40,128
38,16,16,True,0.503916785139981,396.636240295253,18,True,ok,False,8.96916215748218e-11,31.5628372867662,0.0020427000708878,1.15744513535564,0.927871962458277,D3_scaling,34,25260855,1e-10,5,8
74,24,24,True,0.233728894411876,1129.58002387145,21,True,ok,False,7.1972671027056e-11,405.178705997021,0.00198980001732707,1.10350186163683,0.875975370572319,D3_scaling,34,25260855,1e-10,5,16
147,40,40,True,0.780171640631204,466.708325482604,19,True,ok,False,9.83187009875741e-11,633.92784040297,0.00331380008719862,1.0955436053176,0.876892400693053,D3_scaling,34,25260855,1e-10,5,32
282,72,72,True,0.4711884550785,1059.76275381935,17,True,ok,False,6.99251348278681e-11,1002.10229265661,0.0550929000601172,1.02211817870985,0.822205583498681,D3_scaling,34,25260855,1e-10,5,64
596,136,136,True,0.918763738134716,787.228535456718,17,True,ok,False,6.69788791589662e-11,2183.78786100819,0.231602299958467,1.03131516944615,0.829917361763757,D3_scaling,34,25260855,1e-10,5,128
74,26,26,True,,inf,30,False,max_iterations_reached,True,1.08712460441247e-09,73.1670061479425,0.00291169993579388,,,D3_scaling,34,25260855,1e-10,10,8
147,34,34,True,0.536529131236663,505.680142411878,22,True,ok,False,4.16411263353416e-11,764.151731518343,0.00311579997651279,1.08907338353703,0.863141799586655,D3_scaling,34,25260855,1e-10,10,16
281,50,50,True,0.666888793372557,559.095061353961,13,True,ok,False,7.91019657328292e-11,1052.78263865287,0.0165178999304771,1.10608985713758,0.884922609245088,D3_scaling,34,25260855,1e-10,10,32
583,82,82,True,0.777043549409394,683.518624205545,15,True,ok,False,5.6311957657871e-11,2237.7512342958,0.0892663998529315,1.04035257165323,0.832681344966885,D3_scaling,34,25260855,1e-10,10,64
1177,146,146,True,0.848135290381088,848.520229969766,13,True,ok,False,4.41332285303748e-11,5130.43459796171,0.263918200042099,1.03880842506347,0.829609211868327,D3_scaling,34,25260855,1e-10,10,128
145,46,46,True,0.314528993240112,635.466430458739,16,True,ok,False,8.45919153267994e-11,77.2723694307215,0.00353139988146722,1.21232610074977,0.96927298077245,D3_scaling,34,25260855,1e-10,20,8
286,54,54,True,0.41177533280955,658.307327555843,17,True,ok,False,7.88598386309222e-11,1440.66585339327,0.0373330998700112,1.06768844645915,0.847192265980088,D3_scaling,34,25260855,1e-10,20,16
575,70,70,True,0.529759664791705,728.581170552434,17,True,ok,False,6.19592647056342e-11,2207.71855950359,0.0760556000750512,1.07516515735666,0.855629092815681,D3_scaling,34,25260855,1e-10,20,32
1157,102,102,True,0.650086936297544,810.806289194607,11,True,ok,False,8.87085716714085e-11,4603.99143714185,0.155240799998865,1.01668008744798,0.810686405965492,D3_scaling,34,25260855,1e-10,20,64
2316,166,166,True,0.757644535348534,954.772437439038,10,True,ok,False,9.07196904932591e-11,10021.1641806345,0.249574500136077,1.00671207503177,0.800998928332451,D3_scaling,34,25260855,1e-10,20,128
286,86,86,True,0.228340555450402,877.450340521842,23,True,ok,False,7.38562808815273e-11,137.215165135119,0.118903500027955,1.23551304784786,0.983867566277732,D3_scaling,34,25260855,1e-10,40,8
583,94,94,True,0.301651646695564,920.288400936707,21,True,ok,False,6.06314228897312e-11,3357.65761243002,0.168999899877235,1.07989849717483,0.861772026501271,D3_scaling,34,25260855,1e-10,40,16
1144,110,110,True,0.401360986098904,960.252486277787,13,True,ok,False,6.73711712063066e-11,4560.28789076387,0.212085100123659,1.09381052756091,0.871678554217882,D3_scaling,34,25260855,1e-10,40,32
2318,142,142,True,0.517070819861912,1016.6607296284,10,True,ok,False,9.28931046972271e-11,9921.33504939512,0.240310400025919,1.01984281957913,0.812647717015628,D3_scaling,34,25260855,1e-10,40,64
4630,206,206,True,0.639497407968745,1145.22520979327,10,True,ok,False,5.15104508763113e-11,20451.8681491803,0.452809799928218,1.01336985451081,0.807197016503712,D3_scaling,34,25260855,1e-10,40,128
38,16,16,True,,inf,30,False,max_iterations_reached,True,5.68812526298365e-10,29.1876770040676,0.0019569001160562,,,D3_scaling,35,25260856,1e-10,5,8
77,24,24,True,0.67685481488327,403.586194316366,19,True,ok,False,6.37636566150921e-11,302.616176167468,0.00183529988862574,1.08456690213009,0.873256887329503,D3_scaling,35,25260856,1e-10,5,16
149,40,40,True,0.773343436035804,471.691413251087,21,True,ok,False,6.87968493916309e-11,591.933269706412,0.0034878000151366,1.0144420609408,0.81057939484926,D3_scaling,35,25260856,1e-10,5,32
294,72,72,True,0.869510325986274,601.423115219947,18,True,ok,False,9.65338382905489e-11,1173.87135168334,0.0651764001231641,1.02420935210513,0.824962456617272,D3_scaling,35,25260856,1e-10,5,64
592,136,136,True,0.907932768480413,798.491061714774,19,True,ok,False,8.4537574068236e-11,2740.9389954581,0.306781399995089,1.00050756809957,0.799596052602217,D3_scaling,35,25260856,1e-10,5,128
74,26,26,True,0.427254278727277,463.919786099853,29,True,ok,False,8.19464371545226e-11,37.152768559215,0.00275749992579222,1.205922145868,0.966370655236563,D3_scaling,35,25260856,1e-10,10,8
146,34,34,True,0.533556039326925,516.337950735478,15,True,ok,False,7.40598714617783e-11,748.088825855835,0.00216439994983375,1.1152518413217,0.901023530878383,D3_scaling,35,25260856,1e-10,10,16
290,50,50,True,0.643795441762085,585.493178262952,15,True,ok,False,5.33044293598433e-11,1283.39540626011,0.02518290001899,1.03374744782307,0.826042785838934,D3_scaling,35,25260856,1e-10,10,32
586,82,82,True,0.759010736287252,676.06296439812,16,True,ok,False,5.64982818920287e-11,2826.46559951476,0.111575199989602,1.01187156067343,0.81348308622037,D3_scaling,35,25260856,1e-10,10,64
1176,146,146,True,0.851371921368406,852.45772804335,12,True,ok,False,7.24064031132702e-11,5238.19076159916,0.296857399865985,0.998672085874146,0.800729652693391,D3_scaling,35,25260856,1e-10,10,128
147,46,46,True,0.309151035389472,648.237982340738,17,True,ok,False,7.68599301730128e-11,84.507460157053,0.00414719991385937,1.13577030502347,0.905079168341156,D3_scaling,35,25260856,1e-10,20,8
291,54,54,True,0.404595735999789,677.00521597909,23,True,ok,False,9.32697871581248e-11,1725.40803278715,0.0539562997873873,1.11253972666909,0.891032185264923,D3_scaling,35,25260856,1e-10,20,16
575,70,70,True,0.512374905648721,734.893710494375,13,True,ok,False,4.92158385134675e-11,2598.95335284906,0.0623244000598788,1.04530091164409,0.832821363851549,D3_scaling,35,25260856,1e-10,20,32
1175,102,102,True,0.636759262841273,817.889214395247,17,True,ok,False,7.29131318175762e-11,5374.24700366352,0.231346999993548,1.02360365254868,0.819052186147329,D3_scaling,35,25260856,1e-10,20,64
2321,166,166,True,0.757811804829526,958.03191187465,11,True,ok,False,5.87084515427175e-11,10495.0731364956,0.322259299922734,1.01010425399431,0.806660988692864,D3_scaling,35,25260856,1e-10,20,128
287,86,86,True,0.224258301462139,894.774906033219,18,True,ok,False,7.10477075310494e-11,166.42952062584,0.101900399895385,1.1517954968636,0.923297487531254,D3_scaling,35,25260856,1e-10,40,8
577,94,94,True,0.298995920261246,923.199043250111,20,True,ok,False,8.81123803540372e-11,3418.869231029,0.192746400134638,1.12501673908659,0.898642625089487,D3_scaling,35,25260856,1e-10,40,16
1163,110,110,True,0.390415712965137,969.54311096556,15,True,ok,False,8.19296363638001e-11,5058.45489117503,0.25070309988223,1.04340665005207,0.835752124366992,D3_scaling,35,25260856,1e-10,40,32
2317,142,142,True,0.507038720242609,1030.73812888044,11,True,ok,False,3.54965570820985e-11,10241.3556068367,0.302835000213236,1.02210896026705,0.818630370111107,D3_scaling,35,25260856,1e-10,40,64
4656,206,206,True,0.643963677152919,1143.17244782115,10,True,ok,False,3.71727811339292e-11,21511.4852995829,0.469399600056931,1.01507503395603,0.813816677622023,D3_scaling,35,25260856,1e-10,40,128
37,16,16,True,0.551045122310193,357.268310363777,20,True,ok,False,8.42886343613413e-11,30.3472933428582,0.0012682001106441,1.431603899215,1.13679146064361,D3_scaling,36,25260857,1e-10,5,8
74,24,24,True,0.68359166279035,379.078281375372,13,True,ok,False,5.97427372156762e-11,413.8385522549,0.00163040007464588,1.10808058237951,0.881547014324383,D3_scaling,36,25260857,1e-10,5,16
149,40,40,True,0.782894398137346,463.705125602442,17,True,ok,False,7.79845555772551e-11,835.339900467559,0.00291289994493127,1.14593329723583,0.920994868769769,D3_scaling,36,25260857,1e-10,5,32
306,72,72,True,0.860727707920022,603.721960141576,17,True,ok,False,7.86305821059552e-11,1352.02179556739,0.0619753999635577,1.06657379708611,0.85459560507122,D3_scaling,36,25260857,1e-10,5,64
593,136,136,True,0.441862262370998,1631.93244290209,18,True,ok,False,5.88656472119633e-11,2398.13824413347,0.235073699848726,0.98625189911555,0.781884378087196,D3_scaling,36,25260857,1e-10,5,128
70,26,26,True,0.41205316964209,481.009991937995,16,True,ok,False,6.22352522766308e-11,40.5647951779253,0.00170640018768609,1.3487598394512,1.06228327093618,D3_scaling,36,25260857,1e-10,10,8
148,34,34,True,0.539413466664205,501.610721043218,12,True,ok,False,8.41212535226957e-11,961.556154603351,0.00217409990727901,1.11595550694131,0.886071115481092,D3_scaling,36,25260857,1e-10,10,16
290,50,50,True,0.661775666914455,555.728868832671,12,True,ok,False,4.95925127702618e-11,1091.88013791382,0.0172398001886904,1.12387058754212,0.898867257765821,D3_scaling,36,25260857,1e-10,10,32
593,82,82,True,0.776748588664655,668.675998148018,14,True,ok,False,7.28729866941604e-11,2568.96666057682,0.0950503000058234,1.05402818795459,0.837410596020184,D3_scaling,36,25260857,1e-10,10,64
1161,146,146,True,0.862460176201582,842.35411581702,15,True,ok,False,5.98211712970795e-11,5029.6086537763,0.306552699999884,1.00050743410029,0.794254993944052,D3_scaling,36,25260857,1e-10,10,128
141,46,46,True,0.310243129887949,644.207157826563,25,True,ok,False,7.19470757033163e-11,90.1494669096555,0.00562770012766123,1.27544992587043,1.00872803558495,D3_scaling,36,25260857,1e-10,20,8
296,54,54,True,0.410113020488922,664.492879685615,14,True,ok,False,8.26346461112548e-11,1673.59611473283,0.0325383001472801,1.13867560349753,0.905080854203506,D3_scaling,36,25260857,1e-10,20,16
581,70,70,True,0.521177062596764,727.988311122023,13,True,ok,False,8.48229804859705e-11,2271.93060761097,0.0705022001639009,1.10763273612784,0.882907686410414,D3_scaling,36,25260857,1e-10,20,32
1170,102,102,True,0.651214224139693,807.338187745433,12,True,ok,False,4.5457550931335e-11,4926.85038347864,0.182278600055724,1.07828926647081,0.859398859229322,D3_scaling,36,25260857,1e-10,20,64
2304,166,166,True,0.773358886768302,936.33932390711,10,True,ok,False,8.66998362605212e-11,9726.12220661153,0.290999700082466,1.02049880240321,0.811455064755044,D3_scaling,36,25260857,1e-10,20,128
284,86,86,True,0.228468286670191,876.329593993808,21,True,ok,False,8.09136615816415e-11,155.655435313811,0.107781999977306,1.27543287130198,1.01640411725141,D3_scaling,36,25260857,1e-10,40,8
589,94,94,True,0.303104823208757,896.151436334514,16,True,ok,False,9.66550238808363e-11,3117.78917496286,0.128895899979398,1.1190708707374,0.889182855464411,D3_scaling,36,25260857,1e-10,40,16
1148,110,110,True,0.398168397792389,950.379105501789,12,True,ok,False,8.41157893396624e-11,4339.60221011107,0.197765400167555,1.08596839033638,0.865237016683616,D3_scaling,36,25260857,1e-10,40,32
2311,142,142,True,0.514793197393212,1022.11497041563,11,True,ok,False,7.87414112049693e-11,10388.1513328056,0.261453199898824,1.04811078246168,0.834711124912478,D3_scaling,36,25260857,1e-10,40,64
4595,206,206,True,0.651995329310506,1124.903451584,10,True,ok,False,6.91097615223861e-11,19251.5371757395,0.47732080006972,1.00652104839607,0.801217188452421,D3_scaling,36,25260857,1e-10,40,128
39,16,16,True,0.471732864166662,425.104437522566,27,True,ok,False,7.8056586115282e-11,87.0256566493074,0.00170120014809072,1.2869786044092,1.03930338233469,D3_scaling,37,25260858,1e-10,5,8
73,24,24,True,0.667525222728463,400.093311060082,27,True,ok,False,9.36745378857591e-11,579.393386374268,0.0023775000590831,1.10752737169817,0.878338432747451,D3_scaling,37,25260858,1e-10,5,16
148,40,40,True,0.781744266086418,460.725850306799,18,True,ok,False,6.36447984403371e-11,710.686278663296,0.00316049996763468,1.09560300162972,0.868900242047706,D3_scaling,37,25260858,1e-10,5,32
300,72,72,True,0.870737186709405,583.116486598032,14,True,ok,False,8.04915930605168e-11,1361.12184476247,0.0497465000953525,1.06939986579905,0.860047417671585,D3_scaling,37,25260858,1e-10,5,64
590,136,136,True,0.920633187544385,801.905886124199,26,True,ok,False,8.23876059734993e-11,2175.29082059645,0.364944800036028,1.04574378076895,0.833915218895053,D3_scaling,37,25260858,1e-10,5,128
76,26,26,True,0.420003946626162,477.46165796876,20,True,ok,False,7.31388991242088e-11,46.1481697329426,0.00206740014255047,1.20281406604175,0.967638789877578,D3_scaling,37,25260858,1e-10,10,8
145,34,34,True,0.534713598591852,508.790953933059,16,True,ok,False,5.77935015844392e-11,833.574641822714,0.00261299987323582,1.16368899393763,0.922333241948564,D3_scaling,37,25260858,1e-10,10,16
288,50,50,True,0.654542095527478,560.823048360908,14,True,ok,False,6.87873728870844e-11,1148.71848728447,0.0194973000325263,1.05848738015351,0.839815894249627,D3_scaling,37,25260858,1e-10,10,32
596,82,82,True,0.782877200654581,656.660875433343,13,True,ok,False,6.70730871143274e-11,2366.83202432712,0.075357599882409,1.02595603284475,0.819937978109173,D3_scaling,37,25260858,1e-10,10,64
1176,146,146,True,0.857456972815419,856.817333560089,13,True,ok,False,4.53751971814673e-11,4828.45110037576,0.316410700092092,1.01876372281092,0.811829636244631,D3_scaling,37,25260858,1e-10,10,128
147,46,46,True,0.312658593196856,641.389217238377,16,True,ok,False,7.1510976213094e-11,88.2105407028998,0.00414570001885295,1.16014859827664,0.928795058147851,D3_scaling,37,25260858,1e-10,20,8
287,54,54,True,0.406425849257792,669.340377901802,18,True,ok,False,5.88740704351088e-11,1742.70843617747,0.0383015000261366,1.13551686715226,0.904974410739491,D3_scaling,37,25260858,1e-10,20,16
575,70,70,True,0.513011139785957,725.628800397863,12,True,ok,False,3.28913270738806e-11,2332.83647454283,0.0648479999508709,1.06253620769037,0.848147076695455,D3_scaling,37,25260858,1e-10,20,32
1177,102,102,True,0.658690526708192,784.343627912686,13,True,ok,False,5.05858060266114e-11,4468.59415260749,0.198409600183368,1.01942831430496,0.814946747813818,D3_scaling,37,25260858,1e-10,20,64
2320,166,166,True,0.766136857959984,958.653148048596,12,True,ok,False,3.65106836251917e-11,9872.76194754729,0.300058899912983,1.01274835282273,0.810744268752119,D3_scaling,37,25260858,1e-10,20,128
290,86,86,True,0.227613185342853,882.275247441633,17,True,ok,False,8.13531900034349e-11,175.564892132412,0.088010499952361,1.21805797422094,0.974745854898893,D3_scaling,37,25260858,1e-10,40,8
575,94,94,True,0.30083534219176,917.311398833729,30,True,ok,False,7.95656796033647e-11,3187.16028032842,0.236076700035483,1.11810363274336,0.890813561512983,D3_scaling,37,25260858,1e-10,40,16
1146,110,110,True,0.390477657807767,958.994248726999,13,True,ok,False,7.38619293248117e-11,4304.0367417502,0.201909400057048,1.06056779735724,0.846333185805172,D3_scaling,37,25260858,1e-10,40,32
2331,142,142,True,0.523638016411187,1005.26897779469,11,True,ok,False,8.99320942939345e-11,10131.3212576264,0.266128099989146,1.008628451502,0.806111056333441,D3_scaling,37,25260858,1e-10,40,64
4617,206,206,True,0.645194655061292,1142.99683551116,9,True,ok,False,9.55087814221587e-11,19421.7291588253,0.427235199837014,1.0075369941176,0.806393832035569,D3_scaling,37,25260858,1e-10,40,128
37,16,16,True,0.538378218846459,364.878783103885,24,True,ok,False,9.5255203450337e-11,21.6528148014761,0.00152030005119741,1.49237507113572,1.21480014847519,D3_scaling,38,25260859,1e-10,5,8
74,24,24,True,0.668336983854883,402.416508730685,20,True,ok,False,8.77632348244865e-11,392.919932215341,0.00188790005631745,1.16738846211369,0.92492482185639,D3_scaling,38,25260859,1e-10,5,16
147,40,40,True,0.774565306746942,483.06231245102,23,True,ok,False,6.45791248600127e-11,701.127993658745,0.00384710007347167,1.08734682571553,0.86372892788407,D3_scaling,38,25260859,1e-10,5,32
298,72,72,True,0.846915130132685,585.066227696357,18,True,ok,False,5.74531558693537e-11,1231.64530213985,0.0699471000116318,1.05509820982231,0.83449384047183,D3_scaling,38,25260859,1e-10,5,64
592,136,136,True,0.915696953512519,783.786179756123,16,True,ok,False,7.3369879851324e-11,2414.50644699425,0.253124699927866,0.989204475184649,0.788317216065496,D3_scaling,38,25260859,1e-10,5,128
73,26,26,True,0.408226064166482,489.64417496238,28,True,ok,False,8.4340161007317e-11,54.5367054951153,0.0037325001321733,1.35016464273984,1.07971482531699,D3_scaling,38,25260859,1e-10,10,8
149,34,34,True,0.509740007306757,530.313945164492,19,True,ok,False,8.8692293445493e-11,877.157756479183,0.00309109990485013,1.24129554245063,0.994738677724439,D3_scaling,38,25260859,1e-10,10,16
288,50,50,True,0.652445687940876,573.57002812058,15,True,ok,False,4.95736380921355e-11,1184.80419376687,0.0182819000910968,1.04605903015319,0.835925557090189,D3_scaling,38,25260859,1e-10,10,32
583,82,82,True,0.76199615926355,685.993115818895,14,True,ok,False,4.73558527069228e-11,2477.47800044914,0.0796538998838514,1.03594103146618,0.826152329950226,D3_scaling,38,25260859,1e-10,10,64
1168,146,146,True,0.858057348576806,845.152886923134,15,True,ok,False,5.72749506105795e-11,5133.36200943437,0.295806800015271,0.999307754444067,0.799583873643947,D3_scaling,38,25260859,1e-10,10,128
145,46,46,True,,inf,30,False,max_iterations_reached,True,1.94607676690647e-09,88.4529058219977,0.00649549998342991,,,D3_scaling,38,25260859,1e-10,20,8
289,54,54,True,0.406737115410162,667.07117634733,24,True,ok,False,9.2825518371577e-11,1676.74014641517,0.0495577999390662,1.16806238482172,0.935978754074445,D3_scaling,38,25260859,1e-10,20,16
572,70,70,True,0.526347326367851,727.381351898091,14,True,ok,False,6.20904414958944e-11,2216.77488848016,0.062195299891755,1.07987770967848,0.862261966323348,D3_scaling,38,25260859,1e-10,20,32
1161,102,102,True,0.646932599289687,806.416791594425,12,True,ok,False,4.14078715688966e-11,4826.0661294615,0.159228999866173,1.05268792346685,0.843660912273271,D3_scaling,38,25260859,1e-10,20,64
2304,166,166,True,0.763239703553653,950.16834228252,11,True,ok,False,9.36628374434422e-11,10037.6730140068,0.277710400056094,1.01374910082658,0.813611807635801,D3_scaling,38,25260859,1e-10,20,128
297,86,86,True,,inf,30,False,max_iterations_reached,True,2.34301180171375e-09,169.833979032332,0.155568500049412,,,D3_scaling,38,25260859,1e-10,40,8
576,94,94,True,0.301876709457142,901.682097349645,17,True,ok,False,7.01792461627667e-11,3207.37511110604,0.139793700072914,1.17249243304834,0.937176876401386,D3_scaling,38,25260859,1e-10,40,16
1141,110,110,True,0.40201257424364,953.714264244764,12,True,ok,False,4.84091824103892e-11,4583.40995100094,0.2082060999237,1.06209051494621,0.848038504350195,D3_scaling,38,25260859,1e-10,40,32
2311,142,142,True,0.514848898364793,1027.82279015282,12,True,ok,False,6.36262959963672e-11,9925.85389206628,0.372598299989477,1.04358331249841,0.836545897599827,D3_scaling,38,25260859,1e-10,40,64
4580,206,206,True,0.644900441228147,1148.60943764615,10,True,ok,False,5.21896664308443e-11,19541.5668613567,0.610128000145778,1.01619471115363,0.816014546402281,D3_scaling,38,25260859,1e-10,40,128
37,16,16,True,,inf,30,False,max_iterations_reached,True,1.64330926659449e-08,12.263765418303,0.00178099982440472,,,D3_scaling,39,25260860,1e-10,5,8
76,24,24,True,0.672196040050444,387.773946327867,15,True,ok,False,6.4172753775335e-11,369.225613391695,0.00144130014814436,1.14199493458164,0.915517265522106,D3_scaling,39,25260860,1e-10,5,16
149,40,40,True,0.420549285549344,843.632956606098,18,True,ok,False,7.73076260416124e-11,515.01883755524,0.00310869980603456,1.24724370142205,0.992794375969797,D3_scaling,39,25260860,1e-10,5,32
293,72,72,True,0.862106946982671,595.064663040012,19,True,ok,False,5.67503696708764e-11,1084.8638958931,0.0692795999348164,1.04860381653372,0.842361007272557,D3_scaling,39,25260860,1e-10,5,64
592,136,136,True,0.905531383794605,808.791897783725,26,True,ok,False,9.89181168558203e-11,2316.83530948207,0.344716599909589,1.04732540070611,0.841053650305324,D3_scaling,39,25260860,1e-10,5,128
74,26,26,True,0.422696849233224,470.5875335051,18,True,ok,False,9.94983369472448e-11,37.8234332147629,0.00240060011856258,1.07578213833733,0.869021466537294,D3_scaling,39,25260860,1e-10,10,8
146,34,34,True,0.531204039973289,494.055764886085,15,True,ok,False,8.82881535952231e-11,842.494600422452,0.00233379984274507,1.18361274395026,0.942771695112877,D3_scaling,39,25260860,1e-10,10,16
295,50,50,True,0.644302311560769,578.854646806497,14,True,ok,False,8.00621908288936e-11,1235.41019486778,0.0198295000009239,1.13175260660214,0.903153071710382,D3_scaling,39,25260860,1e-10,10,32
584,82,82,True,0.768782043740795,686.746064508929,12,True,ok,False,9.60950173121699e-11,2402.07641127908,0.0701005000155419,1.02398354146689,0.823783551004842,D3_scaling,39,25260860,1e-10,10,64
1165,146,146,True,0.852495358687666,861.779787489441,13,True,ok,False,3.83415657687876e-11,4295.73444392749,0.292508999817073,1.01076014190719,0.817809682966046,D3_scaling,39,25260860,1e-10,10,128
145,46,46,True,0.31457283065039,637.431911647892,19,True,ok,False,7.01707893109347e-11,71.3879053364236,0.00432990002445877,1.12503728614201,0.902371498469404,D3_scaling,39,25260860,1e-10,20,8
292,54,54,True,0.406708549245562,678.444330545792,12,True,ok,False,5.78743241318692e-11,1581.75359547046,0.0284355999901891,1.15960816212063,0.923173331151844,D3_scaling,39,25260860,1e-10,20,16
569,70,70,True,0.513613289822207,731.817305388505,15,True,ok,False,5.30912797675724e-11,2185.77796735241,0.0850215998943895,1.13472403059572,0.903530833058358,D3_scaling,39,25260860,1e-10,20,32
1156,102,102,True,0.639651211984603,815.466358118857,12,True,ok,False,7.01900900468026e-11,4973.4556991714,0.159305999986827,1.02568727411335,0.820742675656217,D3_scaling,39,25260860,1e-10,20,64
2318,166,166,True,0.758325788069184,967.17741142021,11,True,ok,False,7.77193831193892e-11,9590.42902530849,0.301402600016445,1.02641828595429,0.827067306795388,D3_scaling,39,25260860,1e-10,20,128
296,86,86,True,0.228612627269653,877.11193635629,19,True,ok,False,7.24147463181144e-11,145.560093720247,0.115492899902165,1.11835088874585,0.89528380142506,D3_scaling,39,25260860,1e-10,40,8
575,94,94,True,0.299354019543384,919.444015255606,18,True,ok,False,5.92365218013053e-11,3673.67297747639,0.165921099949628,1.1465563211139,0.911530718926046,D3_scaling,39,25260860,1e-10,40,16
1142,110,110,True,0.392601529294471,958.877244455908,15,True,ok,False,5.74191794480547e-11,4646.51592470481,0.272105199983343,1.11861102096928,0.892101339737274,D3_scaling,39,25260860,1e-10,40,32
2300,142,142,True,0.509972772827662,1039.30277240807,11,True,ok,False,5.4174588764039e-11,10369.160979622,0.319523999933153,1.02688759295205,0.819905414896175,D3_scaling,39,25260860,1e-10,40,64
4626,206,206,True,0.638016720774154,1157.39066916851,9,True,ok,False,7.67180096761753e-11,19831.5203893915,0.442515700124204,1.02945316820283,0.824985529814591,D3_scaling,39,25260860,1e-10,40,128
38,16,16,True,0.546383963781083,364.746640045025,10,True,ok,False,9.75324798375221e-11,14.7036415713115,0.00114059983752668,1.38631082519127,1.12165831432541,D3_scaling,40,25260861,1e-10,5,8
71,24,24,True,0.660065995058784,393.285720965222,22,True,ok,False,8.67822994241712e-11,375.606493842915,0.00209899991750717,1.15963128603214,0.92825342025977,D3_scaling,40,25260861,1e-10,5,16
147,40,40,True,0.793862828684899,452.299455843353,15,True,ok,False,8.61919714290916e-11,575.108569811289,0.00271300016902387,1.09167400660324,0.873614573088902,D3_scaling,40,25260861,1e-10,5,32
295,72,72,True,0.862567105646696,592.217531775804,17,True,ok,False,6.64720086919844e-11,1221.21335810665,0.0638644001446664,1.04969965885532,0.839338322802268,D3_scaling,40,25260861,1e-10,5,64
592,136,136,True,0.904555708390497,781.025727776115,16,True,ok,False,6.68194930334017e-11,2322.01423666289,0.217155199963599,1.04347533760769,0.832955368355888,D3_scaling,40,25260861,1e-10,5,128
74,26,26,True,0.416610525235569,478.364584861227,12,True,ok,False,6.29560670793348e-11,37.058636462734,0.00132809998467565,1.308325377178,1.04536609188962,D3_scaling,40,25260861,1e-10,10,8
142,34,34,True,0.522106735687931,525.13966177576,23,True,ok,False,6.56338820417556e-11,941.861721364244,0.0030664000660181,1.18101909822825,0.941353873503756,D3_scaling,40,25260861,1e-10,10,16
291,50,50,True,0.65807716072255,563.227880976563,16,True,ok,False,7.72042170256405e-11,1201.6021356989,0.0202280001249164,1.06521539386128,0.848190977221328,D3_scaling,40,25260861,1e-10,10,32
585,82,82,True,0.770061270664178,691.300355311394,12,True,ok,False,6.93508277973407e-11,2473.33779449324,0.0806858001742512,1.04506176942942,0.835629514285148,D3_scaling,40,25260861,1e-10,10,64
1167,146,146,True,0.837318888844128,868.067104173675,13,True,ok,False,5.11077769774628e-11,4779.44818171735,0.285704999929294,1.04098592192932,0.833052091171377,D3_scaling,40,25260861,1e-10,10,128
147,46,46,True,0.305954999058043,651.376329066762,17,True,ok,False,5.33064389278008e-11,84.3704753691766,0.00382249988615513,1.2766831898162,1.01544155509345,D3_scaling,40,25260861,1e-10,20,8
283,54,54,True,0.404130886557783,679.67792204171,16,True,ok,False,6.5425823086054e-11,1400.97768722411,0.0340361001435667,1.180314584624,0.94135381075878,D3_scaling,40,25260861,1e-10,20,16
578,70,70,True,0.526909747101114,702.441992843516,14,True,ok,False,6.28525311548442e-11,2275.31144511058,0.0695001999847591,1.07083357656421,0.853019081635705,D3_scaling,40,25260861,1e-10,20,32
1162,102,102,True,0.6510003650272,814.136370540159,12,True,ok,False,5.49331880938932e-11,5234.14662780873,0.152823399985209,1.04407470542167,0.833813124436276,D3_scaling,40,25260861,1e-10,20,64
2322,166,166,True,0.750568576104995,976.95655433761,12,True,ok,False,7.92415566721414e-11,9417.64049603745,0.307115300092846,1.02726014338491,0.820474089915895,D3_scaling,40,25260861,1e-10,20,128
300,86,86,True,0.223177153561044,894.853746824336,15,True,ok,False,6.43722402762909e-11,166.253404770609,0.0838309000246227,1.28906831509036,1.02323798485262,D3_scaling,40,25260861,1e-10,40,8
579,94,94,True,0.297133018421298,928.351861451997,17,True,ok,False,7.96953103009364e-11,3198.10523681056,0.131601300090551,1.21766485588715,0.972968814132116,D3_scaling,40,25260861,1e-10,40,16
1151,110,110,True,0.401261000939975,942.950692896076,14,True,ok,False,9.61151522560571e-11,4700.59932004805,0.220751699991524,1.06109470423413,0.847120941217562,D3_scaling,40,25260861,1e-10,40,32
2318,142,142,True,0.517497385484699,1023.66032090447,10,True,ok,False,8.25502261559133e-11,10141.7657400551,0.244197099935263,1.03936132926681,0.829778190477754,D3_scaling,40,25260861,1e-10,40,64
4628,206,206,True,0.637595147904575,1151.0500900525,10,True,ok,False,3.86910010742148e-11,19091.0944191867,0.480544099817052,1.0217398305515,0.816748786829679,D3_scaling,40,25260861,1e-10,40,128
32,16,16,True,0.544946992168926,344.254694529892,17,True,ok,False,9.76276579053922e-11,13.2249967210438,0.00128250010311604,1.20145405293819,0.964006779507288,D3_scaling,41,25260862,1e-10,5,8
74,24,24,True,0.663748560926875,418.38371605218,15,True,ok,False,4.08997779346756e-11,327.678675282788,0.00139579991810024,1.19377860835608,0.947026288554786,D3_scaling,41,25260862,1e-10,5,16
145,40,40,True,,inf,30,False,max_iterations_reached,True,8.19404414850731e-10,577.515317905218,0.00480190012603998,,,D3_scaling,41,25260862,1e-10,5,32
291,72,72,True,0.814775946304077,602.922855734751,22,True,ok,False,8.39150943551258e-11,1834.43447055635,0.0887957999948412,1.02536519584468,0.809940389248544,D3_scaling,41,25260862,1e-10,5,64
593,136,136,True,0.878146057292439,819.395177519524,18,True,ok,False,8.77136787484518e-11,2345.12262883906,0.24961239984259,1.03567394185712,0.829558302260592,D3_scaling,41,25260862,1e-10,5,128
68,26,26,True,0.427856912726163,458.099957206935,23,True,ok,False,7.95706133216272e-11,32.5019942125118,0.00279799988493323,1.14487783830927,0.917887715417466,D3_scaling,41,25260862,1e-10,10,8
140,34,34,True,0.531939614886793,517.868901068328,18,True,ok,False,5.33332043890633e-11,912.226567798457,0.00261710002087057,1.12638452280219,0.905368616239183,D3_scaling,41,25260862,1e-10,10,16
291,50,50,True,0.649254579877881,582.422971453886,14,True,ok,False,5.30834511177638e-11,1132.15604584861,0.0175568000413477,1.08761533878776,0.875019641693317,D3_scaling,41,25260862,1e-10,10,32
587,82,82,True,0.765281667474004,673.334416630966,12,True,ok,False,9.36990917619673e-11,2658.9243378006,0.071262699784711,1.03349899159019,0.828004174552818,D3_scaling,41,25260862,1e-10,10,64
1164,146,146,True,0.829136379344587,887.072666785531,12,True,ok,False,8.86135183190669e-11,4853.62556187073,0.249865500023589,1.02192849237072,0.824761891874289,D3_scaling,41,25260862,1e-10,10,128
137,46,46,True,0.316162497331769,634.123308655923,15,True,ok,False,6.16455709786518e-11,45.138911945617,0.00335010001435876,1.15226051713539,0.921228852762035,D3_scaling,41,25260862,1e-10,20,8
287,54,54,True,0.408732852230467,673.632746156555,18,True,ok,False,5.12783050430305e-11,1636.52541689511,0.0381883999798447,1.12142625373304,0.900799278999926,D3_scaling,41,25260862,1e-10,20,16
583,70,70,True,0.510524725712285,730.774410503057,13,True,ok,False,7.04603651302165e-11,2687.69688595026,0.0606390000320971,1.0954008423202,0.876487108105275,D3_scaling,41,25260862,1e-10,20,32
1160,102,102,True,0.642724983815144,804.429601503526,12,True,ok,False,4.06961204111671e-11,5335.25982446861,0.1568998999428,1.03107024048381,0.823749174360968,D3_scaling,41,25260862,1e-10,20,64
2339,166,166,True,0.749802463523056,986.333273639854,11,True,ok,False,6.0636750302475e-11,10065.3642209523,0.291395999956876,1.02293532734885,0.821125063438844,D3_scaling,41,25260862,1e-10,20,128
286,86,86,True,0.229689943312363,872.029243353144,27,True,ok,False,9.30169586218511e-11,155.789306245718,0.154521200107411,1.1463479572914,0.913627993225541,D3_scaling,41,25260862,1e-10,40,8
577,94,94,True,0.302622535329867,915.461035319363,15,True,ok,False,8.8120785865206e-11,3314.37253334482,0.152463200036436,1.15046169031604,0.921589934711094,D3_scaling,41,25260862,1e-10,40,16
1152,110,110,True,0.393413548720141,956.571976081155,13,True,ok,False,6.27049444358812e-11,5153.08583314039,0.278817099984735,1.11196345918179,0.888433953536395,D3_scaling,41,25260862,1e-10,40,32
2329,142,142,True,0.515598842508962,1009.46515811018,11,True,ok,False,5.99074200978565e-11,9584.34599697054,0.266133100027218,1.03090631294349,0.822768886554787,D3_scaling,41,25260862,1e-10,40,64
4630,206,206,True,0.634779483273675,1167.75750877792,9,True,ok,False,5.77093988392735e-11,19342.9096628647,0.429155400022864,1.02519760852083,0.820518642390787,D3_scaling,41,25260862,1e-10,40,128
39,16,16,True,,inf,30,False,max_iterations_reached,True,2.06662246118174e-10,31.1681677300469,0.00184290017932653,,,D3_scaling,42,25260863,1e-10,5,8
76,24,24,True,0.677454788921487,388.136429024685,19,True,ok,False,9.98681278612333e-11,448.448108812279,0.0016898000612855,1.22016158758543,0.962442913359377,D3_scaling,42,25260863,1e-10,5,16
148,40,40,True,0.747783751357135,472.834789287281,18,True,ok,False,7.56596211507076e-11,857.048959969029,0.00307100010104477,1.04260697103441,0.828982550783686,D3_scaling,42,25260863,1e-10,5,32
301,72,72,True,0.881805023764975,601.725217098839,13,True,ok,False,5.1414234596001e-11,1066.79753831565,0.0521905000787228,1.05796079164304,0.85007683364458,D3_scaling,42,25260863,1e-10,5,64
575,136,136,True,0.893399799515666,780.410014961692,18,True,ok,False,9.13884361346539e-11,2709.59643857169,0.23567539989017,1.01287112271065,0.803325561034179,D3_scaling,42,25260863,1e-10,5,128
71,26,26,True,0.38807711444029,512.649630880742,24,True,ok,False,6.06197571290098e-11,49.2644125834296,0.00271550007164478,1.40080209777035,1.13746780159874,D3_scaling,42,25260863,1e-10,10,8
149,34,34,True,0.541295276992807,511.042820408767,17,True,ok,False,5.67014145102014e-11,833.426884138224,0.00243140012025833,1.18235817185185,0.943375825265815,D3_scaling,42,25260863,1e-10,10,16
292,50,50,True,0.653260195845047,578.659184451569,15,True,ok,False,8.92917013664368e-11,1171.39853587357,0.0180387999862432,1.03549143776891,0.829679722259705,D3_scaling,42,25260863,1e-10,10,32
590,82,82,True,0.775297264476298,685.289870088075,17,True,ok,False,9.27619854674645e-11,2247.5251769721,0.105532099958509,1.08266631198359,0.861700296179254,D3_scaling,42,25260863,1e-10,10,64
1146,146,146,True,0.866946074627896,825.532743470944,15,True,ok,False,9.88801060110679e-11,4796.80630974613,0.343805400189012,1.03053556418549,0.819678684320591,D3_scaling,42,25260863,1e-10,10,128
147,46,46,True,,inf,30,False,max_iterations_reached,True,4.26629356724101e-10,98.3175626565078,0.00632750010117888,,,D3_scaling,42,25260863,1e-10,20,8
289,54,54,True,0.409880174478235,675.499282301475,15,True,ok,False,4.9547295466712e-11,1486.98134983293,0.0314694999251515,1.12874613167614,0.898906436312854,D3_scaling,42,25260863,1e-10,20,16
571,70,70,True,0.520802364505332,733.248633293754,12,True,ok,False,5.71806278646985e-11,2028.79586094518,0.0543428000528365,1.03724160515357,0.832145218358288,D3_scaling,42,25260863,1e-10,20,32
1173,102,102,True,0.646805410179392,823.604047389345,10,True,ok,False,8.63067892251754e-11,4754.76942506929,0.132090599974617,1.0602915286637,0.848746051592859,D3_scaling,42,25260863,1e-10,20,64
2297,166,166,True,0.772624382189131,959.95491280065,11,True,ok,False,3.57579233425457e-11,9496.13725735111,0.278413000050932,1.0213160347685,0.815051462789517,D3_scaling,42,25260863,1e-10,20,128
289,86,86,True,0.215369752167774,926.017836785926,25,True,ok,False,7.50010341975315e-11,179.731057622993,0.131064899964258,1.28213238843571,1.02401587663585,D3_scaling,42,25260863,1e-10,40,8
574,94,94,True,0.303740361183225,911.480119820668,17,True,ok,False,5.55311040551412e-11,3022.37802759706,0.13916360004805,1.128396913382,0.900414191918041,D3_scaling,42,25260863,1e-10,40,16
1150,110,110,True,0.389294879009935,998.070159494893,12,True,ok,False,8.07747749832607e-11,4776.02522718525,0.198653100058436,1.04606858153736,0.836367530438503,D3_scaling,42,25260863,1e-10,40,32
2329,142,142,True,0.513936482644943,1036.82520661865,11,True,ok,False,5.49143028898711e-11,9913.17628942379,0.265996300149709,1.05757932419625,0.844709530072369,D3_scaling,42,25260863,1e-10,40,64
4599,206,206,True,0.649784363112532,1139.44411048998,10,True,ok,False,6.57680892131474e-11,19787.9514909602,0.481550700031221,1.02563628788661,0.817451308601961,D3_scaling,42,25260863,1e-10,40,128
38,16,16,True,0.560757764370415,352.771340248707,13,True,ok,False,6.80732520457826e-11,26.782560235916,0.000915199983865023,1.13949259116966,0.912123129807694,D3_scaling,43,25260864,1e-10,5,8
74,24,24,True,0.672571372004396,411.351633996419,20,True,ok,False,6.25249899528912e-11,474.160161677845,0.00236609997227788,1.12624404907413,0.904534477197676,D3_scaling,43,25260864,1e-10,5,16
145,40,40,True,0.783462373606957,467.85897143364,28,True,ok,False,8.68878609550215e-11,509.303554522866,0.00521240010857582,1.07928615281324,0.859299348780652,D3_scaling,43,25260864,1e-10,5,32
289,72,72,True,0.874467352967541,575.658053130307,14,True,ok,False,9.41371209402503e-11,1155.9489055803,0.0568540999665856,1.01669185247298,0.816521220787047,D3_scaling,43,25260864,1e-10,5,64
582,136,136,True,0.527957195383729,1371.44828421715,18,True,ok,False,9.82017028221726e-11,2440.31623896811,0.241094799945131,1.02875419817419,0.827841978217248,D3_scaling,43,25260864,1e-10,5,128
72,26,26,True,,inf,30,False,max_iterations_reached,True,1.28707694717996e-09,41.9598584453011,0.00287249987013638,,,D3_scaling,43,25260864,1e-10,10,8
147,34,34,True,0.537632782767603,515.170574339296,18,True,ok,False,7.89439154524119e-11,896.544382773015,0.00288629997521639,1.12213976312846,0.898182191263347,D3_scaling,43,25260864,1e-10,10,16
286,50,50,True,0.660809498902711,553.64769565307,15,True,ok,False,7.18777821252677e-11,1057.10477940423,0.0197446998208761,1.0556249872762,0.838660333508301,D3_scaling,43,25260864,1e-10,10,32
574,82,82,True,0.774126083474681,649.462250843145,12,True,ok,False,6.06256804243916e-11,2461.62503893538,0.0680283999536186,1.01518560536747,0.813474660468938,D3_scaling,43,25260864,1e-10,10,64
1157,146,146,True,0.857375208101655,846.85763482949,21,True,ok,False,8.49451415804351e-11,4913.65248780157,0.438807799946517,1.0213121628388,0.821318319922604,D3_scaling,43,25260864,1e-10,10,128
144,46,46,True,0.315819936808302,634.824313674924,24,True,ok,False,9.23064495058038e-11,61.7844299504941,0.00520500005222857,1.11785991644847,0.896524173640852,D3_scaling,43,25260864,1e-10,20,8
293,54,54,True,0.410465410485574,673.541501838885,15,True,ok,False,5.70358535134877e-11,1450.04089105177,0.0358894998207688,1.097375158967,0.874724442304516,D3_scaling,43,25260864,1e-10,20,16
561,70,70,True,0.524983418997746,730.759317635504,15,True,ok,False,5.55786599212234e-11,2233.9334140575,0.0686478998977691,1.06029202400045,0.846682515069874,D3_scaling,43,25260864,1e-10,20,32
1149,102,102,True,0.655177294937917,802.33816966619,14,True,ok,False,7.90634897336148e-11,4737.93688708705,0.189750500023365,1.04216974097906,0.833232267030567,D3_scaling,43,25260864,1e-10,20,64
2307,166,166,True,0.767179763170303,964.037921939055,11,True,ok,False,9.93006981104235e-11,9185.03650556346,0.278449799865484,1.02647849785378,0.823886236845138,D3_scaling,43,25260864,1e-10,20,128
282,86,86,True,0.229462918025047,874.296327302021,19,True,ok,False,6.587123184801e-11,129.800288584088,0.0980714000761509,1.1401267850649,0.912498950041557,D3_scaling,43,25260864,1e-10,40,8
577,94,94,True,0.303174519206812,915.717028745761,20,True,ok,False,9.50957462125642e-11,2789.64179029516,0.15935970004648,1.08834457543627,0.868233578746129,D3_scaling,43,25260864,1e-10,40,16
1138,110,110,True,0.400529346763173,958.031414348472,15,True,ok,False,6.75366765622164e-11,4398.25610394315,0.235574999824166,1.05989569067389,0.843930233435704,D3_scaling,43,25260864,1e-10,40,32
2273,142,142,True,0.520507252150603,1011.17507937415,11,True,ok,False,6.27935356762593e-11,10064.2685769886,0.272307300008833,1.05293301040393,0.841205267711667,D3_scaling,43,25260864,1e-10,40,64
4601,206,206,True,0.649758085568556,1136.89476549634,10,True,ok,False,4.1676754345245e-11,18424.4152641163,0.500655799871311,1.02714203885083,0.82105056209372,D3_scaling,43,25260864,1e-10,40,128
37,16,16,True,0.547977578909126,362.216526501599,10,True,ok,False,6.18290953585888e-11,11.1646864027221,0.000771600054576993,1.16724548209075,0.918976338291001,D3_scaling,44,25260865,1e-10,5,8
75,24,24,True,0.681354417817391,407.88114222764,25,True,ok,False,7.92781172127058e-11,418.82696226466,0.00227120006456971,1.15508777776356,0.921665782340575,D3_scaling,44,25260865,1e-10,5,16
150,40,40,True,0.771260328069013,484.806168921081,15,True,ok,False,4.94676002243119e-11,689.445893232858,0.00262399995699525,1.05417067561365,0.844439171501873,D3_scaling,44,25260865,1e-10,5,32
290,72,72,True,0.878395034543054,594.325513244104,19,True,ok,False,8.45190406889236e-11,889.842551093296,0.0687017999589443,1.01627665625584,0.807040701397419,D3_scaling,44,25260865,1e-10,5,64
576,136,136,True,0.474806379717535,1489.37787101924,24,True,ok,False,7.43679130982791e-11,2312.18261437403,0.316656799986959,1.01564796593174,0.810608621620356,D3_scaling,44,25260865,1e-10,5,128
74,26,26,True,0.421833781572622,473.875416156143,15,True,ok,False,9.31335887487701e-11,35.3818667780351,0.00166599988006055,1.21650577482176,0.965644819231037,D3_scaling,44,25260865,1e-10,10,8
148,34,34,True,0.539396781591246,512.837462681675,16,True,ok,False,9.26548641505924e-11,903.579921950308,0.00232190010137856,1.18121964902028,0.943741702182241,D3_scaling,44,25260865,1e-10,10,16
289,50,50,True,0.645037885796701,571.404338182784,12,True,ok,False,6.25259441777071e-11,1284.18555486654,0.0158121001441032,1.05757839286324,0.843717897544464,D3_scaling,44,25260865,1e-10,10,32
572,82,82,True,0.777483187747868,676.157770686496,14,True,ok,False,8.96833049515982e-11,2198.78328292095,0.0850701997987926,1.02904614521988,0.819076519044759,D3_scaling,44,25260865,1e-10,10,64
1150,146,146,True,0.85987654344631,842.446936155811,16,True,ok,False,9.20077433276458e-11,4484.1357887912,0.319563600001857,1.02619624515361,0.816360723552375,D3_scaling,44,25260865,1e-10,10,128
143,46,46,True,0.302988703687483,659.733604836217,19,True,ok,False,5.66557316250621e-11,65.8523840183002,0.00421150005422533,1.24202881817961,0.990047024904444,D3_scaling,44,25260865,1e-10,20,8
295,54,54,True,0.411324684863776,668.226513701264,19,True,ok,False,6.28468137560986e-11,1810.07570485186,0.0396793000400066,1.15040663375221,0.917238158365198,D3_scaling,44,25260865,1e-10,20,16
574,70,70,True,0.520341219193835,719.327469654908,12,True,ok,False,7.73659424564232e-11,1931.22210437967,0.0597779001109302,1.07908573033651,0.860185564284779,D3_scaling,44,25260865,1e-10,20,32
1161,102,102,True,0.655617521716507,818.01060386392,12,True,ok,False,5.01298982040517e-11,5131.45415935643,0.150736200157553,1.0283261540269,0.819883326292439,D3_scaling,44,25260865,1e-10,20,64
2296,166,166,True,0.760472873122905,953.530328163258,11,True,ok,False,3.56965488350563e-11,9438.65915648996,0.27499910001643,1.02473148913861,0.816401787590837,D3_scaling,44,25260865,1e-10,20,128
287,86,86,True,,inf,30,False,max_iterations_reached,True,2.37861696969261e-08,181.219883741927,0.16263149981387,,,D3_scaling,44,25260865,1e-10,40,8
581,94,94,True,0.301798564315435,917.117767585622,18,True,ok,False,8.58843794994607e-11,3742.40501275102,0.162527200067416,1.15921921397666,0.925456185270905,D3_scaling,44,25260865,1e-10,40,16
1153,110,110,True,0.396916023671841,947.399078183262,13,True,ok,False,7.96768729571809e-11,4413.15828488184,0.220872899983078,1.064600626039,0.849756764714029,D3_scaling,44,25260865,1e-10,40,32
2298,142,142,True,0.52076327936276,1035.53823382365,11,True,ok,False,4.11932507728938e-11,9855.76380401909,0.332564799813554,1.02527796483456,0.819125270796978,D3_scaling,44,25260865,1e-10,40,64
4600,206,206,True,0.641927595847198,1147.74679910536,9,True,ok,False,6.45318513039158e-11,18617.8544458374,0.584932200144976,1.03148457157694,0.822521822029117,D3_scaling,44,25260865,1e-10,40,128
34,16,16,True,,inf,30,False,max_iterations_reached,True,1.77522156418899e-10,27.0119889319918,0.00178240006789565,,,D3_scaling,45,25260866,1e-10,5,8
73,24,24,True,0.662358155410386,400.82717243971,20,True,ok,False,8.87500188858542e-11,413.855088093085,0.00180729990825057,1.04263437918289,0.830085156408963,D3_scaling,45,25260866,1e-10,5,16
155,40,40,True,0.789611526797068,480.911840771072,24,True,ok,False,6.96525260079636e-11,736.080655628995,0.00368199986405671,1.11182682108968,0.888019035169687,D3_scaling,45,25260866,1e-10,5,32
307,72,72,True,0.8651409425009,591.628435294992,13,True,ok,False,4.41490047947354e-11,1256.20945798981,0.0534600999671966,1.02115739010429,0.803981124905652,D3_scaling,45,25260866,1e-10,5,64
594,136,136,True,0.906611527041014,795.987222247077,26,True,ok,False,8.33094419098894e-11,2322.22161289669,0.339151300024241,1.01510048426528,0.806586976101046,D3_scaling,45,25260866,1e-10,5,128
71,26,26,True,0.4199728811571,473.686537320449,29,True,ok,False,7.54903025402695e-11,43.4963668267685,0.00270549999549985,1.31508360088812,1.04867554403778,D3_scaling,45,25260866,1e-10,10,8
144,34,34,True,0.536855393228093,507.055652255149,14,True,ok,False,5.90539845842541e-11,851.01525593881,0.00204570009373128,1.05227047936721,0.834639893024127,D3_scaling,45,25260866,1e-10,10,16
306,50,50,True,0.664525435042604,579.748800309087,11,True,ok,False,5.90896753763414e-11,1439.33803417331,0.0163100999779999,1.0677738268935,0.842259869137865,D3_scaling,45,25260866,1e-10,10,32
589,82,82,True,0.766621786729395,686.126453400351,17,True,ok,False,6.80948239480793e-11,2537.24280727261,0.0958231999538839,1.03463772077961,0.813394408698695,D3_scaling,45,25260866,1e-10,10,64
1170,146,146,True,0.850665778248182,849.935771464199,15,True,ok,False,5.67473089519741e-11,4849.55212643982,0.32361810002476,1.00675020894267,0.79403371562291,D3_scaling,45,25260866,1e-10,10,128
144,46,46,True,0.313167313120279,635.819875345506,24,True,ok,False,7.72622700111886e-11,71.3188177651935,0.00570260011591017,1.33133199716626,1.06670111361562,D3_scaling,45,25260866,1e-10,20,8
293,54,54,True,0.40945658445495,665.829076627215,12,True,ok,False,8.68453450053554e-11,1648.17461674167,0.028801399981603,1.07273669485345,0.856171797642377,D3_scaling,45,25260866,1e-10,20,16
583,70,70,True,0.52544774596683,732.64165737762,13,True,ok,False,4.78974022787393e-11,2548.56422671326,0.0576242001261562,1.07834221893625,0.856916998790079,D3_scaling,45,25260866,1e-10,20,32
1162,102,102,True,0.650559485229719,811.160992686338,11,True,ok,False,5.38303151765598e-11,4974.42527736337,0.170601299963892,1.03495286439058,0.819438806234245,D3_scaling,45,25260866,1e-10,20,64
2316,166,166,True,0.760067592387775,956.984372793574,11,True,ok,False,8.26774628303777e-11,9710.15856873347,0.355150699848309,1.02231099196363,0.813294271660199,D3_scaling,45,25260866,1e-10,20,128
296,86,86,True,0.22811545970261,876.682739988233,27,True,ok,False,7.8098477779931e-11,141.267046218964,0.14970750012435,1.32706402051028,1.06098622761764,D3_scaling,45,25260866,1e-10,40,8
574,94,94,True,0.301829766195816,902.872139592546,26,True,ok,False,9.5984218870432e-11,3786.62354785902,0.201690600020811,1.0693237878936,0.854318669475226,D3_scaling,45,25260866,1e-10,40,16
1156,110,110,True,0.3996616274893,963.083416487133,14,True,ok,False,5.40706228814955e-11,4791.27833197049,0.253115000203252,1.05972843555186,0.842261825944576,D3_scaling,45,25260866,1e-10,40,32
2294,142,142,True,0.515553381826547,1025.01745066871,12,True,ok,False,4.50299702419434e-11,9949.66588099626,0.294632500037551,1.02703961673844,0.815042348000405,D3_scaling,45,25260866,1e-10,40,64
4625,206,206,True,0.643465731157218,1134.1174676245,10,True,ok,False,2.33854085909308e-11,19496.4482917217,0.523115999996662,1.01030875966309,0.805126634919208,D3_scaling,45,25260866,1e-10,40,128
38,16,16,True,,inf,30,False,max_iterations_reached,True,8.90296434040864e-10,32.5040770963255,0.00179359992034733,,,D3_scaling,46,25260867,1e-10,5,8
76,24,24,True,0.628361864870907,428.701876399711,27,True,ok,False,7.69524268102482e-11,483.362288297298,0.00241950014606118,1.27128098028586,1.01809020375309,D3_scaling,46,25260867,1e-10,5,16
148,40,40,True,0.792913216279693,456.645559029793,17,True,ok,False,6.35136078024152e-11,625.225305958525,0.00308010005392134,1.01857041970931,0.811688699052741,D3_scaling,46,25260867,1e-10,5,32
289,72,72,True,0.874547964142008,567.028630095603,18,True,ok,False,5.76687906588133e-11,1296.51634904433,0.0665775001980364,1.02739102973754,0.823595928154866,D3_scaling,46,25260867,1e-10,5,64
596,136,136,True,0.897064120428191,780.983719327594,26,True,ok,False,7.4127050672382e-11,2730.2774812166,0.348144999938086,1.01962964257654,0.815102646443805,D3_scaling,46,25260867,1e-10,5,128
74,26,26,True,0.417526385690372,467.539441199466,16,True,ok,False,6.35982459944247e-11,48.3564995223452,0.00178079982288182,1.33861333988667,1.07576107102356,D3_scaling,46,25260867,1e-10,10,8
148,34,34,True,0.505819231977935,534.075184960352,18,True,ok,False,7.69968210398971e-11,982.82024708006,0.00257820007391274,1.23326833732579,0.989380501478327,D3_scaling,46,25260867,1e-10,10,16
286,50,50,True,0.646274448998692,570.80492276665,18,True,ok,False,6.502971241926e-11,1428.114508645,0.0211959001608193,1.0149263304226,0.808280819616445,D3_scaling,46,25260867,1e-10,10,32
578,82,82,True,0.782082426807441,671.636971407128,14,True,ok,False,9.0574531587731e-11,2552.10093766122,0.0847006000112742,1.03724048613665,0.827207201783772,D3_scaling,46,25260867,1e-10,10,64
1168,146,146,True,0.845719014884132,846.943588969595,13,True,ok,False,5.08894278938132e-11,5618.41413389211,0.267877500038594,1.00563044694826,0.804439267418755,D3_scaling,46,25260867,1e-10,10,128
147,46,46,True,0.30768544598848,650.560342846228,18,True,ok,False,6.76797068589057e-11,83.0477494748901,0.00394199998117983,1.28703557242005,1.029851618176,D3_scaling,46,25260867,1e-10,20,8
291,54,54,True,0.387265744749259,700.096171364756,18,True,ok,False,6.15456083837322e-11,1866.17972378092,0.0371409000363201,1.23850710688952,0.998668534370348,D3_scaling,46,25260867,1e-10,20,16
573,70,70,True,0.515343325899653,716.172198629354,13,True,ok,False,9.61713085627344e-11,2692.86447662316,0.0593208998907357,1.03508158220667,0.824966995289726,D3_scaling,46,25260867,1e-10,20,32
1146,102,102,True,0.654117876621782,805.534483861749,11,True,ok,False,5.99211138874558e-11,5187.00743679973,0.145691900048405,1.02666014147944,0.818145486764137,D3_scaling,46,25260867,1e-10,20,64
2313,166,166,True,0.763272044502469,945.53647822609,12,True,ok,False,3.41225345691853e-11,9714.32936040089,0.298786400118843,1.0091937194123,0.806042113055163,D3_scaling,46,25260867,1e-10,20,128
293,86,86,True,0.216706502446878,921.256769079324,17,True,ok,False,6.73521039685445e-11,169.339949897098,0.0911087999120355,1.34194670798276,1.07339039446345,D3_scaling,46,25260867,1e-10,40,8
573,94,94,True,0.287457420173371,963.502797841837,16,True,ok,False,8.4873029952383e-11,3483.39069458624,0.130815900163725,1.20126288498034,0.963785508335196,D3_scaling,46,25260867,1e-10,40,16
1150,110,110,True,0.393560165926222,963.692688355534,13,True,ok,False,9.7023709464508e-11,4968.50163833305,0.20495090004988,1.03854055633729,0.828648808748578,D3_scaling,46,25260867,1e-10,40,32
2303,142,142,True,0.521918462719644,1018.29381733899,10,True,ok,False,4.94455889906691e-11,9969.7331330165,0.240565399872139,1.02734356845714,0.820656232013372,D3_scaling,46,25260867,1e-10,40,64
4611,206,206,True,0.643319715265456,1129.19875197292,10,True,ok,False,6.3213442316319e-11,19635.5146620609,0.461576299974695,1.01259557489869,0.810094140417822,D3_scaling,46,25260867,1e-10,40,128
38,16,16,True,0.543890408298085,366.914808694585,26,True,ok,False,8.78780605485984e-11,22.9423104849278,0.00161679997108877,1.1616252510752,0.925067205611317,D3_scaling,47,25260868,1e-10,5,8
70,24,24,True,0.210600445338027,1130.40355473222,26,True,ok,False,9.11937539323716e-11,470.124350028155,0.00230289995670319,1.09334583607805,0.873357741094094,D3_scaling,47,25260868,1e-10,5,16
149,40,40,True,0.784953321702827,472.048280529693,18,True,ok,False,5.22191489851043e-11,593.613206664509,0.00293239997699857,1.04341946812041,0.825841830860207,D3_scaling,47,25260868,1e-10,5,32
293,72,72,True,0.861521661477275,601.825169054618,15,True,ok,False,5.44048125235014e-11,1194.714418347,0.0548431999050081,1.05504453536813,0.836529289269658,D3_scaling,47,25260868,1e-10,5,64
584,136,136,True,0.911320015262778,781.309904624636,22,True,ok,False,8.97118051732766e-11,2526.29014333621,0.289357099914923,1.03071793827792,0.811536676790801,D3_scaling,47,25260868,1e-10,5,128
72,26,26,True,0.412186350973486,484.219656599474,15,True,ok,False,8.89980675197609e-11,37.1796279301119,0.00162500003352761,1.17940899114817,0.943506292054378,D3_scaling,47,25260868,1e-10,10,8
145,34,34,True,0.540867853102619,489.374594027053,16,True,ok,False,8.16272140664873e-11,762.051973579968,0.00224990001879632,1.09896529937598,0.87960491372693,D3_scaling,47,25260868,1e-10,10,16
291,50,50,True,0.663562184145922,569.235673948995,13,True,ok,False,4.66558419726154e-11,1165.86423958911,0.0213903000112623,1.04786320625051,0.835795509747163,D3_scaling,47,25260868,1e-10,10,32
583,82,82,True,0.76292629313741,682.247533294334,13,True,ok,False,4.11531082255975e-11,2412.10485046972,0.0796075998805463,1.04252094156921,0.835702820140471,D3_scaling,47,25260868,1e-10,10,64
1154,146,146,True,0.859819508359566,831.454726969129,13,True,ok,False,9.86041295457489e-11,5116.60367304703,0.260738699929789,1.02120856974076,0.811826980977934,D3_scaling,47,25260868,1e-10,10,128
146,46,46,True,0.305224128430733,655.275319947475,19,True,ok,False,7.03856084098959e-11,68.1910704302095,0.00491000013425946,1.14887966558102,0.917863740722825,D3_scaling,47,25260868,1e-10,20,8
279,54,54,True,0.409938081762707,652.32289562051,18,True,ok,False,7.91521570517902e-11,1719.52091984428,0.0374217999633402,1.09668611923737,0.878731307736404,D3_scaling,47,25260868,1e-10,20,16
578,70,70,True,0.527941143913495,715.305638520001,11,True,ok,False,3.56295246805758e-11,2353.38870107754,0.0502167998347431,1.05092495288087,0.842371778527872,D3_scaling,47,25260868,1e-10,20,32
1159,102,102,True,0.642350879451714,812.051334767623,11,True,ok,False,6.74824474322847e-11,4661.92476154645,0.146476699970663,1.04052643855218,0.834831882908181,D3_scaling,47,25260868,1e-10,20,64
2315,166,166,True,0.772422882417318,946.922129906568,11,True,ok,False,7.44742594308365e-11,9880.89618615336,0.277991200098768,1.02269107357071,0.817307406291332,D3_scaling,47,25260868,1e-10,20,128
286,86,86,True,0.220649115043312,906.444092196705,22,True,ok,False,9.22897065561125e-11,153.71246525562,0.122704999987036,1.18569128977704,0.945292375896829,D3_scaling,47,25260868,1e-10,40,8
571,94,94,True,0.304454863620522,909.83782171013,17,True,ok,False,5.45741192536015e-11,3370.01588553097,0.146627400070429,1.09928392495804,0.878283929484063,D3_scaling,47,25260868,1e-10,40,16
1151,110,110,True,0.401296970954621,947.913599039158,14,True,ok,False,5.36161230491372e-11,4543.85808192386,0.231287400005385,1.05147538705529,0.839276898094471,D3_scaling,47,25260868,1e-10,40,32
2317,142,142,True,0.515129848324481,1028.42482853312,11,True,ok,False,4.43611319929007e-11,9883.87468767093,0.323880700161681,1.03806944084568,0.829961250812797,D3_scaling,47,25260868,1e-10,40,64
4616,206,206,True,0.646133360057218,1130.36753286454,9,True,ok,False,4.17465750538363e-11,19837.9015245072,0.504099400015548,1.01850353915596,0.813332749232431,D3_scaling,47,25260868,1e-10,40,128
39,16,16,True,0.55550750023068,358.327367634753,16,True,ok,False,5.96616008416684e-11,23.3565131348545,0.00107999984174967,1.1547828362772,0.912284436180847,D3_scaling,48,25260869,1e-10,5,8
73,24,24,True,0.677375880653468,400.80050196794,27,True,ok,False,5.69032393219786e-11,324.716111857428,0.00253929989412427,1.14670664661202,0.918701478983991,D3_scaling,48,25260869,1e-10,5,16
150,40,40,True,0.785234726950649,452.705304344485,22,True,ok,False,5.57906777972147e-11,614.36334521851,0.00389459985308349,1.05589902094423,0.835022659014532,D3_scaling,48,25260869,1e-10,5,32
286,72,72,True,0.873650908493306,566.653993220365,19,True,ok,False,7.51301024223851e-11,1409.55381381157,0.0691299000754952,1.05891117442229,0.838356902528217,D3_scaling,48,25260869,1e-10,5,64
583,136,136,True,0.907325881497993,788.560111171881,16,True,ok,False,5.46492358256338e-11,2364.01454082687,0.217523599974811,0.967230734548575,0.769251508315098,D3_scaling,48,25260869,1e-10,5,128
74,26,26,True,0.421500015122737,473.458882156627,19,True,ok,False,6.25922040945228e-11,31.3203860941535,0.00256850011646748,1.19611367546374,0.949279597571294,D3_scaling,48,25260869,1e-10,10,8
146,34,34,True,0.538001866397703,506.081803408879,24,True,ok,False,9.24287633914845e-11,817.045623440147,0.00348690012469888,1.16852520672649,0.93044308748556,D3_scaling,48,25260869,1e-10,10,16
289,50,50,True,0.658186301821617,577.700557259217,26,True,ok,False,8.64895823363773e-11,1198.41901143793,0.032593599986285,1.06963407683737,0.846076129955796,D3_scaling,48,25260869,1e-10,10,32
577,82,82,True,0.774679790737775,683.067678601924,15,True,ok,False,6.83606172348813e-11,2778.29077315592,0.0997754000127316,1.0739336936944,0.853922950603746,D3_scaling,48,25260869,1e-10,10,64
1170,146,146,True,0.852909834828464,852.543953683167,13,True,ok,False,5.63869633512373e-11,4779.01686900859,0.301763399969786,1.00244790608627,0.799161109510943,D3_scaling,48,25260869,1e-10,10,128
148,46,46,True,0.31370968058664,636.096369183708,28,True,ok,False,8.54162608096097e-11,67.1842456426928,0.00599589990451932,1.20522446897598,0.957334569082774,D3_scaling,48,25260869,1e-10,20,8
277,54,54,True,0.408932746056678,659.573860567281,17,True,ok,False,7.83773746838126e-11,1659.20351299038,0.0381184001453221,1.14600297695394,0.909564430179133,D3_scaling,48,25260869,1e-10,20,16
577,70,70,True,0.527245068095208,715.224132719627,11,True,ok,False,9.6822765537902e-11,2403.57617528225,0.0496197999455035,1.09561479638491,0.868159717925436,D3_scaling,48,25260869,1e-10,20,32
1161,102,102,True,0.652141949492666,813.037311961736,12,True,ok,False,9.68989683323782e-11,5039.52438322932,0.156449300004169,1.12747916463124,0.897155614329505,D3_scaling,48,25260869,1e-10,20,64
2336,166,166,True,0.758498142329244,962.951954854611,10,True,ok,False,9.53374564500173e-11,9959.35831820239,0.254990699933842,1.02197276556628,0.814711214694069,D3_scaling,48,25260869,1e-10,20,128
282,86,86,True,,inf,30,False,max_iterations_reached,True,2.77492454349928e-10,163.365803858856,0.150790000101551,,,D3_scaling,48,25260869,1e-10,40,8
568,94,94,True,0.301554084870255,912.181965170425,21,True,ok,False,5.08958223407967e-11,3455.21628507405,0.169973799958825,1.15071601150786,0.914056085211149,D3_scaling,48,25260869,1e-10,40,16
1157,110,110,True,0.400710127952043,940.219024203046,15,True,ok,False,4.59814770617704e-11,4630.68935191368,0.236442700028419,1.10150436356945,0.875987983845658,D3_scaling,48,25260869,1e-10,40,32
2316,142,142,True,0.51679205378982,1025.49348777092,11,True,ok,False,3.74888294671241e-11,9969.08583816262,0.265852000098675,1.11616336269641,0.889380173417827,D3_scaling,48,25260869,1e-10,40,64
4625,206,206,True,0.637949400237542,1147.35924329919,10,True,ok,False,2.88300707737717e-11,19305.7252347873,0.504959400044754,1.02319309083212,0.816725148954446,D3_scaling,48,25260869,1e-10,40,128
34,16,16,True,0.54591328207304,359.194663653481,25,True,ok,False,8.71739252779227e-11,13.4272967156025,0.00152589986100793,1.18762325803699,0.960492319745829,D3_scaling,49,25260870,1e-10,5,8
73,24,24,True,0.64148486515894,420.534560976008,20,True,ok,False,5.23140534550417e-11,395.23141003095,0.00262939999811351,1.08039975909124,0.859514615147063,D3_scaling,49,25260870,1e-10,5,16
146,40,40,True,0.787925909256584,458.004117969291,18,True,ok,False,6.95756190271598e-11,737.228474896208,0.00335889984853566,1.10860145011682,0.884008442576371,D3_scaling,49,25260870,1e-10,5,32
292,72,72,True,0.860020530280943,614.698017157163,17,True,ok,False,8.992135402066e-11,1486.80164900396,0.0602583999279886,1.06320771056996,0.847284899509624,D3_scaling,49,25260870,1e-10,5,64
582,136,136,True,0.91936634158243,770.911092462996,22,True,ok,False,7.64906133197853e-11,2748.44213906647,0.288100099889562,1.0145937225043,0.811197884058571,D3_scaling,49,25260870,1e-10,5,128
71,26,26,True,0.409884575678652,487.246155551784,21,True,ok,False,8.03385551362221e-11,38.4677540637948,0.00287109985947609,1.14152813201131,0.91309033956946,D3_scaling,49,25260870,1e-10,10,8
139,34,34,True,0.53257507911094,506.577514919231,22,True,ok,False,9.94579117193024e-11,786.504380090281,0.00309709995053709,1.14233131317148,0.909586327634951,D3_scaling,49,25260870,1e-10,10,16
291,50,50,True,0.667283201126292,557.062245099054,13,True,ok,False,4.05873898957713e-11,1177.80683177534,0.0161110998596996,1.05019441848021,0.833821409617175,D3_scaling,49,25260870,1e-10,10,32
581,82,82,True,0.768213434417537,694.345874026624,13,True,ok,False,5.80925818568376e-11,2433.59699887261,0.0721759998705238,1.05408053506976,0.835462193894991,D3_scaling,49,25260870,1e-10,10,64
1146,146,146,True,0.860400426652335,828.489894829808,14,True,ok,False,9.28754136783349e-11,5169.63492203776,0.282231100136414,1.0082400565063,0.806933571234849,D3_scaling,49,25260870,1e-10,10,128
135,46,46,True,0.30751799800727,649.440647267397,25,True,ok,False,9.78684073473316e-11,53.5002670563737,0.00547049986198545,1.15944338113525,0.918724156977146,D3_scaling,49,25260870,1e-10,20,8
282,54,54,True,0.409921001030706,668.303709301196,18,True,ok,False,7.26927121142549e-11,1716.28801196801,0.0373402999248356,1.17113233303447,0.928613710136754,D3_scaling,49,25260870,1e-10,20,16
580,70,70,True,0.529199908056126,709.089199617519,12,True,ok,False,8.44919336413281e-11,2357.06389620863,0.0554468999616802,1.03958770275266,0.822742942211213,D3_scaling,49,25260870,1e-10,20,32
1159,102,102,True,0.647124184297342,825.342068095743,10,True,ok,False,7.71797421124656e-11,4904.43073101269,0.135131200077012,1.05542585007469,0.836772971054757,D3_scaling,49,25260870,1e-10,20,64
2300,166,166,True,0.77190197770758,947.9799882723,11,True,ok,False,6.971193878641e-11,9783.39039306118,0.276151500176638,1.0136129571068,0.806402365626233,D3_scaling,49,25260870,1e-10,20,128
280,86,86,True,0.224130799449821,891.185904535873,23,True,ok,False,8.40993851013204e-11,123.472427431987,0.119751400081441,1.1740285609727,0.935032354373217,D3_scaling,49,25260870,1e-10,40,8
563,94,94,True,0.301680701346085,908.503511251585,20,True,ok,False,9.91586957631637e-11,3332.92079615823,0.153995899949223,1.18733354414239,0.946802820540301,D3_scaling,49,25260870,1e-10,40,16
1165,110,110,True,0.401660139619669,944.986366947454,12,True,ok,False,4.29563916523422e-11,5158.00292082352,0.185374200111255,1.04108130888419,0.826694089179472,D3_scaling,49,25260870,1e-10,40,32
2323,142,142,True,0.516428510374784,1037.08967741095,10,True,ok,False,5.78143957729826e-11,9552.78407295334,0.244764300063252,1.05099273733235,0.833390412914505,D3_scaling,49,25260870,1e-10,40,64
4597,206,206,True,0.649985880016848,1124.3226756112,11,True,ok,False,3.51842560918616e-11,20038.1741661856,0.555928900139406,1.01257769849821,0.806088338984305,D3_scaling,49,25260870,1e-10,40,128
