method,rmse_ms,mae_ms,p95_abs_error_ms,gamma_rmse_ppm,kappa_rmse_ms,runtime_s,converged,status,iterations,inlier_count,threshold,scenario,seed,replicate
Joint OLS,0.103250718978029,0.0821508167598466,0.205858613459797,0.640670359278616,0.0334714487911007,0.000730899861082435,True,legacy_ok,,,,clean,21260821,0
Joint Huber,0.102364214165647,0.0813970783880764,0.205422665562338,0.548390190510396,0.0273574289739271,0.00311980000697076,True,legacy_ok,,,,clean,21260821,0
Joint LAD,0.101574654976683,0.0807982558650591,0.202521924109789,0.472289768718125,0.0297925122565916,0.00594870001077652,True,ok,213,,,clean,21260821,0
Joint Tukey,0.10350723366762,0.0826152063654809,0.204774817614251,0.670254615066758,0.0328478764393173,0.00638879998587072,True,ok,28,,,clean,21260821,0
Joint RANSAC,0.117466459155129,0.0946056513289588,0.22629395911089,1.12240525654052,0.0932282793277693,1.12712720013224,True,ok,500,126,0.000208898862150401,clean,21260821,0
Joint OLS,0.108363354477542,0.086422222248753,0.212686657772565,0.588121756768421,0.0583740963841587,0.00071409996598959,True,legacy_ok,,,,clean,21260822,1
Joint Huber,0.108250875143365,0.0861192398356639,0.21513872485226,0.639450985905364,0.054524621806849,0.00296119996346533,True,legacy_ok,,,,clean,21260822,1
Joint LAD,0.119060669081112,0.0951693226214125,0.231935876965217,0.772549199628335,0.0755794516340516,0.00386220007203519,True,ok,223,,,clean,21260822,1
Joint Tukey,0.107910022623306,0.085742386202611,0.214693364452678,0.670808460106561,0.0517306678352613,0.00467499997466803,True,ok,21,,,clean,21260822,1
Joint RANSAC,0.112685424546577,0.0890580226645242,0.222869736106723,1.36552554580728,0.0917747595872839,1.11251140013337,True,ok,500,125,0.000180361411601581,clean,21260822,1
Joint OLS,0.103850759886382,0.0827656752571277,0.203733443705945,0.748251009421698,0.0590914040840015,0.000578499864786863,True,legacy_ok,,,,clean,21260823,2
Joint Huber,0.105222936647155,0.0840116713654856,0.209177197999,0.742022487966546,0.0629294077685743,0.00173539994284511,True,legacy_ok,,,,clean,21260823,2
Joint LAD,0.110983153096828,0.0888989395860453,0.219866334543894,0.8601409899431,0.0672690069007389,0.00375090003944933,True,ok,209,,,clean,21260823,2
Joint Tukey,0.105906020219565,0.0846546792576779,0.209430927572374,0.749502554320461,0.0616363834266688,0.00215060007758439,True,ok,9,,,clean,21260823,2
Joint RANSAC,0.108690499547576,0.0872153367138007,0.214581254717672,0.640770624614871,0.0604836901514172,1.1341059000697,True,ok,500,129,0.000235368551927223,clean,21260823,2
Joint OLS,0.109370747978778,0.0878572091977765,0.210835769676976,0.827345489057037,0.0618175297180021,0.000772899948060513,True,legacy_ok,,,,clean,21260824,3
Joint Huber,0.111334836268436,0.0894828408545795,0.213582619587527,0.867628662256096,0.0666802366652534,0.00220860005356371,True,legacy_ok,,,,clean,21260824,3
Joint LAD,0.11978189796714,0.0954847103522376,0.228834127234601,1.36450974302163,0.0777977445880122,0.00351640000008047,True,ok,217,,,clean,21260824,3
Joint Tukey,0.11124394560161,0.0893770633388979,0.213076106679111,0.889805125955836,0.0670793426824366,0.00251400005072355,True,ok,11,,,clean,21260824,3
Joint RANSAC,0.131915374566836,0.106284591628581,0.252475248226958,1.45008866011653,0.10361767587545,1.10466159996577,True,ok,500,123,0.000227842843924349,clean,21260824,3
Joint OLS,0.0990113342324035,0.0784889065231108,0.19500702016586,0.72289925603522,0.0386116671394228,0.000598900020122528,True,legacy_ok,,,,clean,21260825,4
Joint Huber,0.0986167243497094,0.0780925532283929,0.192986374200466,0.715153279178739,0.0372615844552247,0.0013588999863714,True,legacy_ok,,,,clean,21260825,4
Joint LAD,0.0996342250395091,0.0793663796696408,0.197237244277204,0.843003205346571,0.0579292990448013,0.00368439988233149,True,ok,205,,,clean,21260825,4
Joint Tukey,0.0983876148467498,0.0780009816589542,0.192028736219996,0.695073555371385,0.0376966477646639,0.00280850008130074,True,ok,12,,,clean,21260825,4
Joint RANSAC,0.107629776180623,0.0861967969742674,0.212040512876577,1.22006247932419,0.0526755082290034,1.09151030005887,True,ok,500,126,0.000205403177967671,clean,21260825,4
Joint OLS,0.107502370159676,0.0861870331195025,0.20615364579406,0.803351760628321,0.0549539361457586,0.000577100086957216,True,legacy_ok,,,,clean,21260826,5
Joint Huber,0.10754520838731,0.0862645555446182,0.208313043445663,0.807376438425808,0.0516364936750727,0.00189459999091923,True,legacy_ok,,,,clean,21260826,5
Joint LAD,0.108233945534094,0.0865533161292549,0.208656777339655,0.999279598678787,0.0712665104435659,0.00347520015202463,True,ok,197,,,clean,21260826,5
Joint Tukey,0.107011691030613,0.0857384642798776,0.207980958677467,0.801896112271485,0.0503460472028444,0.00347849982790649,True,ok,15,,,clean,21260826,5
Joint RANSAC,0.112491339701356,0.0906173481978567,0.216340969267037,1.31684915073796,0.0824419850896664,1.12130979984067,True,ok,500,126,0.000184659224587943,clean,21260826,5
Joint OLS,0.103940188924821,0.0826586158145114,0.203555092895535,0.752723806283593,0.0357485404931739,0.000568799907341599,True,legacy_ok,,,,clean,21260827,6
Joint Huber,0.104526204041147,0.0835131320596459,0.203896765592404,0.726579107738365,0.0373776422517945,0.0017168999183923,True,legacy_ok,,,,clean,21260827,6
Joint LAD,0.114766297969591,0.0915936850207255,0.223417915440649,1.23492158250482,0.103594576712616,0.00369029981084168,True,ok,222,,,clean,21260827,6
Joint Tukey,0.10485524512574,0.0838907524996541,0.204427282655217,0.707510443160415,0.0372932639008677,0.00251170014962554,True,ok,11,,,clean,21260827,6
Joint RANSAC,0.116955871599277,0.0936478175264352,0.226819209021301,0.568064098405728,0.087738818195843,1.10407450003549,True,ok,500,127,0.00025074632105916,clean,21260827,6
Joint OLS,0.112381633467368,0.089187825030759,0.223826150478068,0.888276613478095,0.0835164838324836,0.00060770008713007,True,legacy_ok,,,,clean,21260828,7
Joint Huber,0.110675128686963,0.087843610539785,0.220028168317832,0.81454486314252,0.0730671069831854,0.00158700020983815,True,legacy_ok,,,,clean,21260828,7
Joint LAD,0.109627411670994,0.0873562087627541,0.216682176255745,0.746638766935567,0.0662530691082432,0.00343169993720949,True,ok,204,,,clean,21260828,7
Joint Tukey,0.110839192268654,0.0879721544222516,0.221746036912362,0.82956762870704,0.0746307633007997,0.0018656998872757,True,ok,8,,,clean,21260828,7
Joint RANSAC,0.111845239409365,0.0889055604231263,0.224428322925263,0.90922618616187,0.07334546424073,1.12564920005389,True,ok,500,130,0.000253785514866939,clean,21260828,7
Joint OLS,0.112601885259751,0.0905262693634768,0.220393446687694,0.638707641973206,0.0705014865681165,0.000764600001275539,True,legacy_ok,,,,clean,21260829,8
Joint Huber,0.114475886169216,0.0919029733390724,0.227307539016408,0.600595518615423,0.0711976384248145,0.00233260006643832,True,legacy_ok,,,,clean,21260829,8
Joint LAD,0.128235642408183,0.102609269979453,0.251608794918923,1.21687267967398,0.127234024271395,0.00356029998511076,True,ok,216,,,clean,21260829,8
Joint Tukey,0.115216601042788,0.0925117333270349,0.228006637882672,0.629922783860558,0.0755660433402499,0.00432930001989007,True,ok,18,,,clean,21260829,8
Joint RANSAC,0.121594821615288,0.0969340863732861,0.242535293425539,1.27619087603538,0.125744659272978,1.13339420012198,True,ok,500,126,0.000226922760686211,clean,21260829,8
Joint OLS,0.101255211041855,0.0801182849288808,0.200902182743334,0.574512302078788,0.0305829465451026,0.000590400071814656,True,legacy_ok,,,,clean,21260830,9
Joint Huber,0.0997427371539278,0.0789894311157685,0.195924221999988,0.483752958364795,0.0262523554549322,0.00284540001302958,True,legacy_ok,,,,clean,21260830,9
Joint LAD,0.108192206670035,0.085982373283962,0.216241855076404,1.07568278838596,0.0422789236230748,0.0037406999617815,True,ok,217,,,clean,21260830,9
Joint RANSAC,0.106405750762903,0.084034076852716,0.209615128278118,0.934797312577459,0.0364735464105461,1.16846240009181,True,ok,500,122,0.00021163419618512,clean,21260830,9
Joint Tukey,,,,,,0.00634519988670945,False,max_iterations_reached,30,,,clean,21260830,9
Joint OLS,0.101682739559023,0.0808508993258226,0.201615376525943,0.398384352293186,0.0284815645013331,0.000651699956506491,True,legacy_ok,,,,clean,21260831,10
Joint Huber,0.101459811725428,0.0805518750355499,0.200469216667898,0.350144536691533,0.0272542863536178,0.00249049998819828,True,legacy_ok,,,,clean,21260831,10
Joint LAD,0.122457778789632,0.097134205850855,0.244535897350318,0.951982310324096,0.0397190656611725,0.00355309993028641,True,ok,221,,,clean,21260831,10
Joint Tukey,0.101585341141945,0.0807194991493697,0.202132181793502,0.366774584127325,0.0291786252338421,0.00170410005375743,True,ok,7,,,clean,21260831,10
Joint RANSAC,0.109055750210702,0.0868176538402557,0.21647346986855,0.823760555081225,0.0714268255896819,1.11631270009093,True,ok,500,128,0.000258788823470629,clean,21260831,10
Joint OLS,0.102359438001288,0.0822700379976369,0.200368499152859,0.225071463851933,0.0191527639546919,0.00056149996817112,True,legacy_ok,,,,clean,21260832,11
Joint Huber,0.103107764932092,0.0827009788615141,0.204753458087392,0.318823373946421,0.022967269006043,0.00193960010074079,True,legacy_ok,,,,clean,21260832,11
Joint LAD,0.103371945916073,0.0829193201863546,0.204778862651755,0.451533005383434,0.0293762981108355,0.00368500011973083,True,ok,220,,,clean,21260832,11
Joint Tukey,0.104542298907967,0.0837250671408191,0.207352879390754,0.353653201099328,0.0259678060261047,0.00270109996199608,True,ok,12,,,clean,21260832,11
Joint RANSAC,0.110491129598359,0.0882874215340951,0.21991671368955,0.966035961534843,0.047278519791418,1.12269659992307,True,ok,500,131,0.000211731968888888,clean,21260832,11
Joint OLS,0.104890566103674,0.0845524047223745,0.205106588425169,0.317694343453796,0.0357885914355603,0.000922999810427427,True,legacy_ok,,,,clean,21260833,12
Joint Huber,0.105643920118888,0.0850739421425779,0.20532507145532,0.416348038183339,0.0409648734439288,0.00296589988283813,True,legacy_ok,,,,clean,21260833,12
Joint LAD,0.107612559554674,0.086812919760836,0.209428946978818,0.654547697163709,0.0436064866700793,0.00349549995735288,True,ok,205,,,clean,21260833,12
Joint Tukey,0.106418021225867,0.085600884181916,0.206454461150685,0.516153037515424,0.0484365769185223,0.00302299996837974,True,ok,13,,,clean,21260833,12
Joint RANSAC,0.118188200255884,0.0941082560564515,0.236241105704771,1.25650633045621,0.116819960055392,1.12737539992668,True,ok,500,126,0.000246865776223648,clean,21260833,12
Joint OLS,0.109943484826804,0.0874031481214488,0.215121115823535,0.930471776998474,0.0305071356786152,0.000644699903205037,True,legacy_ok,,,,clean,21260834,13
Joint Huber,0.109964799416466,0.0872972375333942,0.215766034104115,0.888239463928596,0.0267651871164661,0.00208760006353259,True,legacy_ok,,,,clean,21260834,13
Joint LAD,0.113030300619417,0.0896585137014821,0.220945093500546,1.1413220142316,0.0506723134082701,0.00371359987184405,True,ok,232,,,clean,21260834,13
Joint Tukey,0.109992857268854,0.0872996306428138,0.21611939636621,0.893203594899643,0.0279255273518319,0.00242609996348619,True,ok,10,,,clean,21260834,13
Joint RANSAC,0.114965596752413,0.0911423936142561,0.226339800843078,1.3599056375688,0.0653398467423414,1.12261450011283,True,ok,500,130,0.000213807709168325,clean,21260834,13
Joint OLS,0.10791047068114,0.0854251859011769,0.213076086844488,0.568951948642468,0.0714442285728324,0.000942599959671497,True,legacy_ok,,,,clean,21260835,14
Joint Huber,0.10820764935565,0.0854783429467059,0.215356330128102,0.408116476877226,0.0658957486908679,0.00270680012181401,True,legacy_ok,,,,clean,21260835,14
Joint LAD,0.123702598668026,0.0982626049480547,0.244375470096614,0.671995357970349,0.10352906349599,0.00358620006591082,True,ok,219,,,clean,21260835,14
Joint Tukey,0.107773811047368,0.0851965144780736,0.213693959831751,0.433884187413995,0.0668146403334654,0.00277519994415343,True,ok,12,,,clean,21260835,14
Joint RANSAC,0.13122606826373,0.101823340173685,0.257960376985622,1.28571881563929,0.150956929978072,1.10422779992223,True,ok,500,122,0.000212820478798576,clean,21260835,14
Joint OLS,0.101764606511347,0.0808992331062688,0.198926978002589,0.515178374987144,0.0428934949656868,0.000574899837374687,True,legacy_ok,,,,clean,21260836,15
Joint Huber,0.101275929247871,0.0805993748900581,0.198437508784899,0.443528842845555,0.0394144741127257,0.00241039996035397,True,legacy_ok,,,,clean,21260836,15
Joint LAD,0.110643188774338,0.0879428671205474,0.218335883633713,0.443736856083408,0.0635028346685698,0.00347160012461245,True,ok,210,,,clean,21260836,15
Joint Tukey,0.101591931143955,0.080833539455939,0.200366796352114,0.428261676120967,0.0406429023545248,0.00240419991314411,True,ok,10,,,clean,21260836,15
Joint RANSAC,0.116328751012678,0.0922319095845821,0.234029297699934,1.58980272261041,0.124113862684087,1.15193989989348,True,ok,500,123,0.000250082853914534,clean,21260836,15
Joint OLS,0.109320462225451,0.0873327373683953,0.203957788782816,0.946824010225339,0.0436949199518322,0.000539300031960011,True,legacy_ok,,,,clean,21260837,16
Joint Huber,0.110385977608654,0.0879224299252511,0.211279860631786,1.01444671344709,0.0473391217518581,0.00194470002315938,True,legacy_ok,,,,clean,21260837,16
Joint LAD,0.122227568360063,0.0977659219647783,0.236254174735606,1.56576914576424,0.0647031142688121,0.00383269996382296,True,ok,208,,,clean,21260837,16
Joint Tukey,0.110869349035909,0.0883128935879256,0.21008369009845,1.00995762388065,0.0453357162559303,0.00341639993712306,True,ok,15,,,clean,21260837,16
Joint RANSAC,40851.2588979879,33998.9862123796,75397.179692917,1000013.23460579,81879.4504287056,1.12220530002378,True,ok,500,121,0.00022260620697227,clean,21260837,16
Joint OLS,0.10877873919791,0.087566692178328,0.215884755721873,0.843099260234371,0.0462727986430875,0.000581400003284216,True,legacy_ok,,,,clean,21260838,17
Joint Huber,0.109433136271243,0.0880399489147086,0.215201220050432,0.929324012365871,0.045453713334791,0.00257459981366992,True,legacy_ok,,,,clean,21260838,17
Joint LAD,0.111351245028484,0.0883450831684815,0.218363157024015,0.976780947021644,0.0798477475743244,0.00350490002892911,True,ok,210,,,clean,21260838,17
Joint Tukey,0.10953713781151,0.088135473934448,0.214589236833262,0.965631010426973,0.0475299053809796,0.00368009996600449,True,ok,16,,,clean,21260838,17
Joint RANSAC,0.110068415013055,0.0885849608007693,0.217079035667922,0.956949541574474,0.0412904524918149,1.11633250000887,True,ok,500,124,0.00017013575789771,clean,21260838,17
Joint OLS,0.110393983244936,0.0880808619294856,0.218629132359638,1.04558520879928,0.0654741442427405,0.000724400160834193,True,legacy_ok,,,,clean,21260839,18
Joint Huber,0.110291774471872,0.0879083190322853,0.216605878053866,1.04789187462834,0.0659318206657947,0.00256299995817244,True,legacy_ok,,,,clean,21260839,18
Joint LAD,0.112101906225537,0.0900043167422076,0.221263693211204,0.915446091818276,0.0549631216137803,0.00371940014883876,True,ok,208,,,clean,21260839,18
Joint Tukey,0.110092973282417,0.0877314687121967,0.216332433777211,1.03707426085328,0.0652729936040544,0.00276680011302233,True,ok,12,,,clean,21260839,18
Joint RANSAC,36276.9134425847,30718.0355918917,66728.2285074678,1000003.74341819,72017.2942797523,1.12140469998121,True,ok,500,121,0.000211439537420352,clean,21260839,18
Joint OLS,0.105153032069437,0.0839819577221081,0.205863903061498,0.590664155434882,0.0384530467797411,0.00148380012251437,True,legacy_ok,,,,clean,21260840,19
Joint Huber,0.105801797377724,0.0845305648865804,0.208356944370891,0.698809824028364,0.0360783701476874,0.0026974999345839,True,legacy_ok,,,,clean,21260840,19
Joint LAD,0.108567107160878,0.0870873614078733,0.214048486146723,1.0860164792619,0.0546882151729613,0.00370969995856285,True,ok,203,,,clean,21260840,19
Joint Tukey,0.106720404205417,0.0851378668115669,0.209106167075035,0.614998033935197,0.036107067759162,0.00340219982899725,True,ok,15,,,clean,21260840,19
Joint RANSAC,38682.6120862446,32616.4890655762,70306.5234319463,1000031.13853325,76798.7954690477,1.11781870014966,True,ok,500,121,0.000200923712598756,clean,21260840,19
Joint OLS,0.105441626747224,0.0844866290783551,0.20447339336549,0.713583191243632,0.0508034012855473,0.000740499934181571,True,legacy_ok,,,,clean,21260841,20
Joint Huber,0.103804729871488,0.0834677626542788,0.200940936913696,0.652958448269622,0.0460331492285939,0.00224079983308911,True,legacy_ok,,,,clean,21260841,20
Joint LAD,0.105275110295504,0.0848531502092814,0.199535384395233,0.768214297576813,0.0581612237627898,0.00350510003045201,True,ok,208,,,clean,21260841,20
Joint Tukey,0.103536087869264,0.0834142159764926,0.199985646058831,0.598524912177386,0.0411580360492686,0.00364380003884435,True,ok,16,,,clean,21260841,20
Joint RANSAC,66828.7562987387,57347.3838199287,111813.354853117,999989.286936317,2345.38856252925,1.13477159989998,True,ok,500,121,0.000212244073757837,clean,21260841,20
Joint OLS,0.106138505225215,0.0854021533659223,0.207009625004773,0.745471177422544,0.0565147173525943,0.000835000071674585,True,legacy_ok,,,,clean,21260842,21
Joint Huber,0.106727077285453,0.085896733940497,0.20952188729968,0.800467033254527,0.0599637724848034,0.00170779996551573,True,legacy_ok,,,,clean,21260842,21
Joint LAD,0.107077834239909,0.085774643044177,0.211473200963086,0.706240231236016,0.0707838666136223,0.00368520012125373,True,ok,213,,,clean,21260842,21
Joint Tukey,0.106864349784021,0.0859879305863991,0.211051103669746,0.783459302526642,0.0597349601598452,0.00219580018892884,True,ok,9,,,clean,21260842,21
Joint RANSAC,0.110473749523358,0.0884963512652959,0.218119769989755,0.54780844502653,0.0610430637052809,1.11523639992811,True,ok,500,129,0.000232920767382885,clean,21260842,21
Joint OLS,0.105479471418764,0.0848272784160257,0.20483382807619,0.848963227645477,0.0723551711299089,0.000720200128853321,True,legacy_ok,,,,clean,21260843,22
Joint Huber,0.10553500788724,0.0848397484304483,0.205021775218128,0.824415273981567,0.0727788212024253,0.00216679996810853,True,legacy_ok,,,,clean,21260843,22
Joint LAD,0.118152861105174,0.0942257698316011,0.231433093856381,1.73434440379055,0.13249889404225,0.0036829998716712,True,ok,208,,,clean,21260843,22
Joint Tukey,0.105329220968595,0.0846483544583648,0.206149329327232,0.829797924637176,0.0708549743744843,0.00301069999113679,True,ok,13,,,clean,21260843,22
Joint RANSAC,35980.927410787,30405.7369366155,65919.0186857265,1000011.69113352,72756.4034369594,1.13457849994302,True,ok,500,121,0.000203367843951558,clean,21260843,22
Joint OLS,0.106824973842696,0.084585572032776,0.211251063632289,0.375686110353355,0.0437708402833655,0.000598799902945757,True,legacy_ok,,,,clean,21260844,23
Joint Huber,0.111260014044801,0.0886562823733669,0.216491521284467,0.341297538366685,0.0525665926164628,0.00266859983094037,True,legacy_ok,,,,clean,21260844,23
Joint LAD,0.108775257245955,0.0868640864257892,0.211339844455694,0.69221134260611,0.0229259957915886,0.00364389992319047,True,ok,218,,,clean,21260844,23
Joint Tukey,0.112156929120016,0.0894170355411367,0.222265946156952,0.41742522983536,0.0504790639362755,0.00313060008920729,True,ok,14,,,clean,21260844,23
Joint RANSAC,0.109678063222005,0.0868823612404173,0.216724235514332,0.621225343537168,0.0590372648055964,1.13046740018763,True,ok,500,129,0.000227915555538641,clean,21260844,23
Joint OLS,0.107956089732275,0.0861562872018772,0.213420295110378,0.754378340371294,0.058138992185971,0.000571500044316053,True,legacy_ok,,,,clean,21260845,24
Joint Huber,0.108033724436778,0.0861920528393675,0.215733288274578,0.827556126590376,0.0631419531615953,0.00219859997741878,True,legacy_ok,,,,clean,21260845,24
Joint LAD,0.106739104358511,0.0856278865571488,0.211141254072089,1.0320485253345,0.0604980380273908,0.00355740007944405,True,ok,213,,,clean,21260845,24
Joint Tukey,0.1087227176967,0.0868215594644154,0.215830732619793,0.82638322142442,0.0639471248354581,0.0032625999301672,True,ok,15,,,clean,21260845,24
Joint RANSAC,0.111591353107002,0.0897665692845182,0.219003154813624,1.14717154014879,0.0756371396212084,1.09846980008297,True,ok,500,122,0.000207855433969893,clean,21260845,24
Joint OLS,0.102939295627435,0.0810501561757779,0.205931730975095,0.608587784461984,0.0222330968323982,0.000577900093048811,True,legacy_ok,,,,clean,21260846,25
Joint Huber,0.1029751022008,0.0811317031793603,0.204500445079248,0.67961754472786,0.0292226206289195,0.00235329987481236,True,legacy_ok,,,,clean,21260846,25
Joint LAD,0.105286879894493,0.0832787073132764,0.207765681519767,0.839003871449219,0.0311690530007041,0.00343969999812543,True,ok,207,,,clean,21260846,25
Joint Tukey,0.103071592791685,0.081214241241004,0.204541657028301,0.683444018772994,0.0302137006843547,0.00231250002980232,True,ok,10,,,clean,21260846,25
Joint RANSAC,0.103996419657317,0.0823474872418031,0.209680275592916,1.00350697832746,0.0551310874129439,1.12810999993235,True,ok,500,126,0.000230739092990014,clean,21260846,25
Joint OLS,0.108058431792183,0.0865317798058197,0.212309081870998,0.581800039409098,0.0645980772579539,0.000574300065636635,True,legacy_ok,,,,clean,21260847,26
Joint Huber,0.108887806056254,0.0870878034320611,0.212695465631008,0.642558410852977,0.0695392517207359,0.00188949983566999,True,legacy_ok,,,,clean,21260847,26
Joint LAD,0.113145746855478,0.09009579593329,0.220216619381119,0.895740743775763,0.08295896305178,0.00354700000025332,True,ok,210,,,clean,21260847,26
Joint Tukey,0.10934127683886,0.0874136444876925,0.211693268742863,0.667927864627917,0.0718922019875779,0.00312720006331801,True,ok,14,,,clean,21260847,26
Joint RANSAC,0.116595864735536,0.0922096918810868,0.231025490812442,1.44462140496656,0.105316524582987,1.11585239996202,True,ok,500,123,0.00020141460276125,clean,21260847,26
Joint OLS,0.105796724109992,0.0841826416196978,0.209518452406598,0.346569358489543,0.0311021733027241,0.000781500013545156,True,legacy_ok,,,,clean,21260848,27
Joint Huber,0.108574721123124,0.086228527694715,0.211872393192891,0.369903920346621,0.0419898196248758,0.00424289982765913,True,legacy_ok,,,,clean,21260848,27
Joint LAD,0.115882398983923,0.0919861375079501,0.229012307198317,0.769887769106028,0.0606994378396154,0.00355709996074438,True,ok,214,,,clean,21260848,27
Joint Tukey,0.108189750167131,0.0859232071755403,0.210648047816875,0.372021980419755,0.0411037165440451,0.00255699991248548,True,ok,11,,,clean,21260848,27
Joint RANSAC,0.120386824008715,0.0955898277985242,0.239361279973593,0.89198601946525,0.0864745867944576,1.10288250003941,True,ok,500,124,0.000205725379510277,clean,21260848,27
Joint OLS,0.110146678943425,0.0881270642313828,0.214461646620379,0.872697190967783,0.0427474651353112,0.000579599989578128,True,legacy_ok,,,,clean,21260849,28
Joint Huber,0.109449420689291,0.0880771273502961,0.21344181292875,0.921031335264653,0.0511158806751098,0.0023399000056088,True,legacy_ok,,,,clean,21260849,28
Joint LAD,0.110198543333717,0.0886240296935004,0.213222554129588,0.874930661581463,0.0606488043772015,0.00354010006412864,True,ok,205,,,clean,21260849,28
Joint Tukey,0.110062510821251,0.0886541486317584,0.214451771522039,1.01629432339651,0.0586834690353387,0.00414340011775494,True,ok,19,,,clean,21260849,28
Joint RANSAC,40393.6410855647,33456.9402030912,75288.9034168851,1000002.46442959,37327.2014210258,1.09196980018169,True,ok,500,121,0.000222319048724321,clean,21260849,28
Joint OLS,0.105713760420118,0.0845442899650195,0.212841451559598,0.968944777881147,0.0593122244010338,0.00112230004742742,True,legacy_ok,,,,clean,21260850,29
Joint Huber,0.105019807865858,0.0846926688020632,0.204288208180614,0.725172023873553,0.0559160476104619,0.00197980017401278,True,legacy_ok,,,,clean,21260850,29
Joint LAD,0.107067366331967,0.0864124277111902,0.213283346021598,1.03424200628601,0.0694110936861891,0.00358469993807375,True,ok,212,,,clean,21260850,29
Joint Tukey,0.10565719785765,0.0854353106250664,0.204426796533563,0.632394234501658,0.0564464305296541,0.00419629993848503,True,ok,19,,,clean,21260850,29
Joint RANSAC,0.111884794035667,0.0895295168567665,0.221968905457715,1.22641745271124,0.0692700662432423,1.10637159994803,True,ok,500,132,0.000206900035847359,clean,21260850,29
Joint OLS,0.111955900472655,0.0899087178019529,0.224674443573569,1.1049193326059,0.0341933156266638,0.000554400030523539,True,legacy_ok,,,,clean,21260851,30
Joint Huber,0.113669775289582,0.0912520151290604,0.228178631123299,1.12110189703148,0.0298331600062787,0.00214939983561635,True,legacy_ok,,,,clean,21260851,30
Joint LAD,0.124497797867235,0.0996741305202041,0.245903131682468,1.57290527432636,0.04986991493425,0.00344139989465475,True,ok,204,,,clean,21260851,30
Joint Tukey,0.114231397843982,0.091671925990362,0.229538850440747,1.10817332968781,0.0262778296945212,0.00219669984653592,True,ok,9,,,clean,21260851,30
Joint RANSAC,0.12374350278258,0.0991929891521577,0.240733055539977,1.28475164159067,0.0221117083538602,1.09929469996132,True,ok,500,127,0.000202451391257824,clean,21260851,30
Joint OLS,0.105716361145789,0.0847501097761017,0.203711904213755,0.717344333100775,0.0559139046264597,0.000578799983486533,True,legacy_ok,,,,clean,21260852,31
Joint Huber,0.105564867446868,0.0847546524713249,0.203102408646316,0.675013427038659,0.0537512664715853,0.00193619984202087,True,legacy_ok,,,,clean,21260852,31
Joint LAD,0.11306011678509,0.0910476536033665,0.214822494465139,0.990867476537234,0.0873413413425441,0.00351669988594949,True,ok,204,,,clean,21260852,31
Joint Tukey,0.105497760812925,0.0846781392143764,0.201862101271644,0.673816032622839,0.0539084926419767,0.00367220002226532,True,ok,17,,,clean,21260852,31
Joint RANSAC,0.117037768687072,0.0931898111958255,0.230497570273513,1.02026184852925,0.101109324296304,1.11498100007884,True,ok,500,127,0.000200762361899146,clean,21260852,31
Joint OLS,0.103585090293495,0.0830248032876656,0.201263224434456,0.396838126043127,0.0315228347826511,0.000555400038138032,True,legacy_ok,,,,clean,21260853,32
Joint Huber,0.10538132307898,0.0843298784600732,0.20383768004173,0.635935564224706,0.0396434258110967,0.00255989981815219,True,legacy_ok,,,,clean,21260853,32
Joint LAD,0.114318330000896,0.0913165973814955,0.220988129681032,1.27056276785494,0.0683642099602518,0.00356069998815656,True,ok,210,,,clean,21260853,32
Joint Tukey,0.105607247520032,0.0844908765327152,0.203669421628661,0.675100550154643,0.0436753380822612,0.00272030010819435,True,ok,12,,,clean,21260853,32
Joint RANSAC,48017.5326460294,39582.3203316134,85629.2352933734,999944.654818368,92077.1798353021,1.09206419996917,True,ok,500,121,0.000233593934886005,clean,21260853,32
Joint OLS,0.108356229153473,0.0863348040823801,0.214354340180023,0.605827757404938,0.0278462104818626,0.000590900192037225,True,legacy_ok,,,,clean,21260854,33
Joint Huber,0.10758984133893,0.0857746299685822,0.214927055760583,0.556127526271855,0.0343760262693786,0.00178589997813106,True,legacy_ok,,,,clean,21260854,33
Joint LAD,0.122373220720161,0.097328123461827,0.241609758118599,0.788739586963519,0.0662643306725502,0.00362259987741709,True,ok,206,,,clean,21260854,33
Joint Tukey,0.109277385728679,0.0870669058407109,0.215436007761038,0.597697068930106,0.037450900394646,0.00397950015030801,True,ok,18,,,clean,21260854,33
Joint RANSAC,0.112656828125636,0.0899912707155063,0.222188047157346,0.919133491816783,0.0434268769211676,1.12517779995687,True,ok,500,125,0.000200641224975626,clean,21260854,33
Joint OLS,0.10909156956214,0.0875417715929138,0.213427315096082,0.825227947921562,0.050970451809869,0.000629199901595712,True,legacy_ok,,,,clean,21260855,34
Joint Huber,0.109861816457215,0.0882016791086129,0.21365740804673,0.850227003674302,0.0551254796244296,0.001814000075683,True,legacy_ok,,,,clean,21260855,34
Joint LAD,0.112302928252542,0.0904060082405307,0.219422934567959,0.803546588707206,0.0561638511936983,0.00361460004933178,True,ok,209,,,clean,21260855,34
Joint Tukey,0.109680125700574,0.0880565243698182,0.213245884229707,0.84278570775846,0.055170337329551,0.00428300001658499,True,ok,20,,,clean,21260855,34
Joint RANSAC,0.116728423921964,0.0938217356007284,0.22279682684383,1.30345071077999,0.109688017308694,1.14718390000053,True,ok,500,123,0.000195083855468056,clean,21260855,34
Joint OLS,0.103556514867093,0.0826862561166019,0.194535234478721,0.731819488761589,0.040824929377822,0.000566700007766485,True,legacy_ok,,,,clean,21260856,35
Joint Huber,0.105522438798986,0.0841867120980477,0.201975447031799,0.77505333018757,0.0405254542005601,0.00198270007967949,True,legacy_ok,,,,clean,21260856,35
Joint LAD,0.109458639536777,0.0874117722869713,0.214097090403698,0.71295884740742,0.0238163869638348,0.00371759990230203,True,ok,206,,,clean,21260856,35
Joint Tukey,0.106465934696234,0.0849304811211459,0.204336643818692,0.750752908772535,0.0398849132721074,0.00371109996922314,True,ok,16,,,clean,21260856,35
Joint RANSAC,0.10864861706138,0.086899304139785,0.211561865268095,0.723758043978933,0.0514233374054184,1.12526779994369,True,ok,500,130,0.00022804303907558,clean,21260856,35
Joint OLS,0.106442990140801,0.0850477845478666,0.210335786107929,0.539343454406239,0.0571356433096936,0.000686600105836987,True,legacy_ok,,,,clean,21260857,36
Joint Huber,0.108090707518069,0.0861899614412464,0.211579372951576,0.629812781695018,0.0653384371642017,0.00235209986567497,True,legacy_ok,,,,clean,21260857,36
Joint LAD,0.112457711269011,0.0899638413079751,0.216526697084873,1.01670000133515,0.0832197689104916,0.00391760002821684,True,ok,217,,,clean,21260857,36
Joint Tukey,0.107395328719746,0.0857104882366181,0.210535901320785,0.59714726689434,0.0618077922720733,0.00224520009942353,True,ok,9,,,clean,21260857,36
Joint RANSAC,0.11134605794668,0.0886967794998014,0.219200036961809,1.03369913969657,0.0745961013198786,1.12420850014314,True,ok,500,128,0.000230418452252688,clean,21260857,36
Joint OLS,0.106298246414693,0.0853625540893974,0.206912037127793,0.399037153917052,0.0440856464288825,0.000602500047534704,True,legacy_ok,,,,clean,21260858,37
Joint Huber,0.106771916227484,0.0857189320985956,0.207777407434762,0.536449895602525,0.051370963479736,0.00215100008063018,True,legacy_ok,,,,clean,21260858,37
Joint LAD,0.107878077540433,0.0866858803782281,0.208900151214531,0.572901822029869,0.0633451505927432,0.00351789989508688,True,ok,210,,,clean,21260858,37
Joint Tukey,0.107793150813778,0.0866206161067356,0.211506711768905,0.602268522946481,0.0600384914919709,0.003099599853158,True,ok,14,,,clean,21260858,37
Joint RANSAC,0.114340789990532,0.091920340279247,0.217749048124816,0.957977394649363,0.0887888667060882,1.07969660009257,True,ok,500,127,0.0001941466648065,clean,21260858,37
Joint OLS,0.10803779253969,0.0863340753770729,0.207183405501965,0.825815947968713,0.051161696109379,0.000562599860131741,True,legacy_ok,,,,clean,21260859,38
Joint Huber,0.107261943442369,0.0856333478275334,0.207172527840527,0.702141077047723,0.0502833490570839,0.00161479995585978,True,legacy_ok,,,,clean,21260859,38
Joint LAD,0.112803456215871,0.0904110529590931,0.2140894132733,0.75516435818149,0.0482787876530504,0.00361300003714859,True,ok,210,,,clean,21260859,38
Joint Tukey,0.107597946691855,0.0859316053563395,0.207131596831545,0.726189847748085,0.0495868311088672,0.00215690000914037,True,ok,9,,,clean,21260859,38
Joint RANSAC,0.118810046638844,0.0949196887896994,0.227330747921606,1.05479818191705,0.0959469085853034,1.12640039995313,True,ok,500,129,0.000233920590905647,clean,21260859,38
Joint OLS,0.106456949082848,0.084553433723407,0.210776607509899,0.711825834708913,0.0668929527741725,0.000653999857604504,True,legacy_ok,,,,clean,21260860,39
Joint Huber,0.107282181318249,0.0851181921121789,0.209417332386863,0.5772467520237,0.0643480657058016,0.00270349998027086,True,legacy_ok,,,,clean,21260860,39
Joint LAD,0.110800623577271,0.0878707429982047,0.215722877970848,0.457207325870821,0.0638567674947513,0.00360299996100366,True,ok,208,,,clean,21260860,39
Joint Tukey,0.107673548340362,0.0853875284268205,0.210175108892585,0.729717858296441,0.0708012126837359,0.00321380002424121,True,ok,14,,,clean,21260860,39
Joint RANSAC,0.118195620132812,0.0945332757758471,0.229218847379542,0.602987164718863,0.0574133952550631,1.10363489994779,True,ok,500,130,0.000201469739001574,clean,21260860,39
Joint OLS,0.102977610491524,0.0819086546652533,0.204043608989157,0.458592159871927,0.0312906204975326,0.00150829995982349,True,legacy_ok,,,,clean,21260861,40
Joint Huber,0.103438953370702,0.0822930034337929,0.205959541206369,0.502439554997481,0.0350323966265345,0.00199400004930794,True,legacy_ok,,,,clean,21260861,40
Joint LAD,0.105933451201131,0.0841706680318013,0.208240068942445,0.771551203090387,0.0553905174479733,0.003974299877882,True,ok,216,,,clean,21260861,40
Joint Tukey,0.103025872059206,0.0819722512709644,0.203247402664175,0.475128130018792,0.0343051359511256,0.00169209996238351,True,ok,7,,,clean,21260861,40
Joint RANSAC,0.10753501785353,0.0857860065932596,0.209963109331657,0.624865621302844,0.0611950082051026,1.08362739998847,True,ok,500,134,0.000254526937277413,clean,21260861,40
Joint OLS,0.110517752660396,0.0889650981089427,0.219517539093061,1.41231588460484,0.0804996882736759,0.000557299936190248,True,legacy_ok,,,,clean,21260862,41
Joint Huber,0.112663255526532,0.0906017918982275,0.223418583800949,1.5683812261091,0.0900315264287717,0.00169029994867742,True,legacy_ok,,,,clean,21260862,41
Joint LAD,0.118573951884346,0.0955306072344371,0.231130015221437,1.8308630595389,0.0955167561750253,0.00346960010938346,True,ok,208,,,clean,21260862,41
Joint Tukey,0.112596028072839,0.0905868879043227,0.222258720102353,1.57815493137189,0.0915254285305232,0.00246610003523529,True,ok,10,,,clean,21260862,41
Joint RANSAC,62746.901667647,52495.2404908252,106997.823379819,999976.701830606,8744.02351870479,1.10356169985607,True,ok,500,121,0.000201649999539692,clean,21260862,41
Joint OLS,0.104992706081564,0.0838135593447162,0.205812554248297,0.722527725990788,0.0308000419288424,0.000568100018426776,True,legacy_ok,,,,clean,21260863,42
Joint Huber,0.105393334543379,0.0842210394182321,0.207281937605863,0.829648826747818,0.0416181395718002,0.00202669994905591,True,legacy_ok,,,,clean,21260863,42
Joint LAD,0.1044468966924,0.08341189421957,0.201535784850826,0.54944545388507,0.0179624945491224,0.00368209998123348,True,ok,224,,,clean,21260863,42
Joint Tukey,0.105957117752768,0.0848937088016913,0.207402783524202,0.896071957896521,0.0482419968058693,0.00380299985408783,True,ok,15,,,clean,21260863,42
Joint RANSAC,0.119217148419856,0.0960198880180983,0.232604952844184,1.63610744308347,0.0746321363543216,1.0943350000307,True,ok,500,126,0.000191996791661901,clean,21260863,42
Joint OLS,0.111854091841055,0.0893811181201327,0.216389945528439,0.377243074437687,0.0459447922392517,0.0005602000746876,True,legacy_ok,,,,clean,21260864,43
Joint Huber,0.114633385344074,0.0916388130521969,0.220422161767431,0.433362326948506,0.0509526693819138,0.00197759992443025,True,legacy_ok,,,,clean,21260864,43
Joint LAD,0.123839669879634,0.0999731192905633,0.236037091755747,0.583814629723579,0.0738391485376949,0.00357490009628236,True,ok,211,,,clean,21260864,43
Joint Tukey,0.114262823623407,0.0913756136618638,0.219424405899815,0.415617166442057,0.0511208554495346,0.00261550000868738,True,ok,11,,,clean,21260864,43
Joint RANSAC,0.125051131575736,0.10071544550181,0.238078668225583,0.40108711426628,0.0762672629938048,1.11405630013905,True,ok,500,128,0.000203485002650289,clean,21260864,43
Joint OLS,0.106497796934736,0.0850597691072278,0.203544185399807,0.711850319099806,0.036765941502585,0.000560199841856956,True,legacy_ok,,,,clean,21260865,44
Joint Huber,0.107410103892869,0.0859307436957948,0.208592709484723,0.703055467087915,0.0421995680904828,0.00192390009760857,True,legacy_ok,,,,clean,21260865,44
Joint LAD,0.116101845668977,0.0942252958891694,0.223317503245823,0.851340529789624,0.0880562821239428,0.0035691000521183,True,ok,218,,,clean,21260865,44
Joint Tukey,0.107254275352237,0.0857184685342865,0.208666386982603,0.680028540098932,0.0398118956695128,0.00248349993489683,True,ok,11,,,clean,21260865,44
Joint RANSAC,0.110105580709615,0.0878178785553874,0.220267018001152,0.726605566698883,0.0328532355689034,1.12938910000958,True,ok,500,128,0.00021249959830222,clean,21260865,44
Joint OLS,0.11045940390269,0.0875141619421862,0.215044155547517,0.933175069862528,0.079221494776599,0.000579399988055229,True,legacy_ok,,,,clean,21260866,45
Joint Huber,0.110034008820466,0.0872559117219975,0.217718853229698,0.772641431832303,0.069783228271701,0.00257909996435046,True,legacy_ok,,,,clean,21260866,45
Joint LAD,0.110922166121049,0.0882053465926957,0.218855372122384,0.629472945630442,0.0590331857514668,0.00364030012860894,True,ok,222,,,clean,21260866,45
Joint Tukey,0.110899908777014,0.0877899615859744,0.218846715936571,0.846784684215254,0.0690720304160694,0.00572080002166331,True,ok,27,,,clean,21260866,45
Joint RANSAC,33855.9591450307,29105.6321999698,56804.2724188297,1000020.02394068,58007.9632823147,1.12351879989728,True,ok,500,121,0.000176030586592381,clean,21260866,45
Joint OLS,0.110282940725383,0.088197703854074,0.218966848258262,0.759278317904596,0.0688937500704821,0.000570400152355433,True,legacy_ok,,,,clean,21260867,46
Joint Huber,0.112206159594973,0.0897435227984204,0.219579380415169,0.812317775226544,0.0686821879494397,0.00195669988170266,True,legacy_ok,,,,clean,21260867,46
Joint LAD,0.112582301317816,0.0902649562567593,0.217693439217115,0.362532746056516,0.0535621882932148,0.00380030018277466,True,ok,232,,,clean,21260867,46
Joint Tukey,0.11261114222474,0.0901012944264053,0.220503733888222,0.758124178517224,0.0637080357615978,0.0029338002204895,True,ok,13,,,clean,21260867,46
Joint RANSAC,0.127050959147941,0.101513735455479,0.24837324492788,1.84288760615975,0.0998044339094174,1.13304560002871,True,ok,500,125,0.000217254802006184,clean,21260867,46
Joint OLS,0.109294605771057,0.0867932424639897,0.213441724588126,0.660002618974084,0.0344607776648654,0.000570100033655763,True,legacy_ok,,,,clean,21260868,47
Joint Huber,0.108063032952677,0.0858656142750611,0.212576872177905,0.666720492238031,0.0374507738401154,0.00208220002241433,True,legacy_ok,,,,clean,21260868,47
Joint LAD,0.105483316401543,0.0840547785020409,0.207782268834578,0.617939525547784,0.0335876458290456,0.00354490010067821,True,ok,216,,,clean,21260868,47
Joint RANSAC,0.109848680269602,0.0872065552587623,0.218059119074443,0.801659219869014,0.0789966707815067,1.13683900004253,True,ok,500,125,0.000224868305607699,clean,21260868,47
Joint Tukey,,,,,,0.0063924000132829,False,max_iterations_reached,30,,,clean,21260868,47
Joint OLS,0.110232607498246,0.08827014884896,0.213481265356208,1.12441877112877,0.0856578909457849,0.000569499796256423,True,legacy_ok,,,,clean,21260869,48
Joint Huber,0.108218729113407,0.0866116171617655,0.208698903936977,0.955976664115826,0.0745120872356726,0.00185820017941296,True,legacy_ok,,,,clean,21260869,48
Joint LAD,0.109190544006982,0.0873962804306812,0.210182095415945,1.05709244036359,0.0699331956467871,0.00354990013875067,True,ok,223,,,clean,21260869,48
Joint Tukey,0.107970183497764,0.0863832692293514,0.206858616644467,0.946988220316149,0.0723323949941534,0.00252719991840422,True,ok,11,,,clean,21260869,48
Joint RANSAC,0.11295729407835,0.0897756774529202,0.220098672995661,1.18890228392126,0.0564164264475284,1.11063730018213,True,ok,500,123,0.000247619178718914,clean,21260869,48
Joint OLS,0.106791105420456,0.0854096058609211,0.207500638632041,1.0634046235051,0.0628964338898856,0.0018756000790745,True,legacy_ok,,,,clean,21260870,49
Joint Huber,0.107655060613559,0.0860556652595133,0.207211117910511,1.11647605231839,0.0621460608848689,0.00277460017241538,True,legacy_ok,,,,clean,21260870,49
Joint LAD,0.110279225537402,0.0887478225262945,0.218828463359699,1.15134011677518,0.0785606136789444,0.00350479991175234,True,ok,210,,,clean,21260870,49
Joint Tukey,0.107311850032894,0.0858081413645643,0.208783108375954,1.09341348864264,0.0624701776516192,0.00189339998178184,True,ok,8,,,clean,21260870,49
Joint RANSAC,0.113361689414965,0.090324037941878,0.224603534754131,1.2933150934011,0.0932284259116319,1.15451689995825,True,ok,500,124,0.000218189347120284,clean,21260870,49
Joint OLS,2.89417743675841,2.46971797340134,5.19681705674486,33.4167526540967,2.67563082994353,0.000596500001847744,True,legacy_ok,,,,nominal,21260871,0
Joint Huber,1.10280162661862,0.864700725610591,2.28193746206315,11.0381966785013,0.517140445135994,0.00424939999356866,True,legacy_ok,,,,nominal,21260871,0
Joint LAD,1.02645067912569,0.804888457718386,2.11750603352119,5.3133904579684,0.223346454307173,0.00318679981864989,True,ok,190,,,nominal,21260871,0
Joint Tukey,1.06491255287642,0.833564134763656,2.20614888430575,9.45953623160744,0.452298411518697,0.00479200016707182,True,ok,23,,,nominal,21260871,0
Joint RANSAC,1.10099142884592,0.861530393565204,2.29179024245081,11.2420563561148,0.433993862685253,1.1292743999511,True,ok,500,122,0.00737453877600765,nominal,21260871,0
Joint OLS,3.89997420813769,3.19913823042671,7.73783764153624,71.5100389992676,6.5127276991263,0.000700399978086352,True,legacy_ok,,,,nominal,21260872,1
Joint Huber,1.07412305807991,0.864511642195841,2.14208548238659,7.89961908857533,0.43362186590392,0.00265839998610318,True,legacy_ok,,,,nominal,21260872,1
Joint LAD,1.09439938386058,0.876713775679695,2.16280865802432,8.68574480455906,0.60665648934302,0.00354860001243651,True,ok,213,,,nominal,21260872,1
Joint Tukey,1.05264805726046,0.8454203554747,2.10844759546021,6.90122060469692,0.288146238489121,0.00427839998155832,True,ok,17,,,nominal,21260872,1
Joint RANSAC,1.05865274412737,0.848936874910123,2.07359975405907,7.8882165319326,0.275727431529644,1.13757580006495,True,ok,500,129,0.0104800865318421,nominal,21260872,1
Joint OLS,4.03603675635011,3.29342796848281,7.63247916371199,83.2099235785586,6.67340963421363,0.000592599855735898,True,legacy_ok,,,,nominal,21260873,2
Joint Huber,1.18945058402449,0.94698782989959,2.37544108303016,14.8553921858237,1.09406679973388,0.0029324998613447,True,legacy_ok,,,,nominal,21260873,2
Joint LAD,1.18374057192865,0.944835554513368,2.29753340730561,12.7900330483869,0.827291776098239,0.00349219981580973,True,ok,206,,,nominal,21260873,2
Joint Tukey,1.15125682502631,0.911007231355258,2.3489488059341,13.5424731520424,0.904497973006398,0.00285899988375604,True,ok,13,,,nominal,21260873,2
Joint RANSAC,1.14783883998969,0.907056954260855,2.31677996991984,13.2295757525717,0.902668404110614,1.12687469995581,True,ok,500,130,0.00861128914226225,nominal,21260873,2
Joint OLS,4.75792279720552,3.74977117873428,9.92527120310829,96.7502014363377,8.28060474304711,0.000588799826800823,True,legacy_ok,,,,nominal,21260874,3
Joint Huber,1.03842686243077,0.825332284048806,2.01120515352837,7.2427254928565,0.591204921630572,0.00360539997927845,True,legacy_ok,,,,nominal,21260874,3
Joint LAD,1.04767722178472,0.839962835481347,2.04820090266935,8.71524088360443,0.660015496700588,0.00321780005469918,True,ok,207,,,nominal,21260874,3
Joint Tukey,1.04714759284326,0.837673210028916,2.00253468909679,8.49121634402001,0.579658470269291,0.00457159988582134,True,ok,22,,,nominal,21260874,3
Joint RANSAC,1.01657751779518,0.808434742891107,2.00228910157527,5.58853579678665,0.477815555604854,1.09229399985634,True,ok,500,122,0.00873621546077905,nominal,21260874,3
Joint OLS,5.28635549396607,4.1360013348028,10.7082370803081,128.981423860916,7.48456099715059,0.001583700068295,True,legacy_ok,,,,nominal,21260875,4
Joint Huber,1.05222449343529,0.833808108624537,2.10626047179048,7.04929690161999,0.291024009673955,0.00343520008027554,True,legacy_ok,,,,nominal,21260875,4
Joint LAD,1.08141459690908,0.861670651347175,2.16286191646198,3.47791259833621,0.300292684613859,0.00339350011199713,True,ok,208,,,nominal,21260875,4
Joint Tukey,1.03347905720351,0.824748797381458,2.01212675997553,4.03604260118272,0.285326731856166,0.00288200005888939,True,ok,13,,,nominal,21260875,4
Joint RANSAC,1.02143936996122,0.81463006127026,2.011366721133,3.79579485595604,0.300981808424794,1.11839319998398,True,ok,500,131,0.0115763773770001,nominal,21260875,4
Joint OLS,4.12545768230401,3.38322994754948,7.6911825780392,94.9531251737804,5.45208950076421,0.000581299886107445,True,legacy_ok,,,,nominal,21260876,5
Joint Huber,1.13196928862162,0.905565784454064,2.15262961473783,13.5702215934227,0.633345382284923,0.00291400006972253,True,legacy_ok,,,,nominal,21260876,5
Joint LAD,1.08920521338722,0.86558044678467,2.06875579168368,7.89652627244246,0.526566944837165,0.00316560012288392,True,ok,184,,,nominal,21260876,5
Joint RANSAC,1.11952231494126,0.889874078786066,2.18275340187297,9.49672366201869,0.443303413185912,1.17121649999171,True,ok,500,122,0.0102162558542436,nominal,21260876,5
Joint Tukey,,,,,,0.000272799981757998,False,weighted_design_rank_deficient,1,,,nominal,21260876,5
Joint OLS,2.62910805378777,2.25841495383679,4.77574291394518,36.0696635102918,2.43793184008223,0.000949300127103925,True,legacy_ok,,,,nominal,21260877,6
Joint Huber,1.15970739248562,0.922148555436893,2.28423976030925,9.28340140933721,0.602100373362257,0.00337389996275306,True,legacy_ok,,,,nominal,21260877,6
Joint LAD,1.1375885379212,0.892779210182178,2.26246343977436,10.0739079429058,0.849643390437203,0.00333649991080165,True,ok,190,,,nominal,21260877,6
Joint Tukey,1.17238292833341,0.930538286134763,2.31554347874372,11.8223107267327,0.783560916161497,0.00567720015533268,True,ok,27,,,nominal,21260877,6
Joint RANSAC,1.10344092494539,0.883412139364674,2.18399231768132,6.24098876328982,0.45266685502511,1.14477530005388,True,ok,500,126,0.00716619813297686,nominal,21260877,6
Joint OLS,3.12216021018336,2.5790858468038,5.89632455403262,56.7724441846453,1.93656589162557,0.000813000136986375,True,legacy_ok,,,,nominal,21260878,7
Joint Huber,1.03695375610329,0.826786894837182,2.09052716187656,7.78229877017729,0.417034265953354,0.00293860002420843,True,legacy_ok,,,,nominal,21260878,7
Joint LAD,1.09032851976525,0.869201978066156,2.14588654082917,10.9395114064872,0.64354101421094,0.00316650001332164,True,ok,197,,,nominal,21260878,7
Joint Tukey,1.03054681708743,0.824413311975648,2.07982442554453,7.67536285839958,0.441216575630592,0.00427550007589161,True,ok,20,,,nominal,21260878,7
Joint RANSAC,1.04529811481055,0.836549560404991,2.10464907171968,8.88270763200979,0.504301250707531,1.13788509997539,True,ok,500,127,0.00715174350284157,nominal,21260878,7
Joint OLS,5.66285164921027,4.32712239162666,12.1989674119234,127.808358115263,8.41154682349443,0.000585500150918961,True,legacy_ok,,,,nominal,21260879,8
Joint Huber,1.16010179381322,0.934511468713158,2.18777357404143,14.1207313520472,1.03275508569366,0.0026308000087738,True,legacy_ok,,,,nominal,21260879,8
Joint LAD,1.22305107328568,0.986057115487524,2.34277374319271,14.4327418834243,1.22485881249351,0.00343609997071326,True,ok,209,,,nominal,21260879,8
Joint Tukey,1.13384515679987,0.911783591893852,2.16684971915511,12.5395161704371,0.999764809379746,0.00573479989543557,True,ok,27,,,nominal,21260879,8
Joint RANSAC,1.09394138454781,0.878764722165442,2.08998022657951,10.0303226629301,0.808625860651758,1.15540279983543,True,ok,500,126,0.0125070197841139,nominal,21260879,8
Joint OLS,5.64750612675981,4.08846184762178,12.5434719845281,124.054237943862,8.80835558032622,0.000595899997279048,True,legacy_ok,,,,nominal,21260880,9
Joint Huber,1.05583965377116,0.832716092459369,2.01206987192144,7.8785902440987,0.357402257395694,0.00284990016371012,True,legacy_ok,,,,nominal,21260880,9
Joint LAD,1.05352743483288,0.838965393246142,2.07230183121467,9.45405644777288,0.614578813097985,0.00316169997677207,True,ok,196,,,nominal,21260880,9
Joint Tukey,1.03492758913455,0.817402887855476,1.99129380693561,5.48928761629748,0.172598450770248,0.00353210000321269,True,ok,16,,,nominal,21260880,9
Joint RANSAC,1.04183977337091,0.823882703806929,1.99790149185333,6.16852347770688,0.203648746942804,1.23457930004224,True,ok,500,119,0.0117263192914182,nominal,21260880,9
Joint OLS,3.14879679343167,2.58661995371521,6.02413783170133,55.8122466172605,4.46946766278189,0.000571899814531207,True,legacy_ok,,,,nominal,21260881,10
Joint Huber,1.0607160114788,0.850411917010815,2.06897543472451,6.4588300691469,0.276362446228448,0.00472630001604557,True,legacy_ok,,,,nominal,21260881,10
Joint LAD,1.1010691068161,0.884220242898317,2.11569132800022,10.9733172053864,0.604977726418286,0.00403849990107119,True,ok,223,,,nominal,21260881,10
Joint Tukey,1.14917450764945,0.923555771411443,2.20647657679329,10.6689379982219,0.728108980310406,0.00482159992679954,True,ok,22,,,nominal,21260881,10
Joint RANSAC,1.07743790885724,0.862024992040298,2.09935751313495,7.00184019907536,0.297458777324576,1.18130210018717,True,ok,500,133,0.00862397971271981,nominal,21260881,10
Joint OLS,3.49224070843743,3.00250918839537,6.01137837339749,40.3207791580389,3.98768301204337,0.000544500071555376,True,legacy_ok,,,,nominal,21260882,11
Joint Huber,1.14026833443058,0.906918150364479,2.20904325473832,11.0607628373163,0.613145927593692,0.00244430010206997,True,legacy_ok,,,,nominal,21260882,11
Joint LAD,1.15082355947121,0.919049309845368,2.22089501916685,10.6512502646823,0.718170721607431,0.00355260004289448,True,ok,210,,,nominal,21260882,11
Joint RANSAC,1.13697780730796,0.904927811593719,2.19916630586496,11.0639704881163,0.628500333598973,1.1080793000292,True,ok,500,134,0.0102680035020874,nominal,21260882,11
Joint Tukey,,,,,,0.00626989989541471,False,max_iterations_reached,30,,,nominal,21260882,11
Joint OLS,3.35472830268476,2.86720038389099,6.06049381605675,46.0126052139599,4.27944865163825,0.000693700043484569,True,legacy_ok,,,,nominal,21260883,12
Joint Huber,1.11775133452527,0.884794358696769,2.14757949735205,12.3420212574493,0.995706360416761,0.00299390009604394,True,legacy_ok,,,,nominal,21260883,12
Joint LAD,1.15760182144681,0.921040183690943,2.26123829952183,16.0258542202248,1.18913663489078,0.00343540008179843,True,ok,210,,,nominal,21260883,12
Joint RANSAC,1.1019463509451,0.871426867645882,2.1480032398365,11.9481313579793,0.928291237283099,1.1225076999981,True,ok,500,130,0.0100193168197935,nominal,21260883,12
Joint Tukey,,,,,,0.0064062001183629,False,max_iterations_reached,30,,,nominal,21260883,12
Joint OLS,4.39524912642757,3.52367310123138,8.61261534236406,99.1946980767392,5.56056012382703,0.000962599879130721,True,legacy_ok,,,,nominal,21260884,13
Joint Huber,1.11888796751562,0.890141580563055,2.22238113154489,9.66043918230805,0.420192662599944,0.00325990002602339,True,legacy_ok,,,,nominal,21260884,13
Joint LAD,1.09973579608981,0.871863736565091,2.18536601960615,9.34487960069588,0.567717466575269,0.00327670015394688,True,ok,199,,,nominal,21260884,13
Joint Tukey,1.10831397787057,0.884780818545415,2.20256333681226,7.93554488101124,0.465406397232236,0.00231299991719425,True,ok,10,,,nominal,21260884,13
Joint RANSAC,1.11914972796509,0.893255160318903,2.22352475936241,8.56576099466737,0.499842820481846,1.16521809995174,True,ok,500,128,0.00846488940616402,nominal,21260884,13
Joint OLS,3.95443366869652,3.2637467175299,7.88618393222222,65.2366921208727,3.41489543787709,0.000587099930271506,True,legacy_ok,,,,nominal,21260885,14
Joint Huber,1.12496635195506,0.902341249772537,2.20070493462767,10.4643324304183,0.856083150488997,0.00394589989446104,True,legacy_ok,,,,nominal,21260885,14
Joint LAD,1.11566075276021,0.890753381356793,2.1615286514441,12.2225522260407,0.710043809394557,0.00332640018314123,True,ok,205,,,nominal,21260885,14
Joint Tukey,1.12041311060924,0.896923926709272,2.18148656357329,13.0171048190885,0.876269222503375,0.00478080008178949,True,ok,23,,,nominal,21260885,14
Joint RANSAC,1.08519412473874,0.868858554329029,2.16789487553477,8.41448110320843,0.706380496304726,1.13964410009794,True,ok,500,125,0.00946181529210373,nominal,21260885,14
Joint OLS,4.35494476686919,3.59270993233978,8.98592454825788,86.7897712031355,4.04938834673298,0.000664800172671676,True,legacy_ok,,,,nominal,21260886,15
Joint Huber,1.07505753201407,0.850417744749244,2.15646828974556,4.74499970143086,0.196988542198725,0.00282549997791648,True,legacy_ok,,,,nominal,21260886,15
Joint LAD,1.22827427400644,0.978876326297077,2.39023327676993,9.36106740728164,1.15060209626781,0.00341770006343722,True,ok,206,,,nominal,21260886,15
Joint RANSAC,1.07101308052061,0.84717821273801,2.12117943095009,2.62675090832764,0.261058271607878,1.12346069980413,True,ok,500,130,0.00801141865867401,nominal,21260886,15
Joint Tukey,,,,,,0.000271400203928351,False,weighted_design_rank_deficient,1,,,nominal,21260886,15
Joint OLS,3.85940200313281,3.2671166640964,7.41440116886309,54.299509236929,1.62014326034748,0.00101180002093315,True,legacy_ok,,,,nominal,21260887,16
Joint Huber,1.10365554431496,0.884805507035221,2.1365631070978,6.09656382471177,0.513244610477127,0.00303389993496239,True,legacy_ok,,,,nominal,21260887,16
Joint LAD,1.10887394910681,0.888209287762962,2.13290582076553,8.24648559390705,0.731081521301023,0.00402730004861951,True,ok,197,,,nominal,21260887,16
Joint Tukey,1.09452201720393,0.876811869399748,2.16190780706569,5.54489709766825,0.53827968569577,0.00520539982244372,True,ok,25,,,nominal,21260887,16
Joint RANSAC,1.08693301511208,0.871359693202236,2.13647983424665,5.47672489465658,0.505683678581301,1.16902280016802,True,ok,500,128,0.00802440579184445,nominal,21260887,16
Joint OLS,2.83194203670298,2.29296307351127,5.67721867559001,47.3296153739091,2.8907423514912,0.000589000061154366,True,legacy_ok,,,,nominal,21260888,17
Joint Huber,1.05604249766582,0.84888004361204,2.00605419766253,8.24878913925308,0.695454791713269,0.00248180003836751,True,legacy_ok,,,,nominal,21260888,17
Joint LAD,1.07231949600281,0.859472939586041,2.09422062650146,10.3624999005091,0.766158479763145,0.00323749985545874,True,ok,197,,,nominal,21260888,17
Joint Tukey,1.07273700545107,0.86401431490061,2.07849267484637,9.53616694119724,0.74113331982175,0.00383850000798702,True,ok,18,,,nominal,21260888,17
Joint RANSAC,1.04433990021903,0.841706343807979,1.96717860934861,5.88431136966607,0.589136350487874,1.12369840010069,True,ok,500,125,0.00863576893106962,nominal,21260888,17
Joint OLS,4.16218132570552,3.41693662835481,7.81864643054177,73.3698313774301,6.78931269900427,0.000591000076383352,True,legacy_ok,,,,nominal,21260889,18
Joint Huber,1.0772145504238,0.859047793728511,2.08495334936671,5.77084573992803,0.464309378625871,0.0029897999484092,True,legacy_ok,,,,nominal,21260889,18
Joint LAD,1.09054410286403,0.876814176341043,2.114061255579,4.6846212075709,0.64856818247281,0.00346009992063046,True,ok,198,,,nominal,21260889,18
Joint RANSAC,1.05424574996919,0.837044290234652,2.09375085086112,6.26015846904262,0.3071828943594,1.12594239995815,True,ok,500,125,0.0105798956808002,nominal,21260889,18
Joint Tukey,,,,,,0.000320600112900138,False,weighted_design_rank_deficient,1,,,nominal,21260889,18
Joint OLS,3.51288595626249,2.78871440568386,6.81625464924096,71.3392672389628,4.81003551813216,0.000611899886280298,True,legacy_ok,,,,nominal,21260890,19
Joint Huber,1.05271766342291,0.844878788260646,2.03419657059545,5.48984571175673,0.369899826241329,0.00342750013805926,True,legacy_ok,,,,nominal,21260890,19
Joint LAD,1.0765026867847,0.865658435556889,2.1195411749602,6.89811299966928,0.515039627969401,0.00339239998720586,True,ok,218,,,nominal,21260890,19
Joint Tukey,1.0567545561182,0.849418083358532,2.06273174648182,4.69152875849209,0.345640626136933,0.00359420012682676,True,ok,17,,,nominal,21260890,19
Joint RANSAC,1.05290949530063,0.846433916556929,2.04171376195177,3.96619132116013,0.332825649584712,1.11084900004789,True,ok,500,125,0.00827302295160483,nominal,21260890,19
Joint OLS,4.37769541437301,3.71117786503041,8.25167441612251,76.2502059407017,7.01101293006252,0.000756700057536364,True,legacy_ok,,,,nominal,21260891,20
Joint Huber,1.08980508913926,0.863677869499031,2.14397833677467,8.43644919646387,0.763795022263755,0.00234479992650449,True,legacy_ok,,,,nominal,21260891,20
Joint LAD,1.17397082412756,0.935176751327252,2.29763244923156,13.141160277077,1.11677547076733,0.00335319992154837,True,ok,205,,,nominal,21260891,20
Joint Tukey,1.08100607057616,0.861079675745248,2.10777182579704,7.95909211393856,0.697849635262803,0.00543900020420551,True,ok,25,,,nominal,21260891,20
Joint RANSAC,1.07641977530941,0.857126526139752,2.08609981933492,8.21328226155742,0.695188601361831,1.08360780007206,True,ok,500,132,0.0106330629115556,nominal,21260891,20
Joint OLS,4.07193038340948,3.23350996199813,8.42810422641493,90.2177213454324,6.00500076071211,0.000571800163015723,True,legacy_ok,,,,nominal,21260892,21
Joint Huber,1.09832395523831,0.879306354343097,2.12832441491767,8.85306525405792,0.720659578800961,0.00246359989978373,True,legacy_ok,,,,nominal,21260892,21
Joint LAD,1.09494611716263,0.870955589587054,2.1601632179177,10.2581068584646,0.727339442490606,0.00334890000522137,True,ok,205,,,nominal,21260892,21
Joint Tukey,1.09811591721973,0.87757614551095,2.12234863956908,8.65176237637971,0.691020515291037,0.00544009986333549,True,ok,25,,,nominal,21260892,21
Joint RANSAC,1.07547886313522,0.864942397136779,2.09566460715536,5.78210982541087,0.486881948944763,1.16352860000916,True,ok,500,129,0.00792386075433943,nominal,21260892,21
Joint OLS,4.34762835292861,3.53010618915715,8.3068886891489,85.6520169926319,4.89547397973792,0.000745099969208241,True,legacy_ok,,,,nominal,21260893,22
Joint Huber,1.10457383600923,0.880169656716739,2.11047127114519,11.0355008606243,0.662879690891772,0.00446780002675951,True,legacy_ok,,,,nominal,21260893,22
Joint LAD,1.17192514227736,0.936275053330377,2.34688427311305,11.1502551997427,0.94620749597106,0.00345270009711385,True,ok,194,,,nominal,21260893,22
Joint Tukey,1.12875350431331,0.897058859515121,2.16348341128079,12.627274359802,0.698696873718614,0.0045395998749882,True,ok,21,,,nominal,21260893,22
Joint RANSAC,1.1106518721248,0.884439462002068,2.11645093214088,10.8517268016006,0.581520984354043,1.13726329989731,True,ok,500,126,0.0114716308303509,nominal,21260893,22
Joint OLS,4.12232361212613,3.32128701398768,7.93684981870868,83.4062086660044,4.22720134884174,0.000675800023600459,True,legacy_ok,,,,nominal,21260894,23
Joint Huber,1.11546633002846,0.896000123693672,2.21550552482022,8.82912920657567,0.891843377361018,0.00380619987845421,True,legacy_ok,,,,nominal,21260894,23
Joint LAD,1.11329606301494,0.897170125058433,2.15216200045347,5.21993208183264,0.695888090270424,0.00344579992815852,True,ok,220,,,nominal,21260894,23
Joint RANSAC,1.08982697976975,0.874969730098891,2.1660571461414,9.61501305551438,0.793336310814878,1.13794209994376,True,ok,500,124,0.0115940274106716,nominal,21260894,23
Joint Tukey,,,,,,0.00611989991739392,False,max_iterations_reached,30,,,nominal,21260894,23
Joint OLS,3.28640786994625,2.72095638308843,6.05669692640802,62.9540838123187,3.83951556219793,0.000583200016990304,True,legacy_ok,,,,nominal,21260895,24
Joint Huber,1.05418233305241,0.842832710513912,2.02479213452662,9.73694923003701,0.73483739697393,0.00419569993391633,True,legacy_ok,,,,nominal,21260895,24
Joint LAD,1.11355007216487,0.882123803280711,2.19187741139137,10.418974339523,0.724463376927378,0.00336909992620349,True,ok,201,,,nominal,21260895,24
Joint Tukey,1.03985531750372,0.826054178238666,2.01849791637798,8.11728740348301,0.580977881067839,0.003985800081864,True,ok,18,,,nominal,21260895,24
Joint RANSAC,1.05591767324268,0.845048229894675,2.05504645136423,10.2078054518675,0.69011718824127,1.14970140019432,True,ok,500,130,0.00951899782645624,nominal,21260895,24
Joint OLS,3.77663905939835,3.15247909518678,7.00744561176521,59.7498728508703,3.15130116085405,0.000990699976682663,True,legacy_ok,,,,nominal,21260896,25
Joint Huber,1.14620674744359,0.913329948035385,2.22446175678783,12.4881644019096,0.852592010743888,0.00249350001104176,True,legacy_ok,,,,nominal,21260896,25
Joint LAD,1.18126208849766,0.948133043741022,2.28873416521544,12.24122956138,0.769414737665839,0.00310419988818467,True,ok,178,,,nominal,21260896,25
Joint Tukey,1.17486804851065,0.932420549630891,2.25990561353839,15.104980710023,1.02354359306773,0.00368550000712276,True,ok,17,,,nominal,21260896,25
Joint RANSAC,1.11261188172714,0.883326604993024,2.19025624912224,12.2973194706802,0.831001218860412,1.11002989998087,True,ok,500,122,0.0108627451059481,nominal,21260896,25
Joint OLS,3.46380338465152,2.68291922847959,7.40469069848188,58.8619244479921,2.24862120059792,0.000654099974781275,True,legacy_ok,,,,nominal,21260897,26
Joint Huber,1.27750717647208,1.02847006047094,2.41802558766935,9.33846780501973,0.444167169275221,0.00391350011341274,True,legacy_ok,,,,nominal,21260897,26
Joint LAD,1.26948344090739,1.02227936925444,2.41538419955773,9.58614860220072,0.44971079862948,0.00343709997832775,True,ok,204,,,nominal,21260897,26
Joint Tukey,1.32797799557648,1.07151950662943,2.5221818597565,11.1675239377266,0.490906698645172,0.00439499993808568,True,ok,21,,,nominal,21260897,26
Joint RANSAC,1.32360188857407,1.06981897457982,2.50206560589818,7.81611951592739,0.513211062672453,1.17486080015078,True,ok,500,127,0.00943655289845642,nominal,21260897,26
Joint OLS,4.30360678300132,3.48760943197456,8.53704085481031,87.1016820510427,7.1853245523448,0.00066990009509027,True,legacy_ok,,,,nominal,21260898,27
Joint Huber,1.15015172422738,0.91303830163432,2.27947097600456,10.1554218663951,0.605885321100978,0.00316180009394884,True,legacy_ok,,,,nominal,21260898,27
Joint LAD,1.29194882901379,1.03023453567795,2.46099206568005,14.2389530803762,0.715074672126494,0.00321080000139773,True,ok,188,,,nominal,21260898,27
Joint Tukey,1.10932203339506,0.878175062823831,2.1867447978094,6.14831014455414,0.485838529075668,0.0054303000215441,True,ok,25,,,nominal,21260898,27
Joint RANSAC,1.1280613670278,0.891568411916369,2.25316085654654,9.89637080224159,0.569447461101604,1.18453540001065,True,ok,500,118,0.0101721033124198,nominal,21260898,27
Joint OLS,4.80252356804041,3.72352049724221,9.95684996076043,93.8132356613149,6.22776968809629,0.000643700128421187,True,legacy_ok,,,,nominal,21260899,28
Joint Huber,1.08826859618613,0.869476599675944,2.10199884650599,9.35883575993718,0.518897740189767,0.00313080009073019,True,legacy_ok,,,,nominal,21260899,28
Joint LAD,1.13928381916983,0.911076854672036,2.19204376983164,11.0682658384521,0.494594855629336,0.00314839999191463,True,ok,189,,,nominal,21260899,28
Joint Tukey,1.09371835631993,0.872050188947089,2.13329654873515,9.96161209481785,0.505084038257881,0.00383149995468557,True,ok,17,,,nominal,21260899,28
Joint RANSAC,1.0918632140936,0.871005042342411,2.10813154119336,9.43361329712699,0.490328969619593,1.25970890000463,True,ok,500,121,0.011310623636403,nominal,21260899,28
Joint OLS,3.22694764048562,2.63571714561163,6.26880804110357,51.517978774904,1.26087618203682,0.0015969998203218,True,legacy_ok,,,,nominal,21260900,29
Joint Huber,1.04608980079633,0.83603177877506,2.00032745944636,6.49551371341089,0.183976053794054,0.00329779996536672,True,legacy_ok,,,,nominal,21260900,29
Joint LAD,1.0962872723888,0.877105176463388,2.08619070944174,10.3789492477856,0.32376662305848,0.00337140006013215,True,ok,192,,,nominal,21260900,29
Joint RANSAC,1.02258660803611,0.814662240057999,1.94227141462315,5.2646634382898,0.226119329921206,1.23864140012302,True,ok,500,123,0.00544018598777188,nominal,21260900,29
Joint Tukey,,,,,,0.00932550011202693,False,max_iterations_reached,30,,,nominal,21260900,29
Joint OLS,4.45049857917365,3.3686006454538,9.70906202008166,92.8905688053817,6.27503200832948,0.000992499990388751,True,legacy_ok,,,,nominal,21260901,30
Joint Huber,1.03711093610364,0.819894145301707,2.04850185118652,7.86711364061945,0.55599481465605,0.00248750019818544,True,legacy_ok,,,,nominal,21260901,30
Joint LAD,1.02228953288375,0.81476820231415,1.9746329276547,4.63522432669326,0.494699664374379,0.00300989998504519,True,ok,185,,,nominal,21260901,30
Joint Tukey,1.04614928270417,0.828731339039059,2.06615654929796,7.02802337016341,0.594587756695292,0.00305380020290613,True,ok,14,,,nominal,21260901,30
Joint RANSAC,1.02707209600215,0.814369475841787,1.99974504806519,7.43416615047178,0.529303067141509,1.17198399989866,True,ok,500,121,0.0106687726185717,nominal,21260901,30
Joint OLS,3.47268097613844,2.87193890026786,6.55008009485147,66.6156900451061,4.50944478584488,0.000655899988487363,True,legacy_ok,,,,nominal,21260902,31
Joint Huber,1.11621103335798,0.882282272419958,2.21803439448056,13.1093480802556,0.694536669067011,0.00328520010225475,True,legacy_ok,,,,nominal,21260902,31
Joint LAD,1.08874423434756,0.865388440415047,2.14058996232396,11.1403095605115,0.63027077626307,0.00345710013061762,True,ok,214,,,nominal,21260902,31
Joint Tukey,1.08666479317412,0.86197036384074,2.14851474882032,11.4508420615671,0.623459321728081,0.00493970001116395,True,ok,24,,,nominal,21260902,31
Joint RANSAC,1.08626530924588,0.862599533323268,2.16111525608724,11.3092106895241,0.605663424422282,1.13645180012099,True,ok,500,130,0.00987851332202542,nominal,21260902,31
Joint OLS,3.45493160305139,2.85490477344467,6.89230187516614,42.2168270756709,4.866735665174,0.000594499986618757,True,legacy_ok,,,,nominal,21260903,32
Joint Huber,1.09133842416554,0.877492737904434,2.13224458699797,9.69423851024299,0.572646684062069,0.00253730011172593,True,legacy_ok,,,,nominal,21260903,32
Joint LAD,1.09174943457562,0.874872541989168,2.12524227778523,9.57541725206834,0.500463017406993,0.00333910016342998,True,ok,214,,,nominal,21260903,32
Joint Tukey,1.09537275390414,0.878359320630714,2.17247338942386,10.8828783777499,0.625573126503489,0.00562429986894131,True,ok,27,,,nominal,21260903,32
Joint RANSAC,1.06236518157632,0.853094106356581,2.06359193539392,9.68249526199609,0.503692181372195,1.12587300012819,True,ok,500,129,0.00861804234857817,nominal,21260903,32
Joint OLS,3.57393498377067,2.70910915554382,7.75659321991142,71.7184406522534,3.60784050113118,0.000679000047966838,True,legacy_ok,,,,nominal,21260904,33
Joint Huber,1.08047272770865,0.864159387333391,2.0944984140046,8.41450837758774,0.459523063803856,0.00328750000335276,True,legacy_ok,,,,nominal,21260904,33
Joint LAD,1.2015614844955,0.961195068617569,2.39659295616867,16.2379693801682,0.786821670705704,0.00316129997372627,True,ok,192,,,nominal,21260904,33
Joint Tukey,1.08833467584723,0.871261327997541,2.13155771309204,8.27993329889569,0.537605495611624,0.00503850006498396,True,ok,24,,,nominal,21260904,33
Joint RANSAC,1.08287659744876,0.870211688531312,2.09985855888739,8.24897885735735,0.54777296165929,1.10548919998109,True,ok,500,128,0.00903453738455403,nominal,21260904,33
Joint OLS,4.40159013829704,3.64260491948226,8.60603759367571,73.6468805953264,7.44036898816188,0.0011521999258548,True,legacy_ok,,,,nominal,21260905,34
Joint Huber,1.1360997948303,0.8983422755623,2.315335287593,10.0746280612918,0.974548042059054,0.00562870013527572,True,legacy_ok,,,,nominal,21260905,34
Joint LAD,1.28538115609921,1.01810022602018,2.60214064546238,16.7165223237741,1.54142179297391,0.0035546999424696,True,ok,209,,,nominal,21260905,34
Joint RANSAC,1.08167149262824,0.857966943450423,2.21125491677725,8.40063380373032,0.748864438547561,1.10642359987833,True,ok,500,132,0.00838243440333406,nominal,21260905,34
Joint Tukey,,,,,,0.000276600010693073,False,weighted_design_rank_deficient,1,,,nominal,21260905,34
Joint OLS,4.99736930102428,3.92084484655164,10.4603989592427,102.968924723192,7.64951925112904,0.000583600020036101,True,legacy_ok,,,,nominal,21260906,35
Joint Huber,1.12944410787599,0.893815720562741,2.21370216015782,7.37272625657935,0.602140465356294,0.00299269985407591,True,legacy_ok,,,,nominal,21260906,35
Joint LAD,1.13849042263095,0.900918177655293,2.26137324071693,9.49499608947279,0.591557666146184,0.00324639980681241,True,ok,206,,,nominal,21260906,35
Joint Tukey,1.19729711778889,0.934013499498194,2.43841178485411,11.6914414379846,0.534956705572445,0.00593540002591908,True,ok,28,,,nominal,21260906,35
Joint RANSAC,1.10272069814732,0.884162166404155,2.1075633865852,10.6624379686997,0.772154866454235,1.13793709990568,True,ok,500,124,0.0123350317818383,nominal,21260906,35
Joint OLS,3.63317611963703,3.06738220811266,6.78582471590197,52.4764862693142,3.81993711867061,0.000573700061067939,True,legacy_ok,,,,nominal,21260907,36
Joint Huber,1.0783272062237,0.863934104974595,2.09076089348201,6.8229143710924,0.538559053052321,0.0034254000056535,True,legacy_ok,,,,nominal,21260907,36
Joint LAD,1.10878255452384,0.893660823711474,2.15345076434952,10.4248119917532,0.671817616346749,0.00316029996611178,True,ok,191,,,nominal,21260907,36
Joint Tukey,1.05907291551065,0.85086287167735,2.07139153098197,6.95998630483611,0.475065087581315,0.00430550007149577,True,ok,20,,,nominal,21260907,36
Joint RANSAC,1.05796815562727,0.848317541643669,2.07362369723789,7.1308612381876,0.479107882643146,1.14435989991762,True,ok,500,125,0.0117239969707224,nominal,21260907,36
Joint OLS,4.73090174140925,3.87910677846398,8.96975220388629,102.867764689418,6.55991347409874,0.000598900020122528,True,legacy_ok,,,,nominal,21260908,37
Joint Huber,1.21654224139976,0.974541147967596,2.4040661639499,16.1688362827849,0.733524529206729,0.00301020010374486,True,legacy_ok,,,,nominal,21260908,37
Joint LAD,1.25599931719831,1.00362252495846,2.49996139585864,17.2284980190646,0.726934542955931,0.00319479987956583,True,ok,193,,,nominal,21260908,37
Joint Tukey,1.17669249859764,0.944171779714103,2.30043626589023,14.2445742189578,0.63150810936945,0.0031952999997884,True,ok,15,,,nominal,21260908,37
Joint RANSAC,1.14355796953776,0.916767805735839,2.25184011655699,13.1189532753654,0.612116729622341,1.1517980999779,True,ok,500,126,0.0110954375300467,nominal,21260908,37
Joint OLS,3.63222939343764,3.16333042987202,6.2726844098675,58.4339129344183,5.03296006227849,0.00182290002703667,True,legacy_ok,,,,nominal,21260909,38
Joint Huber,1.03623179951205,0.831941421176376,1.99190052300375,6.44814216465506,0.516747969862759,0.00470170006155968,True,legacy_ok,,,,nominal,21260909,38
Joint LAD,1.12271035985009,0.899939075335789,2.14479051693122,7.44605266168002,0.788862488628636,0.00420880015008152,True,ok,216,,,nominal,21260909,38
Joint Tukey,1.03855210624934,0.833736462747666,2.02812448500509,6.3643135757914,0.506792960807588,0.0027604999486357,True,ok,12,,,nominal,21260909,38
Joint RANSAC,1.0287863091893,0.825238962437169,2.01139540340609,7.115049184817,0.518160471611352,1.11518709990196,True,ok,500,128,0.0111125790169081,nominal,21260909,38
Joint OLS,3.86905944600456,3.40204392258737,6.53513299932076,53.49505199576,5.12345764341421,0.000644400017336011,True,legacy_ok,,,,nominal,21260910,39
Joint Huber,1.08223641048278,0.863384829943979,2.103028512823,6.98258235105032,0.339068840180729,0.00285820011049509,True,legacy_ok,,,,nominal,21260910,39
Joint LAD,1.16014939173518,0.925738103659129,2.24589668058535,10.792008929181,0.449642754328503,0.0033625999931246,True,ok,207,,,nominal,21260910,39
Joint RANSAC,1.06174585151903,0.845307602380266,2.05839595939494,7.1571406119142,0.360891742961092,1.18022170010954,True,ok,500,125,0.0116447459300887,nominal,21260910,39
Joint Tukey,,,,,,0.00620729988440871,False,max_iterations_reached,30,,,nominal,21260910,39
Joint OLS,4.07772160375431,3.37047213480536,7.88636168519048,78.1648260085869,4.12039062028039,0.00059010018594563,True,legacy_ok,,,,nominal,21260911,40
Joint Huber,1.09243373160798,0.878139440733417,2.12229273060807,6.8127591528975,0.635259719711852,0.00291519984602928,True,legacy_ok,,,,nominal,21260911,40
Joint LAD,1.07918849712392,0.868162906174989,2.07337673171786,7.88597256007183,0.73500095990564,0.00320239993743598,True,ok,197,,,nominal,21260911,40
Joint Tukey,1.07032244848971,0.863121519307972,2.02504201157616,7.77313240393306,0.722965092789244,0.00308619998395443,True,ok,14,,,nominal,21260911,40
Joint RANSAC,1.0942909276714,0.883481260379619,2.07516573820357,9.91051767558084,0.866939736856125,1.14801619993523,True,ok,500,127,0.00989344383078522,nominal,21260911,40
Joint OLS,4.49119779028312,3.60766440141504,8.72346148943501,98.9090974937221,7.83736681689913,0.000557599822059274,True,legacy_ok,,,,nominal,21260912,41
Joint Huber,1.09116782624038,0.87327139548588,2.0755958234404,6.44253694937201,0.728842860190433,0.00299660000018775,True,legacy_ok,,,,nominal,21260912,41
Joint LAD,1.14396920087843,0.911898443017558,2.24366439011696,7.91231334791817,0.913143937826857,0.00342289987020195,True,ok,215,,,nominal,21260912,41
Joint RANSAC,1.08434774724662,0.866486667723269,2.15243247193673,6.70167282429919,0.778012831733713,1.15982509986497,True,ok,500,133,0.00698941485233527,nominal,21260912,41
Joint Tukey,,,,,,0.00632690009661019,False,max_iterations_reached,30,,,nominal,21260912,41
Joint OLS,3.64695122255811,3.2277437448993,6.09243302179507,40.0194836055057,3.28195205860102,0.000564099987968802,True,legacy_ok,,,,nominal,21260913,42
Joint Huber,1.03776543593497,0.831808041544403,1.99881764298486,6.7577142679837,0.555949919245772,0.0028180000372231,True,legacy_ok,,,,nominal,21260913,42
Joint LAD,1.06408874021082,0.846211725601232,2.08328468379335,7.77815507184181,0.569370869622254,0.00338769983500242,True,ok,207,,,nominal,21260913,42
Joint RANSAC,1.05575678099441,0.84344985618979,2.05581755351698,7.52929091388677,0.577970404492495,1.15103020006791,True,ok,500,130,0.00964339795633436,nominal,21260913,42
Joint Tukey,,,,,,0.000288800103589892,False,weighted_design_rank_deficient,1,,,nominal,21260913,42
Joint OLS,4.17726834984611,3.30448574200481,8.48128929799188,77.8268205710331,7.38022621717228,0.00149310007691383,True,legacy_ok,,,,nominal,21260914,43
Joint Huber,1.12636947875818,0.898992881338079,2.22019450932383,13.6559328660047,0.960834683887868,0.00323270005173981,True,legacy_ok,,,,nominal,21260914,43
Joint LAD,1.05787543627617,0.843477776791952,2.08407495319012,6.97880441317932,0.547019933585679,0.00355969998054206,True,ok,234,,,nominal,21260914,43
Joint RANSAC,1.17302525327396,0.93728191791041,2.34084746355609,15.544593411169,1.16336460317146,1.16885309992358,True,ok,500,132,0.00701751948526279,nominal,21260914,43
Joint Tukey,,,,,,0.000481400173157454,False,weighted_design_rank_deficient,2,,,nominal,21260914,43
Joint OLS,4.91742629930236,4.00836446885392,9.90574910624354,111.304021545716,4.84155975143082,0.000720500014722347,True,legacy_ok,,,,nominal,21260915,44
Joint Huber,1.09837521652768,0.875993777062538,2.20570954427095,7.79201952121102,0.68093911112734,0.00364190014079213,True,legacy_ok,,,,nominal,21260915,44
Joint LAD,1.46345108355009,1.18121148493376,2.86483928578516,21.7567294491316,1.97321508759929,0.00396190001629293,True,ok,190,,,nominal,21260915,44
Joint RANSAC,1.07494903176056,0.857410727035465,2.12645052222644,6.66605629002587,0.581346974269628,1.1422453999985,True,ok,500,123,0.00990363835491394,nominal,21260915,44
Joint Tukey,,,,,,0.000282400054857135,False,weighted_design_rank_deficient,1,,,nominal,21260915,44
Joint OLS,4.16071762776004,3.3267216279188,8.60477576543479,86.3286535173806,7.68259819117359,0.000593499979004264,True,legacy_ok,,,,nominal,21260916,45
Joint Huber,1.09402569821126,0.87154381313735,2.13838896350467,10.1719057447426,0.796651339688591,0.00404070015065372,True,legacy_ok,,,,nominal,21260916,45
Joint LAD,1.10235230123461,0.87968708704292,2.18672492335727,9.29488617482379,0.689200708786336,0.00328779988922179,True,ok,203,,,nominal,21260916,45
Joint Tukey,1.09314227954409,0.870070819133527,2.15038693703411,10.8544924496445,0.827144870240114,0.00466520013287663,True,ok,22,,,nominal,21260916,45
Joint RANSAC,1.07706751111529,0.857432568094961,2.12275134813247,9.68484256450381,0.661269011805659,1.26617820002139,True,ok,500,127,0.00997560506075389,nominal,21260916,45
Joint OLS,3.49732078058766,2.81902697914338,6.86986494894839,65.392189762874,4.71030742537971,0.00105939991772175,True,legacy_ok,,,,nominal,21260917,46
Joint Huber,1.10320018077263,0.882665966212915,2.12017702522829,12.3465599241082,0.625188101808859,0.00473430007696152,True,legacy_ok,,,,nominal,21260917,46
Joint LAD,1.04033855887252,0.828782519269469,2.00793457647457,7.9451533897186,0.545522226910851,0.00349749997258186,True,ok,202,,,nominal,21260917,46
Joint Tukey,1.13453695803687,0.907546030681777,2.19437521380357,14.3634820949435,0.794721602257456,0.00391849991865456,True,ok,15,,,nominal,21260917,46
Joint RANSAC,1.14150487057889,0.913923984571245,2.22329916045965,14.7559608427474,0.86651122976759,1.30234110006131,True,ok,500,131,0.0119577035803245,nominal,21260917,46
Joint OLS,3.05795697501645,2.64344313067793,5.30572946030783,37.2424512270339,3.7426456030182,0.000622799852862954,True,legacy_ok,,,,nominal,21260918,47
Joint Huber,1.13112085284772,0.91293999681507,2.15432278937726,11.7976802667608,0.394781771315158,0.00221870001405478,True,legacy_ok,,,,nominal,21260918,47
Joint LAD,1.24949562489813,1.00461657115745,2.4824610821824,12.7013658700144,0.395726595131548,0.00353819993324578,True,ok,202,,,nominal,21260918,47
Joint Tukey,1.11501623599508,0.900888769017549,2.14796569105928,11.6474844924656,0.473932482400797,0.00300600007176399,True,ok,13,,,nominal,21260918,47
Joint RANSAC,1.119335144154,0.904294661494162,2.11328522402852,11.3372628616681,0.479963066611111,1.26151910005137,True,ok,500,131,0.00828509406573955,nominal,21260918,47
Joint OLS,3.54267772476858,2.80952351626546,6.90723752136151,68.2074790832078,3.41913161218801,0.000628299778327346,True,legacy_ok,,,,nominal,21260919,48
Joint Huber,1.0518039543163,0.835019188386965,2.01439026256853,8.51119012151536,0.571520904076865,0.00287199998274446,True,legacy_ok,,,,nominal,21260919,48
Joint LAD,1.09233648784702,0.871730993367648,2.13400474038608,10.5538076892861,0.776253440544196,0.00345869990997016,True,ok,208,,,nominal,21260919,48
Joint Tukey,1.06213937309884,0.843037872600908,2.0313496723432,9.6071954135895,0.618344230151334,0.0040953999850899,True,ok,16,,,nominal,21260919,48
Joint RANSAC,1.04758435385454,0.831204504732365,2.02990913844694,8.47706468268017,0.529425393049929,1.37176460004412,True,ok,500,130,0.00997531565237724,nominal,21260919,48
Joint OLS,3.9325613925932,3.51147268066114,6.74214636729378,42.606444807271,3.17632554646635,0.000732899876311421,True,legacy_ok,,,,nominal,21260920,49
Joint Huber,1.17195854817897,0.926899670108947,2.28319317602299,11.1375824937599,0.977974569246157,0.00304460013285279,True,legacy_ok,,,,nominal,21260920,49
Joint LAD,1.33837562212665,1.07280008148227,2.57915785320328,15.5798033443938,1.50607462805499,0.0033786001149565,True,ok,195,,,nominal,21260920,49
Joint Tukey,1.20350273894757,0.951349874728757,2.32346499588516,11.3666742389244,1.02447126877102,0.00643169996328652,True,ok,29,,,nominal,21260920,49
Joint RANSAC,1.11979193837436,0.879597883144451,2.17027746818177,8.6892259537489,0.727946653183756,1.23573529999703,True,ok,500,124,0.0139107725200207,nominal,21260920,49
Joint OLS,30.0072965863432,20.8001294207619,67.6781312927865,678.672521081613,38.0055863902984,0.000624400097876787,True,legacy_ok,,,,stress,21260921,0
Joint Huber,7.10757151324071,5.64313428346647,14.1265481660177,98.3015010675457,4.97330630249024,0.00527990004047751,True,legacy_ok,,,,stress,21260921,0
Joint LAD,6.38282771140821,5.14519274251854,12.2521484649116,34.3793785672445,1.94321237307873,0.00264289998449385,True,ok,151,,,stress,21260921,0
Joint Tukey,5.8599317720106,4.70753647277395,11.2967063051819,69.2257235887742,3.32144348122117,0.00277539994567633,True,ok,13,,,stress,21260921,0
Joint RANSAC,5.8251988651084,4.68239201249065,11.2228310457187,66.9803266512651,3.17937211986452,1.19848570018075,True,ok,500,87,0.0456695786778789,stress,21260921,0
Joint OLS,12.3569229260182,10.1861223945952,22.7251342254572,223.81188078031,19.7439047093381,0.000641399994492531,True,legacy_ok,,,,stress,21260922,1
Joint Huber,5.27756542599982,4.20491797736778,10.5690499397731,48.2484172420354,3.80658892825923,0.00455079996027052,True,legacy_ok,,,,stress,21260922,1
Joint LAD,6.21910464768665,4.94830750866283,12.1580304980995,90.5711031804444,7.2506453367762,0.00330009986646473,True,ok,162,,,stress,21260922,1
Joint Tukey,5.16239367586098,4.10366465500939,10.1870251439662,27.9089458814115,2.68580533102117,0.00324829993769526,True,ok,16,,,stress,21260922,1
Joint RANSAC,5.10602078715384,4.06561854839313,10.1828616794183,31.1945511634625,2.52594688432207,1.35905739990994,True,ok,500,91,0.034707830335833,stress,21260922,1
Joint OLS,15.3003499002406,13.2963708541766,26.2115331040853,256.327228051296,16.7492224884445,0.00101649994030595,True,legacy_ok,,,,stress,21260923,2
Joint Huber,5.424380292418,4.32790373187062,10.5894243930063,35.6921706866994,2.52405034760877,0.0068274000659585,True,legacy_ok,,,,stress,21260923,2
Joint LAD,5.1671838728395,4.12551982482811,10.2775713056281,14.4876385037976,0.936729355676115,0.00430029979906976,True,ok,171,,,stress,21260923,2
Joint RANSAC,6.66356695226508,5.24696105515891,13.1886802644942,114.556539447389,8.58987320925833,1.31306400010362,True,ok,500,102,0.053381626931275,stress,21260923,2
Joint Tukey,,,,,,0.00103399995714426,False,weighted_design_rank_deficient,3,,,stress,21260923,2
Joint OLS,13.7918897735721,10.3413833096186,29.9437389172932,178.490492626601,13.9829694337524,0.000771300168707967,True,legacy_ok,,,,stress,21260924,3
Joint Huber,5.85772416611112,4.66115783208134,11.4812546528867,45.9990201888182,2.39036727456306,0.00505849998444319,True,legacy_ok,,,,stress,21260924,3
Joint LAD,5.83557529788812,4.57434994326551,11.5379288471701,56.834362211565,1.80195939623306,0.00293370010331273,True,ok,158,,,stress,21260924,3
Joint RANSAC,5.43202453668578,4.24332119575315,10.8471932120876,59.0491069762628,2.40720993769747,1.23097330005839,True,ok,500,96,0.0436439880144716,stress,21260924,3
Joint Tukey,,,,,,0.00648649991489947,False,max_iterations_reached,30,,,stress,21260924,3
Joint OLS,9.47105603934765,7.08535564193961,20.8639839030994,213.206516522738,10.449334952877,0.000607600202783942,True,legacy_ok,,,,stress,21260925,4
Joint Huber,5.63287711723554,4.49851495114712,11.0710743639682,80.2207943813592,5.06176374453368,0.00353910005651414,True,legacy_ok,,,,stress,21260925,4
Joint LAD,5.68850144042933,4.53371938257013,11.0305149067866,83.0818058575339,6.17026853594548,0.00300489994697273,True,ok,185,,,stress,21260925,4
Joint Tukey,5.59082966674537,4.47770675982333,10.8306087190485,77.8125175324773,5.11588580276283,0.00482769985683262,True,ok,23,,,stress,21260925,4
Joint RANSAC,5.74980343555036,4.59616184588424,11.312644005374,65.4827992156453,4.10678066426801,1.17475639982149,True,ok,500,100,0.0429780985935267,stress,21260925,4
Joint OLS,19.8126943994332,16.1598662238348,37.6422708462208,369.313841268363,27.2125890681154,0.000621499959379435,True,legacy_ok,,,,stress,21260926,5
Joint Huber,6.83733474009869,5.58117888536147,12.9482154760986,121.050149612962,8.43378385086749,0.00347970006987453,True,legacy_ok,,,,stress,21260926,5
Joint LAD,6.58255863100649,5.31939627996133,12.6256443479493,115.380213472013,7.72175898802119,0.00262060016393661,True,ok,156,,,stress,21260926,5
Joint Tukey,6.2116901827579,4.97706480939196,11.744906492104,97.115599139034,6.39420131713927,0.00354259996674955,True,ok,17,,,stress,21260926,5
Joint RANSAC,7.4253614042404,6.00798103771532,13.9920470229683,146.48624050058,7.33050813972717,1.06891729985364,True,ok,500,92,0.0568064371572865,stress,21260926,5
Joint OLS,12.9364446163082,10.3850483524464,25.4983395309537,224.456658699662,18.5258198918535,0.00101040001027286,True,legacy_ok,,,,stress,21260927,6
Joint Huber,5.93134082860492,4.68680144823645,11.7191275847304,78.6603243224049,4.4421459921595,0.00396139989607036,True,legacy_ok,,,,stress,21260927,6
Joint LAD,5.9254398889761,4.70142842566546,11.5348322043664,71.3349521191721,4.58390478154924,0.0028523001819849,True,ok,155,,,stress,21260927,6
Joint Tukey,5.63391725693234,4.48470334898893,10.9686568203799,61.8676793799851,3.4362923318916,0.00528590008616447,True,ok,25,,,stress,21260927,6
Joint RANSAC,6.57531675182712,5.12125356550789,13.0402475742905,116.597760037048,7.15896086949796,1.11897900002077,True,ok,500,95,0.0428833345345059,stress,21260927,6
Joint OLS,15.149142014361,12.5045988590175,28.7853919505444,225.471570053513,14.6578209867404,0.000668300082907081,True,legacy_ok,,,,stress,21260928,7
Joint Huber,6.13539477263512,4.74259353440638,12.4473775539933,89.7031122021035,4.63185925478721,0.00440289988182485,True,legacy_ok,,,,stress,21260928,7
Joint LAD,6.43221177979961,4.99646173928489,13.0942914714069,90.7284939205111,4.86407682417281,0.00291789998300374,True,ok,172,,,stress,21260928,7
Joint RANSAC,5.48151537778631,4.30417676596675,10.8471720147019,52.8223868030627,2.88196312748416,1.11616170010529,True,ok,500,96,0.0412052509257767,stress,21260928,7
Joint Tukey,,,,,,0.00604400015436113,False,max_iterations_reached,30,,,stress,21260928,7
Joint OLS,13.4380695186278,10.9213714634752,25.5091207590979,191.210374722075,14.5850712681112,0.000647400040179491,True,legacy_ok,,,,stress,21260929,8
Joint Huber,6.06195002206907,4.87631503650008,11.7400933477115,61.599040690836,3.63183359431727,0.00355590018443763,True,legacy_ok,,,,stress,21260929,8
Joint LAD,6.23203916513146,4.97444610131461,12.3547060135682,75.8544056651044,3.68045005547018,0.00289179990068078,True,ok,165,,,stress,21260929,8
Joint Tukey,5.55931540683791,4.42026175984042,11.0891290649864,40.8317096566232,1.5398988056008,0.00401460006833076,True,ok,17,,,stress,21260929,8
Joint RANSAC,5.82245268890783,4.6093028592775,11.4069803474784,63.8322669371887,2.80042506372929,1.09293739986606,True,ok,500,91,0.0386939108550997,stress,21260929,8
Joint OLS,20.442573253777,15.9349675823221,41.8806688758643,334.891520917629,18.4997238277384,0.00163710000924766,True,legacy_ok,,,,stress,21260930,9
Joint Huber,5.91899675816975,4.73959904107538,11.463564037118,78.4520569039877,4.92927654680611,0.00393440015614033,True,legacy_ok,,,,stress,21260930,9
Joint LAD,5.99181693003913,4.83889729046716,11.2588074674989,73.3188152120522,5.13842251595616,0.002620899816975,True,ok,150,,,stress,21260930,9
Joint Tukey,5.97255381808404,4.78751647337492,11.7616076985193,63.4290189929985,3.61465087611447,0.00562319997698069,True,ok,29,,,stress,21260930,9
Joint RANSAC,7.86576288851761,6.07013780823385,15.855800507143,139.189028731858,5.98873085946978,1.08246190007776,True,ok,500,91,0.0483670206761998,stress,21260930,9
Joint OLS,15.5202186925263,11.9772105572908,32.7265745363732,252.852690196065,12.3400972624974,0.000595899997279048,True,legacy_ok,,,,stress,21260931,10
Joint Huber,6.5034480686728,5.07900718645814,12.8661629607702,64.9242790679964,3.1631776928868,0.00360430008731782,True,legacy_ok,,,,stress,21260931,10
Joint LAD,6.60383951077035,5.21626164482553,13.0469063305604,70.3731275712372,3.88638478357081,0.0028655999340117,True,ok,161,,,stress,21260931,10
Joint Tukey,5.62751118604559,4.4353002018453,11.0309938105665,54.1309118525171,3.2094409064499,0.00445270002819598,True,ok,22,,,stress,21260931,10
Joint RANSAC,6.45669580779611,5.0324805025114,12.836530753183,91.3015345040453,4.53085667487994,1.16979740001261,True,ok,500,96,0.0458770425475636,stress,21260931,10
Joint OLS,14.7535203596927,12.0884121279424,27.7465848327637,330.076644204788,19.1192083815893,0.000675000017508864,True,legacy_ok,,,,stress,21260932,11
Joint Huber,5.49715963193463,4.33486684457814,11.092237198029,44.9496839387832,3.43185142589,0.00477020000107586,True,legacy_ok,,,,stress,21260932,11
Joint LAD,5.37580030132896,4.26324669726415,10.5781400564341,34.9273409262983,2.52349205425365,0.00301350001245737,True,ok,174,,,stress,21260932,11
Joint Tukey,5.44733335862364,4.3462669183514,10.736740740176,41.8642631584427,3.90272527694039,0.00415880000218749,True,ok,20,,,stress,21260932,11
Joint RANSAC,5.49085936038498,4.38958737214532,10.693746138138,44.3268913626478,4.19884785379859,1.24045839998871,True,ok,500,101,0.0407155412629033,stress,21260932,11
Joint OLS,15.2752528300426,11.912094004677,31.1486940095691,333.156832659277,19.0326821797892,0.000615900149568915,True,legacy_ok,,,,stress,21260933,12
Joint Huber,5.55038576315122,4.50184462475439,10.6306042883225,26.6648634955818,2.23883814673901,0.00306260003708303,True,legacy_ok,,,,stress,21260933,12
Joint LAD,5.67395202004925,4.59995599917129,10.8967107152544,33.792034625982,2.39489786903988,0.00288880011066794,True,ok,166,,,stress,21260933,12
Joint RANSAC,5.6062935631615,4.51015734200219,10.6795298746356,25.6482515548818,2.4358796599386,1.15796420001425,True,ok,500,94,0.0412343531466934,stress,21260933,12
Joint Tukey,,,,,,0.00575460004620254,False,max_iterations_reached,30,,,stress,21260933,12
Joint OLS,12.9487130090836,10.714042690128,23.8799286998123,249.339987762771,18.160562577356,0.000752199906855822,True,legacy_ok,,,,stress,21260934,13
Joint Huber,5.43275336407656,4.31811202376711,10.579883060136,45.2582548773348,2.76927516144602,0.00298029999248683,True,legacy_ok,,,,stress,21260934,13
Joint LAD,5.91962414862218,4.73065864769326,11.5693342937497,83.9041603221121,4.67956916384592,0.00303939986042678,True,ok,195,,,stress,21260934,13
Joint RANSAC,5.61586599073419,4.48202949548381,11.2505287577319,61.9426860780106,4.04798764004381,1.14408629992977,True,ok,500,99,0.0469931042921921,stress,21260934,13
Joint Tukey,,,,,,0.00621300004422665,False,max_iterations_reached,30,,,stress,21260934,13
Joint OLS,15.7623624577063,12.5228109837935,31.3766841374503,321.913363790823,15.4670786829073,0.000598999904468656,True,legacy_ok,,,,stress,21260935,14
Joint Huber,5.99093522272464,4.77808895507315,11.7851609560212,73.7115092794119,3.85667811793439,0.00398779986426234,True,legacy_ok,,,,stress,21260935,14
Joint LAD,6.27781875871865,5.00004703262344,12.1285033097841,76.417899645612,3.54952597914005,0.00281979981809855,True,ok,172,,,stress,21260935,14
Joint RANSAC,5.63983741488155,4.49147454206674,10.8807008347426,54.6749350738621,3.0846331893447,1.14502220018767,True,ok,500,92,0.0373015860482376,stress,21260935,14
Joint Tukey,,,,,,0.00682869995944202,False,max_iterations_reached,30,,,stress,21260935,14
Joint OLS,18.5234865305858,14.9728895915965,35.8891963520326,343.646840389576,31.7350002098493,0.000608200207352638,True,legacy_ok,,,,stress,21260936,15
Joint Huber,5.54651965993917,4.45048549360321,10.9670855333889,48.1429467972921,3.00090846899481,0.00425109989009798,True,legacy_ok,,,,stress,21260936,15
Joint LAD,5.5081001760441,4.40118433769106,10.788816989335,44.3114493307968,3.09097619373248,0.00281589990481734,True,ok,171,,,stress,21260936,15
Joint Tukey,5.37218868986319,4.31591092869843,10.3110426132069,47.6901184929311,3.28754729381834,0.00431780004873872,True,ok,21,,,stress,21260936,15
Joint RANSAC,5.44497575932724,4.38126147017593,10.5919675630039,53.3614564568417,3.36495846380684,1.12975770002231,True,ok,500,98,0.0435362965535212,stress,21260936,15
Joint OLS,13.8020521721228,11.3808452716823,25.2682197020476,228.410862126516,17.4979170311632,0.000601500039920211,True,legacy_ok,,,,stress,21260937,16
Joint Huber,5.7980882401092,4.59696849961871,11.5267863239509,66.7423099879724,3.4923972119863,0.00296489987522364,True,legacy_ok,,,,stress,21260937,16
Joint LAD,6.01650368851043,4.76100152291168,12.1344906523337,65.5253470533125,2.51915119583704,0.00313250022009015,True,ok,197,,,stress,21260937,16
Joint Tukey,5.82265559363399,4.60409646723,11.5579344181995,66.2868030591092,2.83284427697131,0.00540390005335212,True,ok,26,,,stress,21260937,16
Joint RANSAC,6.93554654055336,5.57841124434054,13.5924032757882,96.6671191456229,7.1225002608246,1.18950169999152,True,ok,500,101,0.0530277212499893,stress,21260937,16
Joint OLS,12.536513161334,9.98263557335524,24.9564009812822,153.578855505221,18.8752731455449,0.000613600015640259,True,legacy_ok,,,,stress,21260938,17
Joint Huber,5.54663846248072,4.35252879815568,11.0106664637804,45.3128293085236,4.39521195983174,0.0031564999371767,True,legacy_ok,,,,stress,21260938,17
Joint LAD,5.8595560241604,4.59026592567841,11.5077880433596,72.8574961789807,6.03128187603203,0.0030997998546809,True,ok,187,,,stress,21260938,17
Joint RANSAC,5.40650372993343,4.26616341291522,10.774306220015,35.9268647060255,3.37825954434245,1.22154950001277,True,ok,500,98,0.0436679422553294,stress,21260938,17
Joint Tukey,,,,,,0.000537999905645847,False,weighted_design_rank_deficient,2,,,stress,21260938,17
Joint OLS,14.6341373030838,11.5289053178362,28.9000549840242,280.824517670468,19.4248179967447,0.000578199978917837,True,legacy_ok,,,,stress,21260939,18
Joint Huber,5.57545340727784,4.46060211377418,10.9598628833893,61.0075307841754,4.36607733150657,0.0031336999963969,True,legacy_ok,,,,stress,21260939,18
Joint LAD,5.43793759981945,4.33230260872267,10.7985612761885,56.2735341922311,3.52093352585362,0.00282129994593561,True,ok,158,,,stress,21260939,18
Joint RANSAC,6.71699888847667,5.14497460447926,13.5986735096246,115.642600418841,5.5651075400751,1.35863570007496,True,ok,500,93,0.0459303794341058,stress,21260939,18
Joint Tukey,,,,,,0.00978469988331199,False,max_iterations_reached,30,,,stress,21260939,18
Joint OLS,11.9042530932663,9.18344102871921,25.4107766580718,294.663960570255,16.8348470343527,0.000838799867779016,True,legacy_ok,,,,stress,21260940,19
Joint Huber,5.81915097634732,4.61679871700453,11.258659132384,47.247959628467,3.85202189900256,0.00418199994601309,True,legacy_ok,,,,stress,21260940,19
Joint LAD,5.93037456021862,4.69208206901398,11.6294122392509,48.0408414765414,4.33033287459214,0.0028222999535501,True,ok,179,,,stress,21260940,19
Joint Tukey,5.90936054997648,4.67228316629962,11.5871319471317,51.0999779678919,4.23424816245475,0.00366770010441542,True,ok,18,,,stress,21260940,19
Joint RANSAC,5.82087335673529,4.58877837364807,11.5717281873927,52.7303277506879,4.35886870896968,1.15871290001087,True,ok,500,97,0.0241967283582618,stress,21260940,19
Joint OLS,18.4973782956083,14.8700305017454,36.6973611706278,430.349773865792,28.9214707252291,0.00184339983388782,True,legacy_ok,,,,stress,21260941,20
Joint Huber,5.59100237112401,4.51589162376572,10.8143261653,64.9212449518224,3.69131939129499,0.00396519992500544,True,legacy_ok,,,,stress,21260941,20
Joint LAD,5.77921496555884,4.66157261265229,11.3560442344927,63.1410301521964,3.89707752748314,0.00350799993611872,True,ok,193,,,stress,21260941,20
Joint Tukey,5.24017685345849,4.22431676715979,10.2091219459552,32.9647551354026,2.21455570721012,0.00598079990595579,True,ok,24,,,stress,21260941,20
Joint RANSAC,5.52196346367249,4.41075592661525,10.6738308456222,56.2679491670101,2.5191258720683,1.25153189990669,True,ok,500,100,0.0388177083041508,stress,21260941,20
Joint OLS,16.1081810200444,13.1180160540598,30.6902048667009,408.123548670458,26.356593073347,0.000776599859818816,True,legacy_ok,,,,stress,21260942,21
Joint Huber,6.41614376511333,5.08931295222254,12.5787432335564,120.67526990079,7.95852028617273,0.00484899990260601,True,legacy_ok,,,,stress,21260942,21
Joint LAD,6.3757279723509,5.07952701414091,12.3279190558906,124.234974638261,8.08901388166905,0.00308510009199381,True,ok,175,,,stress,21260942,21
Joint RANSAC,7.16908076616067,5.6647766668623,14.6399064038881,139.497437952213,6.73408884123798,1.25881640007719,True,ok,500,98,0.0503693993322767,stress,21260942,21
Joint Tukey,,,,,,0.00603060005232692,False,max_iterations_reached,30,,,stress,21260942,21
Joint OLS,14.1446331031418,11.2815043518429,28.5738611956235,193.477401459815,19.4146530198622,0.000598700018599629,True,legacy_ok,,,,stress,21260943,22
Joint Huber,6.73575460842129,5.48938969060007,12.9471729742763,49.4150311370164,5.48565001538976,0.00292750005610287,True,legacy_ok,,,,stress,21260943,22
Joint LAD,7.07481483185678,5.81650502752143,13.5397151219499,44.0618382643181,6.21938293914815,0.00275849993340671,True,ok,174,,,stress,21260943,22
Joint Tukey,6.4806903490734,5.26654303146577,12.6706975312879,60.077653288695,3.79447334532845,0.00296200020238757,True,ok,12,,,stress,21260943,22
Joint RANSAC,6.43926889217879,5.22637558052488,12.5731259608934,61.1103501963936,3.71564913317326,1.16989049990661,True,ok,500,95,0.0530359825289377,stress,21260943,22
Joint OLS,13.5461068315068,10.2400744191108,28.6129331331157,343.172757915599,20.2029901478016,0.000597300007939339,True,legacy_ok,,,,stress,21260944,23
Joint Huber,5.79536490550031,4.62909496984202,11.5804223300855,80.325956703574,5.2027909807862,0.00387379992753267,True,legacy_ok,,,,stress,21260944,23
Joint LAD,5.95822864264271,4.7313266327363,11.410829968985,66.3069066913647,6.09011472312599,0.00359760015271604,True,ok,158,,,stress,21260944,23
Joint Tukey,5.44126898209532,4.31929159942515,10.5513353114874,53.5427061603142,3.80678331023176,0.00552830006927252,True,ok,29,,,stress,21260944,23
Joint RANSAC,5.49793154115318,4.3689750981002,10.5574659142356,59.8461280699023,4.19390269319741,1.20496149989776,True,ok,500,91,0.0428961382492287,stress,21260944,23
Joint OLS,16.2006483037756,13.2546105872879,31.1776643170363,358.648521185494,28.8464608891678,0.000629000132903457,True,legacy_ok,,,,stress,21260945,24
Joint Huber,5.81817727741459,4.6481229046486,11.4914857393696,69.8898218532069,5.38962626706498,0.00342689990065992,True,legacy_ok,,,,stress,21260945,24
Joint LAD,5.93632754803936,4.72714782695912,11.8061674649233,68.9373017526799,5.12206937102162,0.00280899996869266,True,ok,164,,,stress,21260945,24
Joint Tukey,5.84174362453435,4.71665196061003,11.2417780028998,45.3221612698071,3.98845839121916,0.00313460011966527,True,ok,14,,,stress,21260945,24
Joint RANSAC,5.77193503903118,4.66001262687388,11.0730799853567,49.4663645861966,3.98323210129078,1.18219919991679,True,ok,500,91,0.0409560718141418,stress,21260945,24
Joint OLS,16.4251789675524,12.9024584717801,31.8712362416795,381.089789764337,23.388317471911,0.00142310000956059,True,legacy_ok,,,,stress,21260946,25
Joint Huber,6.69186644762929,5.30147309575956,13.3136903386391,117.244244625092,6.79014145026373,0.00554489996284246,True,legacy_ok,,,,stress,21260946,25
Joint LAD,6.97723597545524,5.52982414133721,13.8942358145388,125.418873852536,8.03846241931378,0.00316020008176565,True,ok,182,,,stress,21260946,25
Joint Tukey,5.60185315349433,4.46511573957407,10.931497258997,63.2151778379638,3.25621670261529,0.00363410008139908,True,ok,17,,,stress,21260946,25
Joint RANSAC,16.5420113499882,11.7428531608827,38.4235613130521,385.92427231026,31.0226383502264,1.27996000018902,True,ok,500,95,0.0400094043990573,stress,21260946,25
Joint OLS,14.4071321985223,11.4813503851285,29.3548906619627,286.162717841043,19.0700474025864,0.000728100072592497,True,legacy_ok,,,,stress,21260947,26
Joint Huber,5.96884227943561,4.75798982388554,11.883786530205,74.7354802721683,3.85640213814429,0.00318409991450608,True,legacy_ok,,,,stress,21260947,26
Joint LAD,6.13974160086039,4.90099144093776,12.2834805710553,78.1053715670233,3.89048147891879,0.00303940009325743,True,ok,175,,,stress,21260947,26
Joint Tukey,6.00652125169761,4.77590715854427,12.0922908875379,80.3797248263223,3.8318956243132,0.00428750016726553,True,ok,14,,,stress,21260947,26
Joint RANSAC,7.13007724012735,5.65786948657479,14.0619744487282,140.676091680404,7.403600741296,1.36603730008937,True,ok,500,100,0.0580507267117303,stress,21260947,26
Joint OLS,11.0277352827726,8.86844392854463,21.8284388493037,222.273733272566,16.5041912842194,0.000871199881657958,True,legacy_ok,,,,stress,21260948,27
Joint Huber,5.59167234315303,4.47785158308977,11.0882164606357,56.902895734803,3.60919724627439,0.0043545002117753,True,legacy_ok,,,,stress,21260948,27
Joint LAD,6.47201673776,5.18316245141726,12.9761422140204,106.759600308959,7.33299826087459,0.0038463999517262,True,ok,165,,,stress,21260948,27
Joint Tukey,5.72097221674078,4.5587754325274,11.3177847682537,62.9035279275279,4.337974299451,0.00465710018761456,True,ok,19,,,stress,21260948,27
Joint RANSAC,6.07603438033075,4.81126749261957,11.8402569601507,76.809749926147,4.12235949986527,1.38051619986072,True,ok,500,93,0.0367313165796523,stress,21260948,27
Joint OLS,15.9123879731082,13.3163370628624,29.4753111124186,376.033729618228,25.8397094530939,0.000716299982741475,True,legacy_ok,,,,stress,21260949,28
Joint Huber,5.76789546966336,4.55474287954074,11.8626863705906,54.1464226894289,4.46876734118851,0.00410930020734668,True,legacy_ok,,,,stress,21260949,28
Joint LAD,5.7129180718504,4.48756323736624,11.8290383942661,48.0768331328795,4.48290829432399,0.00443960004486144,True,ok,174,,,stress,21260949,28
Joint Tukey,5.84075103855768,4.59708768469802,11.3697234609465,33.7502312550537,3.03416188437902,0.00719200004823506,True,ok,26,,,stress,21260949,28
Joint RANSAC,7.98498849528491,6.43268768633931,15.3443391102967,97.5509863028764,10.22298004803,1.50106549984775,True,ok,500,97,0.0450579473624901,stress,21260949,28
Joint OLS,17.840025861415,14.1504419533294,35.6370646702125,330.634026524271,17.073514428645,0.000814700033515692,True,legacy_ok,,,,stress,21260950,29
Joint Huber,7.54355253394775,5.97395816877633,15.2468914453884,136.789116929374,6.24661180892469,0.00446219998411834,True,legacy_ok,,,,stress,21260950,29
Joint LAD,7.29788465052502,5.73850478691589,15.0995674996331,126.462639020304,5.69800903152903,0.00318240001797676,True,ok,196,,,stress,21260950,29
Joint Tukey,5.54092101227304,4.4742605843291,10.7566840317634,67.0433670840669,4.57764186629374,0.00537439994513988,True,ok,23,,,stress,21260950,29
Joint RANSAC,5.52096016829631,4.45907582863322,10.6990002943588,68.8968628742314,4.40972113035373,1.20216919993982,True,ok,500,100,0.0476609836118667,stress,21260950,29
Joint OLS,12.4252693572822,10.1163169679945,24.5199597719684,277.136702330183,18.8103584570404,0.00119520002044737,True,legacy_ok,,,,stress,21260951,30
Joint Huber,5.2402398306429,4.22149238090763,9.78044032036824,38.5048544103251,1.808758730264,0.00492269988171756,True,legacy_ok,,,,stress,21260951,30
Joint LAD,5.62293050383414,4.50424807643691,10.6621885125488,71.9054976290021,3.71313750551262,0.00321269989944994,True,ok,184,,,stress,21260951,30
Joint RANSAC,5.24395467598837,4.23212100900118,9.80241711546128,23.6842819201236,0.580759582003757,1.26196010014974,True,ok,500,101,0.0535060196407998,stress,21260951,30
Joint Tukey,,,,,,0.000689199892804027,False,weighted_design_rank_deficient,2,,,stress,21260951,30
Joint OLS,19.625313271877,15.8260889483683,37.8863156612503,450.773499154389,25.8254394063087,0.00121659995056689,True,legacy_ok,,,,stress,21260952,31
Joint Huber,6.9445056300629,5.45270101044087,14.0090247841442,128.509150386864,5.87905420540747,0.00541799981147051,True,legacy_ok,,,,stress,21260952,31
Joint LAD,7.66624358328541,5.98247775738185,15.9865441954821,159.875477565439,9.21648962221515,0.00632499996572733,True,ok,168,,,stress,21260952,31
Joint Tukey,5.77233077519416,4.63698834633019,11.0346298717857,82.1714270729871,4.44440969342978,0.00480260001495481,True,ok,15,,,stress,21260952,31
Joint RANSAC,6.95486911487633,5.44342507130266,14.2091835866466,127.990250121065,5.83748005337856,1.51984279998578,True,ok,500,97,0.0549874970057932,stress,21260952,31
Joint OLS,15.3055100863039,11.4145290392911,32.7003101064609,365.605339645355,25.3752523200787,0.000668300082907081,True,legacy_ok,,,,stress,21260953,32
Joint Huber,6.00238254371306,4.8109041212428,11.567310475964,77.0629036213099,3.9553689838394,0.00391179998405278,True,legacy_ok,,,,stress,21260953,32
Joint LAD,6.11107297541714,4.90979508556778,11.6122746414305,83.7570456199476,4.2419044797914,0.00318830017931759,True,ok,184,,,stress,21260953,32
Joint Tukey,6.10046314150032,4.88542932444817,11.8258101223475,73.5476562812539,5.0859060246896,0.00616310001350939,True,ok,27,,,stress,21260953,32
Joint RANSAC,6.82010783901872,5.38922020596519,13.6777398897378,124.845218040493,8.69139171281824,1.4771920000203,True,ok,500,97,0.0412060731584214,stress,21260953,32
Joint OLS,13.6790767418645,11.3515596392877,24.7870071987869,304.967773232775,18.1193618636979,0.000683099962770939,True,legacy_ok,,,,stress,21260954,33
Joint Huber,5.47287886361382,4.35531928648564,10.6642587988576,44.9702386421254,3.6529940948807,0.00389569997787476,True,legacy_ok,,,,stress,21260954,33
Joint LAD,5.3916174447419,4.2832589461767,10.496553744865,31.5078993197057,3.30514267883869,0.00324500002898276,True,ok,186,,,stress,21260954,33
Joint RANSAC,5.34382254162868,4.20245617331591,10.4798680062602,40.8748069845033,2.56882721882421,1.38544459990226,True,ok,500,93,0.0458103060534867,stress,21260954,33
Joint Tukey,,,,,,0.000557600054889917,False,weighted_design_rank_deficient,2,,,stress,21260954,33
Joint OLS,17.9819171380903,13.9257024563116,38.2288902757885,429.098488301596,26.5805703294089,0.000915699871256948,True,legacy_ok,,,,stress,21260955,34
Joint Huber,5.44559733917949,4.36689987171335,10.7139440174151,32.6842394233269,3.21835688223805,0.00421619997359812,True,legacy_ok,,,,stress,21260955,34
Joint LAD,6.06011550291251,4.84634638012087,11.8330520632426,42.0940078986623,4.80758266292671,0.00345379998907447,True,ok,182,,,stress,21260955,34
Joint RANSAC,6.44851635542033,5.09393514643449,12.8437401149803,80.1671235218079,6.85863515648471,1.46235109982081,True,ok,500,99,0.050014131367969,stress,21260955,34
Joint Tukey,,,,,,0.0063724999781698,False,max_iterations_reached,30,,,stress,21260955,34
Joint OLS,11.6825259134751,9.07624766775596,24.0492660752238,233.378933417294,11.8515392074276,0.000762599986046553,True,legacy_ok,,,,stress,21260956,35
Joint Huber,5.12493896730147,4.07756585551226,10.2250518415131,33.6976207704156,2.62838731897743,0.00341170001775026,True,legacy_ok,,,,stress,21260956,35
Joint LAD,5.0750197504092,4.04500340550096,10.1082467115809,26.8439933135356,1.50847117837989,0.00329359993338585,True,ok,187,,,stress,21260956,35
Joint Tukey,5.06112137053274,3.99641672330647,10.1576050680823,29.6269428650245,2.18199526945485,0.00734340003691614,True,ok,19,,,stress,21260956,35
Joint RANSAC,5.07758728751756,4.01343037557305,10.1868805947802,31.0395010179941,2.30543509847501,1.29934019991197,True,ok,500,105,0.0364779979609094,stress,21260956,35
Joint OLS,11.6445455124202,9.11952208040221,24.5618238541182,217.488886934749,17.2587780196607,0.00104840006679296,True,legacy_ok,,,,stress,21260957,36
Joint Huber,6.29694618279072,5.02802656584283,12.4295065069063,98.1549591378955,6.62509336032109,0.00501670013181865,True,legacy_ok,,,,stress,21260957,36
Joint LAD,5.87520057004397,4.68365619845801,11.5161908826998,78.1374610370431,5.04205740138696,0.00301149999722838,True,ok,158,,,stress,21260957,36
Joint RANSAC,5.7747929770795,4.56872338962525,11.737371976534,71.3293623052004,4.64649041423014,1.21599960001186,True,ok,500,91,0.0404135435809468,stress,21260957,36
Joint Tukey,,,,,,0.00687890010885894,False,max_iterations_reached,30,,,stress,21260957,36
Joint OLS,19.5353166591979,16.8184081697201,34.9997312780616,229.786953352699,25.1732682005915,0.000612000003457069,True,legacy_ok,,,,stress,21260958,37
Joint Huber,6.93492375112626,5.73571874406292,12.8761790074567,79.0886189112205,5.48282149738281,0.00438620010390878,True,legacy_ok,,,,stress,21260958,37
Joint LAD,6.55387837380564,5.39055938698545,12.6132521396142,61.2708019096099,5.92077525192616,0.00272720004431903,True,ok,151,,,stress,21260958,37
Joint RANSAC,5.52865801387311,4.38660611944344,10.8380869762041,54.4042980708714,3.55119448135043,1.16787630016916,True,ok,500,95,0.0432239944367055,stress,21260958,37
Joint Tukey,,,,,,0.000541100045666099,False,weighted_design_rank_deficient,2,,,stress,21260958,37
Joint OLS,10.3675165885373,8.18945909141947,20.5120959544551,177.410288228726,16.1683997866273,0.000582099892199039,True,legacy_ok,,,,stress,21260959,38
Joint Huber,6.39011718588513,5.07855014635156,12.6101255669369,72.5154237311241,6.05290915349413,0.00376709992997348,True,legacy_ok,,,,stress,21260959,38
Joint LAD,7.151624287055,5.6946532009965,13.9584520052274,106.135666762377,8.33757437116995,0.00296010007150471,True,ok,154,,,stress,21260959,38
Joint Tukey,6.00635629875774,4.74044526775483,12.1161180728269,75.7963290755321,5.02402219542178,0.00346720009110868,True,ok,17,,,stress,21260959,38
Joint RANSAC,6.00618341307365,4.73155078746869,12.1004042622857,82.9675847343808,4.91275494336828,1.25223240000196,True,ok,500,89,0.0308063428003759,stress,21260959,38
Joint OLS,13.6586280851434,9.79802618084501,31.397240056554,337.863066932193,18.3650920230427,0.000610999995842576,True,legacy_ok,,,,stress,21260960,39
Joint Huber,5.51594314288041,4.39921988765626,10.9866988500265,55.9164166006717,4.30247794020517,0.00395699986256659,True,legacy_ok,,,,stress,21260960,39
Joint LAD,5.66947714230508,4.57640163512591,11.3284751027177,56.0919768840356,4.36883748843868,0.00258379988372326,True,ok,147,,,stress,21260960,39
Joint RANSAC,5.44617305774796,4.33758721347389,10.725209644029,39.9510912717986,3.53085321555243,1.33492699987255,True,ok,500,90,0.0318902632684728,stress,21260960,39
Joint Tukey,,,,,,0.000531200086697936,False,weighted_design_rank_deficient,2,,,stress,21260960,39
Joint OLS,11.2217639597898,8.36529323949559,24.0984418219185,262.009606139088,13.0352595781596,0.000701999990269542,True,legacy_ok,,,,stress,21260961,40
Joint Huber,5.5614652540538,4.43845087616663,11.0300623422846,75.4959382598923,4.38770644227815,0.00446869991719723,True,legacy_ok,,,,stress,21260961,40
Joint LAD,5.64192412623048,4.4778410437848,11.101650409288,72.2958700776853,4.08080183193657,0.00294989999383688,True,ok,172,,,stress,21260961,40
Joint Tukey,5.18750559606679,4.13161460213013,10.4156368403935,45.3192179349567,2.53188690511209,0.00271479994989932,True,ok,12,,,stress,21260961,40
Joint RANSAC,5.16048975585468,4.1044262258991,10.4229602556625,43.5457652294325,2.28537457960507,1.25506230001338,True,ok,500,94,0.0364527691443814,stress,21260961,40
Joint OLS,12.4312251776984,9.73565603585356,25.5524066040572,292.553039222618,13.3273836505501,0.00058980006724596,True,legacy_ok,,,,stress,21260962,41
Joint Huber,5.66054487133902,4.55859318151536,10.9449724830178,43.5050305162208,2.04300562190184,0.00336849992163479,True,legacy_ok,,,,stress,21260962,41
Joint LAD,5.77340164591789,4.59509242257474,10.968355188109,49.6846089923778,1.5005106338522,0.00298009999096394,True,ok,176,,,stress,21260962,41
Joint Tukey,5.85603872177157,4.71605518376176,11.1000831644908,55.3642452624983,2.37128744083257,0.00342030008323491,True,ok,16,,,stress,21260962,41
Joint RANSAC,6.9137862487828,5.55985952882424,13.3764095745434,93.2622275870248,2.0054438857244,1.28494159993716,True,ok,500,98,0.0447281935831926,stress,21260962,41
Joint OLS,11.9418657343335,9.16989704049944,24.9243090631928,310.14165535613,18.8288418476116,0.000593299977481365,True,legacy_ok,,,,stress,21260963,42
Joint Huber,5.76130895754874,4.60273591324016,11.2401783516496,53.8835146659088,2.31422146989142,0.00445020012557507,True,legacy_ok,,,,stress,21260963,42
Joint LAD,6.14495067069234,4.90834818423333,12.0664864735282,70.6606891201456,3.44307393792251,0.00279669999144971,True,ok,158,,,stress,21260963,42
Joint Tukey,6.17803313007888,4.94118759674523,11.9967615692524,79.5859106339014,3.28420014397555,0.00489810016006231,True,ok,24,,,stress,21260963,42
Joint RANSAC,6.191641333382,4.95134323166597,11.8311508333093,72.0638076672485,3.03706182702292,1.16869920003228,True,ok,500,98,0.0448923573996733,stress,21260963,42
Joint OLS,13.7391016345686,10.677656482152,28.4271987914131,314.794073503769,12.984902305341,0.00159629993140697,True,legacy_ok,,,,stress,21260964,43
Joint Huber,5.91982262921991,4.76750815376907,11.2943113904031,56.6806112933392,2.93493441082274,0.00345489988103509,True,legacy_ok,,,,stress,21260964,43
Joint LAD,6.34040812085487,5.11875047110162,12.4086703062311,70.2158488290917,3.90450266420256,0.00287410011515021,True,ok,170,,,stress,21260964,43
Joint RANSAC,5.69305412175347,4.56842866684806,11.2519714032747,24.2312570498654,2.91773734753904,1.15985890012234,True,ok,500,97,0.035680264518158,stress,21260964,43
Joint Tukey,,,,,,0.000726700061932206,False,weighted_design_rank_deficient,3,,,stress,21260964,43
Joint OLS,19.9938957263055,16.77641683317,37.7389869471362,443.153624920466,30.1710462892446,0.000657200114801526,True,legacy_ok,,,,stress,21260965,44
Joint Huber,5.73204399514697,4.52715893421852,10.9541533139837,58.1365898710464,4.86452191324818,0.00430669984780252,True,legacy_ok,,,,stress,21260965,44
Joint LAD,6.02740196364921,4.79005262668681,11.7837320786119,82.2180202605655,5.81861467712899,0.00286769983358681,True,ok,173,,,stress,21260965,44
Joint RANSAC,5.22596963084253,4.13569653699899,10.3746373541976,38.0532435916568,3.17448987371465,1.22688569989987,True,ok,500,92,0.05790471690376,stress,21260965,44
Joint Tukey,,,,,,0.00596909993328154,False,max_iterations_reached,30,,,stress,21260965,44
Joint OLS,18.4296865339239,13.5562117088743,42.1289642091821,291.131848264888,18.5864677136794,0.000593600096181035,True,legacy_ok,,,,stress,21260966,45
Joint Huber,6.91583986346836,5.29345392299049,14.3316821694444,112.600263940134,6.00380670189133,0.00351060018874705,True,legacy_ok,,,,stress,21260966,45
Joint LAD,6.60741821815142,5.14686964390559,13.6380653893362,102.278303499216,5.91646141675681,0.00285550020635128,True,ok,185,,,stress,21260966,45
Joint Tukey,6.13180741994528,4.7993426117771,12.2332899940988,85.5608391603359,4.13493245867104,0.00400469987653196,True,ok,19,,,stress,21260966,45
Joint RANSAC,6.14308018970224,4.80136974342603,12.2565617525186,90.0669107757565,4.54637389409044,1.14861960010603,True,ok,500,91,0.0483671659635398,stress,21260966,45
Joint OLS,8.55797343802388,6.92431238822255,16.3916625776514,104.518445813464,8.62553136173033,0.000624099979177117,True,legacy_ok,,,,stress,21260967,46
Joint Huber,5.99789398937157,4.80431095193281,11.6870804159769,74.0923813513242,5.21487257283199,0.00441680010408163,True,legacy_ok,,,,stress,21260967,46
Joint LAD,6.20284892154195,4.98891470082141,12.0186397873592,71.1087481992652,5.50128823724738,0.00301049998961389,True,ok,179,,,stress,21260967,46
Joint RANSAC,5.77447669178049,4.58735346026355,11.3726107747048,65.5816028559914,3.62074155213612,1.16737620020285,True,ok,500,105,0.0355444011192504,stress,21260967,46
Joint Tukey,,,,,,0.000557599822059274,False,weighted_design_rank_deficient,2,,,stress,21260967,46
Joint OLS,13.5499536965203,10.6130598747597,29.2986711310331,147.818622155378,17.8421642719268,0.00061009987257421,True,legacy_ok,,,,stress,21260968,47
Joint Huber,6.09741732327564,4.92243178460604,11.5091292956693,59.3315049483356,5.40393354599837,0.00431349989958107,True,legacy_ok,,,,stress,21260968,47
Joint LAD,6.41776593741528,5.14250227251259,12.2160039076512,57.9921489987057,5.93049604233051,0.00277440017089248,True,ok,168,,,stress,21260968,47
Joint Tukey,5.95897308465519,4.73621311399829,11.657686581627,57.3348458672138,5.49456830571142,0.00446480000391603,True,ok,22,,,stress,21260968,47
Joint RANSAC,7.28552916879923,5.73010060499544,14.4462005449238,65.8537056444363,7.06205247315243,1.14944440010004,True,ok,500,99,0.0405361876866152,stress,21260968,47
Joint OLS,10.8970511406082,8.87311663752189,21.1610237349188,128.978745142874,15.7886586665983,0.000725599937140942,True,legacy_ok,,,,stress,21260969,48
Joint Huber,5.81353816082288,4.7291931255951,11.2262645855459,32.899930113678,2.2542288989202,0.00258999993093312,True,legacy_ok,,,,stress,21260969,48
Joint LAD,6.05930294324146,4.90503411347571,12.0132665089368,40.9952750311052,1.7734602024253,0.00299830012954772,True,ok,189,,,stress,21260969,48
Joint Tukey,5.81669953525384,4.70040609011715,11.5035191655821,40.1635088720627,0.52628653458313,0.00389699987135828,True,ok,18,,,stress,21260969,48
Joint RANSAC,5.85686566906666,4.73794872833585,11.2626290711915,42.0334807110893,1.062725412435,1.14574990002438,True,ok,500,96,0.0297979120898302,stress,21260969,48
Joint OLS,19.3723277689415,14.6460739064394,42.5304186308108,453.81303187496,29.2724333199389,0.000599199905991554,True,legacy_ok,,,,stress,21260970,49
Joint Huber,5.866013513579,4.67924797123933,11.4135059234055,62.9089718124546,4.05311678693714,0.00363339995965362,True,legacy_ok,,,,stress,21260970,49
Joint LAD,5.66939604453008,4.55687236794032,10.8721838492201,50.1243681286012,3.31974478362701,0.00280650006607175,True,ok,172,,,stress,21260970,49
Joint Tukey,5.35830362614816,4.30309849042497,10.5678885498771,41.5911693355665,2.66641674008994,0.00473239994607866,True,ok,23,,,stress,21260970,49
Joint RANSAC,6.77548062513141,5.11878142208844,13.8954528734685,83.0802528909681,8.08836274900207,1.15220039989799,True,ok,500,95,0.0442434412159599,stress,21260970,49
