dataset,participant,session,scenario,replicate,seed,method,macro_rmse_ms,macro_mae_ms,macro_p95_abs_error_ms,worst_stream_rmse_ms
HARVARD,S0201,1,clean,0,41260821,Joint Huber,0.103857497722638,0.0828710370270012,0.2030466383483364,0.1137974296734772
HARVARD,S0201,1,clean,0,41260821,Joint OLS,0.1039740478133319,0.0829157632253757,0.203840427010693,0.1139068693794211
HARVARD,S0201,1,clean,0,41260821,Offset-only,6.229441139183105,5.33687399790027,10.964441971094542,17.310315204367484
HARVARD,S0201,1,clean,0,41260821,Raw,138.02084793487796,137.7635374760792,147.1345175910056,154.23784896329346
HARVARD,S0201,1,clean,1,41260822,Joint Huber,0.1030088859576709,0.0820986215086954,0.2015444661367383,0.1058613850044569
HARVARD,S0201,1,clean,1,41260822,Joint OLS,0.1039063201233733,0.082888606955097,0.2036563752873199,0.1067993592521888
HARVARD,S0201,1,clean,1,41260822,Offset-only,18.998816255645178,16.28250985206676,33.44065783812713,33.979357860630216
HARVARD,S0201,1,clean,1,41260822,Raw,68.84206800885363,65.8165560674419,94.4681705631136,88.81979259681164
HARVARD,S0201,1,clean,2,41260823,Joint Huber,0.1051233936864757,0.0839587530574919,0.2060286407466805,0.1072147440417976
HARVARD,S0201,1,clean,2,41260823,Joint OLS,0.10478295536997,0.0836906514185266,0.2049194967426615,0.1077961560755257
HARVARD,S0201,1,clean,2,41260823,Offset-only,19.716636754151978,16.900393332299384,34.688361519479564,33.80993189744781
HARVARD,S0201,1,clean,2,41260823,Raw,177.15128026304842,175.86144396338418,205.60587333116771,276.94134565725795
HARVARD,S0201,1,clean,3,41260824,Joint Huber,0.1028367256896399,0.0821526184048243,0.2019969737856897,0.1058711475341266
HARVARD,S0201,1,clean,3,41260824,Joint OLS,0.102108221878863,0.0816059067930703,0.2001500257649669,0.103617184176003
HARVARD,S0201,1,clean,3,41260824,Offset-only,20.65902846965769,17.70401050091373,36.38681455480173,32.93290617265284
HARVARD,S0201,1,clean,3,41260824,Raw,218.4719435365152,217.51071450792915,248.66305110214373,288.8933984066888
HARVARD,S0201,1,clean,4,41260825,Joint Huber,0.1022545186184099,0.0816814444759548,0.2005532727935133,0.1048478372549806
HARVARD,S0201,1,clean,4,41260825,Joint OLS,0.1026258803967384,0.0819877904215417,0.2022353422153067,0.1050393165154543
HARVARD,S0201,1,clean,4,41260825,Offset-only,25.91570154242652,22.212242318144074,45.58892403364227,33.96728166341272
HARVARD,S0201,1,clean,4,41260825,Raw,107.96602919339315,104.50837316349786,143.0418054483355,185.82008471223403
HARVARD,S0201,1,clean,5,41260826,Joint Huber,0.1004498424853881,0.0803458616100772,0.1967568455361502,0.1009617885301375
HARVARD,S0201,1,clean,5,41260826,Joint OLS,0.1011148317306356,0.0808317163071783,0.197710864348366,0.1034027486283549
HARVARD,S0201,1,clean,5,41260826,Offset-only,15.92395228730811,13.647400319971178,28.018534391799317,35.51548984511746
HARVARD,S0201,1,clean,5,41260826,Raw,217.97943626415,217.0453424631126,241.0514147761253,276.7303217921169
HARVARD,S0201,1,clean,6,41260827,Joint Huber,0.1042543200742101,0.0829549600294076,0.205503339527624,0.106965729881642
HARVARD,S0201,1,clean,6,41260827,Joint OLS,0.104166919198447,0.0828819910760583,0.2045914086682643,0.1071424523854544
HARVARD,S0201,1,clean,6,41260827,Offset-only,9.348537412638269,8.011623388928115,16.443757688919014,16.447705722377037
HARVARD,S0201,1,clean,6,41260827,Raw,58.8087926885428,57.46454568186381,71.55892285676373,93.32119797257228
HARVARD,S0201,1,clean,7,41260828,Joint Huber,0.1052582585874184,0.0839655632192278,0.2061780062429186,0.1113085552507292
HARVARD,S0201,1,clean,7,41260828,Joint OLS,0.1037298733091714,0.082786666908499,0.2028683106798823,0.1066447753119415
HARVARD,S0201,1,clean,7,41260828,Offset-only,22.550879689009527,19.32311601163265,39.71913678803709,33.7543378135979
HARVARD,S0201,1,clean,7,41260828,Raw,123.68877799986208,121.00435948894682,154.99182095444183,179.40902013444605
HARVARD,S0201,1,clean,8,41260829,Joint Huber,0.1052222218009051,0.0838620449672301,0.2068693182579295,0.1140852925847474
HARVARD,S0201,1,clean,8,41260829,Joint OLS,0.1022811973803209,0.0815292883250217,0.2015409111709054,0.1065421599164072
HARVARD,S0201,1,clean,8,41260829,Offset-only,22.40227649426251,19.19453908570231,39.49044682473702,29.596362810214423
HARVARD,S0201,1,clean,8,41260829,Raw,110.18650638203756,106.56347372080576,140.34870637184724,203.9263356057588
HARVARD,S0201,1,clean,9,41260830,Joint Huber,0.1059686251555209,0.0846485617502224,0.2069260971243381,0.1111850321103402
HARVARD,S0201,1,clean,9,41260830,Joint OLS,0.1052920549182828,0.0840887105307532,0.2057748304345352,0.1091581746486739
HARVARD,S0201,1,clean,9,41260830,Offset-only,14.683570041262476,12.585037153312095,25.8207160201259,24.5265042690076
HARVARD,S0201,1,clean,9,41260830,Raw,79.73315362318135,78.00358102720496,100.13503074723572,131.93340308059885
HARVARD,S0201,1,clean,10,41260831,Joint Huber,0.1055735411559849,0.0840886616420996,0.2084628782776932,0.1088584663278042
HARVARD,S0201,1,clean,10,41260831,Joint OLS,0.1053913820181117,0.0839603384343609,0.2075478908917461,0.1098491751250516
HARVARD,S0201,1,clean,10,41260831,Offset-only,28.69323925004508,24.58431486470846,50.5568907861373,34.81571962929083
HARVARD,S0201,1,clean,10,41260831,Raw,93.524568179615,88.17422193635298,128.12784651233056,227.06506814272683
HARVARD,S0201,1,clean,11,41260832,Joint Huber,0.1095943173490941,0.0876425882962055,0.2137691409492604,0.1239703673372109
HARVARD,S0201,1,clean,11,41260832,Joint OLS,0.1078411093887292,0.0861712891192897,0.2106929423762339,0.1127131790465319
HARVARD,S0201,1,clean,11,41260832,Offset-only,12.527914722895185,10.73933930808704,22.027096172619665,18.83000105217251
HARVARD,S0201,1,clean,11,41260832,Raw,104.1632430122188,103.26542694604916,119.24639940633406,159.54055714817738
HARVARD,S0201,1,clean,12,41260833,Joint Huber,0.1034361877859877,0.0824539869660663,0.202653169939282,0.1136310409440646
HARVARD,S0201,1,clean,12,41260833,Joint OLS,0.1032764798216292,0.0822949132465825,0.202602236603866,0.11062773000729
HARVARD,S0201,1,clean,12,41260833,Offset-only,22.1524139368848,18.984210189419667,39.00254988059571,36.00981344940192
HARVARD,S0201,1,clean,12,41260833,Raw,153.68874515176705,151.7071572164438,185.0895604209049,283.7744804728226
HARVARD,S0201,1,clean,13,41260834,Joint Huber,0.1080062232941427,0.0862201481870524,0.2117427916928705,0.1172375008276327
HARVARD,S0201,1,clean,13,41260834,Joint OLS,0.1062359466431346,0.08472051632563,0.2080517380507185,0.1143129172328735
HARVARD,S0201,1,clean,13,41260834,Offset-only,17.006886663717175,14.57383425222533,29.955464192929337,28.33736229340281
HARVARD,S0201,1,clean,13,41260834,Raw,169.19731944712478,167.97718808038132,193.61798266803157,227.3822264914459
HARVARD,S0201,1,clean,14,41260835,Joint Huber,0.1079081505805432,0.0860234994893852,0.2122348938540686,0.1132456428102083
HARVARD,S0201,1,clean,14,41260835,Joint OLS,0.1072144548345821,0.0854149218015697,0.2108571552424721,0.1146768386188869
HARVARD,S0201,1,clean,14,41260835,Offset-only,13.211532153555064,11.321000641168595,23.269469599645557,19.97804324926801
HARVARD,S0201,1,clean,14,41260835,Raw,191.1015892097668,190.5394608571296,210.45612342577016,205.47010919929204
HARVARD,S0201,1,clean,15,41260836,Joint Huber,0.1178054733085312,0.0943032620734902,0.2290607389695332,0.1380988784073986
HARVARD,S0201,1,clean,15,41260836,Joint OLS,0.1120585894214453,0.0895003165566371,0.2183011201962071,0.130815892365093
HARVARD,S0201,1,clean,15,41260836,Offset-only,25.791353501301305,22.103829088996005,45.3944347516293,35.6635478311673
HARVARD,S0201,1,clean,15,41260836,Raw,92.94650807191304,89.33972777048541,125.20340579633488,184.607369266579
HARVARD,S0201,1,clean,16,41260837,Joint Huber,0.1108242802171229,0.0888122278314867,0.2161252801872848,0.1229654189031814
HARVARD,S0201,1,clean,16,41260837,Joint OLS,0.1111056067129107,0.0890114969287654,0.2165189912931575,0.1240907038527192
HARVARD,S0201,1,clean,16,41260837,Offset-only,17.060358076965453,14.619960739538584,30.02873682853524,30.548843982714416
HARVARD,S0201,1,clean,16,41260837,Raw,135.698523716951,133.907368899824,159.61263055349093,200.6332968998444
HARVARD,S0201,1,clean,17,41260838,Joint Huber,0.1051318288901921,0.0839481574163651,0.2053651630090414,0.1133400623193528
HARVARD,S0201,1,clean,17,41260838,Joint OLS,0.1035275553604359,0.0826145772470337,0.202155575237839,0.1076814450796258
HARVARD,S0201,1,clean,17,41260838,Offset-only,23.91928141075543,20.497379348133556,42.10647518514907,31.775715081698163
HARVARD,S0201,1,clean,17,41260838,Raw,111.64153911166196,108.28052194278568,142.60383697494063,233.59547606637932
HARVARD,S0201,1,clean,18,41260839,Joint Huber,0.1078889805185249,0.0860540815238247,0.2117420837764783,0.1105187941146809
HARVARD,S0201,1,clean,18,41260839,Joint OLS,0.1049768137694181,0.0836614956411441,0.2062086495978832,0.1096389526752805
HARVARD,S0201,1,clean,18,41260839,Offset-only,12.831244131171518,10.993790041288062,22.614796645760823,23.45948686418765
HARVARD,S0201,1,clean,18,41260839,Raw,142.5268769775486,141.84823164627468,161.18514959021067,199.46432048715135
HARVARD,S0201,1,clean,19,41260840,Joint Huber,0.1034514786315663,0.0827018234950571,0.2015785798575864,0.1060395381435548
HARVARD,S0201,1,clean,19,41260840,Joint OLS,0.1032925595339601,0.0825721442336128,0.2018022129234076,0.1062111976191922
HARVARD,S0201,1,clean,19,41260840,Offset-only,14.777326432543155,12.66529965531176,26.009779831689794,26.967598279400107
HARVARD,S0201,1,clean,19,41260840,Raw,77.37556898153427,74.56292437676976,93.9460840936106,130.65965487552327
HARVARD,S0201,1,clean,20,41260841,Joint Huber,0.1042984159355669,0.0832854097271415,0.2045259718031711,0.1062748261499692
HARVARD,S0201,1,clean,20,41260841,Joint OLS,0.1029954188212744,0.0822953185804641,0.201641480932313,0.1040146820850139
HARVARD,S0201,1,clean,20,41260841,Offset-only,18.615404555965533,15.947424863738858,32.80710984750996,31.342406823478893
HARVARD,S0201,1,clean,20,41260841,Raw,166.7772904359637,165.37806430665748,193.41673082609248,234.40110831019985
HARVARD,S0201,1,clean,21,41260842,Joint Huber,0.1075145437706566,0.085841997759129,0.2100658374895481,0.1182052185680698
HARVARD,S0201,1,clean,21,41260842,Joint OLS,0.1057917620863309,0.0843340180129881,0.2061098106835857,0.1115296477877002
HARVARD,S0201,1,clean,21,41260842,Offset-only,19.49635720963862,16.702507561417992,34.37491942939764,35.29464274445251
HARVARD,S0201,1,clean,21,41260842,Raw,107.92885290786712,104.50087376513424,133.6536074808847,198.1358093844729
HARVARD,S0201,1,clean,22,41260843,Joint Huber,0.1057104218698269,0.0843040263364012,0.2071130057103687,0.1161790193035804
HARVARD,S0201,1,clean,22,41260843,Joint OLS,0.105964390841354,0.0845052980696653,0.2080481350688501,0.1138072369118003
HARVARD,S0201,1,clean,22,41260843,Offset-only,9.87492453802074,8.460014388144378,17.39900936391861,23.048351398910608
HARVARD,S0201,1,clean,22,41260843,Raw,68.4362350028783,67.48249932891798,82.36612352004099,91.57783315502876
HARVARD,S0201,1,clean,23,41260844,Joint Huber,0.1055780878569154,0.0841938144351568,0.2051526811690962,0.1096916744257419
HARVARD,S0201,1,clean,23,41260844,Joint OLS,0.105385954193462,0.0841192649423794,0.2049549522403993,0.1101852254578798
HARVARD,S0201,1,clean,23,41260844,Offset-only,17.2344068720853,14.76946532085163,30.32835281828286,34.93886589066125
HARVARD,S0201,1,clean,23,41260844,Raw,81.6408429924788,79.51990497139471,105.50569271255377,111.5429326611097
HARVARD,S0201,1,clean,24,41260845,Joint Huber,0.1029950088858924,0.0821099615181732,0.2045011174024669,0.1110828381566242
HARVARD,S0201,1,clean,24,41260845,Joint OLS,0.1025266583149434,0.0817239114739875,0.2030753732984891,0.1072820819861138
HARVARD,S0201,1,clean,24,41260845,Offset-only,14.151218126949011,12.129090733561,24.910613442983557,24.346246966027454
HARVARD,S0201,1,clean,24,41260845,Raw,101.70408497013526,100.66862042347717,119.82809748850131,201.4603461676456
HARVARD,S0201,1,clean,25,41260846,Joint Huber,0.101831681838769,0.0811923801469603,0.2004065600015536,0.1068671528147787
HARVARD,S0201,1,clean,25,41260846,Joint OLS,0.1024955043389803,0.08176707142758,0.2015474223263425,0.1078239739762377
HARVARD,S0201,1,clean,25,41260846,Offset-only,24.726390886496013,21.188759429939115,43.53423710928999,36.01658641336991
HARVARD,S0201,1,clean,25,41260846,Raw,158.10275275374676,155.32724332717245,189.7618284265926,284.91628941091585
HARVARD,S0201,1,clean,26,41260847,Joint Huber,0.1038459180190615,0.0826765268312851,0.2045678813118457,0.1095119593160076
HARVARD,S0201,1,clean,26,41260847,Joint OLS,0.1036709834025768,0.0825295587516342,0.2039965561456469,0.1102035545028144
HARVARD,S0201,1,clean,26,41260847,Offset-only,10.454533956700953,8.955726697071608,18.433579568993878,30.02641433166658
HARVARD,S0201,1,clean,26,41260847,Raw,91.66305066807008,90.2306214288312,105.985250319225,172.8129804861311
HARVARD,S0201,1,clean,27,41260848,Joint Huber,0.1061555749333195,0.0846667223173494,0.2092878845834534,0.1090907177038386
HARVARD,S0201,1,clean,27,41260848,Joint OLS,0.1053498010126989,0.0839983526580511,0.2074578154865669,0.1086460667109288
HARVARD,S0201,1,clean,27,41260848,Offset-only,29.005092812276317,24.85429922006084,51.09635570883837,35.31137298584999
HARVARD,S0201,1,clean,27,41260848,Raw,134.77453095171197,131.83158994933748,169.88305055422347,195.74392485902283
HARVARD,S0201,1,clean,28,41260849,Joint Huber,0.1055114977841756,0.0843608993669013,0.2060445183655446,0.1111907614804692
HARVARD,S0201,1,clean,28,41260849,Joint OLS,0.1048789537208105,0.0837896024850095,0.2053611339214001,0.1070092673557645
HARVARD,S0201,1,clean,28,41260849,Offset-only,18.61534885450465,15.94987917313096,32.76578280446261,33.66767640177251
HARVARD,S0201,1,clean,28,41260849,Raw,113.60192055554847,110.89865702675375,137.86758509783414,192.15635430236856
HARVARD,S0201,1,clean,29,41260850,Joint Huber,0.1037663940861223,0.0829763015172127,0.2027522718599073,0.1090139899901633
HARVARD,S0201,1,clean,29,41260850,Joint OLS,0.1047158921883739,0.0837409271323057,0.2042292583473993,0.1108187755005721
HARVARD,S0201,1,clean,29,41260850,Offset-only,19.75131252198028,16.92690350351032,34.73638771005741,34.976058671052165
HARVARD,S0201,1,clean,29,41260850,Raw,94.87161106784656,92.90299520799068,117.3256187178433,153.57134028550357
HARVARD,S0201,1,clean,30,41260851,Joint Huber,0.103994070085473,0.0828294758388636,0.2039450022408573,0.1139522202288105
HARVARD,S0201,1,clean,30,41260851,Joint OLS,0.1062092573808401,0.0847123686700402,0.2086091902109288,0.124092382531059
HARVARD,S0201,1,clean,30,41260851,Offset-only,12.107819731909313,10.374181358522597,21.301006828292547,30.833391039907905
HARVARD,S0201,1,clean,30,41260851,Raw,93.5589442783906,91.46519249410984,109.70337633785164,205.7067759691792
HARVARD,S0201,1,clean,31,41260852,Joint Huber,0.1117022750273241,0.0892870081479324,0.2177037061272813,0.1258060952909248
HARVARD,S0201,1,clean,31,41260852,Joint OLS,0.1105267383423209,0.0883673938615869,0.2151656409573377,0.1279892510197456
HARVARD,S0201,1,clean,31,41260852,Offset-only,24.47875302660967,20.97796530333678,43.11217487966914,34.293625412959635
HARVARD,S0201,1,clean,31,41260852,Raw,89.67234171077266,85.20484178294409,121.23725119584554,164.43880259969094
HARVARD,S0201,1,clean,32,41260853,Joint Huber,0.1026737971625499,0.0819604517872585,0.2010276784943699,0.1047845252516287
HARVARD,S0201,1,clean,32,41260853,Joint OLS,0.1030965863226779,0.0823114873359373,0.2025763325264052,0.1058796782143546
HARVARD,S0201,1,clean,32,41260853,Offset-only,19.861093966851637,17.01800276339493,34.972007054226495,33.39927666504416
HARVARD,S0201,1,clean,32,41260853,Raw,104.85309995016584,102.00671167361618,131.94714452672133,215.39083286414268
HARVARD,S0201,1,clean,33,41260854,Joint Huber,0.1024665607482681,0.0816042723320885,0.2016140346960071,0.1044867511099399
HARVARD,S0201,1,clean,33,41260854,Joint OLS,0.102804439916065,0.0818461307023943,0.2025788893501357,0.1037635546021308
HARVARD,S0201,1,clean,33,41260854,Offset-only,20.636038540469656,17.68248408572113,36.34984765499479,35.96075933928436
HARVARD,S0201,1,clean,33,41260854,Raw,85.59474148353176,82.13415634971578,113.2264767914764,155.08800721278578
HARVARD,S0201,1,clean,34,41260855,Joint Huber,0.1027477413794502,0.0820656101400534,0.2014470744182262,0.1073386709991306
HARVARD,S0201,1,clean,34,41260855,Joint OLS,0.101839285197421,0.0814057924597778,0.1994670197794424,0.1047286582907896
HARVARD,S0201,1,clean,34,41260855,Offset-only,21.748378349209062,18.638055286372825,38.28386136643296,35.307541300893945
HARVARD,S0201,1,clean,34,41260855,Raw,134.4943780170208,131.79168761557784,163.55446668822822,234.3230037661594
HARVARD,S0201,1,clean,35,41260856,Joint Huber,0.1033715884050191,0.0824159383266696,0.202939119041412,0.1076121267603439
HARVARD,S0201,1,clean,35,41260856,Joint OLS,0.1027596302388531,0.081920293231459,0.2007492625828888,0.1050355293415807
HARVARD,S0201,1,clean,35,41260856,Offset-only,12.748798145525605,10.927811303804212,22.41758261203755,18.34232902082295
HARVARD,S0201,1,clean,35,41260856,Raw,96.8362450954142,95.92456884215513,114.10377482656946,143.47790724588327
HARVARD,S0201,1,clean,36,41260857,Joint Huber,0.1041519469142513,0.0827513002457469,0.2050270194176918,0.107501264074193
HARVARD,S0201,1,clean,36,41260857,Joint OLS,0.1047196391289435,0.0831515541485126,0.2058618311590266,0.1088861583159043
HARVARD,S0201,1,clean,36,41260857,Offset-only,13.846276976719803,11.866198954142286,24.37042488008263,25.256819256473165
HARVARD,S0201,1,clean,36,41260857,Raw,107.22740846216388,105.41534451362438,126.30231110232648,164.43248808704834
HARVARD,S0201,1,clean,37,41260858,Joint Huber,0.1036956635178882,0.0829331184261904,0.2029073742985332,0.1081645366684895
HARVARD,S0201,1,clean,37,41260858,Joint OLS,0.1024502317606248,0.0819076548070709,0.199882295254028,0.1044522057781362
HARVARD,S0201,1,clean,37,41260858,Offset-only,17.217998136505372,14.753217486343978,30.327522169038534,31.990056200775435
HARVARD,S0201,1,clean,37,41260858,Raw,136.8467974151069,134.96219219321637,157.92085897802846,220.92403259496857
HARVARD,S0201,1,clean,38,41260859,Joint Huber,0.1055492429197123,0.0841679662788602,0.2083671433280365,0.1106567294639433
HARVARD,S0201,1,clean,38,41260859,Joint OLS,0.1039697098857646,0.0828563886720197,0.2046702205598994,0.1082369555258263
HARVARD,S0201,1,clean,38,41260859,Offset-only,28.424266232328733,24.35821396689441,50.0469954176805,32.31852035036758
HARVARD,S0201,1,clean,38,41260859,Raw,149.67938301686823,146.5652214975811,189.44067470387608,293.9976395947665
HARVARD,S0201,1,clean,39,41260860,Joint Huber,0.103814541281156,0.0827801259757857,0.2023169927884538,0.1046289553136678
HARVARD,S0201,1,clean,39,41260860,Joint OLS,0.1029631816447688,0.0821265541353131,0.2010818412802706,0.1043525931037722
HARVARD,S0201,1,clean,39,41260860,Offset-only,9.745903136044962,8.350696481973324,17.17659534653766,19.27610177075171
HARVARD,S0201,1,clean,39,41260860,Raw,108.8092675968878,107.2309495925674,121.92916036023126,198.20095413522057
HARVARD,S0201,1,clean,40,41260861,Joint Huber,0.1024112337714625,0.0816906598622198,0.200888923108522,0.109236556919182
HARVARD,S0201,1,clean,40,41260861,Joint OLS,0.10239661215647,0.0816748084446864,0.200176668173857,0.1088201183619028
HARVARD,S0201,1,clean,40,41260861,Offset-only,13.791615774521215,11.818393120179016,24.274554231295475,21.967570038458437
HARVARD,S0201,1,clean,40,41260861,Raw,153.9447047452441,153.1900981081785,173.97721691419977,225.91400984840436
HARVARD,S0201,1,clean,41,41260862,Joint Huber,0.1066894497683754,0.0853489343069961,0.2086731548587295,0.1155156882309656
HARVARD,S0201,1,clean,41,41260862,Joint OLS,0.1058071235497768,0.0846493756242043,0.2063684638066832,0.1154908715247471
HARVARD,S0201,1,clean,41,41260862,Offset-only,21.651366258898104,18.55210118355636,38.17711798713708,25.83102824962084
HARVARD,S0201,1,clean,41,41260862,Raw,153.7453033390401,151.82005787068545,184.4807893809848,275.17888281216824
HARVARD,S0201,1,clean,42,41260863,Joint Huber,0.1090408345473318,0.0873706366262334,0.2132183234181184,0.1267420693284455
HARVARD,S0201,1,clean,42,41260863,Joint OLS,0.1073726371875745,0.0859997153055705,0.2100724842961199,0.1227689139315802
HARVARD,S0201,1,clean,42,41260863,Offset-only,13.879456910532369,11.890822002183729,24.45005211848557,29.47543257250987
HARVARD,S0201,1,clean,42,41260863,Raw,64.95363824394938,63.49274765457948,84.39664924002903,156.580425482358
HARVARD,S0201,1,clean,43,41260864,Joint Huber,0.1031724895948906,0.0823405157053948,0.2023013212799185,0.1063706071564789
HARVARD,S0201,1,clean,43,41260864,Joint OLS,0.1033172118975031,0.0824507503812839,0.2024443222658156,0.1079590009729819
HARVARD,S0201,1,clean,43,41260864,Offset-only,16.4636755735932,14.105619705056936,29.00160759620416,36.51372146332972
HARVARD,S0201,1,clean,43,41260864,Raw,94.10054316764815,91.6144173894865,115.3891386877734,131.1175247095808
HARVARD,S0201,1,clean,44,41260865,Joint Huber,0.1052021473591789,0.0841299551993921,0.2058490578285443,0.1067168868675659
HARVARD,S0201,1,clean,44,41260865,Joint OLS,0.1056155031685522,0.0844622808701522,0.2064691097365845,0.1064091951193671
HARVARD,S0201,1,clean,44,41260865,Offset-only,17.41062496342632,14.920866389945257,30.64577884712838,28.807940656154983
HARVARD,S0201,1,clean,44,41260865,Raw,100.85519155909108,98.96234797798472,125.2199313470495,161.6894943244805
HARVARD,S0201,1,clean,45,41260866,Joint Huber,0.1043469304819947,0.0832185637096791,0.2036610037137177,0.1078623510810828
HARVARD,S0201,1,clean,45,41260866,Joint OLS,0.1035899124265699,0.082591215084415,0.2025876569391016,0.1066773539709333
HARVARD,S0201,1,clean,45,41260866,Offset-only,9.57177769443144,8.202488463044906,16.85448853586058,24.66698901227732
HARVARD,S0201,1,clean,45,41260866,Raw,145.19362420864672,144.6085350075484,159.0450813237311,187.16102133848892
HARVARD,S0201,1,clean,46,41260867,Joint Huber,0.1035097216112725,0.0825406544124335,0.2043046664990555,0.1046324375947115
HARVARD,S0201,1,clean,46,41260867,Joint OLS,0.1030671246673963,0.0822129869289615,0.2027000293259418,0.1043742816831431
HARVARD,S0201,1,clean,46,41260867,Offset-only,19.223713108275305,16.47632323587874,33.82288078905651,35.065511570824334
HARVARD,S0201,1,clean,46,41260867,Raw,166.59199341255956,164.94799129111328,193.96081484472296,188.4027596570859
HARVARD,S0201,1,clean,47,41260868,Joint Huber,0.1059729676049106,0.0849161118515096,0.2072030585486662,0.1107699569254664
HARVARD,S0201,1,clean,47,41260868,Joint OLS,0.105954378702279,0.084869502571835,0.2071782775978192,0.1112112880714823
HARVARD,S0201,1,clean,47,41260868,Offset-only,13.79764339982808,11.82016251166722,24.29157727384013,25.97656478167552
HARVARD,S0201,1,clean,47,41260868,Raw,71.72946043557539,69.24999863958037,85.87343686602802,198.52697880764543
HARVARD,S0201,1,clean,48,41260869,Joint Huber,0.1040330136977839,0.0829057838547198,0.2034813097658627,0.106454347162269
HARVARD,S0201,1,clean,48,41260869,Joint OLS,0.1049243011173213,0.0835791878157794,0.2056292108491675,0.1107026205729702
HARVARD,S0201,1,clean,48,41260869,Offset-only,5.675174768508507,4.860770504913973,10.010693324173658,14.276016191109472
HARVARD,S0201,1,clean,48,41260869,Raw,167.30826476488113,167.15304948925814,175.7017300626531,233.857095350894
HARVARD,S0201,1,clean,49,41260870,Joint Huber,0.1102210661511405,0.0880903104918526,0.2146336398613613,0.1211142225508553
HARVARD,S0201,1,clean,49,41260870,Joint OLS,0.1117285226972275,0.0893511194487499,0.2173937782016466,0.1282506365122075
HARVARD,S0201,1,clean,49,41260870,Offset-only,21.92305917553068,18.785553025229788,38.61587258114696,33.06808466912266
HARVARD,S0201,1,clean,49,41260870,Raw,177.83633699144823,176.52632870536237,209.57930449620437,245.6715025127883
HARVARD,S0201,1,nominal,0,41260871,Joint Huber,1.0584610632850602,0.8453137527860947,2.073584567549603,1.1426450960122203
HARVARD,S0201,1,nominal,0,41260871,Joint OLS,3.85493604121921,3.454188385617562,6.139925696005832,4.523252853838601
HARVARD,S0201,1,nominal,0,41260871,Offset-only,22.00347976265796,18.798992958072176,38.678348030539226,35.92574134868029
HARVARD,S0201,1,nominal,0,41260871,Raw,106.03263994224756,101.75248692510432,134.0945983610054,170.31333269998876
HARVARD,S0201,1,nominal,1,41260872,Joint Huber,1.093206843651469,0.8749822747668494,2.135899196288804,1.3521590391869602
HARVARD,S0201,1,nominal,1,41260872,Joint OLS,6.5392331612228505,5.4748071360823,11.524763945565388,9.084016626559285
HARVARD,S0201,1,nominal,1,41260872,Offset-only,17.486168434116394,14.953124996426665,30.73186635357901,28.438916665321
HARVARD,S0201,1,nominal,1,41260872,Raw,138.03513812448293,136.74216018350927,162.90959419251976,194.9660087789564
HARVARD,S0201,1,nominal,2,41260873,Joint Huber,1.1396155857763737,0.9134596459382668,2.223513742646333,1.2307941981693566
HARVARD,S0201,1,nominal,2,41260873,Joint OLS,4.657292595608618,3.8662700799584218,8.383764161957137,6.195891844855238
HARVARD,S0201,1,nominal,2,41260873,Offset-only,25.42701300940984,21.72658946437169,45.02678486605056,35.70619095786945
HARVARD,S0201,1,nominal,2,41260873,Raw,111.6981354172353,109.08859503198045,142.3013052593781,172.0861723131074
HARVARD,S0201,1,nominal,3,41260874,Joint Huber,1.060758489131019,0.8471375075478549,2.07013236639746,1.0765118939796612
HARVARD,S0201,1,nominal,3,41260874,Joint OLS,3.131897981172334,2.715999568403201,5.320202680505659,3.7253552225544295
HARVARD,S0201,1,nominal,3,41260874,Offset-only,11.996086485041022,10.061058677409278,22.016582309524857,30.33306501709941
HARVARD,S0201,1,nominal,3,41260874,Raw,137.5352688229396,135.46386139397498,152.0473488807781,223.9352413167564
HARVARD,S0201,1,nominal,4,41260875,Joint Huber,1.0770082523541746,0.8587724844326587,2.115790884105096,1.124720988960683
HARVARD,S0201,1,nominal,4,41260875,Joint OLS,4.860762522889973,4.152307741594974,8.440845033882383,6.179742492010754
HARVARD,S0201,1,nominal,4,41260875,Offset-only,24.87296549264974,21.1697071157163,43.72728614008148,33.54228458026238
HARVARD,S0201,1,nominal,4,41260875,Raw,165.25590835128554,163.41106925431234,199.82002062929496,203.97404655911623
HARVARD,S0201,1,nominal,5,41260876,Joint Huber,1.1169721065440517,0.8950087904946964,2.173845219982696,1.360082388044847
HARVARD,S0201,1,nominal,5,41260876,Joint OLS,3.1257655004679323,2.6435814176128174,5.576786347400664,3.86973641231541
HARVARD,S0201,1,nominal,5,41260876,Offset-only,8.929855724407439,7.598420579994686,15.95984330734419,18.420073985495502
HARVARD,S0201,1,nominal,5,41260876,Raw,131.68067308769662,131.3495101335621,144.69129313852395,205.33805452776053
HARVARD,S0201,1,nominal,6,41260877,Joint Huber,1.0515629861033766,0.8391893961098331,2.0638910590085047,1.104019795041646
HARVARD,S0201,1,nominal,6,41260877,Joint OLS,3.2868412901539776,2.7841379722445225,5.81331121551414,5.745703924909681
HARVARD,S0201,1,nominal,6,41260877,Offset-only,18.714133059427752,16.044309391595032,32.59543544180956,29.9079865649583
HARVARD,S0201,1,nominal,6,41260877,Raw,143.48434650485274,142.24118648387253,170.6170986746073,188.0116689951496
HARVARD,S0201,1,nominal,7,41260878,Joint Huber,1.1496980407147204,0.9205220673539912,2.2287867672844186,1.3064597766594996
HARVARD,S0201,1,nominal,7,41260878,Joint OLS,3.9224522716141847,3.265874896978035,7.23005590972572,6.418035654556889
HARVARD,S0201,1,nominal,7,41260878,Offset-only,19.824362455377504,17.002210080301758,34.55087242951703,25.51180020101768
HARVARD,S0201,1,nominal,7,41260878,Raw,88.39807012146275,86.49010545060575,108.78723660015042,184.07452857154675
HARVARD,S0201,1,nominal,8,41260879,Joint Huber,1.1447426816183623,0.9158481867239686,2.2386368345880925,1.2549536640336425
HARVARD,S0201,1,nominal,8,41260879,Joint OLS,4.015327010751543,3.330870973518652,7.236304636242696,4.940127918864384
HARVARD,S0201,1,nominal,8,41260879,Offset-only,14.825315002788397,12.5456514669773,26.92624136868487,29.50269101426035
HARVARD,S0201,1,nominal,8,41260879,Raw,208.7464585326969,208.08079772522893,229.5492988522553,281.07945065574086
HARVARD,S0201,1,nominal,9,41260880,Joint Huber,1.084404237652956,0.8672678744888257,2.132747991661072,1.145903324713443
HARVARD,S0201,1,nominal,9,41260880,Joint OLS,4.22364718619855,3.5587990166565047,7.478414085550189,8.3560320918008
HARVARD,S0201,1,nominal,9,41260880,Offset-only,23.980411318075724,20.47168627852493,42.59845577765847,32.266216104392605
HARVARD,S0201,1,nominal,9,41260880,Raw,155.68936455370246,153.87125819196444,189.53996294110183,169.92133385157538
HARVARD,S0201,1,nominal,10,41260881,Joint Huber,1.1195387899975064,0.891716212980441,2.19557659254761,1.2741360824948704
HARVARD,S0201,1,nominal,10,41260881,Joint OLS,4.497345742545307,3.808492603565635,7.74694047553369,5.962035274984929
HARVARD,S0201,1,nominal,10,41260881,Offset-only,20.447980878011972,17.47490448032349,36.052323176295054,33.011663972936866
HARVARD,S0201,1,nominal,10,41260881,Raw,141.77038857580976,139.2382836469468,169.8427650008348,222.89979126312952
HARVARD,S0201,1,nominal,11,41260882,Joint Huber,1.0796154198918335,0.8608195013176618,2.1122733074376403,1.1746751226872616
HARVARD,S0201,1,nominal,11,41260882,Joint OLS,2.755445061654086,2.300048458240864,4.995245850875563,3.6766105856186018
HARVARD,S0201,1,nominal,11,41260882,Offset-only,7.542790027977775,6.437767456884474,13.237869880952614,12.056062213638048
HARVARD,S0201,1,nominal,11,41260882,Raw,50.30850605058094,49.59486397135217,60.88211187108974,122.76138532597784
HARVARD,S0201,1,nominal,12,41260883,Joint Huber,1.0583993838925556,0.8447915274106452,2.0743920348605727,1.080780817560931
HARVARD,S0201,1,nominal,12,41260883,Joint OLS,4.122248467854592,3.3954311704543154,7.470135565554093,6.5386255215035645
HARVARD,S0201,1,nominal,12,41260883,Offset-only,19.776982155507493,16.91214134719738,34.88114499405022,35.733778999877536
HARVARD,S0201,1,nominal,12,41260883,Raw,117.14387898137213,114.95722707192256,144.61026707648114,197.7379602988788
HARVARD,S0201,1,nominal,13,41260884,Joint Huber,1.0382058567635348,0.8298602765965315,2.040870056609557,1.058922253579813
HARVARD,S0201,1,nominal,13,41260884,Joint OLS,4.071020641202866,3.5453246261381817,6.866725149130892,5.845586566344937
HARVARD,S0201,1,nominal,13,41260884,Offset-only,13.817135658559152,11.792573021687456,24.59378436696689,35.98018126131864
HARVARD,S0201,1,nominal,13,41260884,Raw,136.0917611721782,134.6903940196532,155.43944407039197,217.0782859906745
HARVARD,S0201,1,nominal,14,41260885,Joint Huber,1.0722334404682294,0.8545920984913841,2.111094158724569,1.1333378901768572
HARVARD,S0201,1,nominal,14,41260885,Joint OLS,3.207988630894758,2.7088516563014715,5.781522493524884,5.571443391005462
HARVARD,S0201,1,nominal,14,41260885,Offset-only,9.953165367141192,8.460358763897347,17.703810091903538,22.103765073620465
HARVARD,S0201,1,nominal,14,41260885,Raw,96.21750828925408,95.25745255262194,109.85898529166604,137.98376220932454
HARVARD,S0201,1,nominal,15,41260886,Joint Huber,1.0346524331011604,0.826445836929244,2.026212339197597,1.085201972091108
HARVARD,S0201,1,nominal,15,41260886,Joint OLS,2.9800275071284665,2.449415407078196,5.435720514458266,4.410195766551193
HARVARD,S0201,1,nominal,15,41260886,Offset-only,17.463150006810842,14.987510909816764,30.395388200748645,35.63381339234571
HARVARD,S0201,1,nominal,15,41260886,Raw,90.24892089655782,87.64328010826594,114.19456453326892,125.16662418029723
HARVARD,S0201,1,nominal,16,41260887,Joint Huber,1.0549776377034783,0.8416941835224611,2.074600814161443,1.0895847372646978
HARVARD,S0201,1,nominal,16,41260887,Joint OLS,4.615506569730816,3.844136597955385,8.440584034722278,8.09246127860447
HARVARD,S0201,1,nominal,16,41260887,Offset-only,17.773903759567443,15.216938660637782,31.19797893313727,26.392404137099373
HARVARD,S0201,1,nominal,16,41260887,Raw,138.9574556527902,137.54413012877828,164.2889644759217,165.86122849863065
HARVARD,S0201,1,nominal,17,41260888,Joint Huber,1.091422286380466,0.8709076923622965,2.1518029654634008,1.2147333297620926
HARVARD,S0201,1,nominal,17,41260888,Joint OLS,4.041132819847405,3.4784993047903394,6.982244330815669,6.220950603512534
HARVARD,S0201,1,nominal,17,41260888,Offset-only,23.07698789103918,19.647362570902786,41.112948506113256,29.92171217034402
HARVARD,S0201,1,nominal,17,41260888,Raw,136.25867166325986,133.95593553392212,167.79390588386036,268.4047901288501
HARVARD,S0201,1,nominal,18,41260889,Joint Huber,1.114870800120331,0.8929526522594451,2.173594756067221,1.2412804472289156
HARVARD,S0201,1,nominal,18,41260889,Joint OLS,3.5606408453600764,3.0538878302328616,6.213559196704078,4.573349384934954
HARVARD,S0201,1,nominal,18,41260889,Offset-only,16.214008441238082,13.930526647761935,27.95392618551764,33.925117271263325
HARVARD,S0201,1,nominal,18,41260889,Raw,112.27838207148616,109.75877375281505,132.49348124590554,232.96660046528532
HARVARD,S0201,1,nominal,19,41260890,Joint Huber,1.0248664494464688,0.8187282170741238,2.013802022273481,1.0521369413715278
HARVARD,S0201,1,nominal,19,41260890,Joint OLS,4.698733622286603,4.073323047031808,8.07969052283466,7.397413767182902
HARVARD,S0201,1,nominal,19,41260890,Offset-only,24.444157934480472,20.816586218227428,43.69278635642182,35.574018160152974
HARVARD,S0201,1,nominal,19,41260890,Raw,150.31609813780216,148.2197092585497,184.3106390602132,282.7916344388955
HARVARD,S0201,1,nominal,20,41260891,Joint Huber,1.0625965040619891,0.8490045304381573,2.0654754080052133,1.1487170558980635
HARVARD,S0201,1,nominal,20,41260891,Joint OLS,2.9629873537002345,2.559339936916193,5.116337610432542,3.8361283499719705
HARVARD,S0201,1,nominal,20,41260891,Offset-only,11.278462411594814,9.626211712448209,19.862323605073144,21.00996157472899
HARVARD,S0201,1,nominal,20,41260891,Raw,73.4641270855432,72.26993451048209,89.0672598923004,109.63886302035772
HARVARD,S0201,1,nominal,21,41260892,Joint Huber,1.0828031135002816,0.8655579956185849,2.121801387912648,1.152218000187401
HARVARD,S0201,1,nominal,21,41260892,Joint OLS,4.702585215077856,3.958816912472996,8.366525677059222,5.198445849277614
HARVARD,S0201,1,nominal,21,41260892,Offset-only,18.952169864295577,16.195297117511622,33.05315822559625,29.6743941358986
HARVARD,S0201,1,nominal,21,41260892,Raw,89.26103415859293,86.41629161008694,112.34731082642168,157.176955404017
HARVARD,S0201,1,nominal,22,41260893,Joint Huber,1.0839474218893952,0.8654240684756294,2.1138016072557613,1.2573050646808113
HARVARD,S0201,1,nominal,22,41260893,Joint OLS,2.7963497209442973,2.3438179339880416,5.03948371660341,3.280684150187462
HARVARD,S0201,1,nominal,22,41260893,Offset-only,16.75434387913413,14.249219481795146,30.08327247638212,37.337914116739576
HARVARD,S0201,1,nominal,22,41260893,Raw,110.27946193537508,107.88045939711672,130.68004773198706,261.755082972466
HARVARD,S0201,1,nominal,23,41260894,Joint Huber,1.034824937710137,0.826964788087529,2.0257461433089934,1.0499854968295603
HARVARD,S0201,1,nominal,23,41260894,Joint OLS,4.842454067798471,4.059302471366157,8.660719634109164,5.548797439233835
HARVARD,S0201,1,nominal,23,41260894,Offset-only,23.872816105008067,20.377193524768245,42.28676887248293,32.49092714744171
HARVARD,S0201,1,nominal,23,41260894,Raw,116.16571177934344,113.37823903965204,144.80537274183885,187.9515445854057
HARVARD,S0201,1,nominal,24,41260895,Joint Huber,1.0399823519161582,0.8301048180854762,2.03996053516522,1.0960132249329648
HARVARD,S0201,1,nominal,24,41260895,Joint OLS,4.831817514964556,4.105547020153391,8.457958580730486,10.227338536537845
HARVARD,S0201,1,nominal,24,41260895,Offset-only,12.161297239265451,10.464802613867576,20.53292112443934,31.17884078260052
HARVARD,S0201,1,nominal,24,41260895,Raw,191.01770963283016,189.98902329105297,208.7508119380793,214.5734811992417
HARVARD,S0201,1,nominal,25,41260896,Joint Huber,1.0352074458225786,0.8281856503918417,2.029353300391889,1.116186049693462
HARVARD,S0201,1,nominal,25,41260896,Joint OLS,3.714735774766575,3.170727102015027,6.523268971149943,4.678116219742432
HARVARD,S0201,1,nominal,25,41260896,Offset-only,18.603861356028457,15.937888337706283,32.287764278163955,30.231651626046748
HARVARD,S0201,1,nominal,25,41260896,Raw,106.71353340492796,103.66638379394284,131.73884264171912,223.90945416335137
HARVARD,S0201,1,nominal,26,41260897,Joint Huber,1.1999180618953662,0.9609299663618074,2.3508109101470613,1.328832739773995
HARVARD,S0201,1,nominal,26,41260897,Joint OLS,4.09091572515089,3.366288187785867,7.465336012596442,8.026838387717358
HARVARD,S0201,1,nominal,26,41260897,Offset-only,23.549683666153,19.975809017224982,41.99614920288953,36.57765221249621
HARVARD,S0201,1,nominal,26,41260897,Raw,99.3802983695607,96.09738492914552,130.2746900187723,125.03027009775784
HARVARD,S0201,1,nominal,27,41260898,Joint Huber,1.0394206291410302,0.8295601339818219,2.0491410489839272,1.0954927696120167
HARVARD,S0201,1,nominal,27,41260898,Joint OLS,2.816823550660682,2.4316657266259574,4.891123387285479,3.399732954539083
HARVARD,S0201,1,nominal,27,41260898,Offset-only,23.260590916172312,19.954616546273098,40.47446561637553,29.867050201901503
HARVARD,S0201,1,nominal,27,41260898,Raw,164.5035274737096,162.6799586743488,197.8280014938805,240.619294127011
HARVARD,S0201,1,nominal,28,41260899,Joint Huber,1.053903541454418,0.8391720429352408,2.069335196944611,1.1957683198943836
HARVARD,S0201,1,nominal,28,41260899,Joint OLS,4.019515352303932,3.3384641424230828,7.269657753987224,7.2428184920304925
HARVARD,S0201,1,nominal,28,41260899,Offset-only,13.682394499760775,11.778514826073826,23.31110623795314,21.396244085062456
HARVARD,S0201,1,nominal,28,41260899,Raw,120.345595499212,118.4808871290906,139.25765584844757,260.34129538990686
HARVARD,S0201,1,nominal,29,41260900,Joint Huber,1.0812821487746278,0.8651642453729342,2.1285626415938457,1.269854936505846
HARVARD,S0201,1,nominal,29,41260900,Joint OLS,3.753760115871533,3.223005031504412,6.42995803749954,4.321323559030734
HARVARD,S0201,1,nominal,29,41260900,Offset-only,17.51787709552069,14.941681107108264,31.114955923408072,34.58772625489327
HARVARD,S0201,1,nominal,29,41260900,Raw,129.9901336812216,128.89789882990152,154.89350489313827,240.4991775274048
HARVARD,S0201,1,nominal,30,41260901,Joint Huber,1.0880053099215428,0.869362362705537,2.128775277790673,1.1296997226001482
HARVARD,S0201,1,nominal,30,41260901,Joint OLS,4.0235896775619135,3.413547804458637,7.030980715823488,5.0228382811940415
HARVARD,S0201,1,nominal,30,41260901,Offset-only,22.26020307811814,19.119862197443283,38.430608790484655,32.986379156293026
HARVARD,S0201,1,nominal,30,41260901,Raw,182.3369979084909,180.92987193000556,214.82522874975123,218.9833282027741
HARVARD,S0201,1,nominal,31,41260902,Joint Huber,1.057788741615572,0.8442496419992209,2.080331165764626,1.105756888752422
HARVARD,S0201,1,nominal,31,41260902,Joint OLS,4.785329954086564,4.110627258737911,8.382480471773768,7.6809001012925
HARVARD,S0201,1,nominal,31,41260902,Offset-only,8.53091441481828,7.321975724090246,14.700899514529908,13.520059801392184
HARVARD,S0201,1,nominal,31,41260902,Raw,89.83150402527308,89.29607043986239,101.31989863904538,170.54807935682814
HARVARD,S0201,1,nominal,32,41260903,Joint Huber,1.0609340795276625,0.8458554659152321,2.082448539036097,1.1970230140744371
HARVARD,S0201,1,nominal,32,41260903,Joint OLS,3.982846120169572,3.4035404495239443,7.008503711379888,5.460130586145538
HARVARD,S0201,1,nominal,32,41260903,Offset-only,17.3493815247287,14.839856678682498,30.610314641193973,25.78557438936547
HARVARD,S0201,1,nominal,32,41260903,Raw,206.05043745013765,205.32658112746333,231.33001216923412,257.90064355129306
HARVARD,S0201,1,nominal,33,41260904,Joint Huber,1.077075083059356,0.8654498960366926,2.088484866349916,1.11746359511429
HARVARD,S0201,1,nominal,33,41260904,Joint OLS,3.135863046268983,2.761371565482831,5.264002427521941,4.441506856799149
HARVARD,S0201,1,nominal,33,41260904,Offset-only,25.337665771929103,21.59944469142625,44.874776284101706,32.70980506306368
HARVARD,S0201,1,nominal,33,41260904,Raw,130.6973245827846,128.30974693327255,165.82164420712786,176.70625498295175
HARVARD,S0201,1,nominal,34,41260905,Joint Huber,1.0400417808033735,0.8294817205162666,2.039429990240294,1.0784165049718315
HARVARD,S0201,1,nominal,34,41260905,Joint OLS,3.1210227385333367,2.6705844382657724,5.471853461041799,4.3261604369017626
HARVARD,S0201,1,nominal,34,41260905,Offset-only,20.708422275922217,17.71722074361075,36.544940215087166,29.682516797574888
HARVARD,S0201,1,nominal,34,41260905,Raw,125.12226885117904,122.85501177724204,149.81766528159844,205.1554163727338
HARVARD,S0201,1,nominal,35,41260906,Joint Huber,1.108866161410546,0.8865161756795539,2.171332895774114,1.182835569995272
HARVARD,S0201,1,nominal,35,41260906,Joint OLS,3.113928038473412,2.590622600821086,5.6427280727517015,4.107022225356908
HARVARD,S0201,1,nominal,35,41260906,Offset-only,20.68574546603605,17.71579530581542,36.29283535204433,24.91631549503596
HARVARD,S0201,1,nominal,35,41260906,Raw,101.66488759133982,98.73298925365152,128.59416921864727,178.5333932611019
HARVARD,S0201,1,nominal,36,41260907,Joint Huber,1.1665825997469048,0.9341544447750904,2.2653404464455296,1.4345433366093252
HARVARD,S0201,1,nominal,36,41260907,Joint OLS,5.243284701849756,4.32709823893306,9.533593633674275,8.244708690454942
HARVARD,S0201,1,nominal,36,41260907,Offset-only,15.658586859249915,13.395140720167266,27.20020834386269,33.35855334118283
HARVARD,S0201,1,nominal,36,41260907,Raw,77.2715131725742,75.12054084525019,98.7720186433628,93.42132066123962
HARVARD,S0201,1,nominal,37,41260908,Joint Huber,1.0669138032912286,0.8504031559869847,2.0787992573175997,1.1234516820477456
HARVARD,S0201,1,nominal,37,41260908,Joint OLS,4.301277262119879,3.675471934659728,7.564392539156668,6.144209746619706
HARVARD,S0201,1,nominal,37,41260908,Offset-only,22.958434061537176,19.76720463123514,39.22747570518426,32.639557195235454
HARVARD,S0201,1,nominal,37,41260908,Raw,154.41741278438303,151.76003927047392,184.91744230817747,227.0291198061385
HARVARD,S0201,1,nominal,38,41260909,Joint Huber,1.1435943108603996,0.9156132712958874,2.2304220337229457,1.1928331068213545
HARVARD,S0201,1,nominal,38,41260909,Joint OLS,4.136428672441088,3.542402111557528,7.189862274248382,5.0886962069422985
HARVARD,S0201,1,nominal,38,41260909,Offset-only,16.490109000137345,14.193552126663832,28.075943921946735,23.692693318401336
HARVARD,S0201,1,nominal,38,41260909,Raw,145.96545998573475,144.72477833975236,169.88033159269813,216.944749390403
HARVARD,S0201,1,nominal,39,41260910,Joint Huber,1.0502641906810255,0.8369783271208275,2.053438503457628,1.1212903542143569
HARVARD,S0201,1,nominal,39,41260910,Joint OLS,2.81968730572801,2.422637386503432,4.885512272663395,3.518764042264115
HARVARD,S0201,1,nominal,39,41260910,Offset-only,20.238104884293524,17.341917918895476,35.512161715180746,30.143644738766696
HARVARD,S0201,1,nominal,39,41260910,Raw,107.76451259478476,105.75840748108568,136.2944058860282,158.80903877917774
HARVARD,S0201,1,nominal,40,41260911,Joint Huber,1.0624890915615968,0.8475143592500203,2.0935407897130887,1.1545523092841965
HARVARD,S0201,1,nominal,40,41260911,Joint OLS,3.690904594853535,3.095975990240011,6.597685813288835,4.832766069797781
HARVARD,S0201,1,nominal,40,41260911,Offset-only,14.47111826648868,12.313173466394144,25.923128272937568,37.45188684920304
HARVARD,S0201,1,nominal,40,41260911,Raw,111.13889925168304,109.52486625999089,130.1126667027212,197.2997802081221
HARVARD,S0201,1,nominal,41,41260912,Joint Huber,1.0709232675681712,0.8551396658644477,2.083735323085989,1.0871803364495976
HARVARD,S0201,1,nominal,41,41260912,Joint OLS,2.5966506766700377,2.220659341000557,4.573176724298378,3.3746052509427056
HARVARD,S0201,1,nominal,41,41260912,Offset-only,7.979320742220856,6.865533972324089,13.550545880665466,13.162417338027865
HARVARD,S0201,1,nominal,41,41260912,Raw,65.76339590308814,64.29020921329843,76.56528530233686,123.95759015294598
HARVARD,S0201,1,nominal,42,41260913,Joint Huber,1.065254143928089,0.8534377275156803,2.078753544427947,1.1518966970914777
HARVARD,S0201,1,nominal,42,41260913,Joint OLS,3.184833825900084,2.610236376071581,5.826413596339819,5.201191210843184
HARVARD,S0201,1,nominal,42,41260913,Offset-only,10.419183206096978,8.938623498020863,17.980902104758336,12.19282475988013
HARVARD,S0201,1,nominal,42,41260913,Raw,131.27136268371936,130.62254335017747,146.38539523165406,266.8584920536794
HARVARD,S0201,1,nominal,43,41260914,Joint Huber,1.0487997324413838,0.8376382748049055,2.064865964242557,1.0973026551029903
HARVARD,S0201,1,nominal,43,41260914,Joint OLS,4.906983249046661,4.124364685188327,8.75963731010323,6.6558044339939295
HARVARD,S0201,1,nominal,43,41260914,Offset-only,24.428848299295296,20.967126290993317,42.20936478811242,33.449378136226
HARVARD,S0201,1,nominal,43,41260914,Raw,80.25804785910886,75.94533995270902,112.76081454813438,99.1343718040346
HARVARD,S0201,1,nominal,44,41260915,Joint Huber,1.0540162168480238,0.843322997893562,2.0411458933000226,1.0815920258075489
HARVARD,S0201,1,nominal,44,41260915,Joint OLS,3.594901220241484,3.015975206107199,6.416201699018442,5.369876904966196
HARVARD,S0201,1,nominal,44,41260915,Offset-only,19.55469571674513,16.663733995869535,34.788347734841864,31.577826350451385
HARVARD,S0201,1,nominal,44,41260915,Raw,127.24640370810906,123.81044276492317,152.72802863500692,191.4283669730115
HARVARD,S0201,1,nominal,45,41260916,Joint Huber,1.0227590308068684,0.8151135691806021,2.0186305221734813,1.0671838284624746
HARVARD,S0201,1,nominal,45,41260916,Joint OLS,4.385388523667155,3.716624151425183,7.755802861302642,6.832059561703318
HARVARD,S0201,1,nominal,45,41260916,Offset-only,13.86318516183542,11.84843010143916,24.27948167507825,24.36305531336272
HARVARD,S0201,1,nominal,45,41260916,Raw,161.36907026608915,160.69257678744438,181.6187963466792,254.26229316971828
HARVARD,S0201,1,nominal,46,41260917,Joint Huber,1.0509630198037343,0.8404818656364573,2.0689614973797177,1.1028012645394176
HARVARD,S0201,1,nominal,46,41260917,Joint OLS,4.273487796078553,3.7387331207908265,7.236628882380104,6.146373611012353
HARVARD,S0201,1,nominal,46,41260917,Offset-only,22.39851033901712,19.26315891031337,38.47951057523505,36.12189416205096
HARVARD,S0201,1,nominal,46,41260917,Raw,161.17637618697967,158.0458469713522,192.31739712935445,256.71257798551324
HARVARD,S0201,1,nominal,47,41260918,Joint Huber,1.056314926354123,0.8431396781739711,2.0745665144954017,1.1106089050270074
HARVARD,S0201,1,nominal,47,41260918,Joint OLS,5.500872469938006,4.59126160541436,9.809492491403926,6.420955956841702
HARVARD,S0201,1,nominal,47,41260918,Offset-only,19.705384719294987,16.803739833892237,34.769708758069754,36.403191176216026
HARVARD,S0201,1,nominal,47,41260918,Raw,128.22397390560644,125.40980765840622,154.63608397183123,184.030412450026
HARVARD,S0201,1,nominal,48,41260919,Joint Huber,1.0757166728285874,0.859994465784375,2.112157101509028,1.16638626022474
HARVARD,S0201,1,nominal,48,41260919,Joint OLS,5.154190472337369,4.292535389217829,9.084344254797994,6.163159731637443
HARVARD,S0201,1,nominal,48,41260919,Offset-only,26.316046965867123,22.32776124587067,47.50003133040286,34.64549246328101
HARVARD,S0201,1,nominal,48,41260919,Raw,229.08074851873624,227.6652744421424,265.99497437341773,288.88436472694883
HARVARD,S0201,1,nominal,49,41260920,Joint Huber,1.06334544480563,0.8521062980735159,2.074184911190713,1.1513761974383958
HARVARD,S0201,1,nominal,49,41260920,Joint OLS,3.622640130674705,3.226978781142589,5.976671885811413,5.319730064686334
HARVARD,S0201,1,nominal,49,41260920,Offset-only,14.146133845428723,12.19601684854036,23.764551323858814,24.782327783447226
HARVARD,S0201,1,nominal,49,41260920,Raw,148.89207866469414,147.781176413628,167.8643726643088,210.3790246766605
HARVARD,S0201,1,stress,0,41260921,Joint Huber,5.688629249025183,4.541062356492718,11.165181402131095,6.646640967883743
HARVARD,S0201,1,stress,0,41260921,Joint OLS,12.280507189964275,10.441864629966531,21.5294650112289,18.918527640285408
HARVARD,S0201,1,stress,0,41260921,Offset-only,90.94491119714088,78.35765864749709,155.09898788392132,127.77737210936333
HARVARD,S0201,1,stress,0,41260921,Raw,411.6499075776964,400.9686176735495,540.553800654078,603.8819649089182
HARVARD,S0201,1,stress,1,41260922,Joint Huber,5.488418530094863,4.384212205210459,10.79256823776511,5.886400090266613
HARVARD,S0201,1,stress,1,41260922,Joint OLS,13.8992224237734,11.991150898930286,24.12702277549737,18.2210666565498
HARVARD,S0201,1,stress,1,41260922,Offset-only,104.04060893528184,89.3394032747337,177.7835399565138,164.11020479276073
HARVARD,S0201,1,stress,1,41260922,Raw,519.8059771856912,506.87425582735455,664.7100610439821,627.8400557880635
HARVARD,S0201,1,stress,2,41260923,Joint Huber,5.942311623897124,4.773850431270296,11.60349140765804,6.641914703151416
HARVARD,S0201,1,stress,2,41260923,Joint OLS,13.529334838652243,11.276278658233844,24.86888114598824,20.354917854937696
HARVARD,S0201,1,stress,2,41260923,Offset-only,88.47516966598909,75.5643241398894,156.34444384414508,147.54522610992015
HARVARD,S0201,1,stress,2,41260923,Raw,323.0516501872465,305.4196876721987,433.30879797622686,478.7519445119682
HARVARD,S0201,1,stress,3,41260924,Joint Huber,5.443783495615562,4.36412890873769,10.66207110057782,5.837963909449821
HARVARD,S0201,1,stress,3,41260924,Joint OLS,9.562685202724168,8.23945386363944,16.864325019425202,11.014666260104352
HARVARD,S0201,1,stress,3,41260924,Offset-only,82.03973097073532,70.30267139778312,141.22655284926253,140.30355238128706
HARVARD,S0201,1,stress,3,41260924,Raw,288.80915619773543,276.3686468437652,394.6782908988112,562.6240047252351
HARVARD,S0201,1,stress,4,41260925,Joint Huber,6.024936018147471,4.828367886962658,11.75303307631923,7.136337117259195
HARVARD,S0201,1,stress,4,41260925,Joint OLS,16.113070485886745,14.205352518110722,26.95091656358493,26.403166510211037
HARVARD,S0201,1,stress,4,41260925,Offset-only,98.01475914711446,83.99471911193581,170.66509155317445,185.4020398962704
HARVARD,S0201,1,stress,4,41260925,Raw,197.78398144845715,178.85969879908808,312.10462207747867,321.26248922296594
HARVARD,S0201,1,stress,5,41260926,Joint Huber,5.74436402533878,4.600369691717264,11.207319820454131,7.088043634586729
HARVARD,S0201,1,stress,5,41260926,Joint OLS,13.479713228922783,11.659612823059376,23.22111953161015,19.48345784981063
HARVARD,S0201,1,stress,5,41260926,Offset-only,111.0638613089362,95.37256616496424,193.35061645919905,152.04177511560707
HARVARD,S0201,1,stress,5,41260926,Raw,392.3781612489804,372.1702249726909,538.8128642766144,672.359105224059
HARVARD,S0201,1,stress,6,41260927,Joint Huber,5.91319212734831,4.740566082850963,11.487367250439997,6.06673219241151
HARVARD,S0201,1,stress,6,41260927,Joint OLS,16.327556417090186,14.635683247276226,26.370711571878594,22.868279077416695
HARVARD,S0201,1,stress,6,41260927,Offset-only,89.54793069857199,77.20206393883957,150.29477278168784,139.72687016882864
HARVARD,S0201,1,stress,6,41260927,Raw,358.04904952197745,343.2702631787829,481.2259852872643,667.3462895825093
HARVARD,S0201,1,stress,7,41260928,Joint Huber,6.124251101572014,4.942435012898512,11.92520921263514,8.622284473299462
HARVARD,S0201,1,stress,7,41260928,Joint OLS,14.90403983292919,13.020509137122032,25.518872817995767,25.40209111680009
HARVARD,S0201,1,stress,7,41260928,Offset-only,110.89122785759074,93.78911922134353,199.3808136217606,176.47722448056302
HARVARD,S0201,1,stress,7,41260928,Raw,364.9497390494106,348.26889113641045,488.7211857297837,736.1776659862974
HARVARD,S0201,1,stress,8,41260929,Joint Huber,6.672312712007582,5.389070655179168,12.845544761871968,9.884430118185612
HARVARD,S0201,1,stress,8,41260929,Joint OLS,16.025904588411642,13.156707760912036,29.69699582452281,29.88201734263345
HARVARD,S0201,1,stress,8,41260929,Offset-only,122.71116658315704,104.61487752204008,212.2904458917073,131.9886134882823
HARVARD,S0201,1,stress,8,41260929,Raw,417.9139439849027,400.8726296621937,570.4735516804158,616.7915646161343
HARVARD,S0201,1,stress,9,41260930,Joint Huber,6.354871456294325,5.12751790189251,12.296062862894331,7.721403934327767
HARVARD,S0201,1,stress,9,41260930,Joint OLS,20.08006453859567,17.179227425658567,34.97623246637627,26.3788426383418
HARVARD,S0201,1,stress,9,41260930,Offset-only,127.48300895541774,109.6089224311438,218.7060098819035,167.1014411412771
HARVARD,S0201,1,stress,9,41260930,Raw,262.1131393059575,241.36579678132412,402.2805097221674,483.0941900710338
HARVARD,S0201,1,stress,10,41260931,Joint Huber,5.636989320596059,4.517936003046104,10.960616822129769,6.481731169241793
HARVARD,S0201,1,stress,10,41260931,Joint OLS,12.395103064286635,10.2662046555991,22.8772662851406,16.06290571089437
HARVARD,S0201,1,stress,10,41260931,Offset-only,53.60466729797943,45.91339107048716,92.91487034657494,127.42433056143103
HARVARD,S0201,1,stress,10,41260931,Raw,150.9415796718563,139.70795295571452,218.18668911152037,199.28822154260348
HARVARD,S0201,1,stress,11,41260932,Joint Huber,5.987576914685882,4.819872248759802,11.627559429130166,7.83709400184853
HARVARD,S0201,1,stress,11,41260932,Joint OLS,12.736229819835836,10.701711019220296,22.77069545870392,24.70807860629922
HARVARD,S0201,1,stress,11,41260932,Offset-only,107.11872420092465,92.03629274867536,184.78353526750212,182.13070020819373
HARVARD,S0201,1,stress,11,41260932,Raw,270.7556249930391,247.96398817227384,410.5471093539933,401.66541186856216
HARVARD,S0201,1,stress,12,41260933,Joint Huber,5.79128310751892,4.638486042233694,11.290977281707717,6.737049350451615
HARVARD,S0201,1,stress,12,41260933,Joint OLS,14.268538077413202,11.830752612423726,26.195040985387564,21.21845147619193
HARVARD,S0201,1,stress,12,41260933,Offset-only,39.49271841736508,33.582362747472786,70.29201166791628,117.29921447021928
HARVARD,S0201,1,stress,12,41260933,Raw,150.04966635303833,144.98407555940068,187.93978888446665,352.5960658744743
HARVARD,S0201,1,stress,13,41260934,Joint Huber,5.863189491133521,4.708457589184481,11.37804113788317,6.420639827236925
HARVARD,S0201,1,stress,13,41260934,Joint OLS,18.301350010395552,15.684239480749548,32.14787944429454,30.607907903865584
HARVARD,S0201,1,stress,13,41260934,Offset-only,129.73521193995242,110.60452517529724,227.24784491196135,172.79517262841023
HARVARD,S0201,1,stress,13,41260934,Raw,359.91238466965854,334.9771259950457,523.5477908413316,699.4128699805976
HARVARD,S0201,1,stress,14,41260935,Joint Huber,6.7077964115315485,5.434221082014755,12.83093139554126,7.653637308485687
HARVARD,S0201,1,stress,14,41260935,Joint OLS,20.098178845227903,16.818116168783533,35.90836666528066,29.840347555377203
HARVARD,S0201,1,stress,14,41260935,Offset-only,92.74471283805804,78.07648281897444,162.8283088198831,157.51550053890017
HARVARD,S0201,1,stress,14,41260935,Raw,211.18931833060344,194.4895706900612,311.8303222197811,295.34141412773874
HARVARD,S0201,1,stress,15,41260936,Joint Huber,6.967323556618004,5.672848686295665,13.236990025457509,11.798496315427451
HARVARD,S0201,1,stress,15,41260936,Joint OLS,13.900769430305592,11.640942902631847,25.24072322018629,23.33147300015388
HARVARD,S0201,1,stress,15,41260936,Offset-only,91.74543145310057,78.12876576882594,163.9555716173823,171.20758979023572
HARVARD,S0201,1,stress,15,41260936,Raw,308.8029307906395,298.77544341088367,403.5519900883514,443.17812369792455
HARVARD,S0201,1,stress,16,41260937,Joint Huber,6.100642085216414,4.900094267583039,11.846903096927264,6.762545160858768
HARVARD,S0201,1,stress,16,41260937,Joint OLS,15.916008286705573,13.618305805371191,28.153596376785007,27.869641378605067
HARVARD,S0201,1,stress,16,41260937,Offset-only,108.9209931535958,92.99437392669624,191.78919877298392,147.47107732832666
HARVARD,S0201,1,stress,16,41260937,Raw,196.93156971257704,176.06956370342812,309.82759037715687,309.85548431533925
HARVARD,S0201,1,stress,17,41260938,Joint Huber,6.420895735189763,5.185623756075808,12.461256321112485,8.349645128005545
HARVARD,S0201,1,stress,17,41260938,Joint OLS,21.25298513574434,18.03507610923853,37.61436110924512,35.46930736085291
HARVARD,S0201,1,stress,17,41260938,Offset-only,80.72133570763542,68.14238747207052,145.32268124285326,193.65467722912496
HARVARD,S0201,1,stress,17,41260938,Raw,271.6674784386664,260.4609125605905,342.04835069496534,443.4867646169615
HARVARD,S0201,1,stress,18,41260939,Joint Huber,7.08487137681918,5.755348911365871,13.576086290138914,10.33326670266731
HARVARD,S0201,1,stress,18,41260939,Joint OLS,15.64517908297908,13.22122981114678,28.161734967048616,26.4544912747427
HARVARD,S0201,1,stress,18,41260939,Offset-only,66.217304908274,56.130748029034805,120.11714424100896,139.136706911925
HARVARD,S0201,1,stress,18,41260939,Raw,175.87951999236338,165.43858903271644,252.34530197180183,337.94354578309606
HARVARD,S0201,1,stress,19,41260940,Joint Huber,5.248498308478501,4.165309917615417,10.342078201547622,5.443957851531312
HARVARD,S0201,1,stress,19,41260940,Joint OLS,8.500764891385487,6.943959338231879,16.147631032600174,13.570842280642903
HARVARD,S0201,1,stress,19,41260940,Offset-only,95.29273316671734,82.07184402895835,162.56502540351678,178.21112624940014
HARVARD,S0201,1,stress,19,41260940,Raw,356.42209820821574,336.27965901573504,471.6618857261324,524.7163103529756
HARVARD,S0201,1,stress,20,41260941,Joint Huber,5.573129919798184,4.471447603260046,10.804061861839555,5.963755665848832
HARVARD,S0201,1,stress,20,41260941,Joint OLS,17.388549795231828,14.511607313992249,31.695482876908443,18.860704274023327
HARVARD,S0201,1,stress,20,41260941,Offset-only,97.45809661015798,83.52717618047676,168.51194040902092,159.85364870658597
HARVARD,S0201,1,stress,20,41260941,Raw,261.26832379803113,245.97200576129077,374.4715782512744,524.7322052341958
HARVARD,S0201,1,stress,21,41260942,Joint Huber,5.435673915862534,4.344770771238661,10.60376753630621,5.836435336524156
HARVARD,S0201,1,stress,21,41260942,Joint OLS,16.3957336168951,13.954613962756811,28.7513471511069,19.01595451703787
HARVARD,S0201,1,stress,21,41260942,Offset-only,47.20911286076774,39.990403016131445,85.32591820207368,91.95393900866674
HARVARD,S0201,1,stress,21,41260942,Raw,349.0595023601708,345.5805485326332,414.9537488870986,472.5042369980416
HARVARD,S0201,1,stress,22,41260943,Joint Huber,5.622862172021834,4.505352782143365,10.95387006829334,6.511466722579497
HARVARD,S0201,1,stress,22,41260943,Joint OLS,12.465680436420977,11.164093911285152,20.206071120350444,21.88207949410124
HARVARD,S0201,1,stress,22,41260943,Offset-only,49.0327097921046,41.482559177765374,88.72591258726007,155.4003827984868
HARVARD,S0201,1,stress,22,41260943,Raw,250.96359430277656,245.06296207658977,296.09486102303754,434.0947138162826
HARVARD,S0201,1,stress,23,41260944,Joint Huber,5.743004460773109,4.602583250032464,11.188083303180465,7.080400091037907
HARVARD,S0201,1,stress,23,41260944,Joint OLS,14.403261200039358,12.297001500733534,25.04797831953517,20.91106609654068
HARVARD,S0201,1,stress,23,41260944,Offset-only,87.3183621674569,75.21410553455787,148.13997195503765,120.24875247148948
HARVARD,S0201,1,stress,23,41260944,Raw,198.08094035190436,179.9576526756876,295.69335830937115,307.4592444976912
HARVARD,S0201,1,stress,24,41260945,Joint Huber,6.165204791986092,5.004969750593563,11.820309891577098,7.737637168686983
HARVARD,S0201,1,stress,24,41260945,Joint OLS,20.163637282198263,17.563353131832677,33.97019675578417,27.647051251815483
HARVARD,S0201,1,stress,24,41260945,Offset-only,58.6182216704736,49.008394415252326,107.3176951650516,109.85052170296602
HARVARD,S0201,1,stress,24,41260945,Raw,343.9125570226395,338.85744002736703,419.5750897786381,466.4072022138847
HARVARD,S0201,1,stress,25,41260946,Joint Huber,5.6965371395758,4.57727201184596,11.077343648477722,7.068382983245796
HARVARD,S0201,1,stress,25,41260946,Joint OLS,15.24552830214597,12.525045395651617,28.302549817113533,21.27073964118428
HARVARD,S0201,1,stress,25,41260946,Offset-only,120.7893512025904,103.5271068256664,208.01659087871897,189.11608192418865
HARVARD,S0201,1,stress,25,41260946,Raw,234.94003172475144,205.51041972967383,383.0538742878918,409.2409396253519
HARVARD,S0201,1,stress,26,41260947,Joint Huber,5.447749715418712,4.3547170857640864,10.595640719530945,6.038627475068609
HARVARD,S0201,1,stress,26,41260947,Joint OLS,14.466386474416762,12.351528002866385,25.690079185003967,17.944025456047303
HARVARD,S0201,1,stress,26,41260947,Offset-only,114.87110307008382,98.41849669374896,201.00995862577423,157.3845325753485
HARVARD,S0201,1,stress,26,41260947,Raw,414.2897925551317,397.087571296729,561.8236932018704,606.233372980386
HARVARD,S0201,1,stress,27,41260948,Joint Huber,6.207482222389657,5.015002103656208,12.01560010807441,7.819590072254216
HARVARD,S0201,1,stress,27,41260948,Joint OLS,20.443852249772934,18.567817943079746,32.420985279385306,31.707380288764828
HARVARD,S0201,1,stress,27,41260948,Offset-only,129.3356242015857,110.9171588353787,225.01968815353524,162.00740217361104
HARVARD,S0201,1,stress,27,41260948,Raw,355.84996623081963,328.3376262951114,521.7703981218051,777.4610520727425
HARVARD,S0201,1,stress,28,41260949,Joint Huber,6.602908064777743,5.319524680440175,12.803140054346333,7.943518005800275
HARVARD,S0201,1,stress,28,41260949,Joint OLS,19.545229185921823,16.334406777281636,35.07452202353105,24.65922707150005
HARVARD,S0201,1,stress,28,41260949,Offset-only,68.66935319075166,58.80290680075101,119.17124231594872,125.4663089734804
HARVARD,S0201,1,stress,28,41260949,Raw,427.59824916036587,420.2657027158569,524.0714224320982,595.1275513579421
HARVARD,S0201,1,stress,29,41260950,Joint Huber,5.8951506311444986,4.7089005468529495,11.49261031743514,6.094974501634218
HARVARD,S0201,1,stress,29,41260950,Joint OLS,15.153058670614463,12.744525885101789,27.024667125111637,23.38677144040273
HARVARD,S0201,1,stress,29,41260950,Offset-only,91.79884132853056,78.52165078162814,161.75414012762027,154.32876055652417
HARVARD,S0201,1,stress,29,41260950,Raw,247.3735651516783,227.02845183727905,363.944112261828,358.61597586766123
HARVARD,S0201,1,stress,30,41260951,Joint Huber,6.102451682941545,4.926741145138437,11.858876277262723,6.740701080479986
HARVARD,S0201,1,stress,30,41260951,Joint OLS,12.11050983560948,10.07141109124654,22.283103314590846,19.9120275296754
HARVARD,S0201,1,stress,30,41260951,Offset-only,98.92683520864333,83.48727109255901,174.72230466057033,168.63082182629975
HARVARD,S0201,1,stress,30,41260951,Raw,231.05668983421788,216.4721479137118,325.607974050235,335.6832957270993
HARVARD,S0201,1,stress,31,41260952,Joint Huber,6.004733312151573,4.812516345444104,11.695928377889867,6.448154103299445
HARVARD,S0201,1,stress,31,41260952,Joint OLS,12.173864144527782,10.823254752993346,20.19866635352841,24.86271451105608
HARVARD,S0201,1,stress,31,41260952,Offset-only,141.8306666404124,121.13467408333258,251.71476133321616,177.32467339275826
HARVARD,S0201,1,stress,31,41260952,Raw,276.3863875663747,245.4979502214073,441.0924600042905,381.7016804505846
HARVARD,S0201,1,stress,32,41260953,Joint Huber,6.348080482392076,5.127068621570551,12.177935555342568,6.88698613095611
HARVARD,S0201,1,stress,32,41260953,Joint OLS,16.535896912712087,13.77235694854032,29.73564269876814,26.72739103214789
HARVARD,S0201,1,stress,32,41260953,Offset-only,93.9526552424139,79.82794743666096,165.15912733635943,151.48057976584775
HARVARD,S0201,1,stress,32,41260953,Raw,160.76163007638115,149.1083652401257,234.9280065323162,223.06421172077532
HARVARD,S0201,1,stress,33,41260954,Joint Huber,5.660640002808294,4.565400951114704,10.99210076100692,6.7907655305289305
HARVARD,S0201,1,stress,33,41260954,Joint OLS,14.411792591408076,12.409201627006013,25.35779474854661,19.85493191555726
HARVARD,S0201,1,stress,33,41260954,Offset-only,69.17630912258338,58.78941681836018,121.31522757214428,118.92359952890496
HARVARD,S0201,1,stress,33,41260954,Raw,183.11967951426143,170.4947168439184,270.4388547671981,332.428786854654
HARVARD,S0201,1,stress,34,41260955,Joint Huber,7.058740501881619,5.783845658350192,13.281490818419073,8.736323444634055
HARVARD,S0201,1,stress,34,41260955,Joint OLS,19.47722378106492,16.98159866707299,32.36381658770036,35.15749487266324
HARVARD,S0201,1,stress,34,41260955,Offset-only,73.55578578458886,63.121681284127085,127.8760299059195,101.83454878817356
HARVARD,S0201,1,stress,34,41260955,Raw,202.00935105705776,193.0009282418232,279.11996538963047,472.3545344723272
HARVARD,S0201,1,stress,35,41260956,Joint Huber,5.444824073665199,4.346962546915906,10.637373289451002,5.774727119893641
HARVARD,S0201,1,stress,35,41260956,Joint OLS,10.63684330733422,8.787137802499537,19.457767897096367,19.7557370736768
HARVARD,S0201,1,stress,35,41260956,Offset-only,61.48644500816609,52.579644545342056,107.86785690922508,162.69291323795372
HARVARD,S0201,1,stress,35,41260956,Raw,266.4608121673352,256.9771118384461,349.8157063572034,435.0401679726892
HARVARD,S0201,1,stress,36,41260957,Joint Huber,5.99701146501182,4.8105788270677206,11.652914041946351,6.888520731421765
HARVARD,S0201,1,stress,36,41260957,Joint OLS,13.329032057014816,11.028026132936724,24.58191261442302,21.70530194038025
HARVARD,S0201,1,stress,36,41260957,Offset-only,89.11702230972661,75.23586432366552,160.0268434124911,158.53332989268068
HARVARD,S0201,1,stress,36,41260957,Raw,343.1872522428323,327.8769609297522,454.3862057870763,619.9817594585202
HARVARD,S0201,1,stress,37,41260958,Joint Huber,6.51273779333728,5.235597111883616,12.703727560468714,8.550907291058572
HARVARD,S0201,1,stress,37,41260958,Joint OLS,17.055478893846054,15.04079363296533,28.65301115861681,21.69601358701841
HARVARD,S0201,1,stress,37,41260958,Offset-only,95.40153125713854,81.23807915266953,166.00100320803045,165.05663654327256
HARVARD,S0201,1,stress,37,41260958,Raw,367.7965033358941,355.7472576320824,478.80525381321775,680.8102898268079
HARVARD,S0201,1,stress,38,41260959,Joint Huber,6.670908574723547,5.410780291613719,12.75789759138002,8.309340837084129
HARVARD,S0201,1,stress,38,41260959,Joint OLS,18.2801312852118,15.97144915168236,30.687143107487284,26.02514978390028
HARVARD,S0201,1,stress,38,41260959,Offset-only,69.5364508799842,59.79736719208428,119.5280888111042,151.22695423865582
HARVARD,S0201,1,stress,38,41260959,Raw,310.5253830639125,301.90602257890737,408.4484210996371,505.3208472649619
HARVARD,S0201,1,stress,39,41260960,Joint Huber,5.375383075206588,4.29493811779985,10.533609342814154,5.916982721206981
HARVARD,S0201,1,stress,39,41260960,Joint OLS,14.03285849881019,12.154534099155134,24.23741113729392,19.237146943646994
HARVARD,S0201,1,stress,39,41260960,Offset-only,154.37595524654586,130.89545372172182,277.44044756852475,200.23867942436712
HARVARD,S0201,1,stress,39,41260960,Raw,434.3894362996447,406.21891170719175,625.2167298817872,602.9584979712696
HARVARD,S0201,1,stress,40,41260961,Joint Huber,5.449043124403474,4.358550694067675,10.659961441312053,5.7310330833357535
HARVARD,S0201,1,stress,40,41260961,Joint OLS,14.427401027352792,12.948800867488998,23.47875839178641,22.2070721427954
HARVARD,S0201,1,stress,40,41260961,Offset-only,116.30513533057612,100.13892919844886,196.60293514484584,169.53305408644468
HARVARD,S0201,1,stress,40,41260961,Raw,164.59871862179534,142.35514758607243,279.07548093105135,194.9629351040066
HARVARD,S0201,1,stress,41,41260962,Joint Huber,5.661383213296341,4.544738739131505,11.061443348967083,5.9853430759813815
HARVARD,S0201,1,stress,41,41260962,Joint OLS,18.204134926488265,15.867781422918878,30.801134777821584,22.23595968874641
HARVARD,S0201,1,stress,41,41260962,Offset-only,103.0214524265908,87.34385400943987,184.1767741490502,139.55220659882843
HARVARD,S0201,1,stress,41,41260962,Raw,343.0302628914426,329.3249595361058,471.0452208538672,628.2918556937553
HARVARD,S0201,1,stress,42,41260963,Joint Huber,5.328851362458199,4.250172038734054,10.398902465227255,5.647597324842692
HARVARD,S0201,1,stress,42,41260963,Joint OLS,12.939703261978334,10.72529106503754,23.899183507069434,25.383028996477403
HARVARD,S0201,1,stress,42,41260963,Offset-only,75.27468766562833,63.80257845186136,133.33681960525007,141.76266163928003
HARVARD,S0201,1,stress,42,41260963,Raw,415.3135929699125,405.50744904022366,512.6810453542123,702.4584541856224
HARVARD,S0201,1,stress,43,41260964,Joint Huber,6.035290698455357,4.85749720898435,11.711158707121918,7.6438866490085555
HARVARD,S0201,1,stress,43,41260964,Joint OLS,18.069280830881542,15.25926013853222,31.890781236683864,28.582486700605926
HARVARD,S0201,1,stress,43,41260964,Offset-only,84.36936430648159,72.19429335166349,147.48115016011073,182.7296191140641
HARVARD,S0201,1,stress,43,41260964,Raw,292.0477614154354,279.1583178702448,379.4478091899272,529.2608421373156
HARVARD,S0201,1,stress,44,41260965,Joint Huber,5.286010500749121,4.233223958778991,10.366474176623443,5.833927457115649
HARVARD,S0201,1,stress,44,41260965,Joint OLS,16.647259780602354,14.279203305289926,29.28724537907908,26.14475906417503
HARVARD,S0201,1,stress,44,41260965,Offset-only,104.834275712032,90.08167998583396,179.13454614257182,156.37012463589716
HARVARD,S0201,1,stress,44,41260965,Raw,405.5040897202774,390.3348079349197,550.3124668479558,758.1024012037183
HARVARD,S0201,1,stress,45,41260966,Joint Huber,5.7562810436354575,4.615566282497279,11.25986634549836,7.327055523781698
HARVARD,S0201,1,stress,45,41260966,Joint OLS,15.17288189707693,12.471891973552133,28.124522624365603,22.37825181741306
HARVARD,S0201,1,stress,45,41260966,Offset-only,110.45112600593067,94.40402770879354,195.68925953811183,157.27876821252792
HARVARD,S0201,1,stress,45,41260966,Raw,466.0834762685838,450.3027046505729,615.14964277675,618.3154130635015
HARVARD,S0201,1,stress,46,41260967,Joint Huber,5.9060952261132655,4.743950395791273,11.466665872126171,7.356225317758849
HARVARD,S0201,1,stress,46,41260967,Joint OLS,12.228346203939282,10.636120587918908,20.94894003769663,15.76076830803319
HARVARD,S0201,1,stress,46,41260967,Offset-only,105.09786474947784,90.02771601069588,182.06291278115967,172.12186164326224
HARVARD,S0201,1,stress,46,41260967,Raw,135.01835243108073,113.12495168728285,241.9354454055715,194.79122517708907
HARVARD,S0201,1,stress,47,41260968,Joint Huber,6.6819058074801445,5.376112581443246,12.921706396099887,8.083613356927101
HARVARD,S0201,1,stress,47,41260968,Joint OLS,18.12518202983709,15.467801129178104,31.972401165379807,20.69365351361571
HARVARD,S0201,1,stress,47,41260968,Offset-only,83.11336609869383,71.26341004184349,143.5577300442169,156.67385817355728
HARVARD,S0201,1,stress,47,41260968,Raw,191.7145746488959,176.54372161012685,273.13840040256247,353.4584450284644
HARVARD,S0201,1,stress,48,41260969,Joint Huber,6.554598294526134,5.282956075952881,12.693743177268503,9.313395136161605
HARVARD,S0201,1,stress,48,41260969,Joint OLS,20.71475623541673,17.336570804932016,36.79910246889327,29.147706188706326
HARVARD,S0201,1,stress,48,41260969,Offset-only,102.76722444711407,88.36861789560622,175.83876512732277,136.2354808985554
HARVARD,S0201,1,stress,48,41260969,Raw,309.5523978745075,293.50231825214814,439.8398861294844,620.6872939424355
HARVARD,S0201,1,stress,49,41260970,Joint Huber,5.370831975547674,4.301888320342037,10.44018330146628,6.190772618800607
HARVARD,S0201,1,stress,49,41260970,Joint OLS,12.15849610488105,10.542853967521292,21.065528016094785,17.42981847651298
HARVARD,S0201,1,stress,49,41260970,Offset-only,101.69088726503269,87.20987938557187,177.13331140686591,141.5760171835241
HARVARD,S0201,1,stress,49,41260970,Raw,237.4999079728756,221.8012362558989,351.388828738743,547.3429630802232
HARVARD,S0113,1,clean,0,41270821,Joint Huber,0.1050673224906859,0.0837242670112467,0.2048354295913324,0.1099098420469977
HARVARD,S0113,1,clean,0,41270821,Joint OLS,0.1035853457101399,0.0825377099705292,0.2024877713104445,0.1072825853327888
HARVARD,S0113,1,clean,0,41270821,Offset-only,26.016057618164677,22.26236829607008,46.05972052558701,31.09337341906742
HARVARD,S0113,1,clean,0,41270821,Raw,108.21933777077172,104.40302354821858,143.46133005960198,184.09507624213907
HARVARD,S0113,1,clean,1,41270822,Joint Huber,0.1067028043753899,0.0853855889243415,0.2092810362121611,0.1116933855612108
HARVARD,S0113,1,clean,1,41270822,Joint OLS,0.1080922150776246,0.0864934664349034,0.2120709375436291,0.1110590666666436
HARVARD,S0113,1,clean,1,41270822,Offset-only,24.2653362255459,20.766099972598933,42.9522119711331,35.28413389198259
HARVARD,S0113,1,clean,1,41270822,Raw,107.2536799433922,102.7002915036306,138.3050360346184,189.62253344835008
HARVARD,S0113,1,clean,2,41270823,Joint Huber,0.1023004691560233,0.0815701910346417,0.2010575804547443,0.1052371791537963
HARVARD,S0113,1,clean,2,41270823,Joint OLS,0.1020759556852863,0.0813846926091697,0.2006060557354416,0.1056665954755225
HARVARD,S0113,1,clean,2,41270823,Offset-only,26.23980291121309,22.45616878862773,46.44837316161361,34.23023561844224
HARVARD,S0113,1,clean,2,41270823,Raw,201.9585714046904,200.14297828394052,239.53675573372695,295.27411473312327
HARVARD,S0113,1,clean,3,41270824,Joint Huber,0.1041285778772427,0.0830978262789619,0.2032566155082626,0.1084313425404458
HARVARD,S0113,1,clean,3,41270824,Joint OLS,0.1039178901551104,0.0829612237703886,0.2022120408394556,0.1078656423627095
HARVARD,S0113,1,clean,3,41270824,Offset-only,18.738084715865572,16.039028552755155,33.15059465535209,34.81472775162192
HARVARD,S0113,1,clean,3,41270824,Raw,87.25591055575102,83.73110019194331,110.66292340441154,171.6853404215291
HARVARD,S0113,1,clean,4,41270825,Joint Huber,0.1093111272455444,0.0874817641394157,0.2131569396748745,0.1300318236993381
HARVARD,S0113,1,clean,4,41270825,Joint OLS,0.1091657981364209,0.0873512871227121,0.2137626435292361,0.1283133199388688
HARVARD,S0113,1,clean,4,41270825,Offset-only,18.0286207052131,15.433188203899231,31.86272244045112,32.75283175282558
HARVARD,S0113,1,clean,4,41270825,Raw,81.10614177807992,78.13869068513365,103.35329588574912,174.37058113996306
HARVARD,S0113,1,clean,5,41270826,Joint Huber,0.1039706420354152,0.0827651465035988,0.2036866872703769,0.1106815120391
HARVARD,S0113,1,clean,5,41270826,Joint OLS,0.1028519070971257,0.0819109259014594,0.2016404564932017,0.1087222781641209
HARVARD,S0113,1,clean,5,41270826,Offset-only,17.276961793432175,14.787396355477105,30.578051056395065,32.74720945298549
HARVARD,S0113,1,clean,5,41270826,Raw,151.15235196184534,149.96705971173054,175.92916361232804,218.3584476122716
HARVARD,S0113,1,clean,6,41270827,Joint Huber,0.1083688445260431,0.086460398920695,0.2139944829645301,0.1168464074144948
HARVARD,S0113,1,clean,6,41270827,Joint OLS,0.108217273126315,0.0862980000830443,0.2137377905572668,0.118140444871198
HARVARD,S0113,1,clean,6,41270827,Offset-only,18.635113476478526,15.958025737512472,32.92624486329778,24.02478579813011
HARVARD,S0113,1,clean,6,41270827,Raw,85.83423137438363,82.79614554487364,110.81756232052298,189.69437250146575
HARVARD,S0113,1,clean,7,41270828,Joint Huber,0.1053681996786168,0.0841332313888356,0.2064966625308529,0.1193619013531078
HARVARD,S0113,1,clean,7,41270828,Joint OLS,0.1046435080868716,0.0835478791997531,0.2053587513073829,0.1173872571713128
HARVARD,S0113,1,clean,7,41270828,Offset-only,13.612044400471929,11.650177896549986,24.07446986959276,33.73112010259995
HARVARD,S0113,1,clean,7,41270828,Raw,193.2181959944388,192.42815662045743,212.8617861142885,228.1826511189357
HARVARD,S0113,1,clean,8,41270829,Joint Huber,0.1034447481935748,0.0830207139502997,0.1996903057179367,0.107592527174074
HARVARD,S0113,1,clean,8,41270829,Joint OLS,0.1028501253702698,0.0824735872944515,0.1990213301607868,0.1084820719939306
HARVARD,S0113,1,clean,8,41270829,Offset-only,20.61855830140094,17.64444168001299,36.510106914995525,21.78390413158097
HARVARD,S0113,1,clean,8,41270829,Raw,132.29232080211625,130.530687952513,161.51497738873277,186.3892023462953
HARVARD,S0113,1,clean,9,41270830,Joint Huber,0.1055682759372692,0.0843809476747714,0.2062788884938272,0.1088326591504396
HARVARD,S0113,1,clean,9,41270830,Joint OLS,0.103839341918263,0.083015016530169,0.2021144164356059,0.108370642549803
HARVARD,S0113,1,clean,9,41270830,Offset-only,17.24902938263895,14.7628088848291,30.51972232619367,31.379758495460045
HARVARD,S0113,1,clean,9,41270830,Raw,83.13238678396384,81.18132937690191,107.06982974949656,174.59589141159725
HARVARD,S0113,1,clean,10,41270831,Joint Huber,0.1103877617218265,0.0884477695968682,0.2151589938726772,0.1129528932120527
HARVARD,S0113,1,clean,10,41270831,Joint OLS,0.1101436377136822,0.0882774167540863,0.2150416646948372,0.1124228504064226
HARVARD,S0113,1,clean,10,41270831,Offset-only,22.75240728907237,19.470242521873026,40.26800511255742,28.285603974692066
HARVARD,S0113,1,clean,10,41270831,Raw,147.40573862914238,144.78215783582584,178.22165955678992,237.23334851162835
HARVARD,S0113,1,clean,11,41270832,Joint Huber,0.1048548484450776,0.08368960357865,0.2048092163654314,0.1132511406713868
HARVARD,S0113,1,clean,11,41270832,Joint OLS,0.1041279545869917,0.0830973401725862,0.2036049980752352,0.1114428034207233
HARVARD,S0113,1,clean,11,41270832,Offset-only,23.491384165570416,20.10906183835954,41.529391442612784,31.136349086160696
HARVARD,S0113,1,clean,11,41270832,Raw,103.98783128863576,101.4777704279144,132.84056162122494,203.94011318417463
HARVARD,S0113,1,clean,12,41270833,Joint Huber,0.1054834915003384,0.0842211214751377,0.2067898478987473,0.1143114528263189
HARVARD,S0113,1,clean,12,41270833,Joint OLS,0.1062964633617176,0.084880967872539,0.2089160320728034,0.1127016836381398
HARVARD,S0113,1,clean,12,41270833,Offset-only,16.084189203708057,13.760537955242654,28.523235361855196,27.85647371368091
HARVARD,S0113,1,clean,12,41270833,Raw,106.43453767511028,104.4165023391684,128.57259595589542,203.30317104906945
HARVARD,S0113,1,clean,13,41270834,Joint Huber,0.106183205821009,0.0845837487900155,0.2069844653089348,0.1135559554100524
HARVARD,S0113,1,clean,13,41270834,Joint OLS,0.10488709684772,0.0835361196177726,0.2046732934360307,0.112165149586886
HARVARD,S0113,1,clean,13,41270834,Offset-only,20.094935592509536,17.199988605504835,35.56783921669595,34.866823824209035
HARVARD,S0113,1,clean,13,41270834,Raw,167.68703373616063,166.1876960786687,196.3937269286121,232.36212255459367
HARVARD,S0113,1,clean,14,41270835,Joint Huber,0.1045930977746428,0.0832036739377404,0.2059857145733091,0.1098596939123836
HARVARD,S0113,1,clean,14,41270835,Joint OLS,0.1039651490353094,0.0826467371399696,0.2042795748397052,0.1089814829579031
HARVARD,S0113,1,clean,14,41270835,Offset-only,24.54583486644153,21.00627019260772,43.444476851014535,38.34829512328246
HARVARD,S0113,1,clean,14,41270835,Raw,113.82014764791676,111.07222332854168,147.91923892270358,180.88024257139585
HARVARD,S0113,1,clean,15,41270836,Joint Huber,0.1060087800488002,0.0846903007599984,0.2060028349596621,0.1227187553243003
HARVARD,S0113,1,clean,15,41270836,Joint OLS,0.1050538196266476,0.0838604581944732,0.2042445463865894,0.1193391085305719
HARVARD,S0113,1,clean,15,41270836,Offset-only,23.788555694966924,20.361145971829213,42.07765695317232,31.59294731611201
HARVARD,S0113,1,clean,15,41270836,Raw,51.63830053510063,47.43938688719373,78.21696110692199,125.27138063931352
HARVARD,S0113,1,clean,16,41270837,Joint Huber,0.1076649018493192,0.0860140772416822,0.2107641884724565,0.1165829279748909
HARVARD,S0113,1,clean,16,41270837,Joint OLS,0.1076993221073581,0.0860225082949641,0.2109086034240093,0.1164200979719946
HARVARD,S0113,1,clean,16,41270837,Offset-only,23.653203704244184,20.24715499488682,41.82535782906305,35.65167675954843
HARVARD,S0113,1,clean,16,41270837,Raw,176.9790875277669,174.51545386012145,210.0774127139061,285.0260565415795
HARVARD,S0113,1,clean,17,41270838,Joint Huber,0.1037820758411333,0.083031943804969,0.2030855737325365,0.1115176012489546
HARVARD,S0113,1,clean,17,41270838,Joint OLS,0.1034509021472936,0.0827214606296643,0.2012264206721515,0.1097311874153913
HARVARD,S0113,1,clean,17,41270838,Offset-only,24.045017414811053,20.57874365679169,42.56501428675366,35.40524381705337
HARVARD,S0113,1,clean,17,41270838,Raw,86.17432502050477,81.5450802691704,117.68001998409474,120.1371592114825
HARVARD,S0113,1,clean,18,41270839,Joint Huber,0.104350425348152,0.0834795491651112,0.2044118057338062,0.1101836277381595
HARVARD,S0113,1,clean,18,41270839,Joint OLS,0.1045715301717841,0.0836663812005976,0.204799640135711,0.1112327639784378
HARVARD,S0113,1,clean,18,41270839,Offset-only,24.308366736823107,20.805117479103785,43.02755092253969,37.39218733694633
HARVARD,S0113,1,clean,18,41270839,Raw,198.76193297497576,197.1610621547172,233.6511999190596,313.5381228576532
HARVARD,S0113,1,clean,19,41270840,Joint Huber,0.1061440654380754,0.0848238961183483,0.2055213517452969,0.1100776536358415
HARVARD,S0113,1,clean,19,41270840,Joint OLS,0.1071342534725333,0.0856573706164546,0.2073671070000671,0.1132371581467015
HARVARD,S0113,1,clean,19,41270840,Offset-only,25.05544995650809,21.441136320749507,44.3427735516881,36.02407986535547
HARVARD,S0113,1,clean,19,41270840,Raw,130.93734648446286,128.12832358488012,162.78126395610056,194.43176581975243
HARVARD,S0113,1,clean,20,41270841,Joint Huber,0.1037139264051438,0.0826229670532427,0.2039202283173669,0.1058765847668487
HARVARD,S0113,1,clean,20,41270841,Joint OLS,0.1045427657504486,0.0833390400408219,0.2053438526669282,0.1058409537491994
HARVARD,S0113,1,clean,20,41270841,Offset-only,24.47462599026276,20.94286584782902,43.33311693524973,34.379682670541705
HARVARD,S0113,1,clean,20,41270841,Raw,120.2896588864613,116.80404553345303,150.13215376525207,200.91092838336291
HARVARD,S0113,1,clean,21,41270842,Joint Huber,0.103925794303279,0.0828934209784047,0.2041389037420238,0.1064042969537959
HARVARD,S0113,1,clean,21,41270842,Joint OLS,0.1058346876534334,0.0844409032010902,0.2079726251755787,0.1091218031049429
HARVARD,S0113,1,clean,21,41270842,Offset-only,11.450602162951236,9.801761567420378,20.249997643536148,25.99394915390491
HARVARD,S0113,1,clean,21,41270842,Raw,144.4776660441567,143.53856752297332,160.75484241932588,190.46873436981124
HARVARD,S0113,1,clean,22,41270843,Joint Huber,0.1040162156848487,0.0830992755991477,0.2036979485484869,0.1056884841675518
HARVARD,S0113,1,clean,22,41270843,Joint OLS,0.1029066310540688,0.0821148921647008,0.2009615208448779,0.104940868528815
HARVARD,S0113,1,clean,22,41270843,Offset-only,20.228972308999914,17.31399391116315,35.79215819892472,38.0383872339218
HARVARD,S0113,1,clean,22,41270843,Raw,84.41030318322879,82.25177817376272,106.74445826026472,152.2563732963789
HARVARD,S0113,1,clean,23,41270844,Joint Huber,0.102180210130972,0.0813738203196492,0.199182691420674,0.1063524686992887
HARVARD,S0113,1,clean,23,41270844,Joint OLS,0.1018609814116866,0.0810235703002603,0.1997324540161216,0.1039601809890972
HARVARD,S0113,1,clean,23,41270844,Offset-only,15.927212631700742,13.63138191511961,28.163906677483297,28.29079557419091
HARVARD,S0113,1,clean,23,41270844,Raw,124.56564286573222,123.4182764768851,147.33661708422846,175.50405449388535
HARVARD,S0113,1,clean,24,41270845,Joint Huber,0.1080555191783619,0.0859984511928767,0.2120670619373044,0.1252743332136288
HARVARD,S0113,1,clean,24,41270845,Joint OLS,0.1075606576416222,0.0855574941843483,0.2116140515866505,0.1210439911247792
HARVARD,S0113,1,clean,24,41270845,Offset-only,25.24770309071163,21.610080657769373,44.67512494222428,35.04803737174228
HARVARD,S0113,1,clean,24,41270845,Raw,75.64759165490922,71.50439765245522,106.47329661898138,169.45135409632007
HARVARD,S0113,1,clean,25,41270846,Joint Huber,0.1026806505094758,0.0818698977559399,0.2015087599826937,0.1039913488503888
HARVARD,S0113,1,clean,25,41270846,Joint OLS,0.1018821463865937,0.0811967829464305,0.200589024988318,0.1026293145377488
HARVARD,S0113,1,clean,25,41270846,Offset-only,19.503133404651123,16.691559181076403,34.51310991555516,29.38419806679238
HARVARD,S0113,1,clean,25,41270846,Raw,123.54688021197208,121.26967808567215,150.56624992921837,169.56988646505
HARVARD,S0113,1,clean,26,41270847,Joint Huber,0.1095496082646468,0.087633990151448,0.214242590280378,0.1118038530822206
HARVARD,S0113,1,clean,26,41270847,Joint OLS,0.1098310397685051,0.087937848464533,0.2140757543338978,0.1160199313736362
HARVARD,S0113,1,clean,26,41270847,Offset-only,10.388365657158456,8.888169461672792,18.407032491270314,22.493324708366465
HARVARD,S0113,1,clean,26,41270847,Raw,158.2636694760395,157.77581403661029,173.35909320466197,180.72171799915884
HARVARD,S0113,1,clean,27,41270848,Joint Huber,0.1032506254200057,0.0824424812833237,0.2018876131721469,0.108506308290772
HARVARD,S0113,1,clean,27,41270848,Joint OLS,0.1017202241305526,0.0811969275356584,0.1984388115918279,0.1052011366492528
HARVARD,S0113,1,clean,27,41270848,Offset-only,17.81863414384599,15.252160814532084,31.516911555780784,31.61921751756289
HARVARD,S0113,1,clean,27,41270848,Raw,143.43862364899044,140.9616606597822,164.99830722830006,242.548093293799
HARVARD,S0113,1,clean,28,41270849,Joint Huber,0.1026091036548629,0.0816776954665685,0.2020060973546567,0.1049618707817421
HARVARD,S0113,1,clean,28,41270849,Joint OLS,0.1018188542146213,0.0810548436615729,0.1997380904773749,0.1028526499904022
HARVARD,S0113,1,clean,28,41270849,Offset-only,27.944206343350444,23.916134441959308,49.47043327446509,38.040360348833545
HARVARD,S0113,1,clean,28,41270849,Raw,100.81775515466234,95.90144036704471,137.86331691886468,116.56144216021453
HARVARD,S0113,1,clean,29,41270850,Joint Huber,0.1042244430359497,0.0831505358125284,0.2050321958675383,0.1090188366398701
HARVARD,S0113,1,clean,29,41270850,Joint OLS,0.1035863779877932,0.0826631232267648,0.2040047421825619,0.1072045041169454
HARVARD,S0113,1,clean,29,41270850,Offset-only,22.14112203664605,18.95008640823548,39.19641847597806,32.82145984897217
HARVARD,S0113,1,clean,29,41270850,Raw,105.4367724696367,103.28601966057562,131.6206340548078,244.81941301412493
HARVARD,S0113,1,clean,30,41270851,Joint Huber,0.1018973964235155,0.0814057201166491,0.1989472648695312,0.1048942467648128
HARVARD,S0113,1,clean,30,41270851,Joint OLS,0.1025131874894101,0.0819197567043796,0.1995514720729119,0.1054878756391633
HARVARD,S0113,1,clean,30,41270851,Offset-only,7.898171055257899,6.757198291197469,13.975917475594455,22.76539086270845
HARVARD,S0113,1,clean,30,41270851,Raw,84.86174401502416,83.26214860619461,94.35385892455425,206.39333545465783
HARVARD,S0113,1,clean,31,41270852,Joint Huber,0.1045483349216904,0.0834786958936162,0.2044881293033818,0.1164021154500502
HARVARD,S0113,1,clean,31,41270852,Joint OLS,0.1031344545779594,0.0823529909473242,0.2015566354570508,0.1114065170928282
HARVARD,S0113,1,clean,31,41270852,Offset-only,20.0069805632386,17.12449050569557,35.392656015834056,31.98844871846986
HARVARD,S0113,1,clean,31,41270852,Raw,149.45011558602272,147.64105151325583,173.2791594669683,201.14531100884707
HARVARD,S0113,1,clean,32,41270853,Joint Huber,0.1026293753416954,0.0820594449855628,0.2007936004659427,0.1080101695035053
HARVARD,S0113,1,clean,32,41270853,Joint OLS,0.1023369615510758,0.0818412294125303,0.1998200205214573,0.107017866772981
HARVARD,S0113,1,clean,32,41270853,Offset-only,13.777223933150545,11.790341828475706,24.390532410766944,25.517101760923072
HARVARD,S0113,1,clean,32,41270853,Raw,167.5441057913253,166.74617804686918,187.43400101968865,200.90206809952824
HARVARD,S0113,1,clean,33,41270854,Joint Huber,0.1046143844872773,0.0836266554705262,0.2042765077277409,0.1169907006211857
HARVARD,S0113,1,clean,33,41270854,Joint OLS,0.104373606766587,0.0834021947283067,0.2040245639941318,0.1145888925718623
HARVARD,S0113,1,clean,33,41270854,Offset-only,15.21283890965117,13.019645243138967,26.91142280090073,21.42328994506549
HARVARD,S0113,1,clean,33,41270854,Raw,131.0976258001521,129.36531039018337,150.83854621391745,230.8873754431471
HARVARD,S0113,1,clean,34,41270855,Joint Huber,0.1026343122389617,0.0820195179575239,0.2004565343767695,0.1033258460364659
HARVARD,S0113,1,clean,34,41270855,Joint OLS,0.1026710389410168,0.0820300760403807,0.2004544615541448,0.1046460597060929
HARVARD,S0113,1,clean,34,41270855,Offset-only,20.92771830698779,17.91474413147185,36.9920707745723,30.707147557248994
HARVARD,S0113,1,clean,34,41270855,Raw,195.18965089692315,194.0702413030924,225.51121205121945,283.4714523224446
HARVARD,S0113,1,clean,35,41270856,Joint Huber,0.1041278181198885,0.0830106787363712,0.2044213597212519,0.1075112999090134
HARVARD,S0113,1,clean,35,41270856,Joint OLS,0.1042314728801241,0.0831627913657139,0.2041088554119774,0.1071073539646902
HARVARD,S0113,1,clean,35,41270856,Offset-only,19.541609242543927,16.718731401542744,34.61739281469978,35.61005953862163
HARVARD,S0113,1,clean,35,41270856,Raw,154.258163227379,152.48482088577163,175.1046702493112,255.57662859663768
HARVARD,S0113,1,clean,36,41270857,Joint Huber,0.1054292067145943,0.0843561679666195,0.2057344936676642,0.1119175365155882
HARVARD,S0113,1,clean,36,41270857,Joint OLS,0.1026894782382439,0.0821053570526925,0.2006851528975839,0.1043142541537971
HARVARD,S0113,1,clean,36,41270857,Offset-only,19.87397058828812,17.00599519812787,35.17350374759203,32.6455855270287
HARVARD,S0113,1,clean,36,41270857,Raw,171.1817838018244,169.163177031371,198.98445392054208,240.78166454494576
HARVARD,S0113,1,clean,37,41270858,Joint Huber,0.1035429242847243,0.0827784290634322,0.2032004586659752,0.1037427350295273
HARVARD,S0113,1,clean,37,41270858,Joint OLS,0.1032883623788925,0.0825662583621418,0.2026667017576367,0.1058724104303911
HARVARD,S0113,1,clean,37,41270858,Offset-only,17.84404140061737,15.27247087302545,31.5788008527365,28.58480313304929
HARVARD,S0113,1,clean,37,41270858,Raw,134.2906195603248,132.620144055588,159.40874324269714,223.4413883274713
HARVARD,S0113,1,clean,38,41270859,Joint Huber,0.1047610958044894,0.0835211278325535,0.202782321518935,0.108878933671073
HARVARD,S0113,1,clean,38,41270859,Joint OLS,0.1056727619193702,0.0842812273053153,0.2051301093096924,0.1093500333436249
HARVARD,S0113,1,clean,38,41270859,Offset-only,27.72682011574293,23.72804113332305,49.08550565436034,36.8961896839644
HARVARD,S0113,1,clean,38,41270859,Raw,214.18067068422675,211.8864604075225,253.32522383522476,293.975904199469
HARVARD,S0113,1,clean,39,41270860,Joint Huber,0.1020618893152928,0.0813393725249386,0.2007438514810111,0.1056417061358533
HARVARD,S0113,1,clean,39,41270860,Joint OLS,0.1019023558919776,0.0811955759430704,0.2003539338033989,0.1059220793279529
HARVARD,S0113,1,clean,39,41270860,Offset-only,15.374988927610286,13.155841375342058,27.225536124804783,25.38246628469136
HARVARD,S0113,1,clean,39,41270860,Raw,126.58057011751356,124.2354038214756,147.30860288839514,261.45908801395865
HARVARD,S0113,1,clean,40,41270861,Joint Huber,0.1075765829899049,0.085688772463611,0.2100557383149848,0.1139067891616333
HARVARD,S0113,1,clean,40,41270861,Joint OLS,0.1061887170057975,0.0845083694991898,0.2071499304960866,0.1114647018286777
HARVARD,S0113,1,clean,40,41270861,Offset-only,21.70742736210981,18.58466595795208,38.37006973561846,37.69136135136546
HARVARD,S0113,1,clean,40,41270861,Raw,130.74167475150054,128.85881391968087,161.49645283460714,253.1256904478647
HARVARD,S0113,1,clean,41,41270862,Joint Huber,0.1032125907655609,0.0825284963719923,0.2026128606623878,0.1079122758856748
HARVARD,S0113,1,clean,41,41270862,Joint OLS,0.1028329074600306,0.0822353943028699,0.2009946769639725,0.1085313299693438
HARVARD,S0113,1,clean,41,41270862,Offset-only,23.017715644406174,19.699063984696025,40.72476572651338,31.13521455132705
HARVARD,S0113,1,clean,41,41270862,Raw,184.3148898712062,181.2269650518267,215.6673352927217,254.942000717004
HARVARD,S0113,1,clean,42,41270863,Joint Huber,0.1071755219477052,0.0858549360015847,0.2094989495446953,0.1118675735669159
HARVARD,S0113,1,clean,42,41270863,Joint OLS,0.1053188243328732,0.0842487045188127,0.2069324325952415,0.1087317870341734
HARVARD,S0113,1,clean,42,41270863,Offset-only,17.84157609254069,15.271455310936084,31.53045737520568,28.87211179133601
HARVARD,S0113,1,clean,42,41270863,Raw,102.54578687141849,100.42595255821897,118.37878767574897,266.03593986138515
HARVARD,S0113,1,clean,43,41270864,Joint Huber,0.107607974790378,0.0860618940517007,0.2107224439230393,0.1134669369281373
HARVARD,S0113,1,clean,43,41270864,Joint OLS,0.1057560243515347,0.0845361157652879,0.2072804980807419,0.1130896771660666
HARVARD,S0113,1,clean,43,41270864,Offset-only,16.763140192579897,14.34413715620645,29.665872827650208,36.76809155083366
HARVARD,S0113,1,clean,43,41270864,Raw,185.16008119161216,183.8870630066399,209.05431835773828,260.4982747033172
HARVARD,S0113,1,clean,44,41270865,Joint Huber,0.1018386948025388,0.0809902121304239,0.2003506440637181,0.1045858810984381
HARVARD,S0113,1,clean,44,41270865,Joint OLS,0.1004127995839487,0.0798846297924965,0.197478227595127,0.1015129193192018
HARVARD,S0113,1,clean,44,41270865,Offset-only,19.20136571722319,16.433919635635334,33.97967776187967,30.007939345897004
HARVARD,S0113,1,clean,44,41270865,Raw,141.15553232980392,139.64097932778432,168.4638057650335,201.87223581700653
HARVARD,S0113,1,clean,45,41270866,Joint Huber,0.1038436639502463,0.0829464725841426,0.203069835975711,0.1091292854094592
HARVARD,S0113,1,clean,45,41270866,Joint OLS,0.1031303527610742,0.0824123125005628,0.2026844026634222,0.1079427916084833
HARVARD,S0113,1,clean,45,41270866,Offset-only,20.678257652735,17.695181505887707,36.63411685312283,30.1989376810399
HARVARD,S0113,1,clean,45,41270866,Raw,121.47223929177248,119.54262137286712,150.58340277348367,164.12929507566125
HARVARD,S0113,1,clean,46,41270867,Joint Huber,0.1022172330836895,0.0815674891149938,0.2006072890736732,0.10737971345055
HARVARD,S0113,1,clean,46,41270867,Joint OLS,0.1022659202232325,0.0816482294958393,0.2010349697037838,0.1080391448282707
HARVARD,S0113,1,clean,46,41270867,Offset-only,28.82514141458766,24.67167519870676,50.9844411400807,36.273457654048855
HARVARD,S0113,1,clean,46,41270867,Raw,146.87651050668535,142.7638817120784,185.7572788705625,213.20287585181703
HARVARD,S0113,1,clean,47,41270868,Joint Huber,0.1011426483216551,0.0807173611805463,0.1968506598966968,0.1053106375367408
HARVARD,S0113,1,clean,47,41270868,Joint OLS,0.1013782852290461,0.0808697841879374,0.198670442323845,0.1069455275512224
HARVARD,S0113,1,clean,47,41270868,Offset-only,24.898249814851543,21.308797346261976,44.04464825546635,33.19006948015294
HARVARD,S0113,1,clean,47,41270868,Raw,236.3437245652593,234.79475506465687,272.1664247675433,294.56524363172235
HARVARD,S0113,1,clean,48,41270869,Joint Huber,0.1039215521316195,0.0829746009137423,0.2027143625159766,0.1122401419501246
HARVARD,S0113,1,clean,48,41270869,Joint OLS,0.103902343708286,0.0829507310481136,0.2032556697720622,0.1103144832405454
HARVARD,S0113,1,clean,48,41270869,Offset-only,27.738836095809116,23.740028040539084,49.08292310032661,37.59421307276199
HARVARD,S0113,1,clean,48,41270869,Raw,96.35469544939,91.41395621188624,130.71108463864726,153.30460375826468
HARVARD,S0113,1,clean,49,41270870,Joint Huber,0.1050212702913035,0.0838375510874136,0.2068535675128658,0.1098041675884926
HARVARD,S0113,1,clean,49,41270870,Joint OLS,0.1046444272436893,0.083515178416458,0.2044559267744717,0.1102265030438038
HARVARD,S0113,1,clean,49,41270870,Offset-only,21.554028909641566,18.449882823003275,38.12593953164152,35.101059496522055
HARVARD,S0113,1,clean,49,41270870,Raw,153.23496716471124,151.1108453991078,183.50537928555744,233.79986571060292
HARVARD,S0113,1,nominal,0,41270871,Joint Huber,1.1152880829202534,0.8938705614824763,2.1580156851080283,1.1679146679485028
HARVARD,S0113,1,nominal,0,41270871,Joint OLS,3.0588755000164065,2.57856549723377,5.452110312305258,3.529087317780938
HARVARD,S0113,1,nominal,0,41270871,Offset-only,20.081513951615648,17.315511686676835,33.74824477819383,33.38761686303245
HARVARD,S0113,1,nominal,0,41270871,Raw,173.95496059760876,171.74933366703323,200.9983966028443,231.75151307931756
HARVARD,S0113,1,nominal,1,41270872,Joint Huber,1.0365821853729478,0.82951510297999,2.021326578380878,1.0770999679592612
HARVARD,S0113,1,nominal,1,41270872,Joint OLS,3.2150664130386675,2.842079536499712,5.349622338643734,4.285073471204143
HARVARD,S0113,1,nominal,1,41270872,Offset-only,10.612952898445826,9.077331174926826,18.61378681684225,21.943953590826027
HARVARD,S0113,1,nominal,1,41270872,Raw,119.09812501619795,118.44942053505775,134.38525165831183,247.7711901044984
HARVARD,S0113,1,nominal,2,41270873,Joint Huber,1.0355377187233952,0.8264149795428147,2.0358710120564893,1.108436847376428
HARVARD,S0113,1,nominal,2,41270873,Joint OLS,5.71544616297385,4.857882406842434,9.909710909389126,8.513084794280163
HARVARD,S0113,1,nominal,2,41270873,Offset-only,27.062356171963884,23.095643405088595,48.10402685769959,36.122512026243136
HARVARD,S0113,1,nominal,2,41270873,Raw,118.28059046427666,114.29745745098874,153.45886378491457,309.39258464206154
HARVARD,S0113,1,nominal,3,41270874,Joint Huber,1.0550299364975635,0.8422610900881647,2.07616287020499,1.1026291289138224
HARVARD,S0113,1,nominal,3,41270874,Joint OLS,4.918101361028338,4.158031040949725,8.788819975738704,7.237420413870298
HARVARD,S0113,1,nominal,3,41270874,Offset-only,24.155322181243505,20.720278008327757,41.81270209063763,35.75588832972829
HARVARD,S0113,1,nominal,3,41270874,Raw,161.74586606857304,158.44033741218055,194.98504365104117,262.8374748083733
HARVARD,S0113,1,nominal,4,41270875,Joint Huber,1.1089776595756722,0.890591259564812,2.156097098679055,1.2880448772551223
HARVARD,S0113,1,nominal,4,41270875,Joint OLS,2.7008124308884582,2.356488141271906,4.6179160801926855,3.667129634163461
HARVARD,S0113,1,nominal,4,41270875,Offset-only,19.63092329285848,16.905094900916744,33.5432889841381,30.847423409428178
HARVARD,S0113,1,nominal,4,41270875,Raw,145.0707910634629,143.38794225035014,173.52179834825597,245.49946549623667
HARVARD,S0113,1,nominal,5,41270876,Joint Huber,1.070116861490408,0.8555815387473283,2.090082794559489,1.268547572060441
HARVARD,S0113,1,nominal,5,41270876,Joint OLS,2.981877496444146,2.697479919303062,4.765335498517231,4.022968650208662
HARVARD,S0113,1,nominal,5,41270876,Offset-only,21.717872016184145,18.56786335133074,37.9862870813775,30.1085702619417
HARVARD,S0113,1,nominal,5,41270876,Raw,222.15821213116416,221.02945750867016,253.57628823447615,288.0458851330288
HARVARD,S0113,1,nominal,6,41270877,Joint Huber,1.0400637973303182,0.8297604670260423,2.051338983698159,1.114710236453126
HARVARD,S0113,1,nominal,6,41270877,Joint OLS,4.118364663744934,3.621902544629708,6.840858418686152,5.4343814827176775
HARVARD,S0113,1,nominal,6,41270877,Offset-only,21.434307013061275,18.40276216820858,37.07406257226951,30.742056471352
HARVARD,S0113,1,nominal,6,41270877,Raw,171.98010681106308,170.45185975428245,202.96371018409133,207.3854413368761
HARVARD,S0113,1,nominal,7,41270878,Joint Huber,1.0866072535063809,0.8670744850081227,2.1318559966578388,1.1383597056855557
HARVARD,S0113,1,nominal,7,41270878,Joint OLS,3.127537682070704,2.615742601345561,5.658994072715241,4.031304085440029
HARVARD,S0113,1,nominal,7,41270878,Offset-only,23.56678781100881,20.25581666153169,40.74754499783042,30.099485329214072
HARVARD,S0113,1,nominal,7,41270878,Raw,99.40618122197598,96.18146223759734,130.54845950232163,176.62117763242512
HARVARD,S0113,1,nominal,8,41270879,Joint Huber,1.0358355803921762,0.8276981229417912,2.0299940446053104,1.088723108977118
HARVARD,S0113,1,nominal,8,41270879,Joint OLS,4.001024349588646,3.4229305992660715,6.947983971875261,4.612464635790607
HARVARD,S0113,1,nominal,8,41270879,Offset-only,22.78047615274785,19.42529551639459,40.56422723030564,31.33971017854632
HARVARD,S0113,1,nominal,8,41270879,Raw,94.340775239264,91.31991869767694,125.18644289582228,166.60385646532947
HARVARD,S0113,1,nominal,9,41270880,Joint Huber,1.0092657125505928,0.8057398419728199,1.9775544948490875,1.0328046013178251
HARVARD,S0113,1,nominal,9,41270880,Joint OLS,4.469206829866456,3.98330853858746,7.233534513162266,5.118420533107565
HARVARD,S0113,1,nominal,9,41270880,Offset-only,12.764820265926629,10.93189426527312,22.21081367965281,34.27025526145361
HARVARD,S0113,1,nominal,9,41270880,Raw,185.27904531537052,184.28753967094488,203.66989393138635,247.030411256904
HARVARD,S0113,1,nominal,10,41270881,Joint Huber,1.0323831702284552,0.8262797623861384,2.0228820744593534,1.0533696241787245
HARVARD,S0113,1,nominal,10,41270881,Joint OLS,4.403239036641341,3.746589247874544,7.63339706182168,7.915466194608426
HARVARD,S0113,1,nominal,10,41270881,Offset-only,21.75892806717764,18.46843290127152,39.22391488188843,31.44055237917487
HARVARD,S0113,1,nominal,10,41270881,Raw,122.2339356316986,119.89808659055748,146.38164136293472,259.5094503969905
HARVARD,S0113,1,nominal,11,41270882,Joint Huber,1.0718893578687991,0.8568484683797102,2.0837695851337656,1.1356385906747597
HARVARD,S0113,1,nominal,11,41270882,Joint OLS,2.8582519533149817,2.4691199186755037,4.955032094735445,3.4045787386731328
HARVARD,S0113,1,nominal,11,41270882,Offset-only,23.83522711783141,20.32479337953537,42.55835892189142,38.7154922600658
HARVARD,S0113,1,nominal,11,41270882,Raw,120.62183127155994,117.18045522577998,152.0693260260332,199.9883211257124
HARVARD,S0113,1,nominal,12,41270883,Joint Huber,1.089384375933298,0.8721027593902152,2.137452918901084,1.194600783788921
HARVARD,S0113,1,nominal,12,41270883,Joint OLS,4.785116521182533,3.915331563870838,8.800485336276626,6.6514619379461095
HARVARD,S0113,1,nominal,12,41270883,Offset-only,17.91815866722968,15.240072310777364,32.23849831236585,26.534771432323584
HARVARD,S0113,1,nominal,12,41270883,Raw,132.79692240544537,131.35486640275616,157.60811965195725,292.97096515344435
HARVARD,S0113,1,nominal,13,41270884,Joint Huber,1.031082935178346,0.8208750919823409,2.020769136106537,1.110905434235708
HARVARD,S0113,1,nominal,13,41270884,Joint OLS,3.369514211673124,2.910101986671459,5.7383451002294805,4.887361707729747
HARVARD,S0113,1,nominal,13,41270884,Offset-only,14.199405923170492,12.141517725462728,24.98883845785711,22.95350153942109
HARVARD,S0113,1,nominal,13,41270884,Raw,88.90566058777002,87.36288721101948,108.54315887179578,146.06991093474207
HARVARD,S0113,1,nominal,14,41270885,Joint Huber,1.0768548293210316,0.8622120409906653,2.103284045059617,1.139418376912276
HARVARD,S0113,1,nominal,14,41270885,Joint OLS,4.915952101443776,4.248181723615062,8.375384588202461,6.953131183646991
HARVARD,S0113,1,nominal,14,41270885,Offset-only,23.134244051921574,19.763883269748348,40.52301530198959,32.21118272142485
HARVARD,S0113,1,nominal,14,41270885,Raw,165.40306456292663,163.65069835036888,198.11378762697305,193.58884754329125
HARVARD,S0113,1,nominal,15,41270886,Joint Huber,1.0390707225382645,0.8268346517588887,2.056595757290225,1.0561818924752644
HARVARD,S0113,1,nominal,15,41270886,Joint OLS,3.760254436238256,3.216976098282862,6.511256125846999,4.259368327975794
HARVARD,S0113,1,nominal,15,41270886,Offset-only,25.46008825033309,21.801005195170703,44.64351321783422,35.36625413282849
HARVARD,S0113,1,nominal,15,41270886,Raw,109.5216424818051,106.29360400799632,141.38886967591085,233.0743966511669
HARVARD,S0113,1,nominal,16,41270887,Joint Huber,1.1116646215020016,0.8882970474466112,2.170221722260912,1.3090106453152976
HARVARD,S0113,1,nominal,16,41270887,Joint OLS,3.439203637250514,2.910979146593948,6.183663680534757,5.070370744799936
HARVARD,S0113,1,nominal,16,41270887,Offset-only,24.72389322248907,21.252575604204004,42.462192000131616,33.75993492198712
HARVARD,S0113,1,nominal,16,41270887,Raw,171.8969401955837,169.85271870223116,207.56851564813417,233.82845610217427
HARVARD,S0113,1,nominal,17,41270888,Joint Huber,1.055192826334322,0.8425327186221949,2.069920024894501,1.1151864375228264
HARVARD,S0113,1,nominal,17,41270888,Joint OLS,3.935175783187119,3.225175586430092,7.158616868043133,5.847876508752627
HARVARD,S0113,1,nominal,17,41270888,Offset-only,20.308144454160963,17.349458103493028,35.78083758517248,32.787583242941324
HARVARD,S0113,1,nominal,17,41270888,Raw,169.6360303336201,168.39495459739834,198.6932732708196,266.36440626756394
HARVARD,S0113,1,nominal,18,41270889,Joint Huber,1.06565028313798,0.853986047420441,2.0732308898899987,1.1476235574055715
HARVARD,S0113,1,nominal,18,41270889,Joint OLS,2.890046914104333,2.405415943020283,5.2285792677492005,5.460747238880922
HARVARD,S0113,1,nominal,18,41270889,Offset-only,18.488603619355278,15.596517594840256,33.35619185150929,34.33192054468388
HARVARD,S0113,1,nominal,18,41270889,Raw,90.7387657938875,88.14087588250936,114.1946982835576,189.06044931547908
HARVARD,S0113,1,nominal,19,41270890,Joint Huber,1.0692379049785032,0.8536222082657523,2.091828412976327,1.147017384181935
HARVARD,S0113,1,nominal,19,41270890,Joint OLS,3.66089768006742,3.051236746527956,6.652981774212275,6.682503101652746
HARVARD,S0113,1,nominal,19,41270890,Offset-only,20.768320608600757,17.668546294698483,36.90356602210141,35.27128697041062
HARVARD,S0113,1,nominal,19,41270890,Raw,101.0734316875634,96.97134418929136,127.06997969600718,236.1287044985792
HARVARD,S0113,1,nominal,20,41270891,Joint Huber,1.019325397191754,0.8138557947482709,1.9821349671195867,1.0393460753017048
HARVARD,S0113,1,nominal,20,41270891,Joint OLS,3.443441627542871,2.88954497029895,6.148540491387545,4.474765909487311
HARVARD,S0113,1,nominal,20,41270891,Offset-only,18.302737569393155,15.72665090405564,31.493973748033977,28.426702228141256
HARVARD,S0113,1,nominal,20,41270891,Raw,159.62309668885382,157.830640012008,185.4718949904318,263.693250304981
HARVARD,S0113,1,nominal,21,41270892,Joint Huber,1.1007309663901028,0.8801238597859865,2.1481416239975464,1.3814695720522363
HARVARD,S0113,1,nominal,21,41270892,Joint OLS,6.144438116876414,5.136669163586806,10.866652745658143,10.067831636902662
HARVARD,S0113,1,nominal,21,41270892,Offset-only,15.538687896439942,13.271415874810174,27.44442651729866,23.463750370616573
HARVARD,S0113,1,nominal,21,41270892,Raw,168.86466034153256,168.05619237784012,191.3619879559032,195.88114825918657
HARVARD,S0113,1,nominal,22,41270893,Joint Huber,1.0428891681566512,0.8338977928493525,2.047846797004494,1.0812095721232644
HARVARD,S0113,1,nominal,22,41270893,Joint OLS,3.8261203584690966,3.1293035660764734,7.033740464819371,5.244076254243971
HARVARD,S0113,1,nominal,22,41270893,Offset-only,10.502823743736862,8.939634827400427,18.63387867126232,22.931937033210577
HARVARD,S0113,1,nominal,22,41270893,Raw,144.98364093484503,144.2213010587676,159.79737987274552,223.3516203714144
HARVARD,S0113,1,nominal,23,41270894,Joint Huber,1.0964825603403587,0.8768888822985063,2.141675262401677,1.2414795378313628
HARVARD,S0113,1,nominal,23,41270894,Joint OLS,3.6765557817716426,3.052145839366855,6.641231153110461,4.321589909533739
HARVARD,S0113,1,nominal,23,41270894,Offset-only,17.45043782617155,14.868129393798522,30.694112123422727,22.94050195780781
HARVARD,S0113,1,nominal,23,41270894,Raw,49.01208570975911,46.41902367664856,64.05268719002183,130.19989276518547
HARVARD,S0113,1,nominal,24,41270895,Joint Huber,1.053273599779207,0.8413880412171698,2.0585749440623857,1.113952735664882
HARVARD,S0113,1,nominal,24,41270895,Joint OLS,3.2013842858972184,2.851512028806675,5.253928039840705,3.672042180831685
HARVARD,S0113,1,nominal,24,41270895,Offset-only,11.618012920820371,9.929838254446498,20.34984876047208,20.323082784600228
HARVARD,S0113,1,nominal,24,41270895,Raw,160.25439852801912,159.66262952278635,177.02867732555092,234.99964129288503
HARVARD,S0113,1,nominal,25,41270896,Joint Huber,1.0804878341575956,0.8635922063423542,2.111607901175461,1.1640194951876517
HARVARD,S0113,1,nominal,25,41270896,Joint OLS,4.200887722442891,3.770710661247018,6.857828791761024,7.01295461971782
HARVARD,S0113,1,nominal,25,41270896,Offset-only,13.981213967966978,11.91883085989599,24.93715693699272,26.05051138646369
HARVARD,S0113,1,nominal,25,41270896,Raw,177.8306810095262,176.9258949480342,197.70376371337227,225.16844616716836
HARVARD,S0113,1,nominal,26,41270897,Joint Huber,1.0499627114276675,0.8400775326140419,2.045880909280484,1.0886475764594676
HARVARD,S0113,1,nominal,26,41270897,Joint OLS,4.54889003353408,3.732925992108717,8.27894534348168,7.01497681977578
HARVARD,S0113,1,nominal,26,41270897,Offset-only,20.67685529130994,17.553195030875216,37.30742676319201,32.69987986722931
HARVARD,S0113,1,nominal,26,41270897,Raw,100.13929169909046,97.89673078838244,125.1302414051116,138.45866636519025
HARVARD,S0113,1,nominal,27,41270898,Joint Huber,1.0020303159670438,0.798401158373125,1.974299244045064,1.0062006201563714
HARVARD,S0113,1,nominal,27,41270898,Joint OLS,4.075401473953633,3.516185669117811,7.087459597909175,5.285788411415383
HARVARD,S0113,1,nominal,27,41270898,Offset-only,17.11263050787736,14.718024797892804,29.4188608827108,36.24214902073033
HARVARD,S0113,1,nominal,27,41270898,Raw,247.2919846013573,246.58607195028665,272.6839968714188,311.2642577887479
HARVARD,S0113,1,nominal,28,41270899,Joint Huber,1.0874776387879614,0.8717263068716015,2.125843041035403,1.223627427154342
HARVARD,S0113,1,nominal,28,41270899,Joint OLS,5.100283538209975,4.2912961815067305,9.123469590939592,5.807648590620358
HARVARD,S0113,1,nominal,28,41270899,Offset-only,30.0236534416461,25.679023533039327,52.806634998943736,38.34137264566456
HARVARD,S0113,1,nominal,28,41270899,Raw,188.24134052637925,186.00177818257575,230.8480286875386,255.74559287171112
HARVARD,S0113,1,nominal,29,41270900,Joint Huber,1.1125651900076146,0.8876884029826281,2.166258596534121,1.294534100021533
HARVARD,S0113,1,nominal,29,41270900,Joint OLS,3.759450009122786,3.1836385539165866,6.665147714755282,5.920095308991151
HARVARD,S0113,1,nominal,29,41270900,Offset-only,11.524600730189098,9.726938666084948,20.836701742357057,27.734207529502992
HARVARD,S0113,1,nominal,29,41270900,Raw,179.54849088113414,179.10288547853227,195.65784350164435,215.09989945588325
HARVARD,S0113,1,nominal,30,41270901,Joint Huber,1.0438423089803903,0.8332269268287713,2.045552481391156,1.1004934638006354
HARVARD,S0113,1,nominal,30,41270901,Joint OLS,3.6524946939863754,3.07084463229755,6.482924154402248,4.956507819267481
HARVARD,S0113,1,nominal,30,41270901,Offset-only,27.684386723728544,23.603320661554548,49.34926444951601,37.12934378787728
HARVARD,S0113,1,nominal,30,41270901,Raw,198.930321051344,196.9200427410888,237.89692703469143,237.8029412823217
HARVARD,S0113,1,nominal,31,41270902,Joint Huber,1.0625480970102608,0.8522123546306277,2.0826719147512667,1.1594091781388252
HARVARD,S0113,1,nominal,31,41270902,Joint OLS,3.776313346313521,3.196944553139881,6.680712779743737,5.027068153907407
HARVARD,S0113,1,nominal,31,41270902,Offset-only,31.58481146542877,27.144931242151785,54.20386836450285,38.51374944308324
HARVARD,S0113,1,nominal,31,41270902,Raw,140.9875339575137,137.40976849626188,185.50941468233725,202.1537479040888
HARVARD,S0113,1,nominal,32,41270903,Joint Huber,1.1492161725745216,0.9228160615951396,2.23301913613545,1.4095433151780077
HARVARD,S0113,1,nominal,32,41270903,Joint OLS,4.731232294388858,3.9539483919935754,8.521102045791018,6.755940300936189
HARVARD,S0113,1,nominal,32,41270903,Offset-only,21.200359168366376,18.06426932588955,37.919621254622186,33.42461536737824
HARVARD,S0113,1,nominal,32,41270903,Raw,139.8416103991703,137.91053289950466,169.34357962155806,192.7411156057971
HARVARD,S0113,1,nominal,33,41270904,Joint Huber,1.0166890410676224,0.8097490641267505,2.000529073120205,1.0438522660569556
HARVARD,S0113,1,nominal,33,41270904,Joint OLS,3.040799004792184,2.625693896194421,5.265662607070798,3.8914534429629417
HARVARD,S0113,1,nominal,33,41270904,Offset-only,17.47897397509471,14.858817221592425,31.157743373266023,33.29817122530263
HARVARD,S0113,1,nominal,33,41270904,Raw,122.12020714921044,120.58371690145766,146.2977891526868,275.24835908927633
HARVARD,S0113,1,nominal,34,41270905,Joint Huber,1.0202549201335418,0.8145857439519598,2.005714708190532,1.0586779364274708
HARVARD,S0113,1,nominal,34,41270905,Joint OLS,3.653283046308659,3.0099474191455746,6.722482855803414,3.835513569225984
HARVARD,S0113,1,nominal,34,41270905,Offset-only,19.549686035352536,16.717042771465977,34.5599753033242,28.78043363545728
HARVARD,S0113,1,nominal,34,41270905,Raw,144.78692884437487,143.11056001189743,171.48052142051932,213.54938254008775
HARVARD,S0113,1,nominal,35,41270906,Joint Huber,1.1070576094402214,0.8818753260269603,2.1711351102515764,1.3090516778659054
HARVARD,S0113,1,nominal,35,41270906,Joint OLS,5.026225302463804,4.23963565007217,8.796470191170602,6.537729437199745
HARVARD,S0113,1,nominal,35,41270906,Offset-only,25.11160651702493,21.32891361015029,45.29083867059592,36.94359936983913
HARVARD,S0113,1,nominal,35,41270906,Raw,64.12273068799038,59.54054335047157,92.38046086008885,123.1191234186402
HARVARD,S0113,1,nominal,36,41270907,Joint Huber,1.0631377862885665,0.8489891875419305,2.084995904750375,1.1885557069846409
HARVARD,S0113,1,nominal,36,41270907,Joint OLS,4.369205509706014,3.773698071628768,7.461944733438219,5.86926056402701
HARVARD,S0113,1,nominal,36,41270907,Offset-only,14.836722935018448,12.74008679995364,25.72829728823578,28.16371151302286
HARVARD,S0113,1,nominal,36,41270907,Raw,109.057128067857,107.48531292630132,130.01441320741495,197.68861140863677
HARVARD,S0113,1,nominal,37,41270908,Joint Huber,1.0988543562673636,0.8778090910580294,2.151953182167077,1.236400560803912
HARVARD,S0113,1,nominal,37,41270908,Joint OLS,3.9847673362581753,3.302486816712637,7.305122857065461,5.653946496991244
HARVARD,S0113,1,nominal,37,41270908,Offset-only,20.706358716075435,17.71907870236256,36.10770193700148,34.33429701976726
HARVARD,S0113,1,nominal,37,41270908,Raw,55.44050131075741,50.99826874238825,79.97088195755167,95.08843894251513
HARVARD,S0113,1,nominal,38,41270909,Joint Huber,1.1142018079867233,0.8905876560400872,2.179875885463645,1.1707533445933815
HARVARD,S0113,1,nominal,38,41270909,Joint OLS,3.819661068247099,3.345661380468701,6.41652422111605,5.259141291198456
HARVARD,S0113,1,nominal,38,41270909,Offset-only,18.235090453458177,15.675450372829808,31.377391829521528,34.2984923495185
HARVARD,S0113,1,nominal,38,41270909,Raw,71.42496329662113,68.56331258349257,96.29728478757596,105.27284060796924
HARVARD,S0113,1,nominal,39,41270910,Joint Huber,1.0443736284382004,0.8366076314576347,2.050721182422777,1.129279765650258
HARVARD,S0113,1,nominal,39,41270910,Joint OLS,4.101248988579914,3.4352751272412747,7.355554182364267,5.385671430254099
HARVARD,S0113,1,nominal,39,41270910,Offset-only,20.260578941459784,17.218470899787633,36.11991437918603,24.729196113409785
HARVARD,S0113,1,nominal,39,41270910,Raw,83.02869770975234,79.9731697307094,109.53396073614644,126.33657130480944
HARVARD,S0113,1,nominal,40,41270911,Joint Huber,1.040347767607282,0.8290792214354337,2.034651565117685,1.0589564524035278
HARVARD,S0113,1,nominal,40,41270911,Joint OLS,2.4035982617778577,2.04709974041654,4.305670791056482,2.738141197478776
HARVARD,S0113,1,nominal,40,41270911,Offset-only,8.001335143391188,6.834894771047868,14.0405943209507,15.263613659882123
HARVARD,S0113,1,nominal,40,41270911,Raw,200.81342407795745,200.61641161497693,212.66329193900543,227.95184644102864
HARVARD,S0113,1,nominal,41,41270912,Joint Huber,1.063659155344151,0.8488068412242482,2.0778447873182064,1.07337863580538
HARVARD,S0113,1,nominal,41,41270912,Joint OLS,4.916125354063919,4.057756904237143,8.813393672210552,8.348936713264846
HARVARD,S0113,1,nominal,41,41270912,Offset-only,24.8621912439377,21.28795703449873,43.86052101496878,30.70415927728876
HARVARD,S0113,1,nominal,41,41270912,Raw,197.49481504839375,195.95970907263552,233.34227766886477,274.48866195488665
HARVARD,S0113,1,nominal,42,41270913,Joint Huber,1.106760355606148,0.8855394700556394,2.1673931699126574,1.1795236336896615
HARVARD,S0113,1,nominal,42,41270913,Joint OLS,4.968062548021042,4.182725541690712,8.762895036744922,7.280641026824143
HARVARD,S0113,1,nominal,42,41270913,Offset-only,31.586591371281028,26.80272666827979,56.80603680564813,38.32827031051475
HARVARD,S0113,1,nominal,42,41270913,Raw,117.14150137434402,112.88264917038306,153.53185707239322,190.97674819589275
HARVARD,S0113,1,nominal,43,41270914,Joint Huber,1.09030277161322,0.8734305095290043,2.125944758667853,1.242356300387931
HARVARD,S0113,1,nominal,43,41270914,Joint OLS,3.9715243437758216,3.3502144710059536,7.077899388684017,5.344259810601726
HARVARD,S0113,1,nominal,43,41270914,Offset-only,22.87915308853944,19.563122517762228,39.73935459188085,36.341573262701125
HARVARD,S0113,1,nominal,43,41270914,Raw,147.4219307749759,144.78901399779411,174.75968396193764,223.59867816640732
HARVARD,S0113,1,nominal,44,41270915,Joint Huber,1.1357831841621344,0.9123963948125644,2.210175859381991,1.3399645293675129
HARVARD,S0113,1,nominal,44,41270915,Joint OLS,5.010847111609641,4.123594158058571,9.248056578534936,8.504122081925994
HARVARD,S0113,1,nominal,44,41270915,Offset-only,21.00516531915832,17.97936134077674,36.5576927768295,37.32698602101194
HARVARD,S0113,1,nominal,44,41270915,Raw,74.83244193316409,71.03726059556794,102.57714035095525,92.32464721630534
HARVARD,S0113,1,nominal,45,41270916,Joint Huber,1.1219623377719372,0.8954438636635773,2.193762219827456,1.2692162014288155
HARVARD,S0113,1,nominal,45,41270916,Joint OLS,4.381074133655657,3.758315366190393,7.568092754788047,7.078903641925555
HARVARD,S0113,1,nominal,45,41270916,Offset-only,17.774956526304763,15.170140273637122,31.120817506457144,29.06454986276704
HARVARD,S0113,1,nominal,45,41270916,Raw,175.5012041048028,172.88492333191232,199.2012138872492,268.5717884035978
HARVARD,S0113,1,nominal,46,41270917,Joint Huber,1.0299403957456146,0.8209266786275298,2.0326225701900573,1.0387662795496644
HARVARD,S0113,1,nominal,46,41270917,Joint OLS,3.837953475186992,3.265776420595356,6.707725204082227,5.576340105797695
HARVARD,S0113,1,nominal,46,41270917,Offset-only,22.34458175392582,18.937359239581475,40.13586250561652,36.51355965337774
HARVARD,S0113,1,nominal,46,41270917,Raw,141.99707659675911,138.25034548716425,170.55185988046128,240.84240317800905
HARVARD,S0113,1,nominal,47,41270918,Joint Huber,1.006263381505922,0.8036204141073038,1.975047398081476,1.0108758706304786
HARVARD,S0113,1,nominal,47,41270918,Joint OLS,4.022070570584745,3.4427920838411867,6.986970161554362,6.60237718994293
HARVARD,S0113,1,nominal,47,41270918,Offset-only,24.492638246870055,20.88091331134188,43.757823490830106,35.53846511221134
HARVARD,S0113,1,nominal,47,41270918,Raw,94.9613607878027,90.07224370899308,126.29459060562765,130.9125953885664
HARVARD,S0113,1,nominal,48,41270919,Joint Huber,1.0271561384698045,0.8202366303434954,2.004052253287192,1.0447783689658936
HARVARD,S0113,1,nominal,48,41270919,Joint OLS,3.59309983951989,3.0077754035027158,6.555448712935519,5.523613330991281
HARVARD,S0113,1,nominal,48,41270919,Offset-only,23.75436624624723,20.433688188865435,40.59694833413463,33.057090821341525
HARVARD,S0113,1,nominal,48,41270919,Raw,179.37345901903416,177.62959126104403,213.9826035036876,215.83471733169708
HARVARD,S0113,1,nominal,49,41270920,Joint Huber,1.0421157385816038,0.8303448961947414,2.0188387600057927,1.1256057307417606
HARVARD,S0113,1,nominal,49,41270920,Joint OLS,3.653626458389237,3.049715173087584,6.51121091699114,5.017854197239087
HARVARD,S0113,1,nominal,49,41270920,Offset-only,9.270883883972663,7.91566707117771,16.135315652758962,14.411080013607322
HARVARD,S0113,1,nominal,49,41270920,Raw,143.08476962918624,142.62764347200144,156.49732566308288,243.7230788897582
HARVARD,S0113,1,stress,0,41270921,Joint Huber,6.199055549853344,4.991712600122566,11.971024435947266,7.413702686693126
HARVARD,S0113,1,stress,0,41270921,Joint OLS,19.724766458822245,17.238095884457877,33.36139431332326,26.59768090052032
HARVARD,S0113,1,stress,0,41270921,Offset-only,91.77453966555568,77.70466277806418,165.88071704348613,152.47399180907266
HARVARD,S0113,1,stress,0,41270921,Raw,203.4207737517363,183.9152328003266,312.676270189957,290.0527697401197
HARVARD,S0113,1,stress,1,41270922,Joint Huber,5.817659651127455,4.661833370128777,11.295062383989675,6.1390812787312985
HARVARD,S0113,1,stress,1,41270922,Joint OLS,15.39128806043327,13.043561789438904,27.429488523471694,25.70983466655136
HARVARD,S0113,1,stress,1,41270922,Offset-only,50.898373007224805,43.37254427188197,89.29569717716957,66.95378648553861
HARVARD,S0113,1,stress,1,41270922,Raw,299.55046529185614,294.3796205484932,369.9191592051884,415.17968488281537
HARVARD,S0113,1,stress,2,41270923,Joint Huber,5.693163499765202,4.541083601260523,11.1390765022545,6.340416757798137
HARVARD,S0113,1,stress,2,41270923,Joint OLS,13.43606775035564,11.13521003251893,24.92257615818796,23.580397888915492
HARVARD,S0113,1,stress,2,41270923,Offset-only,59.9676789268899,50.99121278069316,107.03090411137428,99.08433104582842
HARVARD,S0113,1,stress,2,41270923,Raw,224.14936971495771,212.31998206516715,300.0524434438688,439.926135399341
HARVARD,S0113,1,stress,3,41270924,Joint Huber,5.655890068937357,4.520619879569244,10.971761410974455,6.141512028575146
HARVARD,S0113,1,stress,3,41270924,Joint OLS,17.409815535326178,14.82484271535127,30.64994587918153,26.807259504021957
HARVARD,S0113,1,stress,3,41270924,Offset-only,97.64116779872204,83.36859593195663,170.3770063819862,184.63679105387524
HARVARD,S0113,1,stress,3,41270924,Raw,213.0796416769653,193.7772333623255,328.49181247534204,367.8073614286586
HARVARD,S0113,1,stress,4,41270925,Joint Huber,5.391482969126098,4.309137840173477,10.591289513329553,5.8390888720630425
HARVARD,S0113,1,stress,4,41270925,Joint OLS,15.323175765953913,12.694331949412742,28.410688750400222,20.455907816064716
HARVARD,S0113,1,stress,4,41270925,Offset-only,130.70540203995716,112.9631390617797,217.39618536698657,160.8367376617416
HARVARD,S0113,1,stress,4,41270925,Raw,396.3288399128244,377.6648688582087,560.275073706191,645.4193867968511
HARVARD,S0113,1,stress,5,41270926,Joint Huber,6.509039470177833,5.252582015690822,12.467115485051927,8.422186766357784
HARVARD,S0113,1,stress,5,41270926,Joint OLS,21.457882460525457,18.03842682325742,37.93556479472882,26.380643114686485
HARVARD,S0113,1,stress,5,41270926,Offset-only,52.356391989356354,44.52227604035389,92.71300628731922,90.18843198683729
HARVARD,S0113,1,stress,5,41270926,Raw,297.4194883879344,291.5073966134706,369.2761369703859,416.5715798724548
HARVARD,S0113,1,stress,6,41270927,Joint Huber,6.101993942294798,4.874921354794475,11.959031471816672,8.560725176092703
HARVARD,S0113,1,stress,6,41270927,Joint OLS,19.34320867610944,15.929894475273263,35.253443306903364,29.10780754424629
HARVARD,S0113,1,stress,6,41270927,Offset-only,73.51535171625582,61.960064423300366,134.0288496939621,181.136269535342
HARVARD,S0113,1,stress,6,41270927,Raw,156.6650307317339,144.67183695347867,230.69677181258,287.419176182604
HARVARD,S0113,1,stress,7,41270928,Joint Huber,5.617718775444281,4.504586262379233,10.971201626999164,6.88102340851188
HARVARD,S0113,1,stress,7,41270928,Joint OLS,13.252015006280772,11.415077477640429,23.10305451137698,14.161200835485952
HARVARD,S0113,1,stress,7,41270928,Offset-only,89.805249839977,76.77469628314591,156.31323800252704,124.3494262505086
HARVARD,S0113,1,stress,7,41270928,Raw,399.0238669588678,386.7075616018104,520.8900573032796,562.5899281467873
HARVARD,S0113,1,stress,8,41270929,Joint Huber,6.399736853529464,5.155626568272794,12.499100076366432,6.990655696954562
HARVARD,S0113,1,stress,8,41270929,Joint OLS,20.21403031026531,17.565815336868937,34.37181332026107,28.237945250222463
HARVARD,S0113,1,stress,8,41270929,Offset-only,122.29672176385802,104.45435767998988,215.21593365552727,185.2401046196143
HARVARD,S0113,1,stress,8,41270929,Raw,258.9403043231856,237.90711782906507,373.740264652689,404.5250072630538
HARVARD,S0113,1,stress,9,41270930,Joint Huber,5.891948228453605,4.715676802693526,11.47745855819391,6.469081783617434
HARVARD,S0113,1,stress,9,41270930,Joint OLS,14.59536727073494,11.983825897625175,27.02973412052714,17.6747387140254
HARVARD,S0113,1,stress,9,41270930,Offset-only,99.67282091228888,85.43007833799791,173.752720607857,164.69977011173225
HARVARD,S0113,1,stress,9,41270930,Raw,370.9128559479774,358.994247737495,487.9129235950268,718.1278691748738
HARVARD,S0113,1,stress,10,41270931,Joint Huber,5.316909483435035,4.2312581904272335,10.488627883604806,5.436469274635866
HARVARD,S0113,1,stress,10,41270931,Joint OLS,17.085498093403082,14.467416346387225,29.724687072778355,23.59836638813944
HARVARD,S0113,1,stress,10,41270931,Offset-only,123.74285641241696,105.70440622485889,215.5697123218157,177.93993303680108
HARVARD,S0113,1,stress,10,41270931,Raw,410.8273238400205,392.573291758142,571.3592860770437,740.7532193907214
HARVARD,S0113,1,stress,11,41270932,Joint Huber,6.219130841256059,4.9857037010295056,12.133996554682906,6.585555983176643
HARVARD,S0113,1,stress,11,41270932,Joint OLS,18.51362186442172,15.657968543368003,32.66213933279527,25.521752848051737
HARVARD,S0113,1,stress,11,41270932,Offset-only,107.6299864849206,92.510956262581,185.77448698088804,182.06750323574045
HARVARD,S0113,1,stress,11,41270932,Raw,293.57245498900454,273.7395437995109,429.1717619883814,532.8426765386674
HARVARD,S0113,1,stress,12,41270933,Joint Huber,5.933740504267111,4.75684706711139,11.44583439384981,6.745528560806928
HARVARD,S0113,1,stress,12,41270933,Joint OLS,19.139556881960196,16.10829329043698,34.55213577196031,29.809464164902693
HARVARD,S0113,1,stress,12,41270933,Offset-only,70.87944052452782,61.06069913944406,119.49271248361596,167.2026790157009
HARVARD,S0113,1,stress,12,41270933,Raw,323.4276096578469,311.1587434116147,412.2816881172663,549.6438681402615
HARVARD,S0113,1,stress,13,41270934,Joint Huber,6.206913360970287,4.975659320324589,12.045616764794431,6.955317542803684
HARVARD,S0113,1,stress,13,41270934,Joint OLS,14.187143955383617,11.760641994162054,26.003959848569384,24.57316195474381
HARVARD,S0113,1,stress,13,41270934,Offset-only,70.90727043867777,59.57229311627235,129.48460722810324,152.35900151101612
HARVARD,S0113,1,stress,13,41270934,Raw,290.27626894577,278.28988601007904,375.9155804948346,580.714732647629
HARVARD,S0113,1,stress,14,41270935,Joint Huber,5.602905245400434,4.494908647814883,10.953962234420803,6.220290156118446
HARVARD,S0113,1,stress,14,41270935,Joint OLS,12.488385009147365,10.336247582566068,23.077685618122462,18.239320425928156
HARVARD,S0113,1,stress,14,41270935,Offset-only,103.18808605109189,88.66699526608747,176.00757147662222,168.64945774182027
HARVARD,S0113,1,stress,14,41270935,Raw,312.017970541996,294.1947920879656,448.3320359383176,701.8928166918486
HARVARD,S0113,1,stress,15,41270936,Joint Huber,5.578955950192698,4.475717003821028,10.856145948869768,6.153384471755113
HARVARD,S0113,1,stress,15,41270936,Joint OLS,10.125187447779224,8.875638298705663,17.271617655223892,12.088803354026057
HARVARD,S0113,1,stress,15,41270936,Offset-only,83.76075833132093,70.89265813097354,149.2812597480051,124.67963117070332
HARVARD,S0113,1,stress,15,41270936,Raw,308.77751054499305,297.30860233336534,417.8329248216276,409.43889954645033
HARVARD,S0113,1,stress,16,41270937,Joint Huber,5.304716810947967,4.226813148090227,10.395272682685787,5.604402895952549
HARVARD,S0113,1,stress,16,41270937,Joint OLS,8.4201983359595,6.887101444685422,15.84418519815998,10.509304061367368
HARVARD,S0113,1,stress,16,41270937,Offset-only,93.92156615120668,80.39020087588563,163.41279156645018,183.7581190977785
HARVARD,S0113,1,stress,16,41270937,Raw,273.13262767220886,257.7788970817755,387.5503855513685,635.1365791043881
HARVARD,S0113,1,stress,17,41270938,Joint Huber,6.196483024845792,4.981921423227743,12.042566461331816,6.550776057875849
HARVARD,S0113,1,stress,17,41270938,Joint OLS,9.801511042330464,8.601055970340733,16.65545641757209,16.025861896849932
HARVARD,S0113,1,stress,17,41270938,Offset-only,79.72497914418426,68.30066439132098,138.4517084548519,132.849362503695
HARVARD,S0113,1,stress,17,41270938,Raw,381.3419103163362,370.1650085379296,490.92639602190377,676.0816766721739
HARVARD,S0113,1,stress,18,41270939,Joint Huber,5.279473399046941,4.210974928923164,10.38382920753458,5.557319040571592
HARVARD,S0113,1,stress,18,41270939,Joint OLS,9.067958801241645,7.529381025909804,16.85114405931145,9.65347989194898
HARVARD,S0113,1,stress,18,41270939,Offset-only,98.56377792856388,84.33143609629822,173.69699460678325,133.59492708923787
HARVARD,S0113,1,stress,18,41270939,Raw,144.53943762231728,124.6891407730149,247.03717215609845,272.89568860020705
HARVARD,S0113,1,stress,19,41270940,Joint Huber,5.6528543648533,4.511712419907592,11.065994265645962,6.540823053282346
HARVARD,S0113,1,stress,19,41270940,Joint OLS,13.286043068164645,11.732426359675127,22.24924171762357,18.49685320402754
HARVARD,S0113,1,stress,19,41270940,Offset-only,110.76117114831858,94.37790038563404,195.4020823568173,201.47909095549696
HARVARD,S0113,1,stress,19,41270940,Raw,318.333684052466,297.1990207731442,457.1427585310935,472.19516081007424
HARVARD,S0113,1,stress,20,41270941,Joint Huber,5.779234515019698,4.638797514275486,11.25641160965074,6.408355817473237
HARVARD,S0113,1,stress,20,41270941,Joint OLS,18.89828354669352,15.696724653296563,33.85990593045505,27.68727340337554
HARVARD,S0113,1,stress,20,41270941,Offset-only,70.26326227667829,60.39518552977326,119.93063728511666,144.22965917366162
HARVARD,S0113,1,stress,20,41270941,Raw,378.3015543615829,365.7273681170864,472.37480653198406,443.27405412054105
HARVARD,S0113,1,stress,21,41270942,Joint Huber,5.855301031970777,4.697588196126153,11.413520116963127,6.923548360249015
HARVARD,S0113,1,stress,21,41270942,Joint OLS,18.077944530815454,15.07030355933696,33.12076628241495,24.692512221675184
HARVARD,S0113,1,stress,21,41270942,Offset-only,78.18476996256035,67.05493779057723,135.3086745675311,126.27169178374903
HARVARD,S0113,1,stress,21,41270942,Raw,291.17498455945446,277.4680822814395,378.0339819887995,448.9498646668374
HARVARD,S0113,1,stress,22,41270943,Joint Huber,5.748552311723089,4.611472084103626,11.236106725610997,6.197340428055409
HARVARD,S0113,1,stress,22,41270943,Joint OLS,13.74739191031259,11.554969925068882,24.904204632295016,17.38430895172763
HARVARD,S0113,1,stress,22,41270943,Offset-only,134.32766787752882,114.88261962770945,236.34971101949125,180.48365378949828
HARVARD,S0113,1,stress,22,41270943,Raw,143.07211794790194,120.40680177008468,261.2272808894203,192.811748248016
HARVARD,S0113,1,stress,23,41270944,Joint Huber,5.20730171873851,4.17203068012198,10.177859720132256,5.426431154047977
HARVARD,S0113,1,stress,23,41270944,Joint OLS,8.90354126419003,7.265046378906867,16.868910102879475,11.720185938063471
HARVARD,S0113,1,stress,23,41270944,Offset-only,101.3207341376074,86.56559860129755,179.6352840891296,181.30120205336476
HARVARD,S0113,1,stress,23,41270944,Raw,296.448040934857,275.3534610316754,412.0741152896216,514.6800706661359
HARVARD,S0113,1,stress,24,41270945,Joint Huber,5.478001893961461,4.376448338882523,10.807920338410472,6.387337147675754
HARVARD,S0113,1,stress,24,41270945,Joint OLS,17.933752017144336,15.127353821191123,31.70933031041896,26.395795485874157
HARVARD,S0113,1,stress,24,41270945,Offset-only,90.72145085212136,76.94705430697313,163.9300026072512,194.42449214380807
HARVARD,S0113,1,stress,24,41270945,Raw,277.66857808374243,260.9635661508132,393.33598361732,403.9208090937833
HARVARD,S0113,1,stress,25,41270946,Joint Huber,5.660719508710972,4.523626478428222,11.074581988115998,6.037409118874192
HARVARD,S0113,1,stress,25,41270946,Joint OLS,10.708393412459632,8.875748981538038,19.91156246947483,19.26017881985154
HARVARD,S0113,1,stress,25,41270946,Offset-only,97.35154911727058,82.6029560050736,173.57029079633264,182.87877664838155
HARVARD,S0113,1,stress,25,41270946,Raw,302.03823039486,289.04972867921623,421.9424944459207,610.602802911794
HARVARD,S0113,1,stress,26,41270947,Joint Huber,5.297481189652768,4.229837978716825,10.43577974153358,5.446456598923195
HARVARD,S0113,1,stress,26,41270947,Joint OLS,10.12278955728643,8.3304625134262,18.847652886275416,13.798058341189831
HARVARD,S0113,1,stress,26,41270947,Offset-only,136.67961855009966,117.09473439292302,235.47233152373093,192.21909664344133
HARVARD,S0113,1,stress,26,41270947,Raw,315.6772779500132,294.90293597092705,466.8496683382891,772.4858646457433
HARVARD,S0113,1,stress,27,41270948,Joint Huber,5.411398455208021,4.309850397673165,10.680529758082002,5.685407695758452
HARVARD,S0113,1,stress,27,41270948,Joint OLS,15.21033994776553,12.622410524050656,27.71685229363965,22.41489304511899
HARVARD,S0113,1,stress,27,41270948,Offset-only,104.86054945760505,89.80123856257643,181.7084544963366,163.07521280589117
HARVARD,S0113,1,stress,27,41270948,Raw,226.43707551195425,206.10350258692475,353.91870318308696,387.3447666305517
HARVARD,S0113,1,stress,28,41270949,Joint Huber,5.686286502937098,4.568836885888963,11.049790179691676,7.629489251918826
HARVARD,S0113,1,stress,28,41270949,Joint OLS,13.564777590033042,11.45042802942803,24.2782934574668,23.883575694406574
HARVARD,S0113,1,stress,28,41270949,Offset-only,130.8259053549421,112.04387282575624,227.82943565005,183.78440241155735
HARVARD,S0113,1,stress,28,41270949,Raw,343.16476508855914,319.1968376673624,508.46198358289047,561.6457307398767
HARVARD,S0113,1,stress,29,41270950,Joint Huber,5.55085596973064,4.4428423439567535,10.818153402603064,5.846640936868914
HARVARD,S0113,1,stress,29,41270950,Joint OLS,8.736694526242466,7.173741395071689,16.401597518594848,12.400273207180224
HARVARD,S0113,1,stress,29,41270950,Offset-only,121.78914553864854,104.500500294195,212.25285373902705,180.31943692251784
HARVARD,S0113,1,stress,29,41270950,Raw,452.5889766094475,435.918086407134,620.4770085958131,655.3135403542229
HARVARD,S0113,1,stress,30,41270951,Joint Huber,5.521084255768919,4.42388891044946,10.755907431622449,5.890322851647998
HARVARD,S0113,1,stress,30,41270951,Joint OLS,19.425969519169914,16.652740385143048,33.825510667024616,28.90733200629584
HARVARD,S0113,1,stress,30,41270951,Offset-only,88.35738514793204,75.67964694530659,152.85677751512196,158.91216285436914
HARVARD,S0113,1,stress,30,41270951,Raw,289.2330799478459,268.38909617788585,395.40865533082734,428.0797143890918
HARVARD,S0113,1,stress,31,41270952,Joint Huber,5.575455030382521,4.456470627079252,10.96898623999927,5.837419848369044
HARVARD,S0113,1,stress,31,41270952,Joint OLS,9.220556863549788,7.485585226014303,17.595363603881253,12.308376654739346
HARVARD,S0113,1,stress,31,41270952,Offset-only,75.52430039474788,63.01944205067625,135.06700702651537,138.98569143054164
HARVARD,S0113,1,stress,31,41270952,Raw,235.30318019631363,222.1352498496444,315.572997989143,368.0005161754719
HARVARD,S0113,1,stress,32,41270953,Joint Huber,6.194336149636443,4.976248277652485,12.019709647204737,7.585822583021913
HARVARD,S0113,1,stress,32,41270953,Joint OLS,19.919713256304835,16.41312832854782,36.804734283408,26.126910486568345
HARVARD,S0113,1,stress,32,41270953,Offset-only,138.53114337539242,118.87182896248984,236.9971197163924,182.81806016682225
HARVARD,S0113,1,stress,32,41270953,Raw,431.2882757653259,412.8750790153639,596.8218593491472,634.0315925854306
HARVARD,S0113,1,stress,33,41270954,Joint Huber,7.082310648644722,5.748187588952906,13.600546888841338,7.892545065391068
HARVARD,S0113,1,stress,33,41270954,Joint OLS,15.152390927034627,12.547501792016478,27.6465955489746,19.74171630352988
HARVARD,S0113,1,stress,33,41270954,Offset-only,56.029862852183584,47.30155992984619,101.67640289668292,168.84324869503288
HARVARD,S0113,1,stress,33,41270954,Raw,272.8928580931132,261.5304282106523,338.77135010927657,535.1384509767191
HARVARD,S0113,1,stress,34,41270955,Joint Huber,5.180274435850996,4.136508518461151,10.183684550513306,5.278806012004165
HARVARD,S0113,1,stress,34,41270955,Joint OLS,18.758570164446603,15.76274243248066,33.49203293929506,26.36878129629096
HARVARD,S0113,1,stress,34,41270955,Offset-only,90.49093565701416,76.3975171944345,163.11871123102003,135.45420695788042
HARVARD,S0113,1,stress,34,41270955,Raw,297.9935796541489,283.90215260271447,412.7140429332286,556.412951851282
HARVARD,S0113,1,stress,35,41270956,Joint Huber,5.805375546391256,4.637015485697684,11.335734024010693,6.0624003500911705
HARVARD,S0113,1,stress,35,41270956,Joint OLS,16.4130205686716,13.883298334320717,29.420611612059936,20.232233075889862
HARVARD,S0113,1,stress,35,41270956,Offset-only,95.24337417877186,81.3671527444863,165.48277479352913,137.66308376154618
HARVARD,S0113,1,stress,35,41270956,Raw,277.03610885965827,257.35783388227526,396.46663430741006,506.63805124315945
HARVARD,S0113,1,stress,36,41270957,Joint Huber,5.833980441063359,4.661864371484326,11.436301118198246,6.605225869389728
HARVARD,S0113,1,stress,36,41270957,Joint OLS,19.88522683671699,17.20823379270515,33.58080622707816,23.76587273486524
HARVARD,S0113,1,stress,36,41270957,Offset-only,98.34335494190952,84.27347572162901,172.12668486385033,174.91463518609464
HARVARD,S0113,1,stress,36,41270957,Raw,351.0342821554556,334.30309460101626,475.9464345816988,737.4402452075904
HARVARD,S0113,1,stress,37,41270958,Joint Huber,5.94915153845235,4.77380302960927,11.528178529999035,7.093906708585798
HARVARD,S0113,1,stress,37,41270958,Joint OLS,12.498493292493237,10.32107530229858,23.45625154074338,20.69889751766056
HARVARD,S0113,1,stress,37,41270958,Offset-only,84.08646635656373,71.96766999477583,145.8035910327133,139.0564732140147
HARVARD,S0113,1,stress,37,41270958,Raw,296.8310108251705,287.3815841190136,392.06061335519234,694.2691468230774
HARVARD,S0113,1,stress,38,41270959,Joint Huber,5.822685439372432,4.679120829475645,11.324595758283644,7.545878678606918
HARVARD,S0113,1,stress,38,41270959,Joint OLS,23.12123772519945,19.48500543663668,41.30491283557603,33.77155553982607
HARVARD,S0113,1,stress,38,41270959,Offset-only,41.61848039108728,35.324985000954854,73.17102937524618,58.337852924123474
HARVARD,S0113,1,stress,38,41270959,Raw,196.71958986951535,192.7896862192409,253.4835522449241,286.6154402722929
HARVARD,S0113,1,stress,39,41270960,Joint Huber,5.371914074160916,4.283074231286793,10.540914605991428,5.542589781342656
HARVARD,S0113,1,stress,39,41270960,Joint OLS,12.748351104054072,10.562325823125292,23.58996949627273,19.763794185367978
HARVARD,S0113,1,stress,39,41270960,Offset-only,124.4049140816507,105.52364277714022,225.4067784401209,188.0769584030284
HARVARD,S0113,1,stress,39,41270960,Raw,234.387369625537,209.5635991272814,371.9012628166668,465.6502743898694
HARVARD,S0113,1,stress,40,41270961,Joint Huber,6.089021542320726,4.874819658976612,11.981447062575423,7.395641583375417
HARVARD,S0113,1,stress,40,41270961,Joint OLS,15.126482627752289,12.433120423931406,27.809376373177464,28.35611014243975
HARVARD,S0113,1,stress,40,41270961,Offset-only,111.8404768734147,94.73670197481428,201.75943449152567,189.85725054592012
HARVARD,S0113,1,stress,40,41270961,Raw,332.0099712714937,309.8452406149389,460.7852449063756,486.7855805406734
HARVARD,S0113,1,stress,41,41270962,Joint Huber,5.438561448748508,4.361032470029721,10.615203499391512,6.173393488874628
HARVARD,S0113,1,stress,41,41270962,Joint OLS,13.05341875261035,11.68878474932814,21.37591521569337,25.58561875359708
HARVARD,S0113,1,stress,41,41270962,Offset-only,96.95882269811058,83.74046758877833,160.8177873824667,131.39191783354312
HARVARD,S0113,1,stress,41,41270962,Raw,287.3885293988612,266.5538720097046,412.84224158710464,422.34595964512
HARVARD,S0113,1,stress,42,41270963,Joint Huber,6.009976895121949,4.827329277215268,11.68831860012749,8.717086977162406
HARVARD,S0113,1,stress,42,41270963,Joint OLS,14.997666018470529,12.24106962523649,27.907101251517563,36.21359876465464
HARVARD,S0113,1,stress,42,41270963,Offset-only,144.27487718307702,121.5171793613977,263.2514119318778,178.8364407493644
HARVARD,S0113,1,stress,42,41270963,Raw,205.09930182849584,178.47577685593,346.55034308135293,379.9950411995914
HARVARD,S0113,1,stress,43,41270964,Joint Huber,5.496987493293336,4.391816707204031,10.76841729274669,5.957437945813981
HARVARD,S0113,1,stress,43,41270964,Joint OLS,24.077862801518908,20.30999055682772,43.55261978443431,36.450046567115706
HARVARD,S0113,1,stress,43,41270964,Offset-only,116.43055130625754,99.48139178445987,203.51700332025135,161.0423740524604
HARVARD,S0113,1,stress,43,41270964,Raw,330.1577914569357,313.8997609361793,469.6501751291556,494.7691119594028
HARVARD,S0113,1,stress,44,41270965,Joint Huber,5.567073973479554,4.452236609183044,10.89170367545922,5.890874424617488
HARVARD,S0113,1,stress,44,41270965,Joint OLS,17.911553438267582,16.057208038014956,29.02247077719778,19.7019746994788
HARVARD,S0113,1,stress,44,41270965,Offset-only,150.31359088393296,129.59943156972182,253.98178035891252,176.58848966909366
HARVARD,S0113,1,stress,44,41270965,Raw,369.2863251637018,341.7611780548628,542.6030338272644,764.2537408622148
HARVARD,S0113,1,stress,45,41270966,Joint Huber,5.634849895818937,4.5183328390479245,10.989742948920169,6.108830884759566
HARVARD,S0113,1,stress,45,41270966,Joint OLS,20.61321763957685,17.87522515345925,35.07680040113377,26.06750510888392
HARVARD,S0113,1,stress,45,41270966,Offset-only,121.0874074543752,103.1821903440657,215.07370756138155,178.66174556617744
HARVARD,S0113,1,stress,45,41270966,Raw,370.2219128878775,347.9480358139303,522.3318230120475,820.137923848014
HARVARD,S0113,1,stress,46,41270967,Joint Huber,5.908131114818136,4.745099930241417,11.45898963785008,6.901330682528391
HARVARD,S0113,1,stress,46,41270967,Joint OLS,22.282461625786546,18.667182903407543,39.64832915038559,35.01565895466361
HARVARD,S0113,1,stress,46,41270967,Offset-only,99.83081355546464,84.50572220916315,179.29227617038626,160.65887999937223
HARVARD,S0113,1,stress,46,41270967,Raw,211.0122561393069,189.0907077524735,330.6186321089555,258.3741863469987
HARVARD,S0113,1,stress,47,41270968,Joint Huber,5.503402130250454,4.394305897573649,10.779387888922722,5.91130490456343
HARVARD,S0113,1,stress,47,41270968,Joint OLS,14.384644455052236,12.033517469674893,26.35962679497945,26.029340375048875
HARVARD,S0113,1,stress,47,41270968,Offset-only,77.2660981263416,64.89736058102484,141.22330284677653,112.88939937763118
HARVARD,S0113,1,stress,47,41270968,Raw,216.17937528409456,204.63765786182117,312.3869485690716,305.16432103961824
HARVARD,S0113,1,stress,48,41270969,Joint Huber,6.861615532592353,5.560639943139675,13.198675486179546,7.946098254946202
HARVARD,S0113,1,stress,48,41270969,Joint OLS,20.221584533507247,16.874869870846812,36.732718277532506,34.85986581735247
HARVARD,S0113,1,stress,48,41270969,Offset-only,70.96339235262936,60.23608531199867,126.02912292925248,116.63126568565863
HARVARD,S0113,1,stress,48,41270969,Raw,351.56920992405753,341.5330742950856,444.7927020167489,435.27838580947895
HARVARD,S0113,1,stress,49,41270970,Joint Huber,5.430788594514967,4.341779914637689,10.659431847719958,5.792267437159722
HARVARD,S0113,1,stress,49,41270970,Joint OLS,12.442437990719156,10.807094174738149,21.23656491401207,21.21843984422581
HARVARD,S0113,1,stress,49,41270970,Offset-only,112.90185131075565,94.01324643374696,206.8478914144618,198.4844843713544
HARVARD,S0113,1,stress,49,41270970,Raw,268.7833706980207,252.1764261442684,390.63382555084297,624.262425548456
HARVARD,S0171,1,clean,0,41280821,Joint Huber,0.1042175704428399,0.083371569780294,0.2040022373655859,0.1081399520353155
HARVARD,S0171,1,clean,0,41280821,Joint OLS,0.10237081877188,0.081863151373587,0.1997274109932334,0.105231239926608
HARVARD,S0171,1,clean,0,41280821,Offset-only,12.732897074693971,10.947276639337176,22.072485742918424,35.2246271902824
HARVARD,S0171,1,clean,0,41280821,Raw,190.4107836009709,189.78660828556292,209.20292394821053,289.0155272851517
HARVARD,S0171,1,clean,1,41280822,Joint Huber,0.1012556651453599,0.0809606659593867,0.197036029329567,0.1046834479974245
HARVARD,S0171,1,clean,1,41280822,Joint OLS,0.1012097707591859,0.08091293528624,0.1973596056342508,0.1044664990206223
HARVARD,S0171,1,clean,1,41280822,Offset-only,21.081724385926044,18.131558845554306,36.450467268492304,37.86724763657781
HARVARD,S0171,1,clean,1,41280822,Raw,147.76259494337202,144.91315218010078,177.09939810097063,234.4428379741377
HARVARD,S0171,1,clean,2,41280823,Joint Huber,0.1026738926074246,0.0816258613358876,0.2021750121604881,0.1063804190947302
HARVARD,S0171,1,clean,2,41280823,Joint OLS,0.1028501249434487,0.081780844945845,0.2024470156154479,0.1058413695878933
HARVARD,S0171,1,clean,2,41280823,Offset-only,23.24331792196069,19.98833658005321,40.21770798788573,35.283984307980795
HARVARD,S0171,1,clean,2,41280823,Raw,55.76647359015869,52.06583265677291,81.44051739006883,108.17528482516252
HARVARD,S0171,1,clean,3,41280824,Joint Huber,0.1071990104776629,0.0857405347450653,0.2090336317056796,0.1097058968338843
HARVARD,S0171,1,clean,3,41280824,Joint OLS,0.1067007119163107,0.0853803508197932,0.2081267974054945,0.1101751553430978
HARVARD,S0171,1,clean,3,41280824,Offset-only,16.3119547303722,14.029023759986146,28.19236517956024,33.32607665071302
HARVARD,S0171,1,clean,3,41280824,Raw,202.91656840522967,202.16332499578357,227.0369019151686,267.8734406601959
HARVARD,S0171,1,clean,4,41280825,Joint Huber,0.1107183455794808,0.0885359209676228,0.2170596127896829,0.1216456421254431
HARVARD,S0171,1,clean,4,41280825,Joint OLS,0.1100335506437105,0.0879808589543036,0.214818670807837,0.1216006647222809
HARVARD,S0171,1,clean,4,41280825,Offset-only,23.433866397483914,20.157410340865447,40.52159894474698,37.00112580822538
HARVARD,S0171,1,clean,4,41280825,Raw,142.51689822572922,140.46502488924176,176.23646179180864,176.05957088791124
HARVARD,S0171,1,clean,5,41280826,Joint Huber,0.1084961328891615,0.0867095047266121,0.2124064345057519,0.1154651080298986
HARVARD,S0171,1,clean,5,41280826,Joint OLS,0.1059682964311002,0.084605765414292,0.2074657948696767,0.1114611007955255
HARVARD,S0171,1,clean,5,41280826,Offset-only,19.07491088397508,16.404820923211208,32.98791675858786,35.440373682491696
HARVARD,S0171,1,clean,5,41280826,Raw,134.6903707689752,132.88410491654275,161.95752983820304,195.76828166033408
HARVARD,S0171,1,clean,6,41280827,Joint Huber,0.1080497194157752,0.0866026480159428,0.210439810534746,0.1220763186614024
HARVARD,S0171,1,clean,6,41280827,Joint OLS,0.1068072565855997,0.0855620177532109,0.2085002803767111,0.1188148188951658
HARVARD,S0171,1,clean,6,41280827,Offset-only,27.23947988586753,23.429863099466036,47.115188191687096,39.2712484200512
HARVARD,S0171,1,clean,6,41280827,Raw,136.54898329712523,133.24824467943768,174.81377207257918,182.8689876657099
HARVARD,S0171,1,clean,7,41280828,Joint Huber,0.1048474791691868,0.0835471052475263,0.2049016069410214,0.1063930017457035
HARVARD,S0171,1,clean,7,41280828,Joint OLS,0.1039147796847875,0.0827556919738664,0.2030241502511743,0.1066293136707522
HARVARD,S0171,1,clean,7,41280828,Offset-only,23.330478995611152,20.06671517474944,40.33515583514333,36.16773093523046
HARVARD,S0171,1,clean,7,41280828,Raw,207.36276537281617,205.47728921951543,241.0681969979009,267.2890360720836
HARVARD,S0171,1,clean,8,41280829,Joint Huber,0.1032967494519647,0.0822670783876159,0.2029771445286599,0.1090757240592038
HARVARD,S0171,1,clean,8,41280829,Joint OLS,0.1040648694973606,0.0828939812910135,0.2040548298253952,0.1089127458898986
HARVARD,S0171,1,clean,8,41280829,Offset-only,17.368921874570816,14.939146568800377,30.0168962471747,38.79063036638467
HARVARD,S0171,1,clean,8,41280829,Raw,141.56310984099724,139.6308016613893,166.16076716289152,184.58142072598213
HARVARD,S0171,1,clean,9,41280830,Joint Huber,0.1015439463465499,0.0810231149966091,0.1994928590306699,0.1067575630546398
HARVARD,S0171,1,clean,9,41280830,Joint OLS,0.1017501067010677,0.0812020564905022,0.199424867312814,0.1080695690484343
HARVARD,S0171,1,clean,9,41280830,Offset-only,13.387840709414396,11.514446253382946,23.149698170345182,18.9294167707407
HARVARD,S0171,1,clean,9,41280830,Raw,174.86194455469197,174.3116174271807,194.73254674738,262.36779092091365
HARVARD,S0171,1,clean,10,41280831,Joint Huber,0.1011477391113502,0.080718335993555,0.1983140463471145,0.1028832482169897
HARVARD,S0171,1,clean,10,41280831,Joint OLS,0.1017121126117045,0.0811880777152957,0.1991208750828477,0.1028656466127957
HARVARD,S0171,1,clean,10,41280831,Offset-only,18.23317531666573,15.680092163667585,31.539340677233877,34.266284596463045
HARVARD,S0171,1,clean,10,41280831,Raw,160.6359623799311,159.17119434517315,186.976102111646,253.2660768866841
HARVARD,S0171,1,clean,11,41280832,Joint Huber,0.1023422239189991,0.0816308786509967,0.2011270077659332,0.103531308081871
HARVARD,S0171,1,clean,11,41280832,Joint OLS,0.1027080471846992,0.0819657022585761,0.2017112103581186,0.1053192620788214
HARVARD,S0171,1,clean,11,41280832,Offset-only,15.431585121623458,13.2744029976133,26.646500143082903,38.78168727697403
HARVARD,S0171,1,clean,11,41280832,Raw,68.31812426894186,65.63415337071687,87.8161731219417,128.68337641670516
HARVARD,S0171,1,clean,12,41280833,Joint Huber,0.1036309170154696,0.0824758708212307,0.2026340439231333,0.1091516727752284
HARVARD,S0171,1,clean,12,41280833,Joint OLS,0.1030426873677234,0.0820285172928174,0.2016402831937159,0.1052230666151611
HARVARD,S0171,1,clean,12,41280833,Offset-only,12.370596930534228,10.64224607212287,21.362729761065147,15.673485918280328
HARVARD,S0171,1,clean,12,41280833,Raw,98.47680585945336,97.26879003346032,116.15786388704235,148.6384830185488
HARVARD,S0171,1,clean,13,41280834,Joint Huber,0.105045479750842,0.0841914051951272,0.2042876713090891,0.1150186048195233
HARVARD,S0171,1,clean,13,41280834,Joint OLS,0.1047347648865845,0.0839139483025904,0.2039065918410188,0.1125695713734535
HARVARD,S0171,1,clean,13,41280834,Offset-only,11.724858059705609,10.085312669155948,20.277539903437525,18.41594644574361
HARVARD,S0171,1,clean,13,41280834,Raw,140.78691140335602,139.89863401424387,157.78778629967425,277.8612248548459
HARVARD,S0171,1,clean,14,41280835,Joint Huber,0.1064589931017728,0.0851910407187657,0.2076638409691078,0.1115172532971264
HARVARD,S0171,1,clean,14,41280835,Joint OLS,0.1070273969713958,0.0856451314170826,0.2084779009130955,0.1126364402919732
HARVARD,S0171,1,clean,14,41280835,Offset-only,23.604648940605884,20.303531406472384,40.80356036538912,33.6162799730471
HARVARD,S0171,1,clean,14,41280835,Raw,139.1976920622426,135.71992883511396,171.1559101298894,194.49265244846387
HARVARD,S0171,1,clean,15,41280836,Joint Huber,0.1053372079062209,0.0840322496731255,0.20655716382314,0.109891829832051
HARVARD,S0171,1,clean,15,41280836,Joint OLS,0.1050628162087285,0.0838255737017296,0.2066271282785248,0.1123654360561997
HARVARD,S0171,1,clean,15,41280836,Offset-only,22.78307794152489,19.591890123642404,39.44591369061801,33.94370852696377
HARVARD,S0171,1,clean,15,41280836,Raw,95.86534796040306,92.22657141943714,126.15011530952174,221.82809235132385
HARVARD,S0171,1,clean,16,41280837,Joint Huber,0.1052854877229471,0.0845226563722129,0.2045880874419481,0.1126649576622258
HARVARD,S0171,1,clean,16,41280837,Joint OLS,0.1056603066711779,0.0848377481401666,0.2046503536177191,0.1122422701328691
HARVARD,S0171,1,clean,16,41280837,Offset-only,25.986953387052797,22.351413454105,44.94968019257276,39.07653706846758
HARVARD,S0171,1,clean,16,41280837,Raw,179.3977042571093,176.8271588119731,216.4714300487296,246.34757375065408
HARVARD,S0171,1,clean,17,41280838,Joint Huber,0.1068339150378001,0.085186313671877,0.2100774416089024,0.1157292287901224
HARVARD,S0171,1,clean,17,41280838,Joint OLS,0.1097232786834868,0.0876095713344616,0.215330225681587,0.1236024036176628
HARVARD,S0171,1,clean,17,41280838,Offset-only,20.675220399880043,17.783592034798634,35.75232780624251,38.58461147953364
HARVARD,S0171,1,clean,17,41280838,Raw,97.59984342464072,93.08105306862991,124.61123744112132,168.38976476715325
HARVARD,S0171,1,clean,18,41280839,Joint Huber,0.1084732326794394,0.0868770291612945,0.2116198036294481,0.116858184315655
HARVARD,S0171,1,clean,18,41280839,Joint OLS,0.1059864914076408,0.0847577767719511,0.2074237677507806,0.1084427194249134
HARVARD,S0171,1,clean,18,41280839,Offset-only,24.58146194727138,21.14376878424558,42.5068157190303,38.89462491770413
HARVARD,S0171,1,clean,18,41280839,Raw,104.59854059972947,100.74242329693942,137.58135430290537,158.5487643342284
HARVARD,S0171,1,clean,19,41280840,Joint Huber,0.1064403513141193,0.0849495034667328,0.2090570117847079,0.115690692626197
HARVARD,S0171,1,clean,19,41280840,Joint OLS,0.1063436697784817,0.084856482368705,0.2095976653003539,0.1174178091000211
HARVARD,S0171,1,clean,19,41280840,Offset-only,15.78608749474276,13.57558633501018,27.33948907141137,38.32993661357414
HARVARD,S0171,1,clean,19,41280840,Raw,86.44886804726518,84.73517345065088,108.80455812844936,139.3444133712385
HARVARD,S0171,1,clean,20,41280841,Joint Huber,0.1054224044145005,0.0841640998468615,0.20640537732457,0.1101952801844063
HARVARD,S0171,1,clean,20,41280841,Joint OLS,0.104822428506166,0.0836484817469759,0.2050757683161209,0.1106206557114572
HARVARD,S0171,1,clean,20,41280841,Offset-only,19.47424624516857,16.751218055596937,33.66409222240181,35.19206565481103
HARVARD,S0171,1,clean,20,41280841,Raw,89.07534163905142,85.80658993705458,114.97688108140274,160.28089535928103
HARVARD,S0171,1,clean,21,41280842,Joint Huber,0.102044590146828,0.0810693661968705,0.2004133189743129,0.1036472349383636
HARVARD,S0171,1,clean,21,41280842,Joint OLS,0.1011989572605212,0.0803434617542248,0.1976240017920183,0.1039080884215736
HARVARD,S0171,1,clean,21,41280842,Offset-only,14.626456122404484,12.578168685558373,25.323953467622573,20.372647711253517
HARVARD,S0171,1,clean,21,41280842,Raw,123.39202443420638,121.64583026749568,143.67203404094067,277.51934296034875
HARVARD,S0171,1,clean,22,41280843,Joint Huber,0.1053740174921843,0.0842097831404319,0.2053725047339583,0.1083713596151006
HARVARD,S0171,1,clean,22,41280843,Joint OLS,0.1055210267577252,0.0842816013229573,0.2052358752230532,0.1084660994339233
HARVARD,S0171,1,clean,22,41280843,Offset-only,25.30135868789802,21.759795794919043,43.77730601437256,35.440908605970016
HARVARD,S0171,1,clean,22,41280843,Raw,155.86818756203903,153.25603251455232,191.84318241775503,201.9367131344788
HARVARD,S0171,1,clean,23,41280844,Joint Huber,0.108370435104927,0.086476463340079,0.2132953744482081,0.1211146471596639
HARVARD,S0171,1,clean,23,41280844,Joint OLS,0.1064718298986661,0.0848972209896068,0.2099151103713392,0.1109156622526092
HARVARD,S0171,1,clean,23,41280844,Offset-only,10.187833149152905,8.7637820084929,17.59808861742931,22.51557802413624
HARVARD,S0171,1,clean,23,41280844,Raw,162.2169506753017,161.7616803214978,177.32369522707927,276.9224732799267
HARVARD,S0171,1,clean,24,41280845,Joint Huber,0.1030398939884745,0.0821058153216479,0.2019735090282637,0.1101194841014087
HARVARD,S0171,1,clean,24,41280845,Joint OLS,0.1020176230142355,0.0812797636206283,0.2005414183229526,0.1080300967627695
HARVARD,S0171,1,clean,24,41280845,Offset-only,22.91472744261496,19.708566815923405,39.65644286559922,34.91460687610251
HARVARD,S0171,1,clean,24,41280845,Raw,142.06877277253824,139.82607258831396,174.79892087716317,181.7517501490932
HARVARD,S0171,1,clean,25,41280846,Joint Huber,0.1059981539133249,0.084595430039452,0.2075328225412676,0.1086209730527808
HARVARD,S0171,1,clean,25,41280846,Joint OLS,0.1053413865886099,0.0840832928751687,0.2066685087290132,0.1106047141449917
HARVARD,S0171,1,clean,25,41280846,Offset-only,16.363551036214005,14.071351591611483,28.314930779181683,25.747117277821957
HARVARD,S0171,1,clean,25,41280846,Raw,104.42028841881492,102.56287829197304,127.49726794780597,165.44094487577445
HARVARD,S0171,1,clean,26,41280847,Joint Huber,0.1055374268411531,0.084207098101527,0.206951629960983,0.1099282837160653
HARVARD,S0171,1,clean,26,41280847,Joint OLS,0.105267366936919,0.0840017073361642,0.2059667420871047,0.1067949267470676
HARVARD,S0171,1,clean,26,41280847,Offset-only,22.045729198212133,18.962871570736983,38.1148204211292,38.89768500147943
HARVARD,S0171,1,clean,26,41280847,Raw,139.52130542906878,136.3005391918046,168.618407111026,209.8085187205119
HARVARD,S0171,1,clean,27,41280848,Joint Huber,0.1021539211454221,0.0811459035298214,0.2011962506955456,0.1031024618250778
HARVARD,S0171,1,clean,27,41280848,Joint OLS,0.1029662635886636,0.0818564520556522,0.2025729682634037,0.1038553312657779
HARVARD,S0171,1,clean,27,41280848,Offset-only,14.810668870445618,12.737181437338444,25.619127882550345,27.7918073093904
HARVARD,S0171,1,clean,27,41280848,Raw,168.05243379010665,167.08003712229274,189.66426094052335,266.4265454361771
HARVARD,S0171,1,clean,28,41280849,Joint Huber,0.104415006091985,0.0834023051353357,0.2040456878036778,0.1074710577552095
HARVARD,S0171,1,clean,28,41280849,Joint OLS,0.1041330284603648,0.0831393904715024,0.2023982683802216,0.1068379017439081
HARVARD,S0171,1,clean,28,41280849,Offset-only,23.13409779376973,19.89752415188216,39.97820092878773,35.35743377129666
HARVARD,S0171,1,clean,28,41280849,Raw,54.0731948959233,49.28083390522433,80.33953766997861,66.34133782300665
HARVARD,S0171,1,clean,29,41280850,Joint Huber,0.1031649352566864,0.0821621923782591,0.2019966414860797,0.1090811317481546
HARVARD,S0171,1,clean,29,41280850,Joint OLS,0.1029789233475263,0.0820611485124925,0.2012989906543083,0.1085466171052104
HARVARD,S0171,1,clean,29,41280850,Offset-only,17.542579835714847,15.084487116968516,30.38511492327194,33.426144355004595
HARVARD,S0171,1,clean,29,41280850,Raw,119.53280392454634,117.69953778214864,139.72323737898395,202.48434922834147
HARVARD,S0171,1,clean,30,41280851,Joint Huber,0.1109127766607292,0.0892558527299049,0.2157873358827444,0.1165433788594314
HARVARD,S0171,1,clean,30,41280851,Joint OLS,0.1078776948113674,0.0867149173693467,0.210252635857433,0.1131350024271912
HARVARD,S0171,1,clean,30,41280851,Offset-only,23.25927772845734,20.008187107434875,40.19548164087041,33.895715062730844
HARVARD,S0171,1,clean,30,41280851,Raw,142.07032214230867,138.47329724069675,173.95531101622907,251.04840763563973
HARVARD,S0171,1,clean,31,41280852,Joint Huber,0.1034787044242976,0.0826889554494941,0.2014610994457655,0.1068725568837794
HARVARD,S0171,1,clean,31,41280852,Joint OLS,0.1026590799037362,0.0820038731241673,0.2008055596196101,0.1038719559700007
HARVARD,S0171,1,clean,31,41280852,Offset-only,25.169806544535195,21.6501849639587,43.52348509112316,32.46361083461601
HARVARD,S0171,1,clean,31,41280852,Raw,114.22184039848896,110.42925099952018,148.84546230914646,160.6622534777463
HARVARD,S0171,1,clean,32,41280853,Joint Huber,0.1072960985173359,0.0856763597941597,0.2092965301989658,0.114203398553845
HARVARD,S0171,1,clean,32,41280853,Joint OLS,0.1048251054071158,0.0837119185889366,0.2043207357204757,0.109244239254699
HARVARD,S0171,1,clean,32,41280853,Offset-only,12.498579962053444,10.74590439127536,21.640357793030415,21.46905454775945
HARVARD,S0171,1,clean,32,41280853,Raw,175.02339072135416,174.4330151020515,193.4803039064052,229.513272344292
HARVARD,S0171,1,clean,33,41280854,Joint Huber,0.103735939734341,0.0825424345023597,0.2034512084678752,0.1066574316862341
HARVARD,S0171,1,clean,33,41280854,Joint OLS,0.1030072507572889,0.0819679299538315,0.2025063988545739,0.1079364848072625
HARVARD,S0171,1,clean,33,41280854,Offset-only,19.48540547659337,16.7594238949657,33.69219518959614,23.227721536312977
HARVARD,S0171,1,clean,33,41280854,Raw,91.52170163313166,88.71165314562323,115.44775254832054,239.23530368684
HARVARD,S0171,1,clean,34,41280855,Joint Huber,0.1012020189320219,0.080863752332992,0.1973855460596585,0.1042657085817525
HARVARD,S0171,1,clean,34,41280855,Joint OLS,0.1009834744591737,0.0806826250679007,0.1971217650570622,0.1031847749255739
HARVARD,S0171,1,clean,34,41280855,Offset-only,24.314705719860186,20.91339762466146,42.03666968136491,39.36035635046602
HARVARD,S0171,1,clean,34,41280855,Raw,245.7960167897221,243.94630900336816,281.03867712595763,286.8036548557436
HARVARD,S0171,1,clean,35,41280856,Joint Huber,0.1073185748361635,0.0857412158256226,0.2107442571505303,0.1172198893106794
HARVARD,S0171,1,clean,35,41280856,Joint OLS,0.1060419064133905,0.0846572416710527,0.2076574463842462,0.1114321267678498
HARVARD,S0171,1,clean,35,41280856,Offset-only,22.54540822960393,19.390930594476607,39.00440847893512,35.083444147774536
HARVARD,S0171,1,clean,35,41280856,Raw,83.3866900182168,79.81300176166411,113.01264140849794,171.76322196556487
HARVARD,S0171,1,clean,36,41280857,Joint Huber,0.1052492995496643,0.0840403278242732,0.2067713133509841,0.110515848531943
HARVARD,S0171,1,clean,36,41280857,Joint OLS,0.1037684974509467,0.0828350358803588,0.2039573009586348,0.1044406322928359
HARVARD,S0171,1,clean,36,41280857,Offset-only,34.92114282299981,30.03339562835525,60.40323578991576,39.467598588046265
HARVARD,S0171,1,clean,36,41280857,Raw,142.20533321950808,138.56530586435898,184.30318175736176,230.374889865679
HARVARD,S0171,1,clean,37,41280858,Joint Huber,0.1073334667887465,0.0862095659318188,0.2077447878662042,0.1271734516231359
HARVARD,S0171,1,clean,37,41280858,Joint OLS,0.1053085950121522,0.0844904209752821,0.2041116832407042,0.1181657354568307
HARVARD,S0171,1,clean,37,41280858,Offset-only,19.03637396508568,16.37401747465116,32.91005396038012,33.5599235145421
HARVARD,S0171,1,clean,37,41280858,Raw,104.27010327948663,101.61678419589624,129.05823001083547,162.67796821616318
HARVARD,S0171,1,clean,38,41280859,Joint Huber,0.1032408754354392,0.0823777245635869,0.2026449235984273,0.1042405219035941
HARVARD,S0171,1,clean,38,41280859,Joint OLS,0.1030914351025388,0.0822413450849985,0.2016676623705748,0.1056034528073695
HARVARD,S0171,1,clean,38,41280859,Offset-only,32.143313194589894,27.644087842506583,55.63765651551034,38.28283085389402
HARVARD,S0171,1,clean,38,41280859,Raw,199.79277140880023,197.0752253222759,246.10404864549997,286.68788898988936
HARVARD,S0171,1,clean,39,41280860,Joint Huber,0.1051677335357969,0.0837011564939626,0.207093262832636,0.1108071753958712
HARVARD,S0171,1,clean,39,41280860,Joint OLS,0.1034588076372761,0.0824901904256978,0.2040126600848097,0.108017858501367
HARVARD,S0171,1,clean,39,41280860,Offset-only,24.763675572148195,21.2986845743386,42.85072246283485,37.69490064223365
HARVARD,S0171,1,clean,39,41280860,Raw,106.51259958226557,102.54086401232476,140.28595036840895,176.07065001608677
HARVARD,S0171,1,clean,40,41280861,Joint Huber,0.1023481487763323,0.0816199478489837,0.200636430035317,0.1040391456968126
HARVARD,S0171,1,clean,40,41280861,Joint OLS,0.1022975819893401,0.0815897027935135,0.2011784844384579,0.1031873460895283
HARVARD,S0171,1,clean,40,41280861,Offset-only,28.79763446836681,24.76834917503933,49.81853016269113,37.73218191729836
HARVARD,S0171,1,clean,40,41280861,Raw,126.94641548472543,123.38637405945032,161.98242339617454,267.6474302342979
HARVARD,S0171,1,clean,41,41280862,Joint Huber,0.1082242444849599,0.0865538181725462,0.2119222925617948,0.1125856803460624
HARVARD,S0171,1,clean,41,41280862,Joint OLS,0.1076288466244751,0.0860854938393995,0.2104850674789383,0.1118760087073926
HARVARD,S0171,1,clean,41,41280862,Offset-only,29.223479673136907,25.13333260141129,50.557779203128206,31.855920474938465
HARVARD,S0171,1,clean,41,41280862,Raw,177.96849497219236,175.28997319836736,219.8911497083344,267.20383222238746
HARVARD,S0171,1,clean,42,41280863,Joint Huber,0.106798261777116,0.0848833768216128,0.2098287035298796,0.1207517271022389
HARVARD,S0171,1,clean,42,41280863,Joint OLS,0.1041478149581529,0.0826729860398699,0.2047564942017743,0.1108104383147111
HARVARD,S0171,1,clean,42,41280863,Offset-only,28.65996183300362,24.64857377684648,49.59509317186424,34.011161461812634
HARVARD,S0171,1,clean,42,41280863,Raw,167.275973385856,164.00486916068866,207.7008297769197,263.0531858845729
HARVARD,S0171,1,clean,43,41280864,Joint Huber,0.1050977698929706,0.0839422593784136,0.20568445933562,0.1130153290749966
HARVARD,S0171,1,clean,43,41280864,Joint OLS,0.1043382251213942,0.0834104831722013,0.2040046476475043,0.1088155915186922
HARVARD,S0171,1,clean,43,41280864,Offset-only,22.244037087385728,19.12796413073268,38.51180006991566,32.24152496305665
HARVARD,S0171,1,clean,43,41280864,Raw,130.9464830021012,128.81640988363105,158.5548653266363,200.2835271215603
HARVARD,S0171,1,clean,44,41280865,Joint Huber,0.1029030004476971,0.0821093613132072,0.2022758980323225,0.1049979558111492
HARVARD,S0171,1,clean,44,41280865,Joint OLS,0.1036490656163659,0.0827414928720709,0.2028112877088262,0.1065966310558464
HARVARD,S0171,1,clean,44,41280865,Offset-only,14.736073706723491,12.674240872558734,25.473500830063852,25.12477460244262
HARVARD,S0171,1,clean,44,41280865,Raw,69.04898513480077,67.07823813616001,89.5523460929077,123.80361524592504
HARVARD,S0171,1,clean,45,41280866,Joint Huber,0.1055610329358072,0.0841210614640942,0.2072343354610595,0.1069443615105872
HARVARD,S0171,1,clean,45,41280866,Joint OLS,0.1055727748215067,0.084175429574303,0.2070491248192141,0.109591479759849
HARVARD,S0171,1,clean,45,41280866,Offset-only,23.638932759174995,20.33062737253149,40.92294792309055,35.85006283810295
HARVARD,S0171,1,clean,45,41280866,Raw,140.0538837278991,137.9858145495388,174.0675415760677,204.787382092119
HARVARD,S0171,1,clean,46,41280867,Joint Huber,0.1024121172725279,0.0816269420374627,0.2013434517692758,0.10498225902226
HARVARD,S0171,1,clean,46,41280867,Joint OLS,0.1024804732613146,0.0816420222571133,0.2008739148425143,0.1052346621354322
HARVARD,S0171,1,clean,46,41280867,Offset-only,18.98427181139501,16.325312929347643,32.87093444111324,35.94389460498768
HARVARD,S0171,1,clean,46,41280867,Raw,183.53251054738388,182.2406594344692,211.1841311167982,226.60333565210243
HARVARD,S0171,1,clean,47,41280868,Joint Huber,0.1033659858698871,0.0826454088013687,0.2035411290622236,0.1059116594785118
HARVARD,S0171,1,clean,47,41280868,Joint OLS,0.1036384935710182,0.0828693623309705,0.204204355496529,0.1061930463473742
HARVARD,S0171,1,clean,47,41280868,Offset-only,21.61129798876632,18.5901328766758,37.3598893547622,38.01743527372295
HARVARD,S0171,1,clean,47,41280868,Raw,196.0016273309165,193.96892428253545,226.95250347377245,229.10787456581997
HARVARD,S0171,1,clean,48,41280869,Joint Huber,0.10228057176497,0.0816361825502652,0.2005393694233248,0.104227320455215
HARVARD,S0171,1,clean,48,41280869,Joint OLS,0.1017201151751391,0.0811910984410105,0.1983423393402406,0.1024293329510606
HARVARD,S0171,1,clean,48,41280869,Offset-only,16.881345037015535,14.52100260348452,29.169983484016093,22.558463130184617
HARVARD,S0171,1,clean,48,41280869,Raw,113.23354446905664,111.32642781141254,137.0764714951564,198.731371679242
HARVARD,S0171,1,clean,49,41280870,Joint Huber,0.1053691955101174,0.0839373988710374,0.2062968271656196,0.1099074566109731
HARVARD,S0171,1,clean,49,41280870,Joint OLS,0.1049977090729184,0.083629396954335,0.2053098255110797,0.1106781603380258
HARVARD,S0171,1,clean,49,41280870,Offset-only,17.065106275111887,14.675494795167566,29.523352943620385,29.11027676696207
HARVARD,S0171,1,clean,49,41280870,Raw,111.57240515369732,109.9570509056214,135.96428239997795,140.46712044754946
HARVARD,S0171,1,nominal,0,41280871,Joint Huber,1.046363112178752,0.8366309950829414,2.045629837968477,1.091084164458408
HARVARD,S0171,1,nominal,0,41280871,Joint OLS,4.572602723095331,4.051484437772227,7.58661134182227,7.757115350402429
HARVARD,S0171,1,nominal,0,41280871,Offset-only,31.83805670124025,27.2204365692305,55.77498842266948,40.81588868294418
HARVARD,S0171,1,nominal,0,41280871,Raw,151.7717250053705,147.87125523961316,194.2679633075869,224.728314465186
HARVARD,S0171,1,nominal,1,41280872,Joint Huber,1.0711165948480128,0.857013924523877,2.0913781129401348,1.1237084394169028
HARVARD,S0171,1,nominal,1,41280872,Joint OLS,2.727412643394731,2.3434765454934845,4.74786036355046,3.47756138373132
HARVARD,S0171,1,nominal,1,41280872,Offset-only,28.64349322933928,24.435218441354063,50.49243246189726,41.97287231913088
HARVARD,S0171,1,nominal,1,41280872,Raw,110.91919068317296,105.7783768351407,148.14864152499484,162.97065590372603
HARVARD,S0171,1,nominal,2,41280873,Joint Huber,1.1002356945411562,0.8786411386601009,2.150662331450093,1.296547537747486
HARVARD,S0171,1,nominal,2,41280873,Joint OLS,3.9919627145975456,3.4840298381948926,6.619650888760775,4.9243474256367
HARVARD,S0171,1,nominal,2,41280873,Offset-only,14.755903982805595,12.615895505155075,26.092106835721207,32.62384189728802
HARVARD,S0171,1,nominal,2,41280873,Raw,121.9913881093646,119.2677788504381,141.41167574937833,211.16165095709803
HARVARD,S0171,1,nominal,3,41280874,Joint Huber,1.090898219288574,0.8709586638448864,2.1344080825830503,1.160211408435271
HARVARD,S0171,1,nominal,3,41280874,Joint OLS,4.525084966588532,3.960817178827409,7.504284017188034,8.062909180256035
HARVARD,S0171,1,nominal,3,41280874,Offset-only,26.48414765006049,22.53048781978944,46.37677584362231,44.13207498899612
HARVARD,S0171,1,nominal,3,41280874,Raw,101.8031557863024,97.82595899378826,136.6711869585751,151.21569429614985
HARVARD,S0171,1,nominal,4,41280875,Joint Huber,1.109185988581983,0.8874129093215885,2.1630816789642187,1.2952099607027945
HARVARD,S0171,1,nominal,4,41280875,Joint OLS,3.358952763288815,2.849567206661487,5.847710397719653,3.557927671946357
HARVARD,S0171,1,nominal,4,41280875,Offset-only,22.94745271472616,19.717092283125616,39.55067579090689,36.93091111001789
HARVARD,S0171,1,nominal,4,41280875,Raw,227.08560943741637,225.9177044092804,260.83929765632377,280.7137730370948
HARVARD,S0171,1,nominal,5,41280876,Joint Huber,1.1041595109246245,0.8819014154681492,2.1631158615270434,1.1607845650731654
HARVARD,S0171,1,nominal,5,41280876,Joint OLS,4.085322877869231,3.549722049006407,6.993742349682908,5.518593057905552
HARVARD,S0171,1,nominal,5,41280876,Offset-only,24.89572183115612,21.47939543272852,41.93453059411347,37.72268056599508
HARVARD,S0171,1,nominal,5,41280876,Raw,114.50124455813436,111.35220875340148,146.50997290086502,183.7850296747008
HARVARD,S0171,1,nominal,6,41280877,Joint Huber,1.041664841928896,0.8305648006903151,2.0426801329903377,1.0714808773630051
HARVARD,S0171,1,nominal,6,41280877,Joint OLS,3.4138470691969256,2.907986381194548,6.0793793885185465,6.785252596549853
HARVARD,S0171,1,nominal,6,41280877,Offset-only,15.319993789504906,13.151860265866953,26.52671605959958,28.69842834271343
HARVARD,S0171,1,nominal,6,41280877,Raw,92.949487829062,90.72272746606124,113.81912310674238,186.2858131600329
HARVARD,S0171,1,nominal,7,41280878,Joint Huber,1.0142647205697264,0.809350176722071,1.976915668664248,1.0385824919476596
HARVARD,S0171,1,nominal,7,41280878,Joint OLS,4.42070991054793,3.7139190100187256,7.792978878486867,5.756839507678196
HARVARD,S0171,1,nominal,7,41280878,Offset-only,19.81741311204189,17.126093568271333,32.7880188328356,32.55897043026127
HARVARD,S0171,1,nominal,7,41280878,Raw,112.62052297008746,110.07808739241972,140.59474843708114,150.40921891632064
HARVARD,S0171,1,nominal,8,41280879,Joint Huber,1.0418513490590011,0.8308590856707053,2.0402207392418603,1.0719550646680782
HARVARD,S0171,1,nominal,8,41280879,Joint OLS,2.764931616365513,2.2912023062446627,5.035591972844245,4.525824260579706
HARVARD,S0171,1,nominal,8,41280879,Offset-only,21.20297819335247,18.27431525710894,35.883924759463255,25.20641390759699
HARVARD,S0171,1,nominal,8,41280879,Raw,141.0028878486455,139.00359757801198,171.49571345553449,225.7636475937841
HARVARD,S0171,1,nominal,9,41280880,Joint Huber,1.095890944360023,0.876131077585262,2.127953241398828,1.2541221341679465
HARVARD,S0171,1,nominal,9,41280880,Joint OLS,3.4355150809359265,2.8899337226758552,6.106292339174503,4.598347433664546
HARVARD,S0171,1,nominal,9,41280880,Offset-only,7.536864912195559,6.454573433996968,13.031876593395708,16.512686396971322
HARVARD,S0171,1,nominal,9,41280880,Raw,86.01887180142532,85.30854754322033,96.75220499617012,182.6505831133528
HARVARD,S0171,1,nominal,10,41280881,Joint Huber,1.0637733999266965,0.8497454690434807,2.07747756963288,1.119530368714883
HARVARD,S0171,1,nominal,10,41280881,Joint OLS,3.7105989111856266,3.3194642647563284,6.050598682712405,6.314901725727328
HARVARD,S0171,1,nominal,10,41280881,Offset-only,16.937234948840874,14.61174852991438,28.522295435355183,35.71775980799872
HARVARD,S0171,1,nominal,10,41280881,Raw,138.53759826670893,136.9721489378548,163.04598451338697,193.7226953335097
HARVARD,S0171,1,nominal,11,41280882,Joint Huber,1.0290642646231,0.8213182370481988,2.012603215645293,1.069256271612739
HARVARD,S0171,1,nominal,11,41280882,Joint OLS,3.7735562192555423,3.266304921904424,6.422579542057427,5.993114652274802
HARVARD,S0171,1,nominal,11,41280882,Offset-only,24.30383141723067,20.561771687351506,44.04263494017533,33.145256381311604
HARVARD,S0171,1,nominal,11,41280882,Raw,93.57260805059067,88.87958481564698,123.68633368840842,194.00894729388145
HARVARD,S0171,1,nominal,12,41280883,Joint Huber,1.0680062236761998,0.8539011516799978,2.086878134401094,1.1076179234272727
HARVARD,S0171,1,nominal,12,41280883,Joint OLS,4.97665893820663,4.10714156527795,9.008015585020834,6.28393843594472
HARVARD,S0171,1,nominal,12,41280883,Offset-only,24.18937431774885,20.72108881620301,42.60641943591287,38.66161721647346
HARVARD,S0171,1,nominal,12,41280883,Raw,113.97382635592211,109.39578110768224,145.58211394643337,201.3890442991052
HARVARD,S0171,1,nominal,13,41280884,Joint Huber,1.1415585475932437,0.914402607955,2.214350853654423,1.26247602470021
HARVARD,S0171,1,nominal,13,41280884,Joint OLS,3.2187490095803137,2.689657531073242,5.854234457035989,4.462515461429788
HARVARD,S0171,1,nominal,13,41280884,Offset-only,26.48835279779873,22.81669797644156,44.824487963796415,38.77434724383005
HARVARD,S0171,1,nominal,13,41280884,Raw,149.2653009950203,145.8406923769994,182.5457785106076,300.23511186984496
HARVARD,S0171,1,nominal,14,41280885,Joint Huber,1.00838228672547,0.8034767803264906,1.970135184918576,1.0222209532192303
HARVARD,S0171,1,nominal,14,41280885,Joint OLS,4.680384444646023,3.9604565059746974,8.193122091372906,5.771995774383186
HARVARD,S0171,1,nominal,14,41280885,Offset-only,11.311664666092865,9.71015087861184,19.52140015679209,29.569018470097184
HARVARD,S0171,1,nominal,14,41280885,Raw,144.01403387233327,142.9067087506057,160.24006472815734,229.52063889516305
HARVARD,S0171,1,nominal,15,41280886,Joint Huber,1.12769151184416,0.9039876599057476,2.199139177959886,1.226234474008025
HARVARD,S0171,1,nominal,15,41280886,Joint OLS,5.465146902732834,4.537228553689639,9.828865123604125,7.717305746873615
HARVARD,S0171,1,nominal,15,41280886,Offset-only,19.648289957825654,16.610035183268955,35.22791346797618,41.94038281490691
HARVARD,S0171,1,nominal,15,41280886,Raw,105.90413083471654,103.72732395857771,131.81105109300404,145.27478266012088
HARVARD,S0171,1,nominal,16,41280887,Joint Huber,1.1154089147222122,0.8914858841106283,2.187597370470052,1.1504457346141603
HARVARD,S0171,1,nominal,16,41280887,Joint OLS,3.487069372202265,2.997097377698825,6.015899690269323,5.121472136489833
HARVARD,S0171,1,nominal,16,41280887,Offset-only,22.26505440240934,19.088948156808154,38.98425325649067,34.81459118259104
HARVARD,S0171,1,nominal,16,41280887,Raw,164.9753938452937,163.44304457541105,197.0345884119146,195.1044423793589
HARVARD,S0171,1,nominal,17,41280888,Joint Huber,1.058596741544923,0.8441243932878837,2.076916332311729,1.150675146283342
HARVARD,S0171,1,nominal,17,41280888,Joint OLS,3.406338592059196,2.853054207073624,6.139415619623279,6.040768982292699
HARVARD,S0171,1,nominal,17,41280888,Offset-only,17.402124897198014,15.015665331513487,28.95472575611509,32.23379780030513
HARVARD,S0171,1,nominal,17,41280888,Raw,169.28984732686206,167.11068508857693,194.0989595035432,281.6730206701444
HARVARD,S0171,1,nominal,18,41280889,Joint Huber,1.1194516993037973,0.8939227652040812,2.187843308143567,1.189005247765132
HARVARD,S0171,1,nominal,18,41280889,Joint OLS,3.597663823105181,2.9727208361559017,6.564721606128733,4.881514506709811
HARVARD,S0171,1,nominal,18,41280889,Offset-only,26.7553193816361,22.725457887136752,47.74016057751256,34.67233366009743
HARVARD,S0171,1,nominal,18,41280889,Raw,106.53654045251712,102.68837617950324,141.79820087227154,145.8748745500934
HARVARD,S0171,1,nominal,19,41280890,Joint Huber,1.1080338560430787,0.8848415965958263,2.16844410419057,1.208562879094956
HARVARD,S0171,1,nominal,19,41280890,Joint OLS,4.002014864936936,3.456193239091699,6.834281039555012,4.773397416853588
HARVARD,S0171,1,nominal,19,41280890,Offset-only,18.88621019731812,16.18172841272044,33.10270557243547,30.463676406970592
HARVARD,S0171,1,nominal,19,41280890,Raw,177.84278037896811,176.6130800296023,205.1639882144948,294.4326309137685
HARVARD,S0171,1,nominal,20,41280891,Joint Huber,1.0482595941055002,0.837664035743397,2.0545230846631903,1.1766804585397792
HARVARD,S0171,1,nominal,20,41280891,Joint OLS,4.09313670347175,3.5133199174580496,7.051454691665527,6.77736348393721
HARVARD,S0171,1,nominal,20,41280891,Offset-only,10.645376550061744,9.09031454107499,18.718948171604755,20.85607551886464
HARVARD,S0171,1,nominal,20,41280891,Raw,132.8527514828062,132.34268318952658,148.3217465854037,157.69858876102862
HARVARD,S0171,1,nominal,21,41280892,Joint Huber,1.014464674461182,0.8093279426990332,1.9884792705127556,1.0308355259656723
HARVARD,S0171,1,nominal,21,41280892,Joint OLS,2.469499731731275,2.053676166617557,4.514924198237136,3.160630694676907
HARVARD,S0171,1,nominal,21,41280892,Offset-only,26.95006747358476,23.17380624761754,46.40149991670547,39.482845648935935
HARVARD,S0171,1,nominal,21,41280892,Raw,66.6715827477129,60.99850868277892,102.07928973536228,112.62832785527058
HARVARD,S0171,1,nominal,22,41280893,Joint Huber,1.066979390391189,0.8536078487168726,2.0828259360323287,1.1050800075571523
HARVARD,S0171,1,nominal,22,41280893,Joint OLS,3.825806845345844,3.169892830138367,6.994693202800217,5.3322719883965295
HARVARD,S0171,1,nominal,22,41280893,Offset-only,22.279223535970694,19.12032869790385,38.48367556453187,32.5589455079222
HARVARD,S0171,1,nominal,22,41280893,Raw,115.47736835196592,113.15132647401114,142.39172800216824,147.53141433536945
HARVARD,S0171,1,nominal,23,41280894,Joint Huber,1.050715860634813,0.8408628407985091,2.052709516108209,1.2097995869613898
HARVARD,S0171,1,nominal,23,41280894,Joint OLS,2.827194900497708,2.4377076365436974,4.87882312395126,3.6901013754534415
HARVARD,S0171,1,nominal,23,41280894,Offset-only,26.2133501757776,22.501850643612592,45.35256580382737,35.4940622987123
HARVARD,S0171,1,nominal,23,41280894,Raw,96.31441827720472,92.34598666950993,128.41667997928516,151.91947456539887
HARVARD,S0171,1,nominal,24,41280895,Joint Huber,1.081916217011833,0.8644616739788842,2.1289588736621567,1.172600576286562
HARVARD,S0171,1,nominal,24,41280895,Joint OLS,3.655726846941321,3.286879381156468,5.964071342677358,4.841466024561036
HARVARD,S0171,1,nominal,24,41280895,Offset-only,13.047779259701272,11.210711496578476,22.50879086054676,26.983527143074664
HARVARD,S0171,1,nominal,24,41280895,Raw,161.69694247138943,160.48151658973694,180.31055643564056,210.75872405800695
HARVARD,S0171,1,nominal,25,41280896,Joint Huber,1.066233899226103,0.8511808304287614,2.0745040214739774,1.1168543939194542
HARVARD,S0171,1,nominal,25,41280896,Joint OLS,3.2238320333707824,2.6912502715256226,5.8985791421892095,3.787186294628148
HARVARD,S0171,1,nominal,25,41280896,Offset-only,6.211823613360158,5.324043890323797,10.54449393310719,12.066388367806963
HARVARD,S0171,1,nominal,25,41280896,Raw,91.9148863903977,91.6406113797057,101.27844275474985,121.5427297734535
HARVARD,S0171,1,nominal,26,41280897,Joint Huber,1.15925718379052,0.9353536602281076,2.2198155356939258,1.4472634030627711
HARVARD,S0171,1,nominal,26,41280897,Joint OLS,4.76630932954471,4.011210116690543,8.350508244298533,6.805340262433319
HARVARD,S0171,1,nominal,26,41280897,Offset-only,23.831034267174736,20.42026653182519,41.64487447086769,33.96835919160206
HARVARD,S0171,1,nominal,26,41280897,Raw,129.90068821729423,125.42079420131888,161.22919842622227,197.19498067919088
HARVARD,S0171,1,nominal,27,41280898,Joint Huber,1.053179424114651,0.839929599635044,2.07494221914244,1.1007868338469748
HARVARD,S0171,1,nominal,27,41280898,Joint OLS,5.67067043521203,4.667181542456135,10.449183445759314,7.905092306309607
HARVARD,S0171,1,nominal,27,41280898,Offset-only,15.297023353143196,13.083624637312433,26.787027664652843,24.1687713061914
HARVARD,S0171,1,nominal,27,41280898,Raw,90.6077184262911,88.59096646246225,107.04696235634091,262.3588658374102
HARVARD,S0171,1,nominal,28,41280899,Joint Huber,1.061282913597818,0.8471868194775455,2.078608025456852,1.1355270809981666
HARVARD,S0171,1,nominal,28,41280899,Joint OLS,4.486472577776199,3.9672067487564178,7.437515223383012,5.878675980657554
HARVARD,S0171,1,nominal,28,41280899,Offset-only,18.1586396051873,15.616447369482463,31.163839216037204,36.267717740619744
HARVARD,S0171,1,nominal,28,41280899,Raw,131.89130702534374,129.10568018920983,156.93822929900182,199.69810375045307
HARVARD,S0171,1,nominal,29,41280900,Joint Huber,1.055045702568686,0.8446784971778007,2.0554296713608977,1.1103973332066877
HARVARD,S0171,1,nominal,29,41280900,Joint OLS,3.903852806653606,3.25344349428936,7.192076466067743,4.770736460793629
HARVARD,S0171,1,nominal,29,41280900,Offset-only,21.62535921453792,18.336680278321275,38.77995838470176,37.765655550430495
HARVARD,S0171,1,nominal,29,41280900,Raw,135.9668748779383,133.4828839297645,162.788232500381,266.41667133927405
HARVARD,S0171,1,nominal,30,41280901,Joint Huber,1.055367085201142,0.8425228149727677,2.0672074608242497,1.15906793757001
HARVARD,S0171,1,nominal,30,41280901,Joint OLS,4.136410937326541,3.4722332436794643,7.273735507288137,5.48528753176575
HARVARD,S0171,1,nominal,30,41280901,Offset-only,12.439151770693774,10.667078060277692,21.45580060616381,18.43816189995702
HARVARD,S0171,1,nominal,30,41280901,Raw,156.17812337397925,155.61899317259247,174.44701717795343,197.96860989279503
HARVARD,S0171,1,nominal,31,41280902,Joint Huber,1.023823383987486,0.8171241503859318,1.9966432232678248,1.0427861521044122
HARVARD,S0171,1,nominal,31,41280902,Joint OLS,4.200334034095599,3.491621310241245,7.637224435271506,5.744980600738059
HARVARD,S0171,1,nominal,31,41280902,Offset-only,21.04425472530792,18.15896875409047,35.27449767174853,36.195568366877
HARVARD,S0171,1,nominal,31,41280902,Raw,144.4407790344435,142.82075841062732,175.32498524958058,238.10546038698703
HARVARD,S0171,1,nominal,32,41280903,Joint Huber,1.1069165239531302,0.8895502420687522,2.1447181278729133,1.344812976692774
HARVARD,S0171,1,nominal,32,41280903,Joint OLS,4.973257757283854,4.093326655877765,9.043521576202252,6.520788392404302
HARVARD,S0171,1,nominal,32,41280903,Offset-only,11.937663075388116,10.231682224207692,20.403755675523197,27.028336754317028
HARVARD,S0171,1,nominal,32,41280903,Raw,191.81724497569735,191.3756051270049,209.38227205500849,295.3348644744485
HARVARD,S0171,1,nominal,33,41280904,Joint Huber,1.0628343468535115,0.851629185325929,2.0758759794793145,1.1107263167715888
HARVARD,S0171,1,nominal,33,41280904,Joint OLS,3.3740845478014485,2.8218702365118573,6.161963688603578,4.460758497248716
HARVARD,S0171,1,nominal,33,41280904,Offset-only,33.13714684360156,28.53863287687,56.36402246239874,38.80947446034281
HARVARD,S0171,1,nominal,33,41280904,Raw,88.61859926870798,83.30890553813202,130.03151017077732,128.94965717292183
HARVARD,S0171,1,nominal,34,41280905,Joint Huber,1.0722404914435328,0.8570079125465705,2.1011668696808927,1.0912174069472405
HARVARD,S0171,1,nominal,34,41280905,Joint OLS,3.943219467073594,3.242236157586361,7.246951903767877,4.798679517680617
HARVARD,S0171,1,nominal,34,41280905,Offset-only,24.491386480024183,21.08653411005077,41.821601602188494,36.984052161067474
HARVARD,S0171,1,nominal,34,41280905,Raw,154.4181449598886,151.27698172599256,187.09725794641517,288.7778436767958
HARVARD,S0171,1,nominal,35,41280906,Joint Huber,1.1068244175882898,0.883844464853321,2.1902540835726296,1.150926277926808
HARVARD,S0171,1,nominal,35,41280906,Joint OLS,3.616910280922747,3.097017950265787,6.332857052864405,5.961579787536315
HARVARD,S0171,1,nominal,35,41280906,Offset-only,19.57555082251321,16.82424929423475,33.664753287450736,37.57505797155317
HARVARD,S0171,1,nominal,35,41280906,Raw,139.24664088457828,137.04671014243,166.8476251252187,179.3872951540371
HARVARD,S0171,1,nominal,36,41280907,Joint Huber,1.0601840191911616,0.8456315784042616,2.0744593276276646,1.1098710045848703
HARVARD,S0171,1,nominal,36,41280907,Joint OLS,4.340388160189043,3.7041547803837154,7.633990988023776,7.978063515148602
HARVARD,S0171,1,nominal,36,41280907,Offset-only,23.63754928651265,20.35443078065031,40.42726195866653,31.48737681447569
HARVARD,S0171,1,nominal,36,41280907,Raw,147.50943946709222,145.17483979994608,177.47720498577337,279.0931559045591
HARVARD,S0171,1,nominal,37,41280908,Joint Huber,1.072498706935293,0.8567226099930333,2.0809874005778277,1.1411701074761391
HARVARD,S0171,1,nominal,37,41280908,Joint OLS,5.94393228389001,4.874206759675091,10.974264215209883,8.666210559914711
HARVARD,S0171,1,nominal,37,41280908,Offset-only,20.660434353453567,17.693775186994642,35.99982192219909,35.71304311882967
HARVARD,S0171,1,nominal,37,41280908,Raw,157.1136488755284,155.67904341140735,186.8622014743414,276.64683186557835
HARVARD,S0171,1,nominal,38,41280909,Joint Huber,1.0104566428368016,0.8069697666745979,1.9903804361177893,1.0297796502326138
HARVARD,S0171,1,nominal,38,41280909,Joint OLS,3.844407001328302,3.25375647543743,6.798463060359695,5.482301929540723
HARVARD,S0171,1,nominal,38,41280909,Offset-only,20.921745770355347,18.034646582743985,35.30279968701624,30.6531406156329
HARVARD,S0171,1,nominal,38,41280909,Raw,160.70588134932467,158.3849186534881,189.8638177624944,296.46255601189773
HARVARD,S0171,1,nominal,39,41280910,Joint Huber,1.024518494214584,0.8190850898969695,2.01542315629304,1.068577245022441
HARVARD,S0171,1,nominal,39,41280910,Joint OLS,3.809793627211589,3.2393577729586878,6.682956994903757,6.095964789179972
HARVARD,S0171,1,nominal,39,41280910,Offset-only,21.586625214647697,18.466862718359863,37.8806616620878,40.626395425725455
HARVARD,S0171,1,nominal,39,41280910,Raw,189.86463374739608,187.964862713757,220.3781020378134,241.61532870477845
HARVARD,S0171,1,nominal,40,41280911,Joint Huber,1.0491419741991992,0.8382087163787746,2.053849669239228,1.0830504523190556
HARVARD,S0171,1,nominal,40,41280911,Joint OLS,2.782587571772062,2.3736314278512167,4.9250724444793725,3.310519878766573
HARVARD,S0171,1,nominal,40,41280911,Offset-only,29.202126786748444,25.130151413272777,49.80407497971831,38.627332424980665
HARVARD,S0171,1,nominal,40,41280911,Raw,117.62708085768077,113.7800525350453,158.38352522796325,149.57062574214382
HARVARD,S0171,1,nominal,41,41280912,Joint Huber,1.026893039834902,0.8209547894294004,1.9899262460013392,1.0516124533052753
HARVARD,S0171,1,nominal,41,41280912,Joint OLS,5.156629051374306,4.343259736352084,9.099116838021006,6.285560239517799
HARVARD,S0171,1,nominal,41,41280912,Offset-only,19.826503632835657,16.97574188331745,34.713639131314935,30.495473324295546
HARVARD,S0171,1,nominal,41,41280912,Raw,203.82598205834168,202.6665351152271,232.4866649412769,270.9936380205987
HARVARD,S0171,1,nominal,42,41280913,Joint Huber,1.0463456847727557,0.8365399137349281,2.052031818229949,1.1292777370947014
HARVARD,S0171,1,nominal,42,41280913,Joint OLS,3.65551561862098,3.0185636493733083,6.738503087909731,4.502378001063176
HARVARD,S0171,1,nominal,42,41280913,Offset-only,16.163426274612725,13.80513331700321,28.357489365129677,24.43670289895422
HARVARD,S0171,1,nominal,42,41280913,Raw,158.991511768527,157.78178488865603,177.53553126089025,212.00166062675984
HARVARD,S0171,1,nominal,43,41280914,Joint Huber,1.0944452252741,0.876148727165807,2.1333308371705333,1.2182864992551818
HARVARD,S0171,1,nominal,43,41280914,Joint OLS,5.17862883689448,4.36537002707983,9.337019562093475,5.916057807287641
HARVARD,S0171,1,nominal,43,41280914,Offset-only,13.72315870768448,11.739161659448165,24.14303943153078,31.753855357284998
HARVARD,S0171,1,nominal,43,41280914,Raw,116.55191748658892,115.13789521554013,135.83825762222446,188.84474216327035
HARVARD,S0171,1,nominal,44,41280915,Joint Huber,1.0780478674792666,0.8616772805762374,2.10049686492475,1.2190755592336502
HARVARD,S0171,1,nominal,44,41280915,Joint OLS,4.754912863948967,3.99663192475576,8.44234472805634,7.11340267014739
HARVARD,S0171,1,nominal,44,41280915,Offset-only,26.79863808279613,23.105600177694107,45.4471703789829,33.31568682522188
HARVARD,S0171,1,nominal,44,41280915,Raw,139.4600431484768,135.95986190204974,177.1930811584975,272.4479821699362
HARVARD,S0171,1,nominal,45,41280916,Joint Huber,1.108334248686036,0.8847387654072986,2.173057445808358,1.2854552676250757
HARVARD,S0171,1,nominal,45,41280916,Joint OLS,3.161384608840658,2.7075838157146666,5.5037823656168605,5.11764981569397
HARVARD,S0171,1,nominal,45,41280916,Offset-only,16.494106141602945,14.218883114019038,27.817550599842548,22.908780999613413
HARVARD,S0171,1,nominal,45,41280916,Raw,170.71235278555423,169.80064380356757,195.11247033158136,213.0135036332548
HARVARD,S0171,1,nominal,46,41280917,Joint Huber,1.0350932282369285,0.8253323055868684,2.0390089881768603,1.0767574418224573
HARVARD,S0171,1,nominal,46,41280917,Joint OLS,5.201717618698382,4.345588637642348,9.076637088224704,7.441601271179339
HARVARD,S0171,1,nominal,46,41280917,Offset-only,18.12693452267553,15.51103830948137,31.96166594726714,34.26740895128954
HARVARD,S0171,1,nominal,46,41280917,Raw,99.86732644114988,97.63219328907782,125.00800183900198,120.73277769582546
HARVARD,S0171,1,nominal,47,41280918,Joint Huber,1.0467634536500183,0.8339775520590194,2.044390347224834,1.0705554844385134
HARVARD,S0171,1,nominal,47,41280918,Joint OLS,4.425465057872459,3.859963726259068,7.526480482916309,6.4169853917945945
HARVARD,S0171,1,nominal,47,41280918,Offset-only,14.436104958625036,12.4245675236491,24.65438375275175,19.99955988958219
HARVARD,S0171,1,nominal,47,41280918,Raw,110.05540211372168,108.32455235223226,129.0843699017287,218.98636364917564
HARVARD,S0171,1,nominal,48,41280919,Joint Huber,1.1459610032860306,0.9194636735050926,2.2247862234321407,1.3518114505672687
HARVARD,S0171,1,nominal,48,41280919,Joint OLS,4.863394059040921,4.052820583454179,8.734505334181698,7.886681816187274
HARVARD,S0171,1,nominal,48,41280919,Offset-only,21.50947625684884,18.235722654769848,38.48393702144834,38.98162527654156
HARVARD,S0171,1,nominal,48,41280919,Raw,106.22298761273376,101.85212184034508,132.44317722658198,227.9662631703634
HARVARD,S0171,1,nominal,49,41280920,Joint Huber,1.082395193206164,0.8661543441793798,2.1029954666026645,1.1795599133830206
HARVARD,S0171,1,nominal,49,41280920,Joint OLS,4.509885562636587,3.8277340757164735,7.799168372044552,5.504727812785689
HARVARD,S0171,1,nominal,49,41280920,Offset-only,24.4607349043337,20.84281855320778,42.6625424328865,26.75185904513516
HARVARD,S0171,1,nominal,49,41280920,Raw,147.0031613404653,144.5317502197266,180.50761040096413,237.07687625644107
HARVARD,S0171,1,stress,0,41280921,Joint Huber,8.022088514189178,6.542288370454862,15.277587170365695,8.596037983989042
HARVARD,S0171,1,stress,0,41280921,Joint OLS,30.2715847716455,25.135911652825246,54.398884556091744,31.90867867092148
HARVARD,S0171,1,stress,0,41280921,Offset-only,55.36917571950311,46.80664305145692,99.00738907902112,117.03299622000476
HARVARD,S0171,1,stress,0,41280921,Raw,406.171522732532,402.28517089616906,481.560247215374,578.2923789723029
HARVARD,S0171,1,stress,1,41280922,Joint Huber,6.008858566257475,4.849999726829924,11.539560553621264,8.360747861448255
HARVARD,S0171,1,stress,1,41280922,Joint OLS,12.691438371887788,11.089901021602516,21.4448268782145,19.490242413063434
HARVARD,S0171,1,stress,1,41280922,Offset-only,94.4152448936234,80.75052400468067,164.6559986853491,192.55999149549564
HARVARD,S0171,1,stress,1,41280922,Raw,520.9811805566917,511.1169598198604,652.5219673616505,646.1118414253647
HARVARD,S0171,1,stress,2,41280923,Joint Huber,5.388588768832909,4.304814271824384,10.572598310831172,5.674951680402162
HARVARD,S0171,1,stress,2,41280923,Joint OLS,12.927827776014476,11.558214891856233,21.3346936129066,16.676583551411632
HARVARD,S0171,1,stress,2,41280923,Offset-only,78.99355973713094,68.00007180565304,133.40068604384197,185.74213798746467
HARVARD,S0171,1,stress,2,41280923,Raw,485.8868226480104,477.60859703046685,599.4178126595813,708.5277918154267
HARVARD,S0171,1,stress,3,41280924,Joint Huber,5.749770048506454,4.595934276189044,11.235857052117028,6.090451337617544
HARVARD,S0171,1,stress,3,41280924,Joint OLS,14.016081533353324,11.705917434989637,25.19988663740876,21.474812065347788
HARVARD,S0171,1,stress,3,41280924,Offset-only,118.77865924720132,101.6281563538268,205.15026612490567,178.26465612622414
HARVARD,S0171,1,stress,3,41280924,Raw,284.0208963000289,259.1245534650238,436.3329839393259,509.46988909301285
HARVARD,S0171,1,stress,4,41280925,Joint Huber,5.538883298993564,4.432353812349257,10.815672074434437,6.5153388604248645
HARVARD,S0171,1,stress,4,41280925,Joint OLS,12.728777305572676,11.140146192707489,21.71463754236047,20.997246913546093
HARVARD,S0171,1,stress,4,41280925,Offset-only,146.62026562521766,126.43735157211825,248.3101735626504,186.74774507559
HARVARD,S0171,1,stress,4,41280925,Raw,193.59829309211352,164.4436815030392,334.82380634304167,347.07769018306163
HARVARD,S0171,1,stress,5,41280926,Joint Huber,5.35719412822975,4.2729128631190205,10.600006929645469,5.770118008324677
HARVARD,S0171,1,stress,5,41280926,Joint OLS,14.152774069766512,12.593496628872412,23.49769524063703,17.09286232295065
HARVARD,S0171,1,stress,5,41280926,Offset-only,117.93812429913037,99.9753170035814,209.3598312802281,159.63275031389793
HARVARD,S0171,1,stress,5,41280926,Raw,397.5380670562066,378.0831622952877,545.1763916050404,646.8752465025277
HARVARD,S0171,1,stress,6,41280927,Joint Huber,5.751363568237838,4.61445621079546,11.204048233816446,6.835595726340869
HARVARD,S0171,1,stress,6,41280927,Joint OLS,18.59844635801805,15.567888787586613,34.096986234289695,32.72677367405643
HARVARD,S0171,1,stress,6,41280927,Offset-only,55.398472821478144,47.44074535682989,94.10058797934072,115.76328895960798
HARVARD,S0171,1,stress,6,41280927,Raw,226.36759377163105,215.74666319756687,299.07312351081714,395.7375902242832
HARVARD,S0171,1,stress,7,41280928,Joint Huber,5.368481565665502,4.28393510564316,10.549981026198376,5.90147948935825
HARVARD,S0171,1,stress,7,41280928,Joint OLS,13.703155267862051,11.342095575684487,25.03539225427573,17.58867325999258
HARVARD,S0171,1,stress,7,41280928,Offset-only,109.25204402340944,92.95722991079992,195.7208249584092,147.1045599042987
HARVARD,S0171,1,stress,7,41280928,Raw,281.5216363421587,264.621586934533,395.1793047472945,576.9855849389137
HARVARD,S0171,1,stress,8,41280929,Joint Huber,6.058464909761743,4.875319410388208,11.847980348781563,8.32619561947574
HARVARD,S0171,1,stress,8,41280929,Joint OLS,14.459923674289351,12.108617132198049,25.77397569748463,22.5831595192498
HARVARD,S0171,1,stress,8,41280929,Offset-only,90.71201905129014,77.72588032100919,158.69981258500223,187.53821615172947
HARVARD,S0171,1,stress,8,41280929,Raw,192.26052778348333,171.31139910166644,290.1530066743063,298.1558000865731
HARVARD,S0171,1,stress,9,41280930,Joint Huber,6.084164475699692,4.879178516837076,11.92345478929724,6.6837895282049296
HARVARD,S0171,1,stress,9,41280930,Joint OLS,10.810639017189178,8.915960482338757,19.799750773768388,17.95581944590297
HARVARD,S0171,1,stress,9,41280930,Offset-only,114.3826272466644,98.21722692641777,196.48831251117463,166.8094074622541
HARVARD,S0171,1,stress,9,41280930,Raw,392.7477179523597,372.4377299036631,546.110258723877,450.2148857985532
HARVARD,S0171,1,stress,10,41280931,Joint Huber,6.827180216813511,5.540288893355868,13.108097976284853,9.790036896534422
HARVARD,S0171,1,stress,10,41280931,Joint OLS,20.321657921153424,17.138598158504283,36.55282961149881,27.563997201491915
HARVARD,S0171,1,stress,10,41280931,Offset-only,122.02527245573496,105.39050942707868,203.67109526628656,153.38688533587535
HARVARD,S0171,1,stress,10,41280931,Raw,310.1245275454972,286.00430732386354,461.5562648847606,608.7157474602154
HARVARD,S0171,1,stress,11,41280932,Joint Huber,5.931462187158103,4.757212972056409,11.55655128287556,7.277562695352346
HARVARD,S0171,1,stress,11,41280932,Joint OLS,12.426992806404192,10.314774405665894,22.834111971273785,15.086995410626766
HARVARD,S0171,1,stress,11,41280932,Offset-only,49.07534805730502,42.08245279435879,84.47158120485919,89.71734244453792
HARVARD,S0171,1,stress,11,41280932,Raw,253.7050631048261,247.52173722523128,322.0643092254319,321.92204823298573
HARVARD,S0171,1,stress,12,41280933,Joint Huber,5.698121752864764,4.559677081350513,11.127693746320324,6.169177708987895
HARVARD,S0171,1,stress,12,41280933,Joint OLS,8.978303443436612,7.5303645545498785,16.516764964177888,11.71353712950222
HARVARD,S0171,1,stress,12,41280933,Offset-only,92.99940761820258,79.73715359031941,160.53270223205143,168.51317676434098
HARVARD,S0171,1,stress,12,41280933,Raw,256.72193674806044,243.7233633605471,366.76664011440425,630.1208067290048
HARVARD,S0171,1,stress,13,41280934,Joint Huber,5.5015649156325175,4.396551515343024,10.786051159969825,5.600333614833239
HARVARD,S0171,1,stress,13,41280934,Joint OLS,13.793584512726724,11.829346092947093,23.89359783812739,24.422264607193693
HARVARD,S0171,1,stress,13,41280934,Offset-only,87.99487892803486,75.6614846428757,149.8367910713809,168.8426475041989
HARVARD,S0171,1,stress,13,41280934,Raw,396.8401816054524,387.21357248817054,497.3329617997996,672.8633824738314
HARVARD,S0171,1,stress,14,41280935,Joint Huber,5.781488081461952,4.62232899480284,11.302990844361904,6.407525072880053
HARVARD,S0171,1,stress,14,41280935,Joint OLS,12.787762804576465,10.60057626302542,23.659246241918915,17.480751521159387
HARVARD,S0171,1,stress,14,41280935,Offset-only,125.4241320055217,106.7194897774366,224.28172874666487,165.90826355163426
HARVARD,S0171,1,stress,14,41280935,Raw,363.9404329127343,348.2736843172562,507.1311339453828,541.6813113285214
HARVARD,S0171,1,stress,15,41280936,Joint Huber,5.538004212650661,4.450203474042463,10.801379041370218,6.138128035782596
HARVARD,S0171,1,stress,15,41280936,Joint OLS,20.111110484076928,16.943776478205812,35.95380720238265,35.22890331988194
HARVARD,S0171,1,stress,15,41280936,Offset-only,99.123745545149,85.62354353147676,165.09548225718655,150.9927934843081
HARVARD,S0171,1,stress,15,41280936,Raw,236.12805301207453,215.05983854755675,357.3916480976237,411.8853593649622
HARVARD,S0171,1,stress,16,41280937,Joint Huber,5.519995163389819,4.434448068408491,10.75686583069844,5.927550853945121
HARVARD,S0171,1,stress,16,41280937,Joint OLS,20.41087048669005,17.59384121844496,34.56912150279232,29.4262135641934
HARVARD,S0171,1,stress,16,41280937,Offset-only,123.74826591596438,105.49105223461606,217.00834116051809,186.54013539846568
HARVARD,S0171,1,stress,16,41280937,Raw,290.30664962261136,268.92841634819314,425.8835456797584,651.6131659036988
HARVARD,S0171,1,stress,17,41280938,Joint Huber,5.3496071463737564,4.263120985332914,10.434357406293952,5.579452118835971
HARVARD,S0171,1,stress,17,41280938,Joint OLS,17.397338530636723,15.59369474434324,28.042128080360666,19.703825881323716
HARVARD,S0171,1,stress,17,41280938,Offset-only,132.83908433227006,112.9268382163934,231.28418035132665,177.9576280819066
HARVARD,S0171,1,stress,17,41280938,Raw,328.6611449253376,310.57363365802155,467.79729815977305,489.9132776046544
HARVARD,S0171,1,stress,18,41280939,Joint Huber,5.890212266515766,4.723328140140204,11.532305424899826,6.57572275465913
HARVARD,S0171,1,stress,18,41280939,Joint OLS,13.663441967296604,11.501317570837257,24.27003040877738,24.20254958767896
HARVARD,S0171,1,stress,18,41280939,Offset-only,113.41604237643134,97.96769339370248,188.17361081338788,176.75450798799204
HARVARD,S0171,1,stress,18,41280939,Raw,349.33535685061,329.54941722987166,490.7434219547582,682.5697481732158
HARVARD,S0171,1,stress,19,41280940,Joint Huber,5.902957789081141,4.730675001182381,11.536411308030385,6.61424506135212
HARVARD,S0171,1,stress,19,41280940,Joint OLS,14.833715881451369,12.915568215519048,25.22526911609333,20.91232152439269
HARVARD,S0171,1,stress,19,41280940,Offset-only,97.18681217490308,81.81121919264655,176.57463433390055,129.32709715210126
HARVARD,S0171,1,stress,19,41280940,Raw,344.6888379625465,328.188333973231,462.7048580839015,650.960288330332
HARVARD,S0171,1,stress,20,41280941,Joint Huber,5.721720961014436,4.5828958055176,11.125413833177069,6.394814251097632
HARVARD,S0171,1,stress,20,41280941,Joint OLS,13.84589121697521,11.793601628047297,24.286306022210937,22.43801062864599
HARVARD,S0171,1,stress,20,41280941,Offset-only,144.09147661976553,124.12523791982868,245.12186261630967,153.94454486283078
HARVARD,S0171,1,stress,20,41280941,Raw,316.23438056990113,286.14213794973614,494.8649619507829,441.6856369237794
HARVARD,S0171,1,stress,21,41280942,Joint Huber,5.12320415178583,4.092627740883152,10.071283515357267,5.23413886515468
HARVARD,S0171,1,stress,21,41280942,Joint OLS,10.324437927681467,8.498472112190058,19.24422253196291,15.51797042590986
HARVARD,S0171,1,stress,21,41280942,Offset-only,88.68128224430419,76.5255035843091,148.82291952412942,181.12689147976283
HARVARD,S0171,1,stress,21,41280942,Raw,365.73211263071966,354.0247786697304,490.8011135070238,575.0395872200125
HARVARD,S0171,1,stress,22,41280943,Joint Huber,6.045371759707996,4.875348399981494,11.654149581731591,7.421179017979066
HARVARD,S0171,1,stress,22,41280943,Joint OLS,21.03454779150553,17.35246883374691,37.790363599638525,30.589876498581077
HARVARD,S0171,1,stress,22,41280943,Offset-only,101.78922980176142,87.41035643449052,176.04978432713045,137.93902895521734
HARVARD,S0171,1,stress,22,41280943,Raw,386.54370867947375,373.18148724435554,515.7727375828301,530.2215740398531
HARVARD,S0171,1,stress,23,41280944,Joint Huber,5.1364167124586615,4.097583273200007,10.104527874646154,5.407920077985067
HARVARD,S0171,1,stress,23,41280944,Joint OLS,11.376102652098789,9.9492366295304,19.42485448869604,15.873894854187784
HARVARD,S0171,1,stress,23,41280944,Offset-only,135.477841355417,114.0744376620416,246.58238365681484,200.09006572861355
HARVARD,S0171,1,stress,23,41280944,Raw,370.6631929552461,344.0721157992949,533.9721378421041,787.5054261170405
HARVARD,S0171,1,stress,24,41280945,Joint Huber,5.347315206707498,4.265736193143557,10.480812871788284,5.880905830631397
HARVARD,S0171,1,stress,24,41280945,Joint OLS,13.479193901164836,12.244993662615885,21.47618759216545,19.48647583184076
HARVARD,S0171,1,stress,24,41280945,Offset-only,84.3026139992046,70.51115291702583,154.07167346209064,142.06554213756078
HARVARD,S0171,1,stress,24,41280945,Raw,300.34130764150024,288.6316782056309,404.3933802620628,405.806346865183
HARVARD,S0171,1,stress,25,41280946,Joint Huber,5.346961717176992,4.269083784889392,10.474452887947908,5.733914271117
HARVARD,S0171,1,stress,25,41280946,Joint OLS,10.867331919953768,9.197995669393006,19.41735400701572,14.302759738986657
HARVARD,S0171,1,stress,25,41280946,Offset-only,95.31428504327988,81.74833583018193,164.1952322668643,188.22483151184
HARVARD,S0171,1,stress,25,41280946,Raw,478.7376376060471,463.3367215337426,608.4534831012862,753.5484292963537
HARVARD,S0171,1,stress,26,41280947,Joint Huber,5.3141450523254345,4.24423447619002,10.444646094785927,5.418090514732191
HARVARD,S0171,1,stress,26,41280947,Joint OLS,11.48147295376894,9.926567203231016,20.179061591404547,15.152068923715053
HARVARD,S0171,1,stress,26,41280947,Offset-only,73.85332796482366,62.32982548329656,133.46351330951657,157.39134152744202
HARVARD,S0171,1,stress,26,41280947,Raw,292.1431954210634,284.5233106420724,370.2117386094571,735.8143956929733
HARVARD,S0171,1,stress,27,41280948,Joint Huber,5.484365342942576,4.37599249978285,10.7427542487641,6.057594729305279
HARVARD,S0171,1,stress,27,41280948,Joint OLS,15.629443473655972,12.944206518849825,28.364408079047543,23.653641731988746
HARVARD,S0171,1,stress,27,41280948,Offset-only,48.251692128909454,41.372929384001736,83.19756774976588,115.20307143779712
HARVARD,S0171,1,stress,27,41280948,Raw,348.908622774389,341.5815842395055,415.841144090156,388.7144624297181
HARVARD,S0171,1,stress,28,41280949,Joint Huber,5.416912158455798,4.328239523969235,10.514515751937738,6.152539467318172
HARVARD,S0171,1,stress,28,41280949,Joint OLS,14.70738730102602,12.685651084219511,25.633191768186016,25.280423277807035
HARVARD,S0171,1,stress,28,41280949,Offset-only,78.67510964372353,66.57221885867779,138.2408427898931,141.53002498912963
HARVARD,S0171,1,stress,28,41280949,Raw,197.76493623403093,189.03391780059323,262.96958369659603,346.8619974386248
HARVARD,S0171,1,stress,29,41280950,Joint Huber,5.729779760184169,4.585417623286558,11.216472719076268,7.188237985868784
HARVARD,S0171,1,stress,29,41280950,Joint OLS,16.378735484256413,13.43105174262639,30.50448096615055,36.81364076794207
HARVARD,S0171,1,stress,29,41280950,Offset-only,61.83964093536216,53.1357324817452,105.79452847903168,94.93950280300288
HARVARD,S0171,1,stress,29,41280950,Raw,393.3679413198148,387.006975670767,481.3740480910348,569.4323653932704
HARVARD,S0171,1,stress,30,41280951,Joint Huber,5.681335120212616,4.543411158601281,11.108745383667442,6.456355543923606
HARVARD,S0171,1,stress,30,41280951,Joint OLS,11.4936321007617,9.550294317321974,21.029463541437732,13.958212360490627
HARVARD,S0171,1,stress,30,41280951,Offset-only,91.37194445917125,78.96425616814969,151.8753892840376,109.24314018778846
HARVARD,S0171,1,stress,30,41280951,Raw,313.7933479494869,298.67768240157613,437.1749360898903,442.4507086327666
HARVARD,S0171,1,stress,31,41280952,Joint Huber,5.8572374477529685,4.682469095316996,11.4835023030615,6.758042162236909
HARVARD,S0171,1,stress,31,41280952,Joint OLS,9.742119387931533,7.930947170597758,18.41220693964143,12.629664472152848
HARVARD,S0171,1,stress,31,41280952,Offset-only,48.90760207166356,41.78449055216143,84.56296708482354,77.42229629937349
HARVARD,S0171,1,stress,31,41280952,Raw,131.5123578820832,124.76764915020146,187.2358812715825,234.4124995657368
HARVARD,S0171,1,stress,32,41280953,Joint Huber,5.3294758483260205,4.254564554632049,10.455902861076362,5.957395192687493
HARVARD,S0171,1,stress,32,41280953,Joint OLS,11.202021251127064,9.147632493912845,21.196357970071137,15.095711516647617
HARVARD,S0171,1,stress,32,41280953,Offset-only,107.59313252685108,91.95518165936686,186.49913801944084,134.52469241673256
HARVARD,S0171,1,stress,32,41280953,Raw,283.22460579433744,263.64653903119614,416.79624014209935,506.0370139677318
HARVARD,S0171,1,stress,33,41280954,Joint Huber,6.124724616357339,4.904915440857676,11.98631911788395,7.154392129913263
HARVARD,S0171,1,stress,33,41280954,Joint OLS,19.45595503123532,16.264681682620857,34.44536477708252,22.808102517393124
HARVARD,S0171,1,stress,33,41280954,Offset-only,89.72935286438646,76.36402084053753,158.61515900648646,152.24661404418512
HARVARD,S0171,1,stress,33,41280954,Raw,330.30268570250576,313.79685619191173,443.3375558206506,486.7580382630397
HARVARD,S0171,1,stress,34,41280955,Joint Huber,6.462539123748427,5.18936443839028,12.58322455727452,9.159638346339664
HARVARD,S0171,1,stress,34,41280955,Joint OLS,19.07837344597135,15.903774717799353,34.52530138996708,27.942049742262093
HARVARD,S0171,1,stress,34,41280955,Offset-only,86.36073971552628,73.59427189060173,151.66306602966247,131.90701026310884
HARVARD,S0171,1,stress,34,41280955,Raw,201.00841258275895,182.33162455212752,308.2032122224507,330.384210226998
HARVARD,S0171,1,stress,35,41280956,Joint Huber,5.747559182522982,4.607806958864815,11.14106933228367,6.190435612002814
HARVARD,S0171,1,stress,35,41280956,Joint OLS,14.639093094979565,12.822853381510573,24.72431145833056,19.38009924941475
HARVARD,S0171,1,stress,35,41280956,Offset-only,88.85945040026755,76.5532834733617,150.3706538079029,169.84875150227484
HARVARD,S0171,1,stress,35,41280956,Raw,375.9397018196954,360.2357836316951,496.7266316965911,627.9030196469804
HARVARD,S0171,1,stress,36,41280957,Joint Huber,5.710486952901023,4.572565919286328,11.2270084240901,6.593266513772912
HARVARD,S0171,1,stress,36,41280957,Joint OLS,15.88254261676112,13.179304749537348,28.922845598857187,16.41454566049059
HARVARD,S0171,1,stress,36,41280957,Offset-only,107.72843684309356,91.8469814475527,184.6212698211024,153.1814521550488
HARVARD,S0171,1,stress,36,41280957,Raw,376.9494846346636,360.4711637934257,518.3247794475232,697.7051225583892
HARVARD,S0171,1,stress,37,41280958,Joint Huber,5.982925344629516,4.820577726750075,11.5177615527891,6.799216364124895
HARVARD,S0171,1,stress,37,41280958,Joint OLS,17.24739693210737,14.953758351880095,29.777965235474475,22.962586519125665
HARVARD,S0171,1,stress,37,41280958,Offset-only,105.05614303824456,90.57972407683664,177.0938174500213,147.50688475850868
HARVARD,S0171,1,stress,37,41280958,Raw,170.9754442401103,144.31849080437885,294.4418865402734,286.1069384938287
HARVARD,S0171,1,stress,38,41280959,Joint Huber,6.923583764671992,5.585575175762628,13.354533926246484,8.960787251431832
HARVARD,S0171,1,stress,38,41280959,Joint OLS,27.582954040722967,22.73620017225733,50.7307630517512,39.860663333548175
HARVARD,S0171,1,stress,38,41280959,Offset-only,85.27655706668045,73.11011889676013,146.8222659022704,131.51824630700278
HARVARD,S0171,1,stress,38,41280959,Raw,202.38032922295963,186.67675413793248,307.93161401969155,391.42048470905735
HARVARD,S0171,1,stress,39,41280960,Joint Huber,5.386446566960712,4.302087812368305,10.52994544617789,5.872207886907304
HARVARD,S0171,1,stress,39,41280960,Joint OLS,13.810354814230646,11.319473056910686,25.548055382744295,23.04306000651147
HARVARD,S0171,1,stress,39,41280960,Offset-only,86.69909372292628,74.82460450223036,144.5180002122664,129.27706733556158
HARVARD,S0171,1,stress,39,41280960,Raw,298.7683357160403,282.6463301811034,416.0514293458762,532.5696640009646
HARVARD,S0171,1,stress,40,41280961,Joint Huber,6.451655995355885,5.205642188816595,12.486184664994816,7.396169070387782
HARVARD,S0171,1,stress,40,41280961,Joint OLS,26.35236373602157,22.3338571548776,46.62572688178766,32.71679926352298
HARVARD,S0171,1,stress,40,41280961,Offset-only,89.13106409679997,76.4787544228965,153.61242132870913,130.0956093777145
HARVARD,S0171,1,stress,40,41280961,Raw,254.26341632366407,237.36577171164905,367.3358311856397,350.0951420564772
HARVARD,S0171,1,stress,41,41280962,Joint Huber,5.481882866742051,4.377425834651017,10.79348706132416,6.174155929529275
HARVARD,S0171,1,stress,41,41280962,Joint OLS,13.74310225576285,11.539495242123907,24.78643872889279,21.50953474246439
HARVARD,S0171,1,stress,41,41280962,Offset-only,86.27517839342677,74.45544383263734,145.12308785189123,105.61639423724569
HARVARD,S0171,1,stress,41,41280962,Raw,185.3880663002336,167.97295773116224,283.31708099327227,247.50926192096549
HARVARD,S0171,1,stress,42,41280963,Joint Huber,5.48231106395485,4.385444520551615,10.697190686239733,6.1937546216140245
HARVARD,S0171,1,stress,42,41280963,Joint OLS,15.305036675506818,13.030194424397145,26.73563629937763,24.688735456000416
HARVARD,S0171,1,stress,42,41280963,Offset-only,87.91800165535415,75.79676946768029,148.18255008635825,167.5474038253495
HARVARD,S0171,1,stress,42,41280963,Raw,250.59955459191085,239.5863127298133,347.16734120658793,362.0264629704529
HARVARD,S0171,1,stress,43,41280964,Joint Huber,5.4046378440677785,4.336709447777155,10.570508945067036,5.766429100415102
HARVARD,S0171,1,stress,43,41280964,Joint OLS,13.468548555007333,11.094784443545835,24.684578313080685,19.615004479223103
HARVARD,S0171,1,stress,43,41280964,Offset-only,86.10603772550702,73.93614828456971,147.75735598437677,149.80608491973217
HARVARD,S0171,1,stress,43,41280964,Raw,349.72182968746546,332.7485365886524,453.6119735418133,539.4276145924761
HARVARD,S0171,1,stress,44,41280965,Joint Huber,5.5069820109462695,4.4045495026185,10.793617743891916,6.075834150711046
HARVARD,S0171,1,stress,44,41280965,Joint OLS,13.88931134519505,12.067867805080146,23.736312362453127,17.3170589873599
HARVARD,S0171,1,stress,44,41280965,Offset-only,108.29104627761316,93.3634832530922,182.5938760563555,160.41272708373705
HARVARD,S0171,1,stress,44,41280965,Raw,282.3960517438485,267.8539274946056,395.7344586445979,537.8456434182186
HARVARD,S0171,1,stress,45,41280966,Joint Huber,5.375922866681489,4.301179690127626,10.50924729571765,5.85906999117872
HARVARD,S0171,1,stress,45,41280966,Joint OLS,13.238940791448234,10.905045434633532,24.337364605487505,21.02326037857637
HARVARD,S0171,1,stress,45,41280966,Offset-only,142.78643584583872,121.557899479039,253.8146005856921,185.98775452247096
HARVARD,S0171,1,stress,45,41280966,Raw,604.3839493960866,588.3923603507599,798.5452569587721,731.8505457613766
HARVARD,S0171,1,stress,46,41280967,Joint Huber,5.909577054799368,4.740827508146678,11.518377455143996,6.430289326103376
HARVARD,S0171,1,stress,46,41280967,Joint OLS,15.24156816830081,13.307421904488578,26.136666783030197,24.218479627923564
HARVARD,S0171,1,stress,46,41280967,Offset-only,93.97483445326064,80.61427071403347,162.59319293232278,163.49151604795082
HARVARD,S0171,1,stress,46,41280967,Raw,187.4762273265676,170.37567814603244,285.06680005074713,266.5359823176323
HARVARD,S0171,1,stress,47,41280968,Joint Huber,5.331789122247929,4.259974981884462,10.425588657370712,5.67438406945899
HARVARD,S0171,1,stress,47,41280968,Joint OLS,9.753881453023736,8.189473062175553,17.79620374928275,11.817535624612445
HARVARD,S0171,1,stress,47,41280968,Offset-only,145.23484990967307,122.77642253708768,260.5302896394548,200.9739373959765
HARVARD,S0171,1,stress,47,41280968,Raw,392.686217004648,366.8022371816137,568.1638759192936,691.8042306437954
HARVARD,S0171,1,stress,48,41280969,Joint Huber,5.765727830777833,4.611986400329124,11.198325745473706,6.739870887984501
HARVARD,S0171,1,stress,48,41280969,Joint OLS,12.338170655210511,10.759958101449897,21.19462324168567,22.065907004894303
HARVARD,S0171,1,stress,48,41280969,Offset-only,87.74161062887362,74.56951472914315,152.24130070680388,121.15730881523984
HARVARD,S0171,1,stress,48,41280969,Raw,250.5353994603808,235.83877054255836,362.90651053080273,349.92580908720595
HARVARD,S0171,1,stress,49,41280970,Joint Huber,5.812047097800765,4.659486902613029,11.276838989799836,7.23321739785732
HARVARD,S0171,1,stress,49,41280970,Joint OLS,15.339338674270191,12.717525918018424,27.713418145083324,21.638606015313243
HARVARD,S0171,1,stress,49,41280970,Offset-only,104.33947467666349,89.78124301946316,177.8616533706121,183.78126182561445
HARVARD,S0171,1,stress,49,41280970,Raw,277.11811871539027,261.3603028959763,380.7587654672499,581.5414819661192
HARVARD,S0175,1,clean,0,41290821,Joint Huber,0.1072196926467254,0.085682793379346,0.2095942621011204,0.1155256983888847
HARVARD,S0175,1,clean,0,41290821,Joint OLS,0.1058529296139527,0.0846125863846379,0.2068881381184439,0.1083821396787654
HARVARD,S0175,1,clean,0,41290821,Offset-only,17.254661339606848,14.79998505120125,30.256489565794453,29.717784904277
HARVARD,S0175,1,clean,0,41290821,Raw,105.31699858954002,103.34036685961894,129.42729716454107,163.02437557776963
HARVARD,S0175,1,clean,1,41290822,Joint Huber,0.1028685468857726,0.082314730977865,0.1995063511415651,0.1050482798738332
HARVARD,S0175,1,clean,1,41290822,Joint OLS,0.1050863004064952,0.0841475860480987,0.2045112429662321,0.1105893371129975
HARVARD,S0175,1,clean,1,41290822,Offset-only,21.244626901046544,18.22925921933617,37.191185996600495,35.77815715328762
HARVARD,S0175,1,clean,1,41290822,Raw,115.1887159298627,111.60826765457767,143.77508372853924,215.2652260707669
HARVARD,S0175,1,clean,2,41290823,Joint Huber,0.1061050878728277,0.0845297578367399,0.2086349472000037,0.1183828788429686
HARVARD,S0175,1,clean,2,41290823,Joint OLS,0.1058940146769853,0.0843494825848395,0.2083077068557593,0.117677418513035
HARVARD,S0175,1,clean,2,41290823,Offset-only,21.583467728893453,18.515617329179417,37.80941357420371,38.74449818829648
HARVARD,S0175,1,clean,2,41290823,Raw,163.07815385012762,160.8030640047,193.43663922516575,263.2805270388352
HARVARD,S0175,1,clean,3,41290824,Joint Huber,0.1032504514410639,0.0824882660413833,0.2028755453949316,0.1068367241430157
HARVARD,S0175,1,clean,3,41290824,Joint OLS,0.1036392589498742,0.0827612099214432,0.2033349833928,0.1060246931275938
HARVARD,S0175,1,clean,3,41290824,Offset-only,11.26384387588039,9.66438953902521,19.731782615408378,12.826937661548978
HARVARD,S0175,1,clean,3,41290824,Raw,146.9259851859431,146.17969799072276,163.23296176650769,256.2133462234221
HARVARD,S0175,1,clean,4,41290825,Joint Huber,0.1070051552197509,0.0856865030647681,0.208322155974372,0.1160853002087637
HARVARD,S0175,1,clean,4,41290825,Joint OLS,0.1058635254706452,0.0847543311356688,0.2065312314647905,0.1122898518947459
HARVARD,S0175,1,clean,4,41290825,Offset-only,22.72542943598761,19.500608783223463,39.77268394656619,33.64153766072358
HARVARD,S0175,1,clean,4,41290825,Raw,127.27779570850362,124.66940451999449,159.09364446340692,202.5983663302696
HARVARD,S0175,1,clean,5,41290826,Joint Huber,0.1083732373972224,0.0863578879596928,0.2116646798487665,0.1216869316440026
HARVARD,S0175,1,clean,5,41290826,Joint OLS,0.1064695097126742,0.0848796039547603,0.2083179119360068,0.1121592650733557
HARVARD,S0175,1,clean,5,41290826,Offset-only,21.685033028004337,18.604912716027048,37.97359311868265,30.081103170136466
HARVARD,S0175,1,clean,5,41290826,Raw,77.168005762178,73.00878338523205,104.4486904345085,202.6594974422121
HARVARD,S0175,1,clean,6,41290827,Joint Huber,0.1067895885819187,0.0854349531732616,0.2082161403722082,0.1111864840996445
HARVARD,S0175,1,clean,6,41290827,Joint OLS,0.1064567089223372,0.0851625565116079,0.2085885213951588,0.1087936556819555
HARVARD,S0175,1,clean,6,41290827,Offset-only,32.11791805978596,27.554526258693176,56.27201965723821,41.29408953383005
HARVARD,S0175,1,clean,6,41290827,Raw,201.3555174072557,198.5356072038453,247.129140998554,321.8875295916839
HARVARD,S0175,1,clean,7,41290828,Joint Huber,0.1072917707982369,0.0857560090180195,0.2092410832967406,0.1180040581627218
HARVARD,S0175,1,clean,7,41290828,Joint OLS,0.1066785179797081,0.0852577889747221,0.2076771127569987,0.1125491985649177
HARVARD,S0175,1,clean,7,41290828,Offset-only,26.68036864541519,22.892139004580244,46.75227412109689,29.510094102748475
HARVARD,S0175,1,clean,7,41290828,Raw,162.02807665881508,159.76611287208598,200.17940569830995,182.96969170461225
HARVARD,S0175,1,clean,8,41290829,Joint Huber,0.1085446153336541,0.0866335121271083,0.2133659349096817,0.1208384280597372
HARVARD,S0175,1,clean,8,41290829,Joint OLS,0.1060766815545769,0.0846080478911625,0.2089941954210417,0.111668415748552
HARVARD,S0175,1,clean,8,41290829,Offset-only,7.698255045851127,6.599174175323704,13.537611904083136,13.270064260981838
HARVARD,S0175,1,clean,8,41290829,Raw,45.9025778263706,44.93441650249377,56.55123498666281,101.85660073700026
HARVARD,S0175,1,clean,9,41290830,Joint Huber,0.1102255202786226,0.0882936214102321,0.2147932968885158,0.1268389093392986
HARVARD,S0175,1,clean,9,41290830,Joint OLS,0.1088806816539718,0.0871675178316278,0.2120897967251345,0.1216098807739499
HARVARD,S0175,1,clean,9,41290830,Offset-only,21.359238789798034,18.32274936070509,37.44952405038546,24.61698241032816
HARVARD,S0175,1,clean,9,41290830,Raw,160.23849962496095,158.0422050657433,190.36398347449224,244.5115354003412
HARVARD,S0175,1,clean,10,41290831,Joint Huber,0.1010461903452163,0.0805300680090293,0.198365767461084,0.1025637178068684
HARVARD,S0175,1,clean,10,41290831,Joint OLS,0.1021734886014038,0.0814720063432533,0.2001594568179499,0.1043948608142461
HARVARD,S0175,1,clean,10,41290831,Offset-only,23.057692598605605,19.77926183288914,40.43940159591042,29.60597536260762
HARVARD,S0175,1,clean,10,41290831,Raw,88.21015565461127,84.43920258186643,118.5582610800962,144.3537378788355
HARVARD,S0175,1,clean,11,41290832,Joint Huber,0.1093086188299171,0.0872518057570717,0.2141078026333787,0.1157683188780815
HARVARD,S0175,1,clean,11,41290832,Joint OLS,0.1108638854676124,0.0885330971577991,0.2169355999487976,0.1190758362168381
HARVARD,S0175,1,clean,11,41290832,Offset-only,22.40816516038356,19.22105756193936,39.28929374538637,37.83409675921519
HARVARD,S0175,1,clean,11,41290832,Raw,129.7024249405557,126.66299694031716,160.55914962883887,222.4002855764525
HARVARD,S0175,1,clean,12,41290833,Joint Huber,0.1014891616803687,0.0810673957310057,0.1988731629054996,0.1024906947490417
HARVARD,S0175,1,clean,12,41290833,Joint OLS,0.1015444429456745,0.0810730552490098,0.1992009074445633,0.1027842749146532
HARVARD,S0175,1,clean,12,41290833,Offset-only,25.355148732361123,21.749698835031023,44.444362122979626,29.30329562630115
HARVARD,S0175,1,clean,12,41290833,Raw,208.1039049387648,205.3887186190125,243.64969271617557,282.5426816939752
HARVARD,S0175,1,clean,13,41290834,Joint Huber,0.1011137687062121,0.0809240119635496,0.1971183924730724,0.1023260507324489
HARVARD,S0175,1,clean,13,41290834,Joint OLS,0.1011802926803923,0.0808931896780417,0.1965617567492472,0.1034150642066287
HARVARD,S0175,1,clean,13,41290834,Offset-only,17.431204991649402,14.950543277697856,30.54137848842924,35.324083702552095
HARVARD,S0175,1,clean,13,41290834,Raw,83.57168728990902,79.44375420089528,105.66797086795016,167.28130378188908
HARVARD,S0175,1,clean,14,41290835,Joint Huber,0.1065616535911025,0.0850143973965482,0.2076069640171596,0.1115030617566544
HARVARD,S0175,1,clean,14,41290835,Joint OLS,0.1062202551506729,0.084723619564273,0.2071929415828677,0.1100461700464675
HARVARD,S0175,1,clean,14,41290835,Offset-only,10.010241137165558,8.586612878819817,17.5534361453332,24.46368416432784
HARVARD,S0175,1,clean,14,41290835,Raw,111.99702527015896,110.94871462882536,126.10856784247062,235.87362068597716
HARVARD,S0175,1,clean,15,41290836,Joint Huber,0.1040670068106611,0.0829244887754365,0.2049285546874557,0.1089335738351082
HARVARD,S0175,1,clean,15,41290836,Joint OLS,0.1021642780789851,0.0814128676721413,0.2006225422088726,0.1039355584172808
HARVARD,S0175,1,clean,15,41290836,Offset-only,34.38695583081926,29.501493461997168,60.26042296580307,43.164510210349576
HARVARD,S0175,1,clean,15,41290836,Raw,159.59941270727217,155.56572361645067,207.636093060928,219.94760326070875
HARVARD,S0175,1,clean,16,41290837,Joint Huber,0.1041173111143566,0.0830395320119583,0.2038197414698573,0.1063564133127314
HARVARD,S0175,1,clean,16,41290837,Joint OLS,0.1034859486871145,0.0824954710363006,0.2027120321590026,0.1059753947750958
HARVARD,S0175,1,clean,16,41290837,Offset-only,20.78235332993582,17.822854298857937,36.49193582934682,30.848024268586176
HARVARD,S0175,1,clean,16,41290837,Raw,179.96021918822407,177.77727994797024,209.19645367725792,256.45163243157566
HARVARD,S0175,1,clean,17,41290838,Joint Huber,0.1033701568620406,0.0826296521421139,0.2011251261137659,0.1086195805190794
HARVARD,S0175,1,clean,17,41290838,Joint OLS,0.1026854389658932,0.0820604578864833,0.2010399083381742,0.1086910811765872
HARVARD,S0175,1,clean,17,41290838,Offset-only,11.79692983623569,10.119577054967678,20.67657120010513,26.42221777751464
HARVARD,S0175,1,clean,17,41290838,Raw,127.16740186187388,126.0284222742134,143.88891372680774,239.48910969825977
HARVARD,S0175,1,clean,18,41290839,Joint Huber,0.1078103787384018,0.0862001128242233,0.2115184341127119,0.1148929956903824
HARVARD,S0175,1,clean,18,41290839,Joint OLS,0.1080066637145653,0.086340397386094,0.2128136493234401,0.1167384635167466
HARVARD,S0175,1,clean,18,41290839,Offset-only,15.55491992962152,13.34384211628752,27.25241047325673,40.52634368480346
HARVARD,S0175,1,clean,18,41290839,Raw,150.20432461882186,149.13414916710786,172.6673854546177,243.05862115545452
HARVARD,S0175,1,clean,19,41290840,Joint Huber,0.102311050605153,0.0820704576810292,0.1996634982141643,0.1075840467889675
HARVARD,S0175,1,clean,19,41290840,Joint OLS,0.1006105423187969,0.0806423713795928,0.1968534519104281,0.1017094476410258
HARVARD,S0175,1,clean,19,41290840,Offset-only,13.843947772818677,11.87607928353665,24.259943167803044,26.992025497967752
HARVARD,S0175,1,clean,19,41290840,Raw,104.0036324880535,101.91509652673396,122.87507293541398,175.17734886682953
HARVARD,S0175,1,clean,20,41290841,Joint Huber,0.1059528154604403,0.0848632831876926,0.2057547309259888,0.118574900007965
HARVARD,S0175,1,clean,20,41290841,Joint OLS,0.1081898628957609,0.0867299217805353,0.2101278614563662,0.1199276226911901
HARVARD,S0175,1,clean,20,41290841,Offset-only,34.91399651856276,29.956130105630823,61.14464564106434,41.02448366538762
HARVARD,S0175,1,clean,20,41290841,Raw,127.49239709433049,122.3437397041616,168.93337186147903,236.51934671772767
HARVARD,S0175,1,clean,21,41290842,Joint Huber,0.1057609430208394,0.0843499264118663,0.2071295063198253,0.1137018085661596
HARVARD,S0175,1,clean,21,41290842,Joint OLS,0.1056529340767879,0.0842303482362175,0.2069427817341207,0.112606472221794
HARVARD,S0175,1,clean,21,41290842,Offset-only,22.295116595784425,19.127965331993902,39.043582812269406,39.93936640249222
HARVARD,S0175,1,clean,21,41290842,Raw,148.72364399776862,146.716945491579,180.4608366095824,186.0226024101475
HARVARD,S0175,1,clean,22,41290843,Joint Huber,0.1009774040611992,0.080480821418456,0.1984054869230256,0.1025586934020409
HARVARD,S0175,1,clean,22,41290843,Joint OLS,0.1016119761073139,0.0810705694193295,0.1996169104183432,0.1037563316822232
HARVARD,S0175,1,clean,22,41290843,Offset-only,26.33761594258997,22.594025326078416,46.138310404692014,39.81106150787216
HARVARD,S0175,1,clean,22,41290843,Raw,105.67695800585612,101.70165193781872,141.54871892287773,130.9325031068202
HARVARD,S0175,1,clean,23,41290844,Joint Huber,0.1104295597400897,0.0883755586364627,0.2147712150829761,0.1159053544630699
HARVARD,S0175,1,clean,23,41290844,Joint OLS,0.109294625228908,0.0874402148298233,0.2123729439265531,0.1192526771144995
HARVARD,S0175,1,clean,23,41290844,Offset-only,24.2769755635458,20.82677278435008,42.53935783543775,32.453565260537225
HARVARD,S0175,1,clean,23,41290844,Raw,102.1096585831208,99.06354097224406,135.81731665030415,158.4539496905767
HARVARD,S0175,1,clean,24,41290845,Joint Huber,0.1034625079344462,0.0825972484786358,0.2021544381353379,0.1060385287661216
HARVARD,S0175,1,clean,24,41290845,Joint OLS,0.104128746768585,0.0831486393021223,0.2025268946848513,0.1092873889345071
HARVARD,S0175,1,clean,24,41290845,Offset-only,28.462319810180063,24.418395108275007,49.87915770280544,39.90892033628519
HARVARD,S0175,1,clean,24,41290845,Raw,120.36960746771356,116.31055708884502,159.2377495297834,213.82409178295015
HARVARD,S0175,1,clean,25,41290846,Joint Huber,0.1036385783686986,0.0828485099998803,0.2028583964268194,0.1053526231304114
HARVARD,S0175,1,clean,25,41290846,Joint OLS,0.1056398125545645,0.0844649416779816,0.2069913723343752,0.1076052073785103
HARVARD,S0175,1,clean,25,41290846,Offset-only,24.46898487574442,20.994703770443103,42.83882208946572,39.621339775807634
HARVARD,S0175,1,clean,25,41290846,Raw,108.801102780513,105.9337666335736,136.48090772436686,140.8513116520897
HARVARD,S0175,1,clean,26,41290847,Joint Huber,0.102034541654085,0.08141852155817,0.1997870802782131,0.104550655365077
HARVARD,S0175,1,clean,26,41290847,Joint OLS,0.1022349923569175,0.0815437728505915,0.2000521475649997,0.1049618781390742
HARVARD,S0175,1,clean,26,41290847,Offset-only,12.31925609435962,10.568147645099147,21.596121440848925,27.767267443695413
HARVARD,S0175,1,clean,26,41290847,Raw,182.336104495496,181.51297302321703,200.15531896473408,248.62328681530968
HARVARD,S0175,1,clean,27,41290848,Joint Huber,0.1027912745495165,0.081978137020937,0.2012348764704797,0.1071814269396086
HARVARD,S0175,1,clean,27,41290848,Joint OLS,0.10307239755249,0.082226948098919,0.2019836353426285,0.1082136265186495
HARVARD,S0175,1,clean,27,41290848,Offset-only,14.407909156778798,12.361888089540583,25.2253269722301,34.491140716914465
HARVARD,S0175,1,clean,27,41290848,Raw,156.2657600696229,154.94810396945735,176.76266455052598,226.0157264704164
HARVARD,S0175,1,clean,28,41290849,Joint Huber,0.1029063884613551,0.0822157459342114,0.2001521072941159,0.1064829803488916
HARVARD,S0175,1,clean,28,41290849,Joint OLS,0.1032969216279145,0.082532962580244,0.2002863613970174,0.1072485467382618
HARVARD,S0175,1,clean,28,41290849,Offset-only,16.02848225874732,13.749734237436162,28.099026915922565,22.85539148620596
HARVARD,S0175,1,clean,28,41290849,Raw,151.9481626222908,150.80454182050704,175.05889344931606,176.6095194900494
HARVARD,S0175,1,clean,29,41290850,Joint Huber,0.1033353555173877,0.0824549010942519,0.2026193038073387,0.1061255089365736
HARVARD,S0175,1,clean,29,41290850,Joint OLS,0.1050857260168055,0.0839016207821835,0.2048886583747134,0.108018104853878
HARVARD,S0175,1,clean,29,41290850,Offset-only,19.85526628323375,17.035231719170035,34.763823079968326,36.56926638416911
HARVARD,S0175,1,clean,29,41290850,Raw,116.30715123971066,113.68663072603948,143.26383647906766,211.30859806824597
HARVARD,S0175,1,clean,30,41290851,Joint Huber,0.1031289127044824,0.0823686691754351,0.2026586348367942,0.1039925198726309
HARVARD,S0175,1,clean,30,41290851,Joint OLS,0.1032903276264625,0.0824683678256699,0.2030629137326212,0.1046870039263918
HARVARD,S0175,1,clean,30,41290851,Offset-only,13.359547746939148,11.46325423068286,23.404661007067418,20.58699197404152
HARVARD,S0175,1,clean,30,41290851,Raw,201.67906175895237,201.19373045389256,221.4392228282655,277.7356786745126
HARVARD,S0175,1,clean,31,41290852,Joint Huber,0.1052484016147793,0.0839766851689253,0.2078593148132857,0.1076770006216561
HARVARD,S0175,1,clean,31,41290852,Joint OLS,0.106390860306876,0.0849254147370931,0.2098517892914486,0.1113418161847514
HARVARD,S0175,1,clean,31,41290852,Offset-only,14.892234775112373,12.777620208285818,26.082248455191078,33.82406497036711
HARVARD,S0175,1,clean,31,41290852,Raw,102.83210926650187,101.22912664681876,123.77302937800908,150.15905081683118
HARVARD,S0175,1,clean,32,41290853,Joint Huber,0.1068418056983001,0.085169975547869,0.2082955733442304,0.1087155352185551
HARVARD,S0175,1,clean,32,41290853,Joint OLS,0.1062753516802691,0.0847275217284725,0.2068590565352135,0.1112241248963355
HARVARD,S0175,1,clean,32,41290853,Offset-only,15.489087735136165,13.289140858182094,27.131870378266942,31.11807986058613
HARVARD,S0175,1,clean,32,41290853,Raw,117.46228133913208,116.0733107752422,133.8811194949038,187.73574601577403
HARVARD,S0175,1,clean,33,41290854,Joint Huber,0.1051586331554013,0.0839526005304136,0.2057302575094511,0.1080816157855795
HARVARD,S0175,1,clean,33,41290854,Joint OLS,0.1037682033876035,0.0828088933969442,0.2025896877832167,0.1069279392042572
HARVARD,S0175,1,clean,33,41290854,Offset-only,23.02258795466174,19.75018942169755,40.3901040818929,36.982891424941
HARVARD,S0175,1,clean,33,41290854,Raw,65.15947807335084,61.47626872500738,88.87108664166057,116.91549102202232
HARVARD,S0175,1,clean,34,41290855,Joint Huber,0.1018772925879192,0.0814175102259701,0.1990361357457004,0.1026174612562413
HARVARD,S0175,1,clean,34,41290855,Joint OLS,0.1027141450834164,0.0820799850331841,0.1995288289257324,0.1044532451648118
HARVARD,S0175,1,clean,34,41290855,Offset-only,11.97393517721816,10.274513118856472,20.965167525899098,21.91916056451338
HARVARD,S0175,1,clean,34,41290855,Raw,139.0012197071367,138.31702945183798,156.4687276848831,205.4105009247888
HARVARD,S0175,1,clean,35,41290856,Joint Huber,0.1065083383427771,0.085142986166848,0.2082578255148348,0.1084004783308609
HARVARD,S0175,1,clean,35,41290856,Joint OLS,0.1099073689612334,0.087964824382898,0.2151516004603948,0.1154641343739382
HARVARD,S0175,1,clean,35,41290856,Offset-only,25.65084904712466,22.007590209553182,44.92376022113991,38.53434891781496
HARVARD,S0175,1,clean,35,41290856,Raw,125.34851736707904,121.79451885645804,159.02410268131428,198.75052593720912
HARVARD,S0175,1,clean,36,41290857,Joint Huber,0.1063274154308188,0.0850874805151496,0.2074972893737481,0.115750365249714
HARVARD,S0175,1,clean,36,41290857,Joint OLS,0.1070900950714753,0.0857448982150042,0.208488629953596,0.1123400210917911
HARVARD,S0175,1,clean,36,41290857,Offset-only,25.693425060734096,22.041493288071702,45.03069274211491,37.51502624227015
HARVARD,S0175,1,clean,36,41290857,Raw,170.6279976284114,168.09294215613969,206.96738673497688,217.2792680436793
HARVARD,S0175,1,clean,37,41290858,Joint Huber,0.1123047018260784,0.0897317872586591,0.2206580264299873,0.1145143080396024
HARVARD,S0175,1,clean,37,41290858,Joint OLS,0.1074450370746068,0.085666781369773,0.2108591266477333,0.1099522340519242
HARVARD,S0175,1,clean,37,41290858,Offset-only,22.7895146290286,19.54935844591653,39.939558936545176,41.731765465747074
HARVARD,S0175,1,clean,37,41290858,Raw,189.1669704757008,186.88328403307415,221.3774146525992,320.605091774104
HARVARD,S0175,1,clean,38,41290859,Joint Huber,0.1018076458426173,0.0811800060929733,0.1997296507536106,0.102371587703986
HARVARD,S0175,1,clean,38,41290859,Joint OLS,0.102182901545114,0.0814740415693133,0.2004414406869159,0.1037575935147806
HARVARD,S0175,1,clean,38,41290859,Offset-only,32.832897705522946,28.169909776129582,57.49520910222152,38.60290248729019
HARVARD,S0175,1,clean,38,41290859,Raw,129.75995179105752,125.1327571202354,174.856086859279,212.2099109708913
HARVARD,S0175,1,clean,39,41290860,Joint Huber,0.1066586225349239,0.0852050885153777,0.2091383218221665,0.1185276667695468
HARVARD,S0175,1,clean,39,41290860,Joint OLS,0.1049255865127554,0.0837387714731785,0.2055103256530466,0.1157104298822392
HARVARD,S0175,1,clean,39,41290860,Offset-only,32.61403058453924,27.97738943054385,57.18752658511388,42.92217118323694
HARVARD,S0175,1,clean,39,41290860,Raw,79.54974021475759,72.53264612619729,115.25547611726772,148.714948913145
HARVARD,S0175,1,clean,40,41290861,Joint Huber,0.1017236277788762,0.0811434008964451,0.1985425630209647,0.1034320668006084
HARVARD,S0175,1,clean,40,41290861,Joint OLS,0.1024883902364208,0.0817226303598536,0.2007232031218109,0.1046609550579024
HARVARD,S0175,1,clean,40,41290861,Offset-only,25.69949000270643,22.05123938936397,45.01197496620488,37.15577631426189
HARVARD,S0175,1,clean,40,41290861,Raw,150.90494165980024,148.42432003903969,186.3246897510125,267.98632930152934
HARVARD,S0175,1,clean,41,41290862,Joint Huber,0.1057141091578768,0.084630373191642,0.2066908701017667,0.1141980388171065
HARVARD,S0175,1,clean,41,41290862,Joint OLS,0.1033422389850304,0.0826049165946681,0.2016145701255745,0.1059202020857837
HARVARD,S0175,1,clean,41,41290862,Offset-only,23.449876462088863,20.115115660131178,41.11102244678087,31.479609222434565
HARVARD,S0175,1,clean,41,41290862,Raw,189.1752712671513,187.21530041555576,222.69925055329907,290.90627125993063
HARVARD,S0175,1,clean,42,41290863,Joint Huber,0.1060672729461881,0.0846196290200487,0.207877654988664,0.1095337375803585
HARVARD,S0175,1,clean,42,41290863,Joint OLS,0.1061699338853476,0.0847037535798481,0.2078805030919284,0.110494755146536
HARVARD,S0175,1,clean,42,41290863,Offset-only,8.487009443432276,7.28073236518845,14.8754753790465,20.76924176009798
HARVARD,S0175,1,clean,42,41290863,Raw,155.83503424139755,155.55546430375614,168.38756957659592,231.14580639466703
HARVARD,S0175,1,clean,43,41290864,Joint Huber,0.1053114980200026,0.0843358255925717,0.2054210693721359,0.1123116742122175
HARVARD,S0175,1,clean,43,41290864,Joint OLS,0.1045016319874363,0.083667505078794,0.2042872064898837,0.1101835197640751
HARVARD,S0175,1,clean,43,41290864,Offset-only,16.97959503332197,14.565767869477758,29.757287876331965,29.697337034548475
HARVARD,S0175,1,clean,43,41290864,Raw,84.01482918346238,81.299290180996,106.97844825695508,121.54587844335788
HARVARD,S0175,1,clean,44,41290865,Joint Huber,0.1041786931181166,0.083634476194613,0.2036269377958533,0.1081029543993072
HARVARD,S0175,1,clean,44,41290865,Joint OLS,0.104248236744081,0.0836487169898633,0.2037238357234017,0.1064840231328202
HARVARD,S0175,1,clean,44,41290865,Offset-only,25.439261915517925,21.82678642609213,44.58133700045952,39.50951330392735
HARVARD,S0175,1,clean,44,41290865,Raw,92.37032376490916,88.22873440593433,126.77299401394195,173.232315700632
HARVARD,S0175,1,clean,45,41290866,Joint Huber,0.1112884273920027,0.0887013894073137,0.2174064177300039,0.1212815102586472
HARVARD,S0175,1,clean,45,41290866,Joint OLS,0.1086820310728582,0.0865354508373344,0.2126428856999762,0.1158270170947436
HARVARD,S0175,1,clean,45,41290866,Offset-only,27.498735321768503,23.592068691713045,48.17258405165461,36.38938022676237
HARVARD,S0175,1,clean,45,41290866,Raw,71.04217196446635,66.03335638180022,105.38703801119844,94.06488057144028
HARVARD,S0175,1,clean,46,41290867,Joint Huber,0.1096186363507438,0.0878664354697281,0.2133820635600969,0.1185825635037348
HARVARD,S0175,1,clean,46,41290867,Joint OLS,0.1073308567587263,0.0859280408175711,0.209440521827009,0.1130019251014795
HARVARD,S0175,1,clean,46,41290867,Offset-only,10.373689058127088,8.898032682520059,18.181873734250956,23.150564868964462
HARVARD,S0175,1,clean,46,41290867,Raw,118.40223209460538,117.51676070707506,133.19907888001393,186.2158802198948
HARVARD,S0175,1,clean,47,41290868,Joint Huber,0.1019047292360523,0.0815323279947217,0.1979141314007116,0.1037610080557657
HARVARD,S0175,1,clean,47,41290868,Joint OLS,0.1019161655666666,0.081560230903549,0.1982859359513256,0.1033952402988898
HARVARD,S0175,1,clean,47,41290868,Offset-only,20.592267962196704,17.66775633155932,36.06008431654928,35.45123088091344
HARVARD,S0175,1,clean,47,41290868,Raw,48.34614081689544,44.25700091021902,73.59892202056884,127.7954731436648
HARVARD,S0175,1,clean,48,41290869,Joint Huber,0.1016922969425471,0.0811783114872452,0.2013976555701902,0.1030638559127002
HARVARD,S0175,1,clean,48,41290869,Joint OLS,0.1014266038459452,0.080980400981825,0.2009761781991415,0.1027008477150157
HARVARD,S0175,1,clean,48,41290869,Offset-only,13.937641959150316,11.955741527255492,24.420389774228028,25.35917278424651
HARVARD,S0175,1,clean,48,41290869,Raw,145.85260544191684,144.3452532131887,163.10210951630407,211.81809005750225
HARVARD,S0175,1,clean,49,41290870,Joint Huber,0.1046217324159463,0.0834695544196152,0.2055855536011064,0.1111407191241698
HARVARD,S0175,1,clean,49,41290870,Joint OLS,0.1046924849600396,0.0835380911308376,0.2055111509767116,0.1109743971614065
HARVARD,S0175,1,clean,49,41290870,Offset-only,22.874063530928613,19.62419020324832,40.08134987843147,34.72396656108227
HARVARD,S0175,1,clean,49,41290870,Raw,80.04217743299765,75.9714275369111,110.48986574687376,106.48775965966657
HARVARD,S0175,1,nominal,0,41290871,Joint Huber,1.010417753609972,0.8041528416181376,1.9890471282408844,1.02567151563149
HARVARD,S0175,1,nominal,0,41290871,Joint OLS,4.942385645002299,4.119060612577665,8.895380839948121,7.717754589395747
HARVARD,S0175,1,nominal,0,41290871,Offset-only,31.73886231426674,27.282168862721612,54.53186100721421,41.36389005418265
HARVARD,S0175,1,nominal,0,41290871,Raw,186.14550610656065,182.71490352948143,230.9751687252848,291.0500563866088
HARVARD,S0175,1,nominal,1,41290872,Joint Huber,1.0279024253128293,0.8204280478005713,2.0070653218846424,1.0429232091516578
HARVARD,S0175,1,nominal,1,41290872,Joint OLS,3.517383068841249,2.976059451764803,6.238067235492429,5.126474325437337
HARVARD,S0175,1,nominal,1,41290872,Offset-only,25.220968972534408,21.59013978189299,44.41689908431794,33.25205225161997
HARVARD,S0175,1,nominal,1,41290872,Raw,132.8713047639188,129.419244796251,166.92221224193923,199.13994062179657
HARVARD,S0175,1,nominal,2,41290873,Joint Huber,1.040431483243903,0.8326121084575249,2.034938993119085,1.0742873040811738
HARVARD,S0175,1,nominal,2,41290873,Joint OLS,4.214788396065455,3.5427322588911,7.477716709990645,7.125076365296627
HARVARD,S0175,1,nominal,2,41290873,Offset-only,21.67362548567989,18.574060049394824,37.96844290135475,38.80517838224675
HARVARD,S0175,1,nominal,2,41290873,Raw,129.9228311418766,126.36471673930924,158.44798362777544,222.26440874808
HARVARD,S0175,1,nominal,3,41290874,Joint Huber,1.0948522318860778,0.8754331023558143,2.131938785550958,1.2474626514321792
HARVARD,S0175,1,nominal,3,41290874,Joint OLS,4.340080439576582,3.76166065071058,7.48284320101913,6.836171033189616
HARVARD,S0175,1,nominal,3,41290874,Offset-only,21.0565813386398,17.9881632863676,37.04780018380279,41.885022576105015
HARVARD,S0175,1,nominal,3,41290874,Raw,133.0681181832326,131.2474520028486,155.4421622998376,248.61715455146677
HARVARD,S0175,1,nominal,4,41290875,Joint Huber,1.054704285471919,0.8424768582326309,2.0609461227465435,1.1214579165040603
HARVARD,S0175,1,nominal,4,41290875,Joint OLS,4.528309252876707,3.789570309292048,7.977273561020737,5.421966756158751
HARVARD,S0175,1,nominal,4,41290875,Offset-only,15.81859504309173,13.5230827844661,27.840317025914587,23.956851472323446
HARVARD,S0175,1,nominal,4,41290875,Raw,129.7593811002189,128.17901494634484,151.9337123917893,271.71291927600964
HARVARD,S0175,1,nominal,5,41290876,Joint Huber,1.0901865809843438,0.8727906530965355,2.1217106598548696,1.2234106355603749
HARVARD,S0175,1,nominal,5,41290876,Joint OLS,3.30648654018014,2.821596712195318,5.893956437793514,4.100684791249654
HARVARD,S0175,1,nominal,5,41290876,Offset-only,16.570757899958313,14.143145954969022,29.39548584809456,35.2283048770461
HARVARD,S0175,1,nominal,5,41290876,Raw,154.60119197124004,153.4489149735904,178.20101433437037,203.5035058134859
HARVARD,S0175,1,nominal,6,41290877,Joint Huber,1.1051413367170213,0.8816780454699134,2.168852667673704,1.161432649008102
HARVARD,S0175,1,nominal,6,41290877,Joint OLS,4.489505431794727,3.8795280749953465,7.645525803801689,5.996767254025649
HARVARD,S0175,1,nominal,6,41290877,Offset-only,22.96740733912213,19.728727915132147,39.78520535499071,37.59710909584156
HARVARD,S0175,1,nominal,6,41290877,Raw,100.3587278615338,96.74025151187674,131.62639045935862,179.46342007186988
HARVARD,S0175,1,nominal,7,41290878,Joint Huber,1.0371766468470822,0.8297359105527335,2.013665869014858,1.0637797449173363
HARVARD,S0175,1,nominal,7,41290878,Joint OLS,5.226272675261171,4.372073010292276,9.298693247326462,7.564129530542241
HARVARD,S0175,1,nominal,7,41290878,Offset-only,19.99304443304709,17.080544367364944,35.39453772667738,30.23305136073679
HARVARD,S0175,1,nominal,7,41290878,Raw,147.0261922897106,145.4695746963261,173.0131122089043,239.29639220659183
HARVARD,S0175,1,nominal,8,41290879,Joint Huber,1.1207222606275329,0.8972074382050184,2.183700948163647,1.236339573848811
HARVARD,S0175,1,nominal,8,41290879,Joint OLS,5.516832865345031,4.685613692299183,9.40771653966701,7.89672660958198
HARVARD,S0175,1,nominal,8,41290879,Offset-only,15.095237348963757,12.902456970293,26.484100080538568,28.42741618858758
HARVARD,S0175,1,nominal,8,41290879,Raw,58.48131133959981,56.5368220372288,76.40518801675017,85.08428574999493
HARVARD,S0175,1,nominal,9,41290880,Joint Huber,1.0575535502148905,0.8480064406245534,2.0784208042446304,1.181470281600732
HARVARD,S0175,1,nominal,9,41290880,Joint OLS,2.9895316449862,2.567535358957785,5.265193478957286,3.32265112634104
HARVARD,S0175,1,nominal,9,41290880,Offset-only,25.636689253515648,22.030157712515745,44.0757732011293,40.001906904128326
HARVARD,S0175,1,nominal,9,41290880,Raw,70.95626099269565,66.14999609117014,97.86413333237503,169.957689806175
HARVARD,S0175,1,nominal,10,41290881,Joint Huber,1.0448287299653292,0.8342399145633665,2.05079985631933,1.129887054041908
HARVARD,S0175,1,nominal,10,41290881,Joint OLS,2.954464718597511,2.4867533050694584,5.323112785777779,5.406517996706363
HARVARD,S0175,1,nominal,10,41290881,Offset-only,21.04881079147086,18.08666925347409,36.09099881457145,38.24834241337744
HARVARD,S0175,1,nominal,10,41290881,Raw,51.1255720996553,47.98486534249841,72.92532910148672,87.85527204508914
HARVARD,S0175,1,nominal,11,41290882,Joint Huber,1.0218944278840905,0.8116060370831804,2.0142647029827825,1.036851524547015
HARVARD,S0175,1,nominal,11,41290882,Joint OLS,5.13352515839516,4.352512518776107,8.995810770774272,7.321074165250241
HARVARD,S0175,1,nominal,11,41290882,Offset-only,29.467936919045016,25.10143267055188,52.68547000762887,42.88632454088221
HARVARD,S0175,1,nominal,11,41290882,Raw,109.87899606954238,105.44874162579184,147.7430844047574,185.5950648936431
HARVARD,S0175,1,nominal,12,41290883,Joint Huber,1.0652160270267754,0.8492143847373559,2.095899341289875,1.0879658897242943
HARVARD,S0175,1,nominal,12,41290883,Joint OLS,3.394685421283355,2.8628871543282823,6.0364334817544005,5.876385412681468
HARVARD,S0175,1,nominal,12,41290883,Offset-only,26.51148594085544,22.46408194989065,47.49627587824978,41.80707600921058
HARVARD,S0175,1,nominal,12,41290883,Raw,198.6567491210849,196.7521575508005,235.0170723133374,284.8461483046448
HARVARD,S0175,1,nominal,13,41290884,Joint Huber,1.0210068591627135,0.8198550735180545,1.982558954561853,1.0560169896616909
HARVARD,S0175,1,nominal,13,41290884,Joint OLS,4.308121388286578,3.62097496157204,7.844613417450775,6.879891076287336
HARVARD,S0175,1,nominal,13,41290884,Offset-only,23.21856894452986,19.911107968211056,40.30776776327141,39.421024361668046
HARVARD,S0175,1,nominal,13,41290884,Raw,111.03730843170406,107.98802339107934,143.06776441757262,205.6441029202716
HARVARD,S0175,1,nominal,14,41290885,Joint Huber,1.0414587063686085,0.8320363892125149,2.035893223602514,1.0896689522357113
HARVARD,S0175,1,nominal,14,41290885,Joint OLS,4.086213439144339,3.409974219484539,7.404861360620753,7.324624263279785
HARVARD,S0175,1,nominal,14,41290885,Offset-only,22.217527961432324,19.03788884696997,38.88476511243715,28.925641922465328
HARVARD,S0175,1,nominal,14,41290885,Raw,76.23094463128828,71.95019343442229,105.31058988263658,166.16012239285126
HARVARD,S0175,1,nominal,15,41290886,Joint Huber,1.0947637124211045,0.873436261113373,2.161910841230963,1.197814766042176
HARVARD,S0175,1,nominal,15,41290886,Joint OLS,4.663439975843389,3.886525013966593,8.40113384740327,5.36331845067411
HARVARD,S0175,1,nominal,15,41290886,Offset-only,10.546896833847915,9.08186593761241,17.870817679290077,20.606155409596173
HARVARD,S0175,1,nominal,15,41290886,Raw,123.9853776633172,123.4625228203216,139.60009048768933,187.31627593666133
HARVARD,S0175,1,nominal,16,41290887,Joint Huber,1.0299196747560169,0.8213324726257231,2.003821233459746,1.0584490627255392
HARVARD,S0175,1,nominal,16,41290887,Joint OLS,3.497062836114321,2.9306545089130625,6.30520187527992,5.108274789638621
HARVARD,S0175,1,nominal,16,41290887,Offset-only,26.998541097352224,23.1000945655818,47.7543103651505,37.156626367863936
HARVARD,S0175,1,nominal,16,41290887,Raw,167.2944754662766,164.95612012809016,205.4861356201556,238.25777947931783
HARVARD,S0175,1,nominal,17,41290888,Joint Huber,1.0667034339248416,0.8542177891488726,2.0954552135826536,1.122817630852677
HARVARD,S0175,1,nominal,17,41290888,Joint OLS,4.000667006671416,3.378883965876958,7.231856055575948,9.05763890230602
HARVARD,S0175,1,nominal,17,41290888,Offset-only,19.06733943366763,16.287330242607528,33.532205826199494,33.85158292173885
HARVARD,S0175,1,nominal,17,41290888,Raw,106.46423507461454,104.83231340152908,133.31408624063494,207.17403291867987
HARVARD,S0175,1,nominal,18,41290889,Joint Huber,1.0541556334629605,0.8420472664543958,2.061381396148924,1.13750009763315
HARVARD,S0175,1,nominal,18,41290889,Joint OLS,3.8316315263211673,3.31171881799753,6.581196726226747,5.446962381518517
HARVARD,S0175,1,nominal,18,41290889,Offset-only,23.39786019303896,19.94409137570965,41.909543596861546,36.61673105160871
HARVARD,S0175,1,nominal,18,41290889,Raw,107.11286406768532,103.66459076922465,138.2975646061432,172.1182347333746
HARVARD,S0175,1,nominal,19,41290890,Joint Huber,1.1059601804181385,0.8831284550299677,2.167677550654901,1.1836044020798078
HARVARD,S0175,1,nominal,19,41290890,Joint OLS,5.083027712329923,4.176189509163415,9.336098402238084,7.260646343284633
HARVARD,S0175,1,nominal,19,41290890,Offset-only,27.027656387077503,23.11080560109069,47.58785289635241,43.96514366768592
HARVARD,S0175,1,nominal,19,41290890,Raw,108.2283365797135,105.19411907900728,141.26896400975556,268.6462300490245
HARVARD,S0175,1,nominal,20,41290891,Joint Huber,1.0370255056325748,0.8300526194025812,2.0165599785180177,1.0770900026749206
HARVARD,S0175,1,nominal,20,41290891,Joint OLS,3.0293532286240987,2.5009661767143743,5.508393035548377,3.842379923503884
HARVARD,S0175,1,nominal,20,41290891,Offset-only,31.236404027976057,26.72024594609175,55.15507075928499,41.9259030045104
HARVARD,S0175,1,nominal,20,41290891,Raw,155.14216637667258,152.03648963365217,192.40608053691943,257.3925647764209
HARVARD,S0175,1,nominal,21,41290892,Joint Huber,1.1280202353307516,0.9014846677749884,2.204055705081354,1.3715851808888166
HARVARD,S0175,1,nominal,21,41290892,Joint OLS,3.5907959443017345,2.978805895450816,6.434623306987097,6.612955992589558
HARVARD,S0175,1,nominal,21,41290892,Offset-only,25.44411613678257,21.652213992770378,45.20300124996304,37.79291293412687
HARVARD,S0175,1,nominal,21,41290892,Raw,104.22224461057712,99.80687210102624,136.94962068609672,160.18409600966348
HARVARD,S0175,1,nominal,22,41290893,Joint Huber,1.0836094005068169,0.8646460997415717,2.1233013555225004,1.150544372964126
HARVARD,S0175,1,nominal,22,41290893,Joint OLS,5.353678864304124,4.448387283307154,9.632412308888131,8.18171261062517
HARVARD,S0175,1,nominal,22,41290893,Offset-only,22.99926812259944,19.671882757651105,40.41366292006039,33.49508744383737
HARVARD,S0175,1,nominal,22,41290893,Raw,66.68930219358722,63.528913286834936,90.64974360808424,173.1718621627304
HARVARD,S0175,1,nominal,23,41290894,Joint Huber,1.1879898165659264,0.950777722109836,2.311745600602677,1.3121549372590378
HARVARD,S0175,1,nominal,23,41290894,Joint OLS,5.084647312900709,4.2471510700993855,8.997186958278082,6.119450668507521
HARVARD,S0175,1,nominal,23,41290894,Offset-only,22.148721367829253,18.871096945122225,39.58194632734635,30.173321072629246
HARVARD,S0175,1,nominal,23,41290894,Raw,57.28417737093291,53.61435446967273,84.51790656636362,104.91289250895883
HARVARD,S0175,1,nominal,24,41290895,Joint Huber,1.038713174607795,0.8312390410556015,2.0281041214460065,1.1041761339422291
HARVARD,S0175,1,nominal,24,41290895,Joint OLS,3.586393093641808,2.9759979150027878,6.42679130479662,4.671024436312575
HARVARD,S0175,1,nominal,24,41290895,Offset-only,17.51442326927345,14.836589685624809,31.723299671931287,32.777156498143825
HARVARD,S0175,1,nominal,24,41290895,Raw,136.26633583778158,133.65522943317077,159.25219493543582,196.84947414676927
HARVARD,S0175,1,nominal,25,41290896,Joint Huber,1.130757100279773,0.9072330250047916,2.1984694007485928,1.2569191981448855
HARVARD,S0175,1,nominal,25,41290896,Joint OLS,4.409324140935224,3.6703967770195938,7.972949011435216,6.126086282708377
HARVARD,S0175,1,nominal,25,41290896,Offset-only,20.55575035025561,17.666821251282293,35.43035092328766,41.93770435715062
HARVARD,S0175,1,nominal,25,41290896,Raw,116.96296213559307,113.7274111163,143.739766033171,202.8615760944675
HARVARD,S0175,1,nominal,26,41290897,Joint Huber,1.0516075014033055,0.8380411872822544,2.056767617657762,1.0878811138187323
HARVARD,S0175,1,nominal,26,41290897,Joint OLS,4.43541791159047,3.6612000782266567,7.977487159181964,5.888236780770793
HARVARD,S0175,1,nominal,26,41290897,Offset-only,21.92614079610897,18.84150635467897,37.60935288693865,34.82712223889305
HARVARD,S0175,1,nominal,26,41290897,Raw,116.08263778552298,113.3734961686307,146.68772615439138,155.3161555201495
HARVARD,S0175,1,nominal,27,41290898,Joint Huber,1.067010213178874,0.8534492247166691,2.0801489202456835,1.1598456591687556
HARVARD,S0175,1,nominal,27,41290898,Joint OLS,3.3873509543873195,2.947307861207386,5.70034003624702,5.381019671206554
HARVARD,S0175,1,nominal,27,41290898,Offset-only,14.89801098025309,12.709762779859648,26.33822554153591,27.72415801606988
HARVARD,S0175,1,nominal,27,41290898,Raw,141.1062423739221,139.70708170255534,161.89208355602318,226.6027059135268
HARVARD,S0175,1,nominal,28,41290899,Joint Huber,1.0630381212141824,0.8496102440488751,2.077341306046776,1.1780733687448983
HARVARD,S0175,1,nominal,28,41290899,Joint OLS,4.192827049398512,3.560591165127664,7.312831895641647,6.156991210334191
HARVARD,S0175,1,nominal,28,41290899,Offset-only,21.358875756098087,18.290026608840904,37.17932683725982,34.540551552095
HARVARD,S0175,1,nominal,28,41290899,Raw,127.25721201161237,125.33222728885389,150.70553480250882,176.21788937487614
HARVARD,S0175,1,nominal,29,41290900,Joint Huber,1.0982501140054977,0.8778172062532839,2.1340135841747103,1.240892349578993
HARVARD,S0175,1,nominal,29,41290900,Joint OLS,3.998649172330292,3.391725725408456,7.047145491612605,5.486803744785021
HARVARD,S0175,1,nominal,29,41290900,Offset-only,16.863743788275208,14.4114652320174,29.89450322174747,26.66139120268086
HARVARD,S0175,1,nominal,29,41290900,Raw,111.46780375143176,109.106041383187,134.42805401441476,186.9209264565042
HARVARD,S0175,1,nominal,30,41290901,Joint Huber,1.0678853749011896,0.8529089605951357,2.1046562703247678,1.0983400286776257
HARVARD,S0175,1,nominal,30,41290901,Joint OLS,4.96277029036488,4.2679087008109,8.467482702273621,6.812224326465514
HARVARD,S0175,1,nominal,30,41290901,Offset-only,21.323213836720715,18.26227864972385,37.13850988256722,28.53797071478541
HARVARD,S0175,1,nominal,30,41290901,Raw,132.75431735875134,130.0340461242706,159.96921429860055,255.19890093820732
HARVARD,S0175,1,nominal,31,41290902,Joint Huber,1.0612468924023308,0.8478438981328669,2.071961349909257,1.143870018160247
HARVARD,S0175,1,nominal,31,41290902,Joint OLS,4.555507459466441,3.9495767808432167,7.685245692008369,6.298190038958779
HARVARD,S0175,1,nominal,31,41290902,Offset-only,20.115868790581505,17.25531204143376,34.91535658622489,39.67447555521429
HARVARD,S0175,1,nominal,31,41290902,Raw,87.81105879651909,85.30163671518089,115.76395895110582,117.71848025196395
HARVARD,S0175,1,nominal,32,41290903,Joint Huber,1.043472662905114,0.833029987567552,2.0432099849848844,1.05341675356851
HARVARD,S0175,1,nominal,32,41290903,Joint OLS,4.202734511414397,3.517173738990566,7.633753230223039,5.400637867023685
HARVARD,S0175,1,nominal,32,41290903,Offset-only,33.70937735539902,28.9539816927892,58.36911461708807,39.567074579158806
HARVARD,S0175,1,nominal,32,41290903,Raw,154.04503608251113,150.34943576664307,201.54281526097705,179.79413439149826
HARVARD,S0175,1,nominal,33,41290904,Joint Huber,1.0403061720080449,0.8342056777405383,2.007500264893558,1.0853562151638183
HARVARD,S0175,1,nominal,33,41290904,Joint OLS,3.868438206120557,3.3349793638749423,6.653524829231827,4.644420473469863
HARVARD,S0175,1,nominal,33,41290904,Offset-only,26.309597925008852,22.5199626494012,46.287376718810336,36.74325790462253
HARVARD,S0175,1,nominal,33,41290904,Raw,63.08970019550926,58.791317257456285,91.56790845264884,101.16865914543791
HARVARD,S0175,1,nominal,34,41290905,Joint Huber,1.0203639507332785,0.8135404107106416,2.0111404214135824,1.0621930500904593
HARVARD,S0175,1,nominal,34,41290905,Joint OLS,5.823715248873944,4.767507395588172,10.638537974916051,7.491793127444755
HARVARD,S0175,1,nominal,34,41290905,Offset-only,19.60226185685316,16.656430881710037,35.264600714073254,38.56927290631673
HARVARD,S0175,1,nominal,34,41290905,Raw,150.72159200984865,147.90237867188574,176.65082645285918,259.26124801578754
HARVARD,S0175,1,nominal,35,41290906,Joint Huber,1.1479967259944317,0.918404609691534,2.245706485312482,1.363622168074557
HARVARD,S0175,1,nominal,35,41290906,Joint OLS,4.078463396667701,3.5184707061973786,7.050987419488309,6.980245774922314
HARVARD,S0175,1,nominal,35,41290906,Offset-only,26.13458956525112,22.433701231435265,45.40683144908411,41.5830980595031
HARVARD,S0175,1,nominal,35,41290906,Raw,81.92189194613309,77.64289390441573,114.02678619964402,119.6054583449604
HARVARD,S0175,1,nominal,36,41290907,Joint Huber,1.0210967895715677,0.8148817412606038,1.9955324445977145,1.0288618614411416
HARVARD,S0175,1,nominal,36,41290907,Joint OLS,3.711290231946197,3.094462133684676,6.782093411434431,4.50763971048929
HARVARD,S0175,1,nominal,36,41290907,Offset-only,23.59002110243301,20.189007001685745,41.51917941153185,36.80917648203943
HARVARD,S0175,1,nominal,36,41290907,Raw,171.9598592182858,170.3172696032372,205.7185259915819,290.886780920849
HARVARD,S0175,1,nominal,37,41290908,Joint Huber,1.0751835628641868,0.8596326465663884,2.085523315659544,1.178522074530911
HARVARD,S0175,1,nominal,37,41290908,Joint OLS,6.051736683811331,5.040527404913679,11.059512534834235,8.93678456663751
HARVARD,S0175,1,nominal,37,41290908,Offset-only,20.289713079570056,17.360252597703475,35.732399481173125,39.37600442896752
HARVARD,S0175,1,nominal,37,41290908,Raw,150.85268519527526,148.8224274977476,173.23780955352026,195.55443595825523
HARVARD,S0175,1,nominal,38,41290909,Joint Huber,1.063561736885349,0.8480825113306965,2.0982654262297733,1.1260909303296338
HARVARD,S0175,1,nominal,38,41290909,Joint OLS,2.734377414724295,2.271643211980137,5.017915069020519,4.5110839765483375
HARVARD,S0175,1,nominal,38,41290909,Offset-only,21.54093524489592,18.4601770495746,37.59935931965957,36.92118075426775
HARVARD,S0175,1,nominal,38,41290909,Raw,115.24313655509958,113.23615322677432,145.78543107773527,166.489352351995
HARVARD,S0175,1,nominal,39,41290910,Joint Huber,1.0449420734120514,0.8338819588407347,2.0555078048762,1.08799268540235
HARVARD,S0175,1,nominal,39,41290910,Joint OLS,4.890502055213807,4.079555396873896,8.846766796538754,7.111578736894045
HARVARD,S0175,1,nominal,39,41290910,Offset-only,34.788025073917694,29.652200165570243,62.22989708356873,43.79488912509548
HARVARD,S0175,1,nominal,39,41290910,Raw,122.78963050183889,117.3123419250961,167.99455590390374,162.04927597186798
HARVARD,S0175,1,nominal,40,41290911,Joint Huber,1.0658296766049091,0.849605716945492,2.08438524793646,1.090925444357145
HARVARD,S0175,1,nominal,40,41290911,Joint OLS,4.617757211676631,3.843787651064637,8.158989280124821,5.836108848660997
HARVARD,S0175,1,nominal,40,41290911,Offset-only,21.968554032828344,18.754945368707887,38.56092552755413,29.11014300182737
HARVARD,S0175,1,nominal,40,41290911,Raw,69.20822759450587,65.56706051789473,93.0239537647569,164.1982610083739
HARVARD,S0175,1,nominal,41,41290912,Joint Huber,1.028193078709642,0.8185016631288209,2.0195340423811103,1.074130808823765
HARVARD,S0175,1,nominal,41,41290912,Joint OLS,4.762981895140376,4.108210560193373,8.144518964011382,6.418806857142867
HARVARD,S0175,1,nominal,41,41290912,Offset-only,23.931131577443445,20.490868963313403,42.17672875670581,41.7226886778803
HARVARD,S0175,1,nominal,41,41290912,Raw,131.47771068568284,127.40759153520384,156.8517656010135,208.49645172125616
HARVARD,S0175,1,nominal,42,41290913,Joint Huber,1.0632550259661806,0.8482204066638508,2.087634451699216,1.114631166373892
HARVARD,S0175,1,nominal,42,41290913,Joint OLS,3.384669717213989,2.8441312284338567,6.067998199141833,4.3917711694201484
HARVARD,S0175,1,nominal,42,41290913,Offset-only,25.59823850020889,22.05424500516197,43.40486781770361,36.4248214618235
HARVARD,S0175,1,nominal,42,41290913,Raw,87.27769128288804,82.89485095109536,115.69282264326988,151.77608851793872
HARVARD,S0175,1,nominal,43,41290914,Joint Huber,1.0350657183997214,0.8265321283809124,2.0297122745477125,1.1112069363800336
HARVARD,S0175,1,nominal,43,41290914,Joint OLS,3.122326042869844,2.6051775937573622,5.745938867421518,5.519276827390007
HARVARD,S0175,1,nominal,43,41290914,Offset-only,18.098304082801448,15.47201047822068,31.926994843476685,37.14056820423045
HARVARD,S0175,1,nominal,43,41290914,Raw,142.27245051537813,141.07316248138488,168.22099355144928,232.02180764634295
HARVARD,S0175,1,nominal,44,41290915,Joint Huber,1.034858826172388,0.8289744904812467,2.0099873323527366,1.089102239119389
HARVARD,S0175,1,nominal,44,41290915,Joint OLS,3.845369201747341,3.1953942600879106,6.975777856453469,4.673808048497367
HARVARD,S0175,1,nominal,44,41290915,Offset-only,16.946157155640094,14.53753348744728,29.367037022219744,38.07103283743568
HARVARD,S0175,1,nominal,44,41290915,Raw,150.4328398083472,148.23029263953424,173.9389638148322,234.3291778106668
HARVARD,S0175,1,nominal,45,41290916,Joint Huber,1.0030968967776015,0.7988109956338323,1.9701034974560552,1.0183196091505586
HARVARD,S0175,1,nominal,45,41290916,Joint OLS,4.32823128089854,3.547547186203124,7.87199538618686,5.951173198969388
HARVARD,S0175,1,nominal,45,41290916,Offset-only,16.06012419604318,13.805843582289354,27.589423988694957,27.586454852551537
HARVARD,S0175,1,nominal,45,41290916,Raw,84.65149213387227,82.7948602390177,106.1494620095525,183.4611448663062
HARVARD,S0175,1,nominal,46,41290917,Joint Huber,1.0301566271912712,0.82115060832029,2.031535299713028,1.0814261745216147
HARVARD,S0175,1,nominal,46,41290917,Joint OLS,3.629186063411708,3.1289344866009534,6.287253490051205,4.861307114573076
HARVARD,S0175,1,nominal,46,41290917,Offset-only,21.473707539139934,18.439822161882255,37.26090010747853,33.42955043404732
HARVARD,S0175,1,nominal,46,41290917,Raw,105.28801568681644,102.17755655492786,134.64484102639594,178.45956374479195
HARVARD,S0175,1,nominal,47,41290918,Joint Huber,1.1328363069198848,0.9086653327709426,2.2039118809594527,1.3748031641640095
HARVARD,S0175,1,nominal,47,41290918,Joint OLS,3.818462231574905,3.1474561223762403,7.052840895559776,6.814434377957192
HARVARD,S0175,1,nominal,47,41290918,Offset-only,29.9042435821164,25.76676037890265,51.02399481403391,42.35461417345716
HARVARD,S0175,1,nominal,47,41290918,Raw,96.77726248182589,91.49644825377938,135.42082365700264,185.52971963053147
HARVARD,S0175,1,nominal,48,41290919,Joint Huber,1.0363177651944977,0.8290172745642433,2.0290047458907168,1.0999928531295566
HARVARD,S0175,1,nominal,48,41290919,Joint OLS,5.855458663527956,4.866541931939208,10.5904332869076,8.253088004015542
HARVARD,S0175,1,nominal,48,41290919,Offset-only,19.264274858860865,16.433486228268777,33.9845365098741,27.42298860496794
HARVARD,S0175,1,nominal,48,41290919,Raw,88.2004534484391,84.82908286479287,110.87998532903713,217.14289454547645
HARVARD,S0175,1,nominal,49,41290920,Joint Huber,1.0848821820671324,0.8684007176136532,2.104790460859363,1.2789344526184905
HARVARD,S0175,1,nominal,49,41290920,Joint OLS,3.5651137062199454,3.2041449699219964,5.757405728753184,4.749781111745526
HARVARD,S0175,1,nominal,49,41290920,Offset-only,28.433464890533152,24.37301531587105,49.675384787558485,36.871470813297286
HARVARD,S0175,1,nominal,49,41290920,Raw,148.91552131904817,145.27997919335476,186.10418578425367,241.90907641807084
HARVARD,S0175,1,stress,0,41290921,Joint Huber,5.622257262956149,4.498229441358555,10.98784940178348,5.975185669049872
HARVARD,S0175,1,stress,0,41290921,Joint OLS,10.706502443036886,8.974632732288416,19.502780755823014,13.447724616514956
HARVARD,S0175,1,stress,0,41290921,Offset-only,97.5872557417904,83.92041733365008,165.63595352805214,187.89755779574372
HARVARD,S0175,1,stress,0,41290921,Raw,454.09104468497696,441.7493108699658,590.6635693140859,594.600759392063
HARVARD,S0175,1,stress,1,41290922,Joint Huber,5.566242307514158,4.459156937047887,10.841171359493629,6.160868154158686
HARVARD,S0175,1,stress,1,41290922,Joint OLS,15.411642542357605,13.004371405482573,27.539987534136227,30.491157043236477
HARVARD,S0175,1,stress,1,41290922,Offset-only,99.75211771093556,85.58420666323464,172.33471743097186,200.99730286520813
HARVARD,S0175,1,stress,1,41290922,Raw,274.18632598784336,255.01286224991247,404.9734981295119,653.303854978069
HARVARD,S0175,1,stress,2,41290923,Joint Huber,5.622698481655236,4.478524126534523,11.079385119553107,6.844476678986185
HARVARD,S0175,1,stress,2,41290923,Joint OLS,14.54626373743456,12.27817556215514,25.98994968300117,19.869698685201023
HARVARD,S0175,1,stress,2,41290923,Offset-only,132.7862528676985,113.9250585070084,230.83059697486877,207.89592482011165
HARVARD,S0175,1,stress,2,41290923,Raw,526.7484730420724,510.01982083039456,711.3215060348949,855.6626912099284
HARVARD,S0175,1,stress,3,41290924,Joint Huber,5.72656599726321,4.592892918912575,11.125013941120802,6.601129102113764
HARVARD,S0175,1,stress,3,41290924,Joint OLS,11.263338618367843,9.697110524437251,19.733792786995256,14.535034514329274
HARVARD,S0175,1,stress,3,41290924,Offset-only,82.70479171446686,70.90025795366839,142.5883749794487,132.6549819501875
HARVARD,S0175,1,stress,3,41290924,Raw,299.35832230017667,286.40405254858143,405.1289135578748,496.27353581074993
HARVARD,S0175,1,stress,4,41290925,Joint Huber,5.886476924213604,4.726232326278554,11.457734641165375,6.685100838414011
HARVARD,S0175,1,stress,4,41290925,Joint OLS,15.44417053798471,13.106744851183503,27.732762278867284,24.26227591630355
HARVARD,S0175,1,stress,4,41290925,Offset-only,27.18959265343724,23.133108309841088,47.00195944280412,54.33522211776343
HARVARD,S0175,1,stress,4,41290925,Raw,328.7977824080416,327.36432471462865,368.1218110793159,428.1375899867264
HARVARD,S0175,1,stress,5,41290926,Joint Huber,5.66899593510932,4.549322486269914,11.075086306196624,6.144401351023219
HARVARD,S0175,1,stress,5,41290926,Joint OLS,16.209108111507405,13.877913519966295,28.27459678963149,19.273599574716936
HARVARD,S0175,1,stress,5,41290926,Offset-only,53.21171046547143,45.445807433391,94.04169968303404,159.84337859374455
HARVARD,S0175,1,stress,5,41290926,Raw,217.71821020007036,211.7586338435781,261.3214754693394,386.8393333541882
HARVARD,S0175,1,stress,6,41290927,Joint Huber,5.282946607256772,4.227874635147258,10.310056222012063,5.7837055058325175
HARVARD,S0175,1,stress,6,41290927,Joint OLS,9.440986059431786,7.919136613059395,17.24718995422574,12.644523562379684
HARVARD,S0175,1,stress,6,41290927,Offset-only,145.45002802389982,124.55083545153022,253.366975441151,181.21357157218384
HARVARD,S0175,1,stress,6,41290927,Raw,272.1498120463109,249.32495597778075,412.50953244009577,597.6055840456545
HARVARD,S0175,1,stress,7,41290928,Joint Huber,6.372534393748138,5.125165557042696,12.30821432268252,9.42879785425008
HARVARD,S0175,1,stress,7,41290928,Joint OLS,15.779972120232085,12.85432801226656,29.05518652055408,35.893380901109865
HARVARD,S0175,1,stress,7,41290928,Offset-only,84.42866251519733,72.17475970104891,148.02744883985835,161.56363954561638
HARVARD,S0175,1,stress,7,41290928,Raw,236.3699608302525,223.82146183918616,310.6661414313213,372.6028952740386
HARVARD,S0175,1,stress,8,41290929,Joint Huber,5.559996339897683,4.441858649943423,10.91935894021523,5.848354109097515
HARVARD,S0175,1,stress,8,41290929,Joint OLS,17.528185111315402,15.000030243474,30.68159449861068,20.047588715237715
HARVARD,S0175,1,stress,8,41290929,Offset-only,45.95600775229312,39.110844662124734,81.99481140151141,64.18504150479988
HARVARD,S0175,1,stress,8,41290929,Raw,202.6619209934978,195.91441157505412,262.42844258732566,340.86140640914346
HARVARD,S0175,1,stress,9,41290930,Joint Huber,5.627500344244048,4.533596446573285,10.939954182676104,6.7867484168065
HARVARD,S0175,1,stress,9,41290930,Joint OLS,16.033543333673435,13.391493419207215,29.05233236162026,22.815081246196808
HARVARD,S0175,1,stress,9,41290930,Offset-only,70.11203784167235,59.0842231601762,126.04740702018223,120.84150809408376
HARVARD,S0175,1,stress,9,41290930,Raw,236.8697924530792,228.62908405932723,316.36254970900666,385.50750444185184
HARVARD,S0175,1,stress,10,41290931,Joint Huber,5.5705672129553685,4.447843171470886,10.92264146421549,6.180303300156482
HARVARD,S0175,1,stress,10,41290931,Joint OLS,14.243521248493693,12.27894065270647,24.63203198474524,18.66378171662357
HARVARD,S0175,1,stress,10,41290931,Offset-only,128.46633671860266,109.30389544705146,226.02868657452208,166.39936900508556
HARVARD,S0175,1,stress,10,41290931,Raw,256.1633653056556,232.30973056055976,403.2830412701502,403.46778984097966
HARVARD,S0175,1,stress,11,41290932,Joint Huber,6.356679278497586,5.11833614601828,12.265985782396086,7.440815139784959
HARVARD,S0175,1,stress,11,41290932,Joint OLS,20.253749625642623,16.69595628694211,36.72827362008571,36.94528483522663
HARVARD,S0175,1,stress,11,41290932,Offset-only,132.8324271048532,113.18572788840648,235.97492685080573,195.36552882301416
HARVARD,S0175,1,stress,11,41290932,Raw,308.6352255444812,285.555820099074,454.9007155360158,496.70950633525166
HARVARD,S0175,1,stress,12,41290933,Joint Huber,5.922217437723752,4.752887224009198,11.529849642686065,7.849684428746081
HARVARD,S0175,1,stress,12,41290933,Joint OLS,15.317621322128415,12.7595138915427,27.934610112953884,27.42595173525729
HARVARD,S0175,1,stress,12,41290933,Offset-only,184.0696327887682,156.9920669168091,323.68965921520584,212.82102665618703
HARVARD,S0175,1,stress,12,41290933,Raw,477.4807659592298,447.5853233642939,700.9549671827529,688.5194061572139
HARVARD,S0175,1,stress,13,41290934,Joint Huber,5.760552597455912,4.634048841190146,11.205555790798185,7.197622274138509
HARVARD,S0175,1,stress,13,41290934,Joint OLS,18.871531086633954,16.06293423329774,32.83013579226464,43.28092598594221
HARVARD,S0175,1,stress,13,41290934,Offset-only,115.85097413683025,98.23348688527322,209.2646072871572,203.64078644144496
HARVARD,S0175,1,stress,13,41290934,Raw,257.1511157704298,238.18214669641117,382.5775945811347,451.94968096558506
HARVARD,S0175,1,stress,14,41290935,Joint Huber,6.205862545213176,4.998666628112228,12.055052581932204,7.662357539027343
HARVARD,S0175,1,stress,14,41290935,Joint OLS,18.177003372844084,15.232527252951815,32.79574087887696,24.74782943530519
HARVARD,S0175,1,stress,14,41290935,Offset-only,191.1893728402637,164.06108136060996,333.338046436786,206.03597898550333
HARVARD,S0175,1,stress,14,41290935,Raw,294.6478061714424,253.14978945122343,503.6282019800388,435.0735771871808
HARVARD,S0175,1,stress,15,41290936,Joint Huber,5.443348634359535,4.354191518424522,10.5584448085871,5.58531634169626
HARVARD,S0175,1,stress,15,41290936,Joint OLS,15.344710730689735,13.248443282732977,26.551594199938226,19.937163984362986
HARVARD,S0175,1,stress,15,41290936,Offset-only,183.51651197085573,156.47913723836717,322.44156774070024,215.10451387922336
HARVARD,S0175,1,stress,15,41290936,Raw,291.38726715591133,261.05664549735803,469.8479199518617,619.7203909609444
HARVARD,S0175,1,stress,16,41290937,Joint Huber,5.753501973885222,4.598360889975664,11.324012547220144,7.0889126026333935
HARVARD,S0175,1,stress,16,41290937,Joint OLS,17.17839073699591,14.761901743320166,30.055505797071127,23.66975572915917
HARVARD,S0175,1,stress,16,41290937,Offset-only,36.939928994159736,31.02137055611741,66.96164067494107,90.091359128613
HARVARD,S0175,1,stress,16,41290937,Raw,243.2764365225143,239.3880953061419,292.1197263996109,377.1997499080551
HARVARD,S0175,1,stress,17,41290938,Joint Huber,5.392063408837103,4.300438469793716,10.57661226420237,5.571376839893019
HARVARD,S0175,1,stress,17,41290938,Joint OLS,9.204392511792674,8.007773074774216,15.911515407670151,13.273581327644164
HARVARD,S0175,1,stress,17,41290938,Offset-only,117.06966613297396,100.00847699359996,207.54125235570007,212.62866641135773
HARVARD,S0175,1,stress,17,41290938,Raw,445.7181369174532,428.4779712013181,603.3959385798028,495.6447863148375
HARVARD,S0175,1,stress,18,41290939,Joint Huber,6.111901688954158,4.904207064772416,11.969998492004088,6.7607275388415
HARVARD,S0175,1,stress,18,41290939,Joint OLS,24.852592598698475,21.770016381652965,41.677071913419866,30.32176514229724
HARVARD,S0175,1,stress,18,41290939,Offset-only,190.67912209565745,159.932060673608,343.72167961192173,249.96733649096083
HARVARD,S0175,1,stress,18,41290939,Raw,541.0982359176556,516.7808106304162,752.5802521539362,803.3376118006272
HARVARD,S0175,1,stress,19,41290940,Joint Huber,5.892008265421904,4.726821976285286,11.437174068820257,7.616621106030615
HARVARD,S0175,1,stress,19,41290940,Joint OLS,19.822397398320906,16.744116628525443,35.651575257826096,27.087419212120157
HARVARD,S0175,1,stress,19,41290940,Offset-only,26.295858554291705,22.305374026909792,46.17418165521184,35.14210431670649
HARVARD,S0175,1,stress,19,41290940,Raw,351.27513862518606,350.20487530226904,388.7208101011232,461.64006247185785
HARVARD,S0175,1,stress,20,41290941,Joint Huber,6.503430392935403,5.2377311237544895,12.596808650864146,8.113930210793107
HARVARD,S0175,1,stress,20,41290941,Joint OLS,22.370406086104968,18.782915798616227,40.747816709407225,37.74152037643599
HARVARD,S0175,1,stress,20,41290941,Offset-only,152.2350685661169,130.38121914745244,266.74977209986025,196.2122978493803
HARVARD,S0175,1,stress,20,41290941,Raw,391.517052888329,367.8798597917274,573.5336563650264,710.6604714851692
HARVARD,S0175,1,stress,21,41290942,Joint Huber,5.416321758976945,4.327399840993269,10.618506689191957,5.810333772961374
HARVARD,S0175,1,stress,21,41290942,Joint OLS,17.126787203502374,14.72538826171307,29.308352263885688,30.442913709325552
HARVARD,S0175,1,stress,21,41290942,Offset-only,98.3417633962692,84.1316105977021,170.15937384901022,185.7703883169021
HARVARD,S0175,1,stress,21,41290942,Raw,169.87687121654426,149.30950158141582,281.9026195220124,441.92942094501
HARVARD,S0175,1,stress,22,41290943,Joint Huber,5.730411761531383,4.588653254845053,11.10968459880475,5.967101949197073
HARVARD,S0175,1,stress,22,41290943,Joint OLS,17.428871877538004,15.679521571149532,28.170309084303916,20.66499887202692
HARVARD,S0175,1,stress,22,41290943,Offset-only,60.08453974373692,51.67257166860166,101.68523096254768,86.17996154549178
HARVARD,S0175,1,stress,22,41290943,Raw,266.6796401108659,257.7955448118121,349.61234135798134,532.2253548522214
HARVARD,S0175,1,stress,23,41290944,Joint Huber,5.637532067768721,4.507713596783472,11.048102335186272,6.918570284410568
HARVARD,S0175,1,stress,23,41290944,Joint OLS,12.304621898277468,10.508316506794602,21.725766218692577,16.192500407510476
HARVARD,S0175,1,stress,23,41290944,Offset-only,106.38737426029437,91.33821272202476,183.40432590152665,163.0785821899905
HARVARD,S0175,1,stress,23,41290944,Raw,381.40946346045,366.04022141794536,527.2532967697822,560.8314759774928
HARVARD,S0175,1,stress,24,41290945,Joint Huber,6.323480817016387,5.079791851233853,12.271040233246923,8.654512724405553
HARVARD,S0175,1,stress,24,41290945,Joint OLS,18.34435933510414,15.603561807155408,31.956742382557398,30.158642256968136
HARVARD,S0175,1,stress,24,41290945,Offset-only,99.7585432889177,85.65679395911975,169.9825031586352,183.05381850573175
HARVARD,S0175,1,stress,24,41290945,Raw,253.4443015574849,232.7350757750469,360.9814665048493,512.769397967831
HARVARD,S0175,1,stress,25,41290946,Joint Huber,5.809512094652286,4.651418763344852,11.325398219697297,6.854948332526022
HARVARD,S0175,1,stress,25,41290946,Joint OLS,20.809368410397244,18.267805662169003,35.008502694693824,26.665039035267743
HARVARD,S0175,1,stress,25,41290946,Offset-only,105.94502809653436,90.36009535032898,188.71707629737992,115.05047188861596
HARVARD,S0175,1,stress,25,41290946,Raw,323.9093342713238,304.8098760165939,460.5127956530623,575.6311181881835
HARVARD,S0175,1,stress,26,41290947,Joint Huber,6.192961508147734,4.981289237857897,11.97773096007726,6.745745098178543
HARVARD,S0175,1,stress,26,41290947,Joint OLS,23.312261667302863,19.6367205542764,41.40273499346279,29.77431501101924
HARVARD,S0175,1,stress,26,41290947,Offset-only,116.25751172577058,99.3894724552288,203.985855102809,211.4280221050692
HARVARD,S0175,1,stress,26,41290947,Raw,309.5937023035355,288.39550809308736,457.4205398941495,527.6987929100945
HARVARD,S0175,1,stress,27,41290948,Joint Huber,5.5451657673297605,4.446911357656839,10.707524329328605,5.906973334738762
HARVARD,S0175,1,stress,27,41290948,Joint OLS,20.312750567146093,17.56397618675198,34.52829724104376,30.098471430239726
HARVARD,S0175,1,stress,27,41290948,Offset-only,91.44927328908594,78.07478663093993,162.0884736497443,153.4401212756672
HARVARD,S0175,1,stress,27,41290948,Raw,301.16792726297496,281.4850886956465,417.4950698808232,461.5722920312982
HARVARD,S0175,1,stress,28,41290949,Joint Huber,6.899150658448879,5.613252148741744,13.106226701990932,11.256573913569351
HARVARD,S0175,1,stress,28,41290949,Joint OLS,17.300001243379768,14.76706620299632,30.63224625403791,21.421832414178823
HARVARD,S0175,1,stress,28,41290949,Offset-only,115.22678586271331,98.53133896194832,202.82121118450925,187.60134250759847
HARVARD,S0175,1,stress,28,41290949,Raw,147.62070360501306,123.61218123270496,259.0610496774658,189.92686323968005
HARVARD,S0175,1,stress,29,41290950,Joint Huber,7.62086101231794,6.2023654586127535,14.476111531441926,8.519856759185497
HARVARD,S0175,1,stress,29,41290950,Joint OLS,25.87716400708083,22.79677732345537,42.32502579967751,32.40422891356433
HARVARD,S0175,1,stress,29,41290950,Offset-only,79.59582577929238,67.22082646555971,139.3783215528033,124.15786859138096
HARVARD,S0175,1,stress,29,41290950,Raw,262.6969018205268,248.5593697093481,359.97429535763814,391.70186319595535
HARVARD,S0175,1,stress,30,41290951,Joint Huber,5.886231499173151,4.718752623116528,11.42237434033566,6.705384472426195
HARVARD,S0175,1,stress,30,41290951,Joint OLS,18.432165055392822,16.151647945941342,30.94779770115821,28.061622983473605
HARVARD,S0175,1,stress,30,41290951,Offset-only,153.34877198514263,131.6388312621619,262.955924017631,199.0476691991781
HARVARD,S0175,1,stress,30,41290951,Raw,228.759784610538,200.14626656115684,382.9759717755461,305.2060531531966
HARVARD,S0175,1,stress,31,41290952,Joint Huber,5.558003081942309,4.46765656043692,10.830228288413965,6.04248318740567
HARVARD,S0175,1,stress,31,41290952,Joint OLS,11.721309053261276,9.87763974607585,21.14735562415575,18.459774545564795
HARVARD,S0175,1,stress,31,41290952,Offset-only,117.703165312581,101.46989529141756,197.1884705811684,194.6786210205404
HARVARD,S0175,1,stress,31,41290952,Raw,330.3701150545053,303.87779185268835,477.2062171711378,433.3926741126948
HARVARD,S0175,1,stress,32,41290953,Joint Huber,5.704881805713901,4.578266339230169,10.958962798742178,6.369355619330854
HARVARD,S0175,1,stress,32,41290953,Joint OLS,19.651408584979897,16.879065024579187,33.9690864374699,27.862361569923408
HARVARD,S0175,1,stress,32,41290953,Offset-only,72.05759580568512,60.820442506600784,128.29403207508562,125.80502854146424
HARVARD,S0175,1,stress,32,41290953,Raw,314.1580492965901,302.77806063019415,395.7850756662389,519.3958840689534
HARVARD,S0175,1,stress,33,41290954,Joint Huber,5.303818828960141,4.224533124001179,10.449288242707478,5.746613958863834
HARVARD,S0175,1,stress,33,41290954,Joint OLS,14.52792854269068,11.921106149825974,26.708300781683,18.215573321613498
HARVARD,S0175,1,stress,33,41290954,Offset-only,142.57889073227585,121.47704133787178,253.45689036623344,200.98578892452767
HARVARD,S0175,1,stress,33,41290954,Raw,397.4171421642957,377.3099923206903,566.9379021437687,646.5091012106831
HARVARD,S0175,1,stress,34,41290955,Joint Huber,6.147293021335534,4.9402298279339725,12.00520784651964,8.971012782478345
HARVARD,S0175,1,stress,34,41290955,Joint OLS,14.425101439669024,12.156487522754556,25.3924491418748,30.4207318875159
HARVARD,S0175,1,stress,34,41290955,Offset-only,133.12694557500512,113.4869213363733,235.20525047619984,215.4312129773712
HARVARD,S0175,1,stress,34,41290955,Raw,311.8905939462713,291.8084640560161,460.4047864975166,598.7445379458908
HARVARD,S0175,1,stress,35,41290956,Joint Huber,6.337587796199923,5.1189533614499245,12.175135528141473,7.333287104331834
HARVARD,S0175,1,stress,35,41290956,Joint OLS,15.459160288666329,13.995079738093782,24.623043249281555,25.57885371835121
HARVARD,S0175,1,stress,35,41290956,Offset-only,77.04367766172857,65.23402812739937,137.95839324489992,141.6207196466257
HARVARD,S0175,1,stress,35,41290956,Raw,268.8437686982926,257.0375889081942,352.62717412197446,485.8619502189218
HARVARD,S0175,1,stress,36,41290957,Joint Huber,6.911901313695761,5.592690652434673,13.293969994032029,7.6894667544843
HARVARD,S0175,1,stress,36,41290957,Joint OLS,20.498063204232803,17.23799482996165,36.77558607648805,27.32698287319765
HARVARD,S0175,1,stress,36,41290957,Offset-only,102.81770041350724,87.06775534026606,186.21148016314245,224.09077507546536
HARVARD,S0175,1,stress,36,41290957,Raw,225.0409974353994,211.4963388339,319.87198179836406,535.7370193399831
HARVARD,S0175,1,stress,37,41290958,Joint Huber,5.406842521027846,4.313971596440167,10.565745880927317,5.9647960175684815
HARVARD,S0175,1,stress,37,41290958,Joint OLS,11.493355716204816,10.183793567428577,19.24502396803938,15.521764088859436
HARVARD,S0175,1,stress,37,41290958,Offset-only,79.66963270347836,67.41640688872153,142.9895914080308,119.35302085523136
HARVARD,S0175,1,stress,37,41290958,Raw,305.1189682429229,290.6271002479482,402.29353828565024,497.4597852934962
HARVARD,S0175,1,stress,38,41290959,Joint Huber,5.503588877559938,4.4025897115293295,10.674070335380394,5.886912482695257
HARVARD,S0175,1,stress,38,41290959,Joint OLS,14.197618772659974,12.41441122121192,24.216029246297488,17.80221850544178
HARVARD,S0175,1,stress,38,41290959,Offset-only,151.06513930898515,129.48817211841313,262.35789843831503,218.31828767012425
HARVARD,S0175,1,stress,38,41290959,Raw,388.7600207373688,357.0608143180651,572.2122019044264,618.8180054136178
HARVARD,S0175,1,stress,39,41290960,Joint Huber,5.340759770562627,4.258737162895705,10.473361040219231,5.616547926518397
HARVARD,S0175,1,stress,39,41290960,Joint OLS,11.894508712140096,9.824731160743672,21.792303452637185,17.355628966337864
HARVARD,S0175,1,stress,39,41290960,Offset-only,98.8352675967514,84.13265294402845,172.3560306903682,181.5756528766247
HARVARD,S0175,1,stress,39,41290960,Raw,297.19998296281415,278.6562019345498,422.9101745025503,586.0683345261535
HARVARD,S0175,1,stress,40,41290961,Joint Huber,5.631522995165929,4.504447710453186,11.10326558547581,6.356953783332365
HARVARD,S0175,1,stress,40,41290961,Joint OLS,15.358937567497428,12.716126980607172,27.984754936464903,24.639189833122305
HARVARD,S0175,1,stress,40,41290961,Offset-only,100.90130193825313,86.37499276665109,175.46971324588435,160.61812793029546
HARVARD,S0175,1,stress,40,41290961,Raw,198.53079862175252,180.70817077387775,303.25678125105253,398.438081303438
HARVARD,S0175,1,stress,41,41290962,Joint Huber,5.563447169058454,4.450258436093911,10.852339493487364,6.271179369169587
HARVARD,S0175,1,stress,41,41290962,Joint OLS,13.017234769042153,10.879817905468832,23.61837791392045,21.42585700642704
HARVARD,S0175,1,stress,41,41290962,Offset-only,114.84823726688242,97.80406336832728,205.71094875419476,184.21322292142628
HARVARD,S0175,1,stress,41,41290962,Raw,245.4795774614228,225.5904662022886,372.9253590787411,524.8962354160458
HARVARD,S0175,1,stress,42,41290963,Joint Huber,5.317571415045924,4.239751090935372,10.401015175202136,5.977583423010468
HARVARD,S0175,1,stress,42,41290963,Joint OLS,12.977521682692297,10.84351203073695,23.225475719697247,17.279471380104653
HARVARD,S0175,1,stress,42,41290963,Offset-only,67.3425987702687,57.41825941375183,119.19011479379608,115.48486510591236
HARVARD,S0175,1,stress,42,41290963,Raw,304.97387367388654,291.3769986258527,390.69817000485455,484.9965728831752
HARVARD,S0175,1,stress,43,41290964,Joint Huber,6.010936909243759,4.807276370430184,11.661028450051704,7.857913916141652
HARVARD,S0175,1,stress,43,41290964,Joint OLS,22.529880721998435,19.06084857103585,39.61950739895812,33.4218068398684
HARVARD,S0175,1,stress,43,41290964,Offset-only,149.9880000942559,127.295330014396,269.148711114968,195.71430758855772
HARVARD,S0175,1,stress,43,41290964,Raw,353.01553040224104,326.605009108922,524.9510345304717,764.2552798800732
HARVARD,S0175,1,stress,44,41290965,Joint Huber,6.814819252844406,5.508710418648116,13.145980998534412,7.348712038957573
HARVARD,S0175,1,stress,44,41290965,Joint OLS,20.469412621570815,17.836490713837765,34.570703144548,28.90436414127712
HARVARD,S0175,1,stress,44,41290965,Offset-only,143.45246695386857,123.01620641233164,245.54422710000236,194.6078439690764
HARVARD,S0175,1,stress,44,41290965,Raw,444.9636770696312,414.6474703932039,630.4783851821725,630.665436655709
HARVARD,S0175,1,stress,45,41290966,Joint Huber,5.723775815204558,4.5913971812698735,11.188603054093884,6.542868244376424
HARVARD,S0175,1,stress,45,41290966,Joint OLS,17.08085977046394,14.122901547655449,31.37677121466389,22.14066480783405
HARVARD,S0175,1,stress,45,41290966,Offset-only,86.82055636265027,73.99043105748014,153.5026144256481,208.5672699703331
HARVARD,S0175,1,stress,45,41290966,Raw,402.7280504645791,388.35645752578847,517.3702071414187,597.5023449110788
HARVARD,S0175,1,stress,46,41290967,Joint Huber,5.581235832454484,4.461690262481876,10.994058694176092,5.827168753753387
HARVARD,S0175,1,stress,46,41290967,Joint OLS,18.943456493931787,16.80394176188268,30.954882548391183,23.477431959097675
HARVARD,S0175,1,stress,46,41290967,Offset-only,111.87978619891447,94.72823907103933,201.7036945267705,191.18499453909465
HARVARD,S0175,1,stress,46,41290967,Raw,317.9709801237658,302.01821487186544,438.80523778694425,609.8886145048419
HARVARD,S0175,1,stress,47,41290968,Joint Huber,5.429791090157895,4.349469564855996,10.61905196931967,5.596796705409666
HARVARD,S0175,1,stress,47,41290968,Joint OLS,13.324445251282931,10.990635313749442,24.5293289294958,16.156064061694345
HARVARD,S0175,1,stress,47,41290968,Offset-only,104.66273602937557,89.12425365202645,187.2351266386386,167.1750304150856
HARVARD,S0175,1,stress,47,41290968,Raw,351.2114825526837,331.73295982176825,485.697994836688,657.1881803177569
HARVARD,S0175,1,stress,48,41290969,Joint Huber,5.634481449160454,4.516560079065903,11.055071548857676,6.433559537519988
HARVARD,S0175,1,stress,48,41290969,Joint OLS,22.9959884497879,19.207048031840007,41.87040339709706,29.515741999663152
HARVARD,S0175,1,stress,48,41290969,Offset-only,141.37094953064542,121.41467547839672,244.45833125779848,199.77881597042517
HARVARD,S0175,1,stress,48,41290969,Raw,184.787444014536,152.51556119770214,335.6938715030016,252.6052217168919
HARVARD,S0175,1,stress,49,41290970,Joint Huber,5.354037113132349,4.277802173717492,10.48842268166226,5.477739990621445
HARVARD,S0175,1,stress,49,41290970,Joint OLS,19.859502105815626,16.597959735355953,36.43103961988317,39.00316271950564
HARVARD,S0175,1,stress,49,41290970,Offset-only,99.10562844084993,84.56791203389173,174.5253523778004,156.2170878866981
HARVARD,S0175,1,stress,49,41290970,Raw,330.44445286639655,314.1397219721779,453.1472772679217,407.9435529026906
HARVARD,S0199,1,clean,0,41300821,Joint Huber,0.1075823230646706,0.0858991219832921,0.2114458812878972,0.1174704940716232
HARVARD,S0199,1,clean,0,41300821,Joint OLS,0.1075844702848907,0.0859037100722887,0.2120461223029224,0.1202872758987351
HARVARD,S0199,1,clean,0,41300821,Offset-only,22.41577540994801,19.195823915078,39.56144495780319,30.910681582877427
HARVARD,S0199,1,clean,0,41300821,Raw,127.69279146220931,125.05255833279853,158.78796904186538,249.8680386055097
HARVARD,S0199,1,clean,1,41300822,Joint Huber,0.1056710455246113,0.0845381775490745,0.2071048972323019,0.1085616555276532
HARVARD,S0199,1,clean,1,41300822,Joint OLS,0.1067594899290655,0.0854377662394002,0.2081745137033409,0.1127372264509983
HARVARD,S0199,1,clean,1,41300822,Offset-only,22.225408923627946,19.029115426378628,39.2756854079102,35.36424020926119
HARVARD,S0199,1,clean,1,41300822,Raw,171.71314887800753,170.27396019004965,203.6964284737896,266.28156899224734
HARVARD,S0199,1,clean,2,41300823,Joint Huber,0.1077065936401227,0.086127275233111,0.2089694226079075,0.1309888997841198
HARVARD,S0199,1,clean,2,41300823,Joint OLS,0.1068085922523995,0.0853069075904591,0.207803752768676,0.1265195252008152
HARVARD,S0199,1,clean,2,41300823,Offset-only,18.23548462856561,15.612730991685016,32.220221604626346,30.128125683322587
HARVARD,S0199,1,clean,2,41300823,Raw,169.18397038729964,167.53204599367209,194.98029789769973,262.1818910678228
HARVARD,S0199,1,clean,3,41300824,Joint Huber,0.1049614086716708,0.0837378354691149,0.2062095184403035,0.109805375196551
HARVARD,S0199,1,clean,3,41300824,Joint OLS,0.1029703481320921,0.0821347604850544,0.2030586330599604,0.1054162089866029
HARVARD,S0199,1,clean,3,41300824,Offset-only,17.783685048043335,15.224551351476157,31.430853510500256,34.74292120800771
HARVARD,S0199,1,clean,3,41300824,Raw,105.9878892492938,101.66317853732652,127.95367934525784,181.4322775627038
HARVARD,S0199,1,clean,4,41300825,Joint Huber,0.1142027218955917,0.0916736885724067,0.2226960601293015,0.1238522235382802
HARVARD,S0199,1,clean,4,41300825,Joint OLS,0.1144624478183669,0.0918451788971827,0.2238565756286448,0.1222594301290582
HARVARD,S0199,1,clean,4,41300825,Offset-only,29.80168738108305,25.51679586823852,52.660281117844136,35.02616888035916
HARVARD,S0199,1,clean,4,41300825,Raw,136.78661544380674,133.45575141711527,178.24539279292378,195.6713665513549
HARVARD,S0199,1,clean,5,41300826,Joint Huber,0.1098681464665292,0.0879636874029173,0.2157796492952002,0.123558774445784
HARVARD,S0199,1,clean,5,41300826,Joint OLS,0.1072202157757461,0.085761740221987,0.2108691411022434,0.1183817573485803
HARVARD,S0199,1,clean,5,41300826,Offset-only,21.18722929830068,18.139050398211484,37.45038588951903,32.48541032594777
HARVARD,S0199,1,clean,5,41300826,Raw,119.6613668774807,116.40908902857028,147.49059591750182,201.3577480052804
HARVARD,S0199,1,clean,6,41300827,Joint Huber,0.1031180791896106,0.0821469605836256,0.2026589816160218,0.1049847720301241
HARVARD,S0199,1,clean,6,41300827,Joint OLS,0.1022628654374582,0.0814341997867366,0.1998378081362606,0.1038739489899034
HARVARD,S0199,1,clean,6,41300827,Offset-only,25.026604108488502,21.42800752496935,44.21928057733578,35.97786190878145
HARVARD,S0199,1,clean,6,41300827,Raw,83.69834084588196,80.26998824738192,112.0550736509232,168.31745905652184
HARVARD,S0199,1,clean,7,41300828,Joint Huber,0.1046702178927986,0.0835352964247363,0.2037247628347672,0.1132209905408684
HARVARD,S0199,1,clean,7,41300828,Joint OLS,0.1024363189115236,0.0817102012331256,0.2018263728126967,0.1042974796892639
HARVARD,S0199,1,clean,7,41300828,Offset-only,20.78550414591693,17.795808963605168,36.72042008923119,36.05253029345472
HARVARD,S0199,1,clean,7,41300828,Raw,139.43255232902808,136.39370836845686,167.63967821819844,275.18567269539744
HARVARD,S0199,1,clean,8,41300829,Joint Huber,0.1039894012990371,0.0830351314645307,0.202646564607889,0.1072053690498524
HARVARD,S0199,1,clean,8,41300829,Joint OLS,0.1049361297023343,0.083819544745075,0.2042773754956428,0.1092694206612919
HARVARD,S0199,1,clean,8,41300829,Offset-only,7.077101996153083,6.0594059222470165,12.498125810481753,14.028082238371352
HARVARD,S0199,1,clean,8,41300829,Raw,86.29150382404396,85.46063281864673,96.10542117574728,145.51149284965427
HARVARD,S0199,1,clean,9,41300830,Joint Huber,0.1014650999281436,0.0810301762892737,0.1996969225909195,0.1024457260633014
HARVARD,S0199,1,clean,9,41300830,Joint OLS,0.1011522121399286,0.0807855841599068,0.1989111462096904,0.1015057825167089
HARVARD,S0199,1,clean,9,41300830,Offset-only,18.786146116510896,16.083512210641413,33.18743803001807,24.220567706571146
HARVARD,S0199,1,clean,9,41300830,Raw,166.1510788693236,164.69901894951298,191.180155020614,272.2736152459755
HARVARD,S0199,1,clean,10,41300831,Joint Huber,0.1071267073704604,0.0857116840064232,0.2083426201768157,0.1098940290752701
HARVARD,S0199,1,clean,10,41300831,Joint OLS,0.104885622239339,0.0839014362319425,0.2048474345933471,0.1100658630807894
HARVARD,S0199,1,clean,10,41300831,Offset-only,10.447936389489874,8.940642665389902,18.49561901230508,19.770906624167782
HARVARD,S0199,1,clean,10,41300831,Raw,94.1705838471843,92.85744701169703,108.54014407357845,170.94118305912068
HARVARD,S0199,1,clean,11,41300832,Joint Huber,0.1052907935726028,0.0842339479505294,0.2051718364844745,0.1177798977910328
HARVARD,S0199,1,clean,11,41300832,Joint OLS,0.1055649033330333,0.0843691874510702,0.205969880545176,0.1162979635060471
HARVARD,S0199,1,clean,11,41300832,Offset-only,13.64880730126251,11.689517645564182,24.08582132120163,29.51672107048852
HARVARD,S0199,1,clean,11,41300832,Raw,135.16890044217627,133.756147120565,154.29455905827007,223.9755816411376
HARVARD,S0199,1,clean,12,41300833,Joint Huber,0.1014984739023964,0.0812005234019914,0.1984083228479427,0.1023203192865331
HARVARD,S0199,1,clean,12,41300833,Joint OLS,0.1019369641549689,0.0815631949347312,0.1988752520961867,0.1033552358596477
HARVARD,S0199,1,clean,12,41300833,Offset-only,20.552452041946733,17.594933687703843,36.34230023920955,34.134033565923005
HARVARD,S0199,1,clean,12,41300833,Raw,139.6821445954738,136.7126720354992,167.60956150862532,196.33045463053816
HARVARD,S0199,1,clean,13,41300834,Joint Huber,0.1037584287749633,0.0830436984117655,0.2025991811279937,0.1053423257132142
HARVARD,S0199,1,clean,13,41300834,Joint OLS,0.1051087033104845,0.0841386484169218,0.2052433258056652,0.106455338816161
HARVARD,S0199,1,clean,13,41300834,Offset-only,17.389254122837325,14.884001559279003,30.757678290528467,30.083797643295974
HARVARD,S0199,1,clean,13,41300834,Raw,133.4355629667324,131.53987017863227,157.644158981733,217.3510831160428
HARVARD,S0199,1,clean,14,41300835,Joint Huber,0.1023980781739563,0.0814266275965684,0.2018989815042005,0.1047692165317349
HARVARD,S0199,1,clean,14,41300835,Joint OLS,0.1021168536040234,0.0812298487325455,0.2021626165642942,0.1031571814254387
HARVARD,S0199,1,clean,14,41300835,Offset-only,21.024263749447467,17.99335085596711,37.22710632702047,29.71752198765581
HARVARD,S0199,1,clean,14,41300835,Raw,85.77410733752224,82.56587987095642,109.2271672920022,174.49100455504433
HARVARD,S0199,1,clean,15,41300836,Joint Huber,0.1026255221290532,0.0817267379033132,0.2016528085754032,0.1070078023711505
HARVARD,S0199,1,clean,15,41300836,Joint OLS,0.1028095949938262,0.0818295515330677,0.2021749963308394,0.1047370078491147
HARVARD,S0199,1,clean,15,41300836,Offset-only,18.574861462532628,15.90422766633706,32.80222459452249,32.95410718643542
HARVARD,S0199,1,clean,15,41300836,Raw,151.16049360866313,149.48366460408653,177.41114087407448,213.78084523715688
HARVARD,S0199,1,clean,16,41300837,Joint Huber,0.105250582113808,0.0838743171561858,0.2075004494500376,0.1085769146918931
HARVARD,S0199,1,clean,16,41300837,Joint OLS,0.1050749172990427,0.0836647092795972,0.2061047581947584,0.1065055620160278
HARVARD,S0199,1,clean,16,41300837,Offset-only,22.134551407857685,18.95051196293491,39.13070755681876,31.16101481058561
HARVARD,S0199,1,clean,16,41300837,Raw,134.08343899390644,132.1423101292537,165.43396129957694,215.6503535462582
HARVARD,S0199,1,clean,17,41300838,Joint Huber,0.1032259822615798,0.0823677634582678,0.2034009980478757,0.1077034672170609
HARVARD,S0199,1,clean,17,41300838,Joint OLS,0.1024125465135794,0.0817026451148547,0.2024855228537348,0.1052997462023206
HARVARD,S0199,1,clean,17,41300838,Offset-only,7.790161280575225,6.667527604514183,13.76490819699603,17.07929554600067
HARVARD,S0199,1,clean,17,41300838,Raw,121.43180904675587,121.07268450241872,132.76673593112082,248.7078271183112
HARVARD,S0199,1,clean,18,41300839,Joint Huber,0.1025652440130949,0.0821240984521463,0.2014844448730457,0.1063747450415013
HARVARD,S0199,1,clean,18,41300839,Joint OLS,0.1038257086261723,0.0832005762198718,0.2045112854681896,0.1087149843728987
HARVARD,S0199,1,clean,18,41300839,Offset-only,21.77989788652788,18.64433023438379,38.48918456500101,31.52064378128541
HARVARD,S0199,1,clean,18,41300839,Raw,84.61431937939106,80.7777705489614,113.32770018960146,188.14415409579163
HARVARD,S0199,1,clean,19,41300840,Joint Huber,0.1076340259872818,0.0858694299449145,0.2097208439947096,0.1226459554601311
HARVARD,S0199,1,clean,19,41300840,Joint OLS,0.104293917653835,0.0831664990469202,0.2028554736296137,0.1074133518450927
HARVARD,S0199,1,clean,19,41300840,Offset-only,16.332645119568276,13.986651642221632,28.8354055958572,28.49191555196948
HARVARD,S0199,1,clean,19,41300840,Raw,137.08988519458774,135.68042162672438,160.26562594138278,230.33300344577
HARVARD,S0199,1,clean,20,41300841,Joint Huber,0.1060955601886557,0.0845293875792895,0.2079123359770562,0.1105898021268978
HARVARD,S0199,1,clean,20,41300841,Joint OLS,0.1051194343216155,0.0837515482919699,0.2064836665383041,0.1109614486936787
HARVARD,S0199,1,clean,20,41300841,Offset-only,25.293953251257776,21.66050939223771,44.65461780011433,36.24338324537869
HARVARD,S0199,1,clean,20,41300841,Raw,221.0799279416438,219.7245830242892,257.7539659227366,310.131506361638
HARVARD,S0199,1,clean,21,41300842,Joint Huber,0.1041886993003516,0.0831335330527437,0.2053427209951053,0.1082980103232087
HARVARD,S0199,1,clean,21,41300842,Joint OLS,0.1029165740001176,0.0822046965444792,0.2019541721804074,0.1054528820290428
HARVARD,S0199,1,clean,21,41300842,Offset-only,15.490929165491025,13.264804981506254,27.3475614056526,21.797748898271987
HARVARD,S0199,1,clean,21,41300842,Raw,155.5293301970488,153.58759530686493,176.87840088916218,255.25364658030367
HARVARD,S0199,1,clean,22,41300843,Joint Huber,0.1043546778149318,0.0831642521828948,0.2034454912022809,0.1109791290107983
HARVARD,S0199,1,clean,22,41300843,Joint OLS,0.1041969723970033,0.0829993538164375,0.2037219494409381,0.1089407379782651
HARVARD,S0199,1,clean,22,41300843,Offset-only,10.335906073963931,8.85466873325788,18.22717419691049,22.388091060467502
HARVARD,S0199,1,clean,22,41300843,Raw,178.08542125225503,177.18611519819166,192.7596844869438,223.90802453009655
HARVARD,S0199,1,clean,23,41300844,Joint Huber,0.1026669974399479,0.0816928155400676,0.2025538352231848,0.1055090256946901
HARVARD,S0199,1,clean,23,41300844,Joint OLS,0.1018335079190498,0.0810025521092502,0.2005247842210345,0.1041090091736593
HARVARD,S0199,1,clean,23,41300844,Offset-only,25.56045879141495,21.884164515655364,45.196181007957215,33.937742604561954
HARVARD,S0199,1,clean,23,41300844,Raw,120.11522901567989,116.39465720548678,154.83341559457278,225.8727239803869
HARVARD,S0199,1,clean,24,41300845,Joint Huber,0.1096945082520219,0.087429686312289,0.2149493682090053,0.1169142627364767
HARVARD,S0199,1,clean,24,41300845,Joint OLS,0.1098904668296122,0.0875290215153714,0.2149461325558377,0.1177019271621363
HARVARD,S0199,1,clean,24,41300845,Offset-only,9.427664052418086,8.07386036714027,16.640602598444598,16.958849159322092
HARVARD,S0199,1,clean,24,41300845,Raw,156.18451312816134,155.73012030974687,169.9138294336337,221.86541238658623
HARVARD,S0199,1,clean,25,41300846,Joint Huber,0.105436044059175,0.083853667808414,0.206356309691813,0.1102579734836535
HARVARD,S0199,1,clean,25,41300846,Joint OLS,0.1042344476911182,0.0829403682703634,0.2046241256692837,0.1081640184860133
HARVARD,S0199,1,clean,25,41300846,Offset-only,12.776465989092252,10.935983598883258,22.5852184898338,21.160021967215663
HARVARD,S0199,1,clean,25,41300846,Raw,134.18337115676775,133.50245369928132,152.6742697352727,203.0130284615533
HARVARD,S0199,1,clean,26,41300847,Joint Huber,0.1078134659371154,0.0860421363196048,0.2130395475893998,0.1188362389191232
HARVARD,S0199,1,clean,26,41300847,Joint OLS,0.1076451616224189,0.0859129012713139,0.2117167936269482,0.1230583928796889
HARVARD,S0199,1,clean,26,41300847,Offset-only,9.139843069284556,7.828214457266292,16.115766069384474,18.768963866526487
HARVARD,S0199,1,clean,26,41300847,Raw,152.19466799732757,151.47294268317137,165.2288543533361,203.05986351531055
HARVARD,S0199,1,clean,27,41300848,Joint Huber,0.1029980210333171,0.082150392515256,0.2020280465572455,0.1075986614511363
HARVARD,S0199,1,clean,27,41300848,Joint OLS,0.1032215576834446,0.0823263130295241,0.2022031265542346,0.1087899553372237
HARVARD,S0199,1,clean,27,41300848,Offset-only,21.1718814515346,18.1276764368166,37.425670227673095,34.48395156708167
HARVARD,S0199,1,clean,27,41300848,Raw,142.68275177628473,140.8170241433334,172.64945357900388,241.60383187286763
HARVARD,S0199,1,clean,28,41300849,Joint Huber,0.1030884107447714,0.0822362837192193,0.2016420257621832,0.1051221617864634
HARVARD,S0199,1,clean,28,41300849,Joint OLS,0.1029722793933637,0.0820624595250232,0.2018963519153871,0.1057225526470915
HARVARD,S0199,1,clean,28,41300849,Offset-only,27.500431991013308,23.54665529545061,48.54903842261056,33.3748493251775
HARVARD,S0199,1,clean,28,41300849,Raw,142.94877737823612,140.04368175906487,181.38237308571087,232.2630647463904
HARVARD,S0199,1,clean,29,41300850,Joint Huber,0.102649283818119,0.0818841148354519,0.2011573851190107,0.1065380273625429
HARVARD,S0199,1,clean,29,41300850,Joint OLS,0.1028104702113003,0.0820165793492561,0.2012330545838381,0.108645566019461
HARVARD,S0199,1,clean,29,41300850,Offset-only,15.705243601458834,13.448695842097935,27.73717844100112,27.86574725056616
HARVARD,S0199,1,clean,29,41300850,Raw,169.90144106299022,168.1143763438604,191.74525900719516,265.1752935660728
HARVARD,S0199,1,clean,30,41300851,Joint Huber,0.1042318714200868,0.0833011934741434,0.2042054180378727,0.1104599145563424
HARVARD,S0199,1,clean,30,41300851,Joint OLS,0.1033101679255343,0.0825683490659144,0.2017265184313998,0.1081099764510565
HARVARD,S0199,1,clean,30,41300851,Offset-only,14.11581688063231,12.088007170024962,24.92931490420594,33.58787115375075
HARVARD,S0199,1,clean,30,41300851,Raw,108.75788322116922,106.04067120568774,126.86543673846798,183.21567941518387
HARVARD,S0199,1,clean,31,41300852,Joint Huber,0.1040331471599618,0.0830843900593342,0.2041650631936065,0.1091243081704167
HARVARD,S0199,1,clean,31,41300852,Joint OLS,0.1029768454833619,0.0822342364545931,0.2012150429993809,0.1060185470950507
HARVARD,S0199,1,clean,31,41300852,Offset-only,13.885852138396386,11.885488278947498,24.575694005679072,25.49382086781388
HARVARD,S0199,1,clean,31,41300852,Raw,113.88324644332324,111.97623573216998,132.85407365418757,176.68958188386884
HARVARD,S0199,1,clean,32,41300853,Joint Huber,0.1059783207143476,0.0849065730098664,0.2073949035916734,0.1159611598208345
HARVARD,S0199,1,clean,32,41300853,Joint OLS,0.1058387602185208,0.0847831876924869,0.2061185490649375,0.1118276695227962
HARVARD,S0199,1,clean,32,41300853,Offset-only,6.569149068163267,5.6239084175860246,11.604657495862192,9.371257909572554
HARVARD,S0199,1,clean,32,41300853,Raw,172.04656197216883,171.92166144489863,181.8043876636418,225.59510006945
HARVARD,S0199,1,clean,33,41300854,Joint Huber,0.1063928373164543,0.0848374392582455,0.2074894997420529,0.1135690639495555
HARVARD,S0199,1,clean,33,41300854,Joint OLS,0.1073472400854792,0.0855347632883834,0.2095450215345629,0.1166164452908009
HARVARD,S0199,1,clean,33,41300854,Offset-only,20.941094653443617,17.930833036484728,36.95581493032103,28.696566423352795
HARVARD,S0199,1,clean,33,41300854,Raw,64.01421547991414,60.54732983420589,91.44847065042532,110.89606308013067
HARVARD,S0199,1,clean,34,41300855,Joint Huber,0.1055260529594334,0.0838648783628394,0.2091409888917539,0.1174409436195516
HARVARD,S0199,1,clean,34,41300855,Joint OLS,0.105901754712729,0.0842304220784817,0.2103091076172348,0.1151856627318854
HARVARD,S0199,1,clean,34,41300855,Offset-only,23.83853283234641,20.40969036710003,42.11781717194159,34.71416443759298
HARVARD,S0199,1,clean,34,41300855,Raw,90.76780480358008,87.18996142906289,116.53410791047855,247.0436357876021
HARVARD,S0199,1,clean,35,41300856,Joint Huber,0.1039017814804163,0.0830355582274133,0.2027411280973279,0.1094356243917253
HARVARD,S0199,1,clean,35,41300856,Joint OLS,0.1040228599877787,0.0831809596855362,0.2027422784074417,0.1097947904642259
HARVARD,S0199,1,clean,35,41300856,Offset-only,20.30726399771424,17.385144921414682,35.883822271340726,30.71570154004318
HARVARD,S0199,1,clean,35,41300856,Raw,73.50325008167651,70.1673683639161,100.68163988418836,172.2941079652665
HARVARD,S0199,1,clean,36,41300857,Joint Huber,0.1042862992646949,0.0832860544708474,0.2060981219906388,0.1118701321801452
HARVARD,S0199,1,clean,36,41300857,Joint OLS,0.1033590965378411,0.0825336559399976,0.2033898847841442,0.1062822859810174
HARVARD,S0199,1,clean,36,41300857,Offset-only,9.015643081248424,7.716239753881936,15.93722569771418,16.652654055677882
HARVARD,S0199,1,clean,36,41300857,Raw,165.46366659613076,165.17353857321567,178.69451069275104,219.90660026835505
HARVARD,S0199,1,clean,37,41300858,Joint Huber,0.1044679352576763,0.0835527783310891,0.2032164124432967,0.1102522614425908
HARVARD,S0199,1,clean,37,41300858,Joint OLS,0.1061769283450015,0.0849387893543101,0.2066384017361145,0.1154992738696508
HARVARD,S0199,1,clean,37,41300858,Offset-only,16.806220255373802,14.387225540404067,29.68950053693664,32.472749286596056
HARVARD,S0199,1,clean,37,41300858,Raw,79.73764643232758,77.94619164719177,97.09077113489802,191.1598335053432
HARVARD,S0199,1,clean,38,41300859,Joint Huber,0.1093295451344605,0.0874091282274465,0.2137979559614145,0.128610554680835
HARVARD,S0199,1,clean,38,41300859,Joint OLS,0.1074062563294555,0.0857865280749922,0.2105220656986262,0.1225209924272753
HARVARD,S0199,1,clean,38,41300859,Offset-only,15.42204410914876,13.20601544804178,27.243246663564054,21.06212939687532
HARVARD,S0199,1,clean,38,41300859,Raw,144.5864270604977,143.6484592242546,166.8762005583756,194.1753679462101
HARVARD,S0199,1,clean,39,41300860,Joint Huber,0.1067078671360215,0.085342645809727,0.2079676656720153,0.1159318323420344
HARVARD,S0199,1,clean,39,41300860,Joint OLS,0.1051655978533542,0.0841135139847684,0.2043413715469455,0.1127067370679912
HARVARD,S0199,1,clean,39,41300860,Offset-only,19.423183293108824,16.6324621447,34.299316307418785,32.3376839069805
HARVARD,S0199,1,clean,39,41300860,Raw,166.53022363748516,163.8717406967745,193.09644653298145,264.68289636514595
HARVARD,S0199,1,clean,40,41300861,Joint Huber,0.104441837790201,0.0834757069776883,0.2035607242053317,0.1110127054807852
HARVARD,S0199,1,clean,40,41300861,Joint OLS,0.1032642362477443,0.0825064209906329,0.2004251823663594,0.1055211707940748
HARVARD,S0199,1,clean,40,41300861,Offset-only,10.519747821776594,9.008212609950917,18.562457571783497,22.60044828230799
HARVARD,S0199,1,clean,40,41300861,Raw,147.9498564451729,147.0128630492625,160.2064095129985,207.3219274371417
HARVARD,S0199,1,clean,41,41300862,Joint Huber,0.1032242107320316,0.0824869379554853,0.202593906318227,0.1096592063711021
HARVARD,S0199,1,clean,41,41300862,Joint OLS,0.1030867527243743,0.0823443376068402,0.2026383628871642,0.1094343948181363
HARVARD,S0199,1,clean,41,41300862,Offset-only,17.566891070187683,15.039783455538222,31.041030192982703,21.880403578312347
HARVARD,S0199,1,clean,41,41300862,Raw,132.00862202568553,130.6991633132228,157.10253880509015,209.7485745176265
HARVARD,S0199,1,clean,42,41300863,Joint Huber,0.1051224083723417,0.0838362213416971,0.2048709396369475,0.1105155056763658
HARVARD,S0199,1,clean,42,41300863,Joint OLS,0.1038312743502416,0.0826830975982626,0.2034700782601817,0.1065863435129889
HARVARD,S0199,1,clean,42,41300863,Offset-only,12.904529050954949,11.047079023979895,22.832198213396197,34.84765719428372
HARVARD,S0199,1,clean,42,41300863,Raw,110.19213953679936,109.07583427347448,128.4768958500716,164.32059379778102
HARVARD,S0199,1,clean,43,41300864,Joint Huber,0.103851262096666,0.0829091278669253,0.2037717814701523,0.1091984080280387
HARVARD,S0199,1,clean,43,41300864,Joint OLS,0.1046357935636194,0.0835728963342227,0.2048427029674116,0.1110257069919988
HARVARD,S0199,1,clean,43,41300864,Offset-only,12.836495162241077,10.992372921382088,22.653145657877797,32.7337307277662
HARVARD,S0199,1,clean,43,41300864,Raw,159.81013963990748,158.41162893072837,173.71424690881332,265.4084770932595
HARVARD,S0199,1,clean,44,41300865,Joint Huber,0.1046345644930874,0.0837938727979464,0.2034445596667211,0.1099839023959593
HARVARD,S0199,1,clean,44,41300865,Joint OLS,0.1025108679267371,0.0820964078362301,0.2004745689461629,0.1077967277187499
HARVARD,S0199,1,clean,44,41300865,Offset-only,16.38953990931296,14.035720991309043,28.935323572791297,32.34983054601257
HARVARD,S0199,1,clean,44,41300865,Raw,163.52045325697514,162.10853872919236,186.75630786533455,247.76976647806208
HARVARD,S0199,1,clean,45,41300866,Joint Huber,0.1042265592425215,0.0832883817389372,0.2044539815415191,0.1060406242976628
HARVARD,S0199,1,clean,45,41300866,Joint OLS,0.1037663860641165,0.0829830734847582,0.203824660883356,0.1082639970861009
HARVARD,S0199,1,clean,45,41300866,Offset-only,21.755847267380688,18.62944927512164,38.42319517944697,33.3197958131244
HARVARD,S0199,1,clean,45,41300866,Raw,132.35317736857908,130.30558264167917,163.03268576107942,237.07872246033693
HARVARD,S0199,1,clean,46,41300867,Joint Huber,0.1056412543160183,0.0844782571189072,0.2073548546039916,0.1138378494548773
HARVARD,S0199,1,clean,46,41300867,Joint OLS,0.1031242380671939,0.0823850471232393,0.2019919992328312,0.1066177449102649
HARVARD,S0199,1,clean,46,41300867,Offset-only,20.0725522397104,17.188109579391302,35.46253044734913,30.69273957479681
HARVARD,S0199,1,clean,46,41300867,Raw,54.99810948691072,51.69297094353456,79.15448334975164,87.2870681758333
HARVARD,S0199,1,clean,47,41300868,Joint Huber,0.1034404345580225,0.0826229422352704,0.203110436310383,0.1063697342134307
HARVARD,S0199,1,clean,47,41300868,Joint OLS,0.102130089221335,0.0815402826806568,0.2002392094534678,0.1043250887126411
HARVARD,S0199,1,clean,47,41300868,Offset-only,15.878768186211936,13.597811902084262,28.036245171849394,26.06543180973857
HARVARD,S0199,1,clean,47,41300868,Raw,128.74969777446898,127.27861204375648,150.02552001615416,276.67775648001685
HARVARD,S0199,1,clean,48,41300869,Joint Huber,0.1057082931063689,0.0844506189268003,0.2072347440805533,0.1104498095921658
HARVARD,S0199,1,clean,48,41300869,Joint OLS,0.1040680955590411,0.0831273909905712,0.2043075749904588,0.1087200389123334
HARVARD,S0199,1,clean,48,41300869,Offset-only,17.4760963233528,14.96206481790347,30.88842736525521,31.70760004641121
HARVARD,S0199,1,clean,48,41300869,Raw,103.04209673823212,100.73227369531406,127.01819223895824,149.50606135845902
HARVARD,S0199,1,clean,49,41300870,Joint Huber,0.1034268356114482,0.0825730327365741,0.2027126007224211,0.1060685058142547
HARVARD,S0199,1,clean,49,41300870,Joint OLS,0.1018006184049084,0.0812900565841414,0.1999227364844813,0.1035613661191571
HARVARD,S0199,1,clean,49,41300870,Offset-only,19.59174713235397,16.774874262882047,34.61900285485857,31.416284683753947
HARVARD,S0199,1,clean,49,41300870,Raw,144.3500919416124,142.3774380600011,171.8505127880677,239.8719813595148
HARVARD,S0199,1,nominal,0,41300871,Joint Huber,1.1658020559708884,0.9367427250937478,2.268569473275584,1.3735399531660737
HARVARD,S0199,1,nominal,0,41300871,Joint OLS,2.796536353488221,2.477687604786781,4.674002408413891,2.890322168292347
HARVARD,S0199,1,nominal,0,41300871,Offset-only,10.717516906658144,9.178328268981268,18.671409186893943,17.762446505791225
HARVARD,S0199,1,nominal,0,41300871,Raw,173.02248937255308,172.46568452466406,188.74893346759904,270.0481378607962
HARVARD,S0199,1,nominal,1,41300872,Joint Huber,1.0343867293283666,0.8266205445500676,2.0355384423908167,1.1185028670092234
HARVARD,S0199,1,nominal,1,41300872,Joint OLS,3.678244439243949,3.246992510999616,6.047655223953052,5.463122336303933
HARVARD,S0199,1,nominal,1,41300872,Offset-only,10.772408513643924,9.234087667511092,18.688345002161125,17.159093954338967
HARVARD,S0199,1,nominal,1,41300872,Raw,132.51201855082346,131.47413587478297,147.7969321946608,209.3299418238199
HARVARD,S0199,1,nominal,2,41300873,Joint Huber,1.0509049214501829,0.8378772655988629,2.065478751213235,1.1042828401569915
HARVARD,S0199,1,nominal,2,41300873,Joint OLS,3.6625389027689694,3.1032213609266077,6.519101378406766,6.491618595818797
HARVARD,S0199,1,nominal,2,41300873,Offset-only,27.75633739613616,23.89135639186245,47.61924901112727,34.09168423686859
HARVARD,S0199,1,nominal,2,41300873,Raw,90.00152438258576,85.28917780179293,126.66782049736716,129.36265646301987
HARVARD,S0199,1,nominal,3,41300874,Joint Huber,1.059590286432322,0.8458932272491788,2.078813833769644,1.1254330780271438
HARVARD,S0199,1,nominal,3,41300874,Joint OLS,3.8837402032503383,3.2086072835152573,7.036864468113713,7.084924520266703
HARVARD,S0199,1,nominal,3,41300874,Offset-only,22.8299906376456,19.555284071868076,40.073043548273816,33.82927332670092
HARVARD,S0199,1,nominal,3,41300874,Raw,65.98956616373674,61.03738394954124,94.59831341097528,104.55126828889104
HARVARD,S0199,1,nominal,4,41300875,Joint Huber,1.1162584395326818,0.8932602994668751,2.1765036090101835,1.2182435568230037
HARVARD,S0199,1,nominal,4,41300875,Joint OLS,3.1555952009261823,2.616443443396693,5.797291677266969,4.114787607424206
HARVARD,S0199,1,nominal,4,41300875,Offset-only,22.91350735637652,19.64931280902932,39.93606156227818,33.15407493640524
HARVARD,S0199,1,nominal,4,41300875,Raw,95.14575728564203,91.8031156424016,126.4401003451816,137.41556555447806
HARVARD,S0199,1,nominal,5,41300876,Joint Huber,1.037487160722529,0.8269564012972556,2.039371238463872,1.055241895988972
HARVARD,S0199,1,nominal,5,41300876,Joint OLS,4.213005051049834,3.5903839623400806,7.364294375720548,7.191012955282754
HARVARD,S0199,1,nominal,5,41300876,Offset-only,10.858074945781876,9.275341312322874,18.909271301457583,17.157324737020243
HARVARD,S0199,1,nominal,5,41300876,Raw,115.5504910429414,114.7507450595472,130.94347593705146,215.1336072506262
HARVARD,S0199,1,nominal,6,41300877,Joint Huber,1.07349209569584,0.8570758197454271,2.095913311186593,1.17720098756215
HARVARD,S0199,1,nominal,6,41300877,Joint OLS,3.3998944544355134,2.827072891320917,6.187475751401906,4.234651186216192
HARVARD,S0199,1,nominal,6,41300877,Offset-only,23.860010197111684,20.428912076851223,42.03125125668232,33.52134247286594
HARVARD,S0199,1,nominal,6,41300877,Raw,96.10752812819592,92.87802315626948,128.77645808977513,185.642505923394
HARVARD,S0199,1,nominal,7,41300878,Joint Huber,1.0813291306040314,0.8639761279823783,2.118433898626781,1.210447023379207
HARVARD,S0199,1,nominal,7,41300878,Joint OLS,2.9432517594131435,2.5915651258728776,4.94957864911374,3.932285033591175
HARVARD,S0199,1,nominal,7,41300878,Offset-only,27.678301243685414,23.67083286575706,48.73611505258341,35.62656308019257
HARVARD,S0199,1,nominal,7,41300878,Raw,141.33270844122922,138.78118676391216,180.2615859538549,171.42197153321203
HARVARD,S0199,1,nominal,8,41300879,Joint Huber,1.0840178054596117,0.8633033063437336,2.118769756305117,1.2421879558562892
HARVARD,S0199,1,nominal,8,41300879,Joint OLS,4.41974208517194,3.791593593704156,7.687050410485785,6.146906333727867
HARVARD,S0199,1,nominal,8,41300879,Offset-only,20.133698841576035,17.243686478058596,35.38192494247645,25.89970008398001
HARVARD,S0199,1,nominal,8,41300879,Raw,114.05559872469344,111.36771071243474,135.662484040158,222.4730467641396
HARVARD,S0199,1,nominal,9,41300880,Joint Huber,1.0810717712996174,0.862739682168461,2.120384393144504,1.2105454059795722
HARVARD,S0199,1,nominal,9,41300880,Joint OLS,6.4707765843551535,5.307350074414473,11.73281894355789,7.842730194528725
HARVARD,S0199,1,nominal,9,41300880,Offset-only,14.647273354554876,12.571758749980113,25.364523799861228,20.172786286117677
HARVARD,S0199,1,nominal,9,41300880,Raw,156.00374678306608,155.06974864016703,175.87104103409212,259.7523411037759
HARVARD,S0199,1,nominal,10,41300881,Joint Huber,1.0449683274162476,0.8335815539312934,2.04846424117412,1.1140517628172717
HARVARD,S0199,1,nominal,10,41300881,Joint OLS,4.27099405180836,3.651844628617955,7.353454934863657,8.309870648525777
HARVARD,S0199,1,nominal,10,41300881,Offset-only,11.526383711449418,9.86595218134042,19.81461424818555,30.05561146799668
HARVARD,S0199,1,nominal,10,41300881,Raw,120.79180144833612,119.98946189785964,137.4642183328137,160.7787612476163
HARVARD,S0199,1,nominal,11,41300882,Joint Huber,1.055243069512173,0.841603447943845,2.078631888752014,1.139232521076322
HARVARD,S0199,1,nominal,11,41300882,Joint OLS,4.122569210695676,3.493448161409326,7.23372820540904,6.722216413010265
HARVARD,S0199,1,nominal,11,41300882,Offset-only,21.116845267995807,17.96827257996184,37.92411329623593,32.54166050488089
HARVARD,S0199,1,nominal,11,41300882,Raw,134.39890303806487,131.97844211580073,163.1075057289401,214.48467618343025
HARVARD,S0199,1,nominal,12,41300883,Joint Huber,1.063526717555126,0.8489093939864382,2.067558794888513,1.1155068491376643
HARVARD,S0199,1,nominal,12,41300883,Joint OLS,5.272194359172811,4.470879284458001,9.288279806980526,8.792900182203683
HARVARD,S0199,1,nominal,12,41300883,Offset-only,14.108683493890611,12.121982749632547,24.32374417665901,26.812950132072217
HARVARD,S0199,1,nominal,12,41300883,Raw,142.57185793284248,140.48147738231,162.03353129545627,220.8693707152945
HARVARD,S0199,1,nominal,13,41300884,Joint Huber,1.0493511511659568,0.8367926843512191,2.061557265043445,1.067482908265592
HARVARD,S0199,1,nominal,13,41300884,Joint OLS,2.926112946995514,2.4660010126008363,5.211683383970467,3.4178244808172398
HARVARD,S0199,1,nominal,13,41300884,Offset-only,14.77934047680569,12.58121953598958,26.445018033654662,35.3565318927498
HARVARD,S0199,1,nominal,13,41300884,Raw,168.16374945627425,167.0006653054411,185.5364981528952,302.2418977106433
HARVARD,S0199,1,nominal,14,41300885,Joint Huber,1.0502690944407531,0.839675543642108,2.0631043907016537,1.0799786357067438
HARVARD,S0199,1,nominal,14,41300885,Joint OLS,4.801222992573885,4.021716871214204,8.604133723601803,6.036425429360646
HARVARD,S0199,1,nominal,14,41300885,Offset-only,22.04396634832969,18.92675048808329,37.9479152948496,31.52728926027476
HARVARD,S0199,1,nominal,14,41300885,Raw,55.83528429131665,52.42392248770493,81.63451126769647,120.60919655502964
HARVARD,S0199,1,nominal,15,41300886,Joint Huber,1.0505610860992578,0.8398683172529479,2.045697651251288,1.0989069521997523
HARVARD,S0199,1,nominal,15,41300886,Joint OLS,4.723960000551783,3.908713572196096,8.630114288102298,6.929778418844293
HARVARD,S0199,1,nominal,15,41300886,Offset-only,14.009607160182572,11.879881152018369,25.35611666258082,30.324729996773524
HARVARD,S0199,1,nominal,15,41300886,Raw,95.85115249668566,93.74744182030454,113.27648015385697,160.74867625834153
HARVARD,S0199,1,nominal,16,41300887,Joint Huber,1.0586488683441266,0.8466359787267177,2.078163492767349,1.164085139408196
HARVARD,S0199,1,nominal,16,41300887,Joint OLS,5.247438781827307,4.359525936881342,9.510249254592496,6.050988170972867
HARVARD,S0199,1,nominal,16,41300887,Offset-only,15.142368848768234,13.004145292219858,26.06920960030852,28.9875905861215
HARVARD,S0199,1,nominal,16,41300887,Raw,63.073931884609785,60.76603264532098,83.79572544984529,92.80698454533542
HARVARD,S0199,1,nominal,17,41300888,Joint Huber,1.049619177397055,0.83956204923566,2.05787094961365,1.088935262716902
HARVARD,S0199,1,nominal,17,41300888,Joint OLS,3.466938790345361,2.91719280687154,6.246403003315182,4.796375343978114
HARVARD,S0199,1,nominal,17,41300888,Offset-only,15.943131370555182,13.38765752958663,29.14002068274621,32.7871049687628
HARVARD,S0199,1,nominal,17,41300888,Raw,93.60116904898138,91.24936770956316,111.12609535902384,233.1098958855657
HARVARD,S0199,1,nominal,18,41300889,Joint Huber,1.0776567608639067,0.8637266307752871,2.0806823557750325,1.2176079409898288
HARVARD,S0199,1,nominal,18,41300889,Joint OLS,4.501933289306512,3.824563670628826,7.878959272616904,8.330452655751824
HARVARD,S0199,1,nominal,18,41300889,Offset-only,17.332750107551426,14.783086204783356,30.614808634015137,31.912330468342457
HARVARD,S0199,1,nominal,18,41300889,Raw,152.70765525219528,151.06529260464623,176.99421017214698,260.4915278583965
HARVARD,S0199,1,nominal,19,41300890,Joint Huber,1.0471658666263508,0.8338236613282493,2.042350037875451,1.0732440850968152
HARVARD,S0199,1,nominal,19,41300890,Joint OLS,3.6999597293443736,3.122248795939902,6.569745281025031,5.045042723449566
HARVARD,S0199,1,nominal,19,41300890,Offset-only,17.62131201773746,15.08282195796358,30.93197428286949,36.236702577947455
HARVARD,S0199,1,nominal,19,41300890,Raw,127.74202766555128,125.68684300734506,152.1404674000121,233.21849106654145
HARVARD,S0199,1,nominal,20,41300891,Joint Huber,1.0491384952295153,0.8385287692159397,2.0459223008109544,1.103263345275389
HARVARD,S0199,1,nominal,20,41300891,Joint OLS,4.925283321221007,4.261346390745482,8.434245721968292,6.5902951584592175
HARVARD,S0199,1,nominal,20,41300891,Offset-only,23.13717212119104,19.95519820446915,38.96043002002818,29.212726905406257
HARVARD,S0199,1,nominal,20,41300891,Raw,106.31779886835557,102.96012373019776,133.3493244055909,189.88913539619364
HARVARD,S0199,1,nominal,21,41300892,Joint Huber,1.044576941477913,0.8317543684711552,2.051795837664283,1.06325901238935
HARVARD,S0199,1,nominal,21,41300892,Joint OLS,4.611310545940073,3.918024469842021,8.15464608162101,5.701535208631696
HARVARD,S0199,1,nominal,21,41300892,Offset-only,8.477343013187749,7.266388860715934,14.73367535355128,17.718205948585698
HARVARD,S0199,1,nominal,21,41300892,Raw,99.32215241584764,98.71672108943112,111.60009482324726,148.16824136845628
HARVARD,S0199,1,nominal,22,41300893,Joint Huber,1.0342868624774186,0.8259655586248509,2.0253066765675065,1.0626564240391196
HARVARD,S0199,1,nominal,22,41300893,Joint OLS,4.325604900424579,3.6899804025635463,7.56167409975248,5.534409723884848
HARVARD,S0199,1,nominal,22,41300893,Offset-only,30.03569158436001,25.76922900364692,51.99545602727565,34.51142983924827
HARVARD,S0199,1,nominal,22,41300893,Raw,169.806941423699,166.00612534861745,211.13666747385625,259.0349416304552
HARVARD,S0199,1,nominal,23,41300894,Joint Huber,1.0152853618634057,0.8120156788173896,1.9827786935895384,1.041034278577245
HARVARD,S0199,1,nominal,23,41300894,Joint OLS,5.904092024164231,4.96138345107146,10.263794473773393,8.56511440408112
HARVARD,S0199,1,nominal,23,41300894,Offset-only,15.76319683253629,13.416203815959584,28.111624108958733,20.57513599847818
HARVARD,S0199,1,nominal,23,41300894,Raw,179.3058141262698,178.48783718064155,201.75166569415967,267.88032000517507
HARVARD,S0199,1,nominal,24,41300895,Joint Huber,1.0699030843525748,0.8522049770461763,2.0900679452789728,1.110264382084176
HARVARD,S0199,1,nominal,24,41300895,Joint OLS,6.015145930531714,4.970957757555,10.83216573490338,10.18561256766844
HARVARD,S0199,1,nominal,24,41300895,Offset-only,26.68532344971641,22.51975275404041,48.57500848971812,36.01467302899915
HARVARD,S0199,1,nominal,24,41300895,Raw,118.1806317524868,115.6468558243478,151.25717525659104,198.70479533408331
HARVARD,S0199,1,nominal,25,41300896,Joint Huber,1.046526822958259,0.8350535317193338,2.026045333530213,1.1030858025371972
HARVARD,S0199,1,nominal,25,41300896,Joint OLS,3.727853636749352,3.1758808604581823,6.578310515163288,6.419727326684723
HARVARD,S0199,1,nominal,25,41300896,Offset-only,18.66860213990767,16.037940104942518,32.052755729042694,34.34713132820996
HARVARD,S0199,1,nominal,25,41300896,Raw,122.9077905092074,121.08391702795804,144.6096208879053,261.9970126719939
HARVARD,S0199,1,nominal,26,41300897,Joint Huber,1.021154850482036,0.8148472665027713,1.99860076287326,1.0450763946263073
HARVARD,S0199,1,nominal,26,41300897,Joint OLS,2.9464769975429093,2.4991843099461257,5.242143368366293,4.308768898775939
HARVARD,S0199,1,nominal,26,41300897,Offset-only,26.33810591431369,22.262582822217045,47.8767117472112,32.46310685921618
HARVARD,S0199,1,nominal,26,41300897,Raw,155.41664546737644,152.0381386429224,189.79537810901377,270.3983975508105
HARVARD,S0199,1,nominal,27,41300898,Joint Huber,1.068814305872485,0.8521484243105694,2.0835271191086866,1.1679532692673529
HARVARD,S0199,1,nominal,27,41300898,Joint OLS,5.384828200559205,4.453559222846312,9.65031199988604,7.943720247532026
HARVARD,S0199,1,nominal,27,41300898,Offset-only,22.831437173550288,19.274000527864523,41.48340095768468,31.62727026722699
HARVARD,S0199,1,nominal,27,41300898,Raw,107.69975552338522,104.28594013010606,136.83983540645386,263.3683541153128
HARVARD,S0199,1,nominal,28,41300899,Joint Huber,1.186225492232172,0.9547990214225972,2.3006535353905067,1.4527721380627987
HARVARD,S0199,1,nominal,28,41300899,Joint OLS,4.049883611094157,3.343362455651018,7.528780692247494,9.34117924097855
HARVARD,S0199,1,nominal,28,41300899,Offset-only,17.357405796616316,14.870306078405246,30.20802950844974,32.07947068157674
HARVARD,S0199,1,nominal,28,41300899,Raw,62.16832855005932,59.12738424893251,84.69236974679238,112.10234482358518
HARVARD,S0199,1,nominal,29,41300900,Joint Huber,1.0559775559754134,0.842290638943578,2.0759716324960213,1.121919964533917
HARVARD,S0199,1,nominal,29,41300900,Joint OLS,4.001780200589492,3.3667282187002106,7.077790872496159,4.700824186308042
HARVARD,S0199,1,nominal,29,41300900,Offset-only,19.816541125692662,16.93680851536431,35.02582579863169,30.41355001170368
HARVARD,S0199,1,nominal,29,41300900,Raw,113.07406127365476,109.92081288107848,137.6699410812421,197.7107806262852
HARVARD,S0199,1,nominal,30,41300901,Joint Huber,1.0446058565691403,0.8320607493950828,2.049858619725864,1.1044577206382629
HARVARD,S0199,1,nominal,30,41300901,Joint OLS,2.7623443487324044,2.415908048719349,4.701976566738787,3.370256915273365
HARVARD,S0199,1,nominal,30,41300901,Offset-only,20.54675745550405,17.592101383446508,35.77814040621856,32.807541420458165
HARVARD,S0199,1,nominal,30,41300901,Raw,142.96120640489474,140.16721943259998,170.14661825147215,223.9686786404604
HARVARD,S0199,1,nominal,31,41300902,Joint Huber,1.0692610811878875,0.8538315216800647,2.0944681505316254,1.136559074215601
HARVARD,S0199,1,nominal,31,41300902,Joint OLS,3.728197368291693,3.087538043804251,6.7714347371790495,5.482995698274521
HARVARD,S0199,1,nominal,31,41300902,Offset-only,22.482877533517605,19.29658895143792,38.550738078034136,36.39917540104663
HARVARD,S0199,1,nominal,31,41300902,Raw,183.95654197026028,181.7286670696659,215.74219594515657,276.2075109707041
HARVARD,S0199,1,nominal,32,41300903,Joint Huber,1.005977464428978,0.8026035807844268,1.9657862307386869,1.0220537747516665
HARVARD,S0199,1,nominal,32,41300903,Joint OLS,3.560954883772491,2.9396805181728043,6.567224599949117,4.7600075510300215
HARVARD,S0199,1,nominal,32,41300903,Offset-only,12.469759169562495,10.64072990066902,22.045151970443925,26.222409966077343
HARVARD,S0199,1,nominal,32,41300903,Raw,162.89559476125328,161.94419786736913,180.5588195762573,256.98551526711674
HARVARD,S0199,1,nominal,33,41300904,Joint Huber,1.0665774944153754,0.8502808749361371,2.0877830846034238,1.1742844325779391
HARVARD,S0199,1,nominal,33,41300904,Joint OLS,2.853381041691227,2.488266975570309,4.847738445813166,3.882141171629144
HARVARD,S0199,1,nominal,33,41300904,Offset-only,28.492227539847537,24.40442596703457,49.99500043384084,35.544526839974296
HARVARD,S0199,1,nominal,33,41300904,Raw,146.20465940776134,142.73032741139593,182.66310861508464,305.11020678678574
HARVARD,S0199,1,nominal,34,41300905,Joint Huber,1.0818895777790316,0.8667353350571252,2.098482101747745,1.248375054418821
HARVARD,S0199,1,nominal,34,41300905,Joint OLS,3.515108909492647,2.9837974096515687,6.232118219262218,5.242607206567041
HARVARD,S0199,1,nominal,34,41300905,Offset-only,26.13241968447424,22.303724344814803,46.488432757515774,33.582559899330896
HARVARD,S0199,1,nominal,34,41300905,Raw,155.99233255227085,153.13868968186733,191.9515027020089,253.46913161169476
HARVARD,S0199,1,nominal,35,41300906,Joint Huber,1.075743162950181,0.860432219061127,2.1041349688061928,1.134925655741912
HARVARD,S0199,1,nominal,35,41300906,Joint OLS,5.096577852714445,4.231901856281466,9.172453506865352,8.372320634108306
HARVARD,S0199,1,nominal,35,41300906,Offset-only,21.85834344248345,18.665096871233427,38.74749319393575,34.42897806754902
HARVARD,S0199,1,nominal,35,41300906,Raw,88.69300061744474,85.74425837637965,115.97045648481412,130.7681886505284
HARVARD,S0199,1,nominal,36,41300907,Joint Huber,1.111440403454783,0.8895134740847181,2.166439596260972,1.2529554258939155
HARVARD,S0199,1,nominal,36,41300907,Joint OLS,5.044992423817137,4.24858988461274,8.857113460467891,7.126317113003491
HARVARD,S0199,1,nominal,36,41300907,Offset-only,16.686781999934304,14.292951946977452,29.30726826643406,23.55336556734944
HARVARD,S0199,1,nominal,36,41300907,Raw,99.29479301255984,97.92371671885648,123.03835757348196,146.68601706179368
HARVARD,S0199,1,nominal,37,41300908,Joint Huber,1.0633249680605563,0.848936321819987,2.072978239426959,1.111580253386118
HARVARD,S0199,1,nominal,37,41300908,Joint OLS,6.376868773974543,5.433435246507442,11.243361430074955,12.345877056288735
HARVARD,S0199,1,nominal,37,41300908,Offset-only,19.832217278495136,16.967773361165957,34.591537517367286,26.67009118702915
HARVARD,S0199,1,nominal,37,41300908,Raw,134.05707974741347,132.67041745696253,162.33918927474403,158.91183242775148
HARVARD,S0199,1,nominal,38,41300909,Joint Huber,1.0615477858951912,0.844852643850639,2.0938463492245822,1.1098875191405708
HARVARD,S0199,1,nominal,38,41300909,Joint OLS,5.111692006347556,4.288445074191537,9.019792619966884,8.057817135771455
HARVARD,S0199,1,nominal,38,41300909,Offset-only,19.76456053582864,16.872631816924013,34.747019711256584,28.662231970238107
HARVARD,S0199,1,nominal,38,41300909,Raw,118.749493291647,116.67216855415391,144.12646988765232,184.1213591101056
HARVARD,S0199,1,nominal,39,41300910,Joint Huber,1.0697758378192328,0.8553295601397845,2.1003636952922737,1.1449027805719838
HARVARD,S0199,1,nominal,39,41300910,Joint OLS,3.9511430944513606,3.252418195788026,7.216144596328622,6.284660065667544
HARVARD,S0199,1,nominal,39,41300910,Offset-only,25.674533967808195,21.92906327993434,45.52999631109245,35.41810846494519
HARVARD,S0199,1,nominal,39,41300910,Raw,222.8933476035925,221.16982230636717,259.56016755965504,281.1778214587629
HARVARD,S0199,1,nominal,40,41300911,Joint Huber,1.0583873546729758,0.8450415063054775,2.0784512376121005,1.136747260586002
HARVARD,S0199,1,nominal,40,41300911,Joint OLS,2.905004616352412,2.405155821615981,5.363049042425595,4.010022782151679
HARVARD,S0199,1,nominal,40,41300911,Offset-only,9.621208011493865,8.268487756921296,16.286877484928787,15.88399516945801
HARVARD,S0199,1,nominal,40,41300911,Raw,146.0810877246968,145.6641836253714,160.3970982870413,179.53192223832204
HARVARD,S0199,1,nominal,41,41300912,Joint Huber,1.0907136635086,0.8702547157174091,2.1260000266707384,1.1882228490160989
HARVARD,S0199,1,nominal,41,41300912,Joint OLS,5.828918098297988,4.86329329291563,10.459700192873278,7.8877619692209375
HARVARD,S0199,1,nominal,41,41300912,Offset-only,20.35005826315513,17.400190886582806,35.64033191673861,24.457498105328984
HARVARD,S0199,1,nominal,41,41300912,Raw,71.66900747185039,69.02144112265232,94.99897916242146,122.09126582326276
HARVARD,S0199,1,nominal,42,41300913,Joint Huber,1.0326150077066951,0.8246185052432174,2.0242853538215093,1.0702395992037894
HARVARD,S0199,1,nominal,42,41300913,Joint OLS,3.995100161273123,3.3055874617624355,7.1445810933418405,5.976461593300306
HARVARD,S0199,1,nominal,42,41300913,Offset-only,12.461800799293906,10.610528395298896,22.247267641346998,33.68378133216831
HARVARD,S0199,1,nominal,42,41300913,Raw,82.92753533294162,81.89756089158745,100.43156098795728,187.3706837522286
HARVARD,S0199,1,nominal,43,41300914,Joint Huber,1.0440497251669043,0.834584975665674,2.0447723539248845,1.083742370129206
HARVARD,S0199,1,nominal,43,41300914,Joint OLS,3.4823740968239063,2.88218422792852,6.355679724728702,6.326034126360244
HARVARD,S0199,1,nominal,43,41300914,Offset-only,7.684333286390504,6.596324385460751,13.190183126741896,12.623240575802038
HARVARD,S0199,1,nominal,43,41300914,Raw,129.82468369188194,129.55916485511244,141.3258639954427,174.99724196586698
HARVARD,S0199,1,nominal,44,41300915,Joint Huber,1.0857350313411387,0.8722419907686617,2.1102982174623595,1.1677211204275004
HARVARD,S0199,1,nominal,44,41300915,Joint OLS,3.857595095756529,3.2043205686079306,6.991082985531549,5.062327365952939
HARVARD,S0199,1,nominal,44,41300915,Offset-only,24.577077277486072,21.11680375522755,42.38803574236006,30.02171781951799
HARVARD,S0199,1,nominal,44,41300915,Raw,166.6870456034872,164.64638180107715,198.65498769876808,279.6083041334565
HARVARD,S0199,1,nominal,45,41300916,Joint Huber,1.0878044435175471,0.8665922238468304,2.150697344828601,1.1628736879606505
HARVARD,S0199,1,nominal,45,41300916,Joint OLS,4.341187456329118,3.65434122954557,7.814356772806263,5.84069414207952
HARVARD,S0199,1,nominal,45,41300916,Offset-only,14.282002928311794,12.237760422091466,24.907078829028453,30.652630154885685
HARVARD,S0199,1,nominal,45,41300916,Raw,175.63279902810856,174.72386553674028,196.34820425578957,189.18500669199705
HARVARD,S0199,1,nominal,46,41300917,Joint Huber,1.0449613004083245,0.8347241876521962,2.0513295161492806,1.089049597492574
HARVARD,S0199,1,nominal,46,41300917,Joint OLS,5.1948258115291726,4.237491454092362,9.470070664867604,7.937025184426463
HARVARD,S0199,1,nominal,46,41300917,Offset-only,21.00699373607729,17.82752533625663,37.39769136753819,36.61605175651943
HARVARD,S0199,1,nominal,46,41300917,Raw,119.721327679019,116.90155130851343,147.47473776167,184.06599816899097
HARVARD,S0199,1,nominal,47,41300918,Joint Huber,1.0201128465170777,0.8165995108591172,1.9796426701530256,1.0523346567235037
HARVARD,S0199,1,nominal,47,41300918,Joint OLS,4.6254459313876986,4.023210037861854,7.863162898906651,7.646890019759333
HARVARD,S0199,1,nominal,47,41300918,Offset-only,12.043164760156728,10.35203956581964,20.37175380020131,18.27077843669762
HARVARD,S0199,1,nominal,47,41300918,Raw,173.9305833648852,173.30071473057444,191.7218293386384,231.579047842675
HARVARD,S0199,1,nominal,48,41300919,Joint Huber,1.0530395993511648,0.8412828520604405,2.0573996327086013,1.1449754212545868
HARVARD,S0199,1,nominal,48,41300919,Joint OLS,4.135155574713057,3.510632264114914,7.291062039581453,5.877936930082087
HARVARD,S0199,1,nominal,48,41300919,Offset-only,20.66104225311078,17.624159544390885,36.79001897340815,29.399246346485366
HARVARD,S0199,1,nominal,48,41300919,Raw,87.69280466528323,84.6328122806011,115.2889860297587,171.0095131123397
HARVARD,S0199,1,nominal,49,41300920,Joint Huber,1.0850451805916712,0.8670621929755358,2.1216755544759995,1.1402028988484445
HARVARD,S0199,1,nominal,49,41300920,Joint OLS,2.3919089296348184,1.9868251231086989,4.365333260116167,3.181238653291514
HARVARD,S0199,1,nominal,49,41300920,Offset-only,10.40640240698742,8.8584069666312,18.248737273299746,19.38330762607512
HARVARD,S0199,1,nominal,49,41300920,Raw,138.97998915797328,138.38724795444995,153.86708306148827,204.9817120514794
HARVARD,S0199,1,stress,0,41300921,Joint Huber,6.772233885233158,5.489915187241786,13.002588144902871,10.221749336178542
HARVARD,S0199,1,stress,0,41300921,Joint OLS,15.239792508207998,12.473629787760093,28.535457238309554,28.48525943207861
HARVARD,S0199,1,stress,0,41300921,Offset-only,78.03897817205478,66.20347791963145,139.5469566749072,173.4497514755646
HARVARD,S0199,1,stress,0,41300921,Raw,256.6128077061857,245.7258979053533,345.1095840005299,601.1030048293667
HARVARD,S0199,1,stress,1,41300922,Joint Huber,5.460247119266231,4.346971129939173,10.69672375347821,5.7945835802275605
HARVARD,S0199,1,stress,1,41300922,Joint OLS,13.363791681392703,11.219252093542856,23.92751560712645,18.64258231092999
HARVARD,S0199,1,stress,1,41300922,Offset-only,77.52226230907593,65.66788788334003,139.62029338665425,147.89614349839428
HARVARD,S0199,1,stress,1,41300922,Raw,298.6153649442189,281.8816207205919,391.6809447318424,411.33877539782463
HARVARD,S0199,1,stress,2,41300923,Joint Huber,5.700326088315049,4.562368776539081,11.132487340469057,6.368113844999296
HARVARD,S0199,1,stress,2,41300923,Joint OLS,11.593986379622082,9.9803294119559,20.292718352778063,23.51377827133533
HARVARD,S0199,1,stress,2,41300923,Offset-only,117.27121544393415,99.79022798380898,206.8913438905443,163.4858953874783
HARVARD,S0199,1,stress,2,41300923,Raw,431.9935937145391,412.1998024830548,581.7585163293106,665.935569435013
HARVARD,S0199,1,stress,3,41300924,Joint Huber,5.751013825347696,4.616170921027456,11.168331089475638,5.862341608483514
HARVARD,S0199,1,stress,3,41300924,Joint OLS,20.980062080438596,18.178121270024477,35.7929587610458,35.344484072105246
HARVARD,S0199,1,stress,3,41300924,Offset-only,92.28279469217378,79.31654246874338,158.61397955036668,158.68007552732854
HARVARD,S0199,1,stress,3,41300924,Raw,258.22295785886934,239.72845640535,378.1611406325933,406.897552776076
HARVARD,S0199,1,stress,4,41300925,Joint Huber,5.994406821078412,4.830154517819196,11.575142095530213,8.332029870340879
HARVARD,S0199,1,stress,4,41300925,Joint OLS,16.979342254380995,14.540157309026052,29.822215319436296,29.60609085265519
HARVARD,S0199,1,stress,4,41300925,Offset-only,61.77312247182075,51.599660028849776,113.14963840009594,140.2120289751609
HARVARD,S0199,1,stress,4,41300925,Raw,325.49573052632115,318.34045303211866,403.3035567891697,427.1725461486247
HARVARD,S0199,1,stress,5,41300926,Joint Huber,6.156404187259755,4.981750782924165,11.807664674770814,8.23247791777469
HARVARD,S0199,1,stress,5,41300926,Joint OLS,15.423524463516395,14.000062550565398,24.576127619161973,18.371273825451976
HARVARD,S0199,1,stress,5,41300926,Offset-only,90.85293535974624,77.46283464490594,160.748422271334,150.22543900164922
HARVARD,S0199,1,stress,5,41300926,Raw,267.77297783219933,249.9598393235328,380.2850736081325,439.6650217084181
HARVARD,S0199,1,stress,6,41300927,Joint Huber,5.8480387520990185,4.694637771800022,11.34031397236477,6.885873486276741
HARVARD,S0199,1,stress,6,41300927,Joint OLS,12.892907904507558,10.83343656641674,23.345080602644558,22.510396295400923
HARVARD,S0199,1,stress,6,41300927,Offset-only,93.51163400994908,80.43705690355682,160.5310283524013,154.97254035877904
HARVARD,S0199,1,stress,6,41300927,Raw,251.229290762238,232.17199456711668,372.5915057683259,358.2512619935036
HARVARD,S0199,1,stress,7,41300928,Joint Huber,5.36129806542024,4.273604284912716,10.41177416308479,5.542664151286683
HARVARD,S0199,1,stress,7,41300928,Joint OLS,11.636092270628742,9.649021814395876,21.387487178813203,21.793389991236605
HARVARD,S0199,1,stress,7,41300928,Offset-only,56.83739897914237,48.54848298423998,100.27081715943206,157.12993904913915
HARVARD,S0199,1,stress,7,41300928,Raw,254.1477698627637,247.87292397893756,303.69930814756583,433.6034079106656
HARVARD,S0199,1,stress,8,41300929,Joint Huber,5.327271208365782,4.265510912421577,10.349346290530194,5.838571433943482
HARVARD,S0199,1,stress,8,41300929,Joint OLS,11.082536706238995,9.645981223152592,19.11181955894961,17.284823696528182
HARVARD,S0199,1,stress,8,41300929,Offset-only,108.17515494482568,91.6243088753657,193.7648868238535,146.37111635683354
HARVARD,S0199,1,stress,8,41300929,Raw,307.7405901455969,293.16134338136953,423.91616608742703,697.9500265527798
HARVARD,S0199,1,stress,9,41300930,Joint Huber,5.852475703495728,4.683675346702381,11.38020428059523,6.507832494847695
HARVARD,S0199,1,stress,9,41300930,Joint OLS,15.692006312703809,13.27507801129485,27.71318081006316,30.238616773311968
HARVARD,S0199,1,stress,9,41300930,Offset-only,119.40490487438356,102.33857251654464,209.4835241412694,148.3137497077633
HARVARD,S0199,1,stress,9,41300930,Raw,375.4821784587088,354.90921740757284,534.6343071796582,709.790115406497
HARVARD,S0199,1,stress,10,41300931,Joint Huber,6.256075500590533,5.047162365383021,12.084037026286866,8.262197824571945
HARVARD,S0199,1,stress,10,41300931,Joint OLS,14.69791698260597,12.642365524737423,25.432872657519034,21.67687886359881
HARVARD,S0199,1,stress,10,41300931,Offset-only,108.54501175781652,92.3263320568037,193.8715556399446,176.2491933720165
HARVARD,S0199,1,stress,10,41300931,Raw,468.29021727312295,456.50897845920304,615.7659456979161,675.9491148935995
HARVARD,S0199,1,stress,11,41300932,Joint Huber,5.9557634921731015,4.770498446007369,11.599073150773975,6.530205351150368
HARVARD,S0199,1,stress,11,41300932,Joint OLS,18.62699200860776,15.858011931526912,32.4889072535762,26.24882438470137
HARVARD,S0199,1,stress,11,41300932,Offset-only,83.04847273778176,71.18984281102301,141.84617338520687,135.6847685023058
HARVARD,S0199,1,stress,11,41300932,Raw,367.1721619094022,355.2101554009891,479.273616556191,725.466410518711
HARVARD,S0199,1,stress,12,41300933,Joint Huber,5.393419534570592,4.30502349773637,10.549428935911113,5.735354453000998
HARVARD,S0199,1,stress,12,41300933,Joint OLS,18.76262352348266,17.7991412733106,27.4606743974994,24.028853480211254
HARVARD,S0199,1,stress,12,41300933,Offset-only,88.21813828846194,74.93738697470246,158.49711702474465,144.74091616553727
HARVARD,S0199,1,stress,12,41300933,Raw,301.2484089489822,284.694128652362,413.8025836464621,498.1151178104456
HARVARD,S0199,1,stress,13,41300934,Joint Huber,5.893073372957925,4.739185337095448,11.395216297753665,6.221922521883046
HARVARD,S0199,1,stress,13,41300934,Joint OLS,23.990794821983396,20.08423125741157,43.25694520293892,29.926372212219288
HARVARD,S0199,1,stress,13,41300934,Offset-only,67.4303226977018,56.898560864089546,122.57548021542824,149.48862265472448
HARVARD,S0199,1,stress,13,41300934,Raw,284.706499497265,276.348130109353,372.0326552504212,729.9119933652483
HARVARD,S0199,1,stress,14,41300935,Joint Huber,6.4505105100377405,5.21795921948162,12.436633484430406,7.31636007723701
HARVARD,S0199,1,stress,14,41300935,Joint OLS,22.24623199592592,19.77811243618729,36.37387465061733,29.9142068142826
HARVARD,S0199,1,stress,14,41300935,Offset-only,125.06836858742167,106.49444788821896,219.4792296217971,166.1078997721784
HARVARD,S0199,1,stress,14,41300935,Raw,389.8848353167113,366.32394408042336,548.258437426756,618.441895134105
HARVARD,S0199,1,stress,15,41300936,Joint Huber,5.174912543842029,4.128135157707653,10.13369806219089,5.431949288697047
HARVARD,S0199,1,stress,15,41300936,Joint OLS,10.006836320936127,8.384827601988682,18.15622151362929,15.772841573212748
HARVARD,S0199,1,stress,15,41300936,Offset-only,58.95134355441445,50.29329621844859,104.61083521506424,157.41719884164922
HARVARD,S0199,1,stress,15,41300936,Raw,207.73340056784176,199.9251749378421,271.32315596363594,363.6584349366646
HARVARD,S0199,1,stress,16,41300937,Joint Huber,5.85532783916116,4.699796327698127,11.430210205963798,6.8868012677669865
HARVARD,S0199,1,stress,16,41300937,Joint OLS,12.709315575780362,10.591252582108227,23.359616333593536,27.017671869331338
HARVARD,S0199,1,stress,16,41300937,Offset-only,117.98660574914663,100.11836116083845,212.0086330370516,167.54450200273757
HARVARD,S0199,1,stress,16,41300937,Raw,261.8897028815786,236.39368772544697,379.5783125323172,376.2428498997411
HARVARD,S0199,1,stress,17,41300938,Joint Huber,5.4932457793119385,4.381686981173361,10.701788365048916,5.943229344928741
HARVARD,S0199,1,stress,17,41300938,Joint OLS,12.387221324558856,10.35705398118846,22.51571745717627,24.9686300124116
HARVARD,S0199,1,stress,17,41300938,Offset-only,94.69746543965364,79.54110505995752,171.20317930568257,143.8865395844715
HARVARD,S0199,1,stress,17,41300938,Raw,286.2376041343164,270.5420487031077,387.2923066553625,521.7480831378479
HARVARD,S0199,1,stress,18,41300939,Joint Huber,5.228233912731204,4.157975103884417,10.224076896426483,5.320782970402946
HARVARD,S0199,1,stress,18,41300939,Joint OLS,13.255266462627862,11.11178416664414,23.85011629429075,17.836514748441548
HARVARD,S0199,1,stress,18,41300939,Offset-only,90.7558651029808,76.71771054718901,163.52376639786073,150.1529977438559
HARVARD,S0199,1,stress,18,41300939,Raw,376.7123947282088,365.7220778310285,495.54782609251873,616.4168184403343
HARVARD,S0199,1,stress,19,41300940,Joint Huber,5.548988115334536,4.432609033942013,10.85283240176196,5.963009039039904
HARVARD,S0199,1,stress,19,41300940,Joint OLS,11.228439268888838,9.913739484594696,18.93505727652088,16.513501159483255
HARVARD,S0199,1,stress,19,41300940,Offset-only,69.45815106449456,59.03802411031389,123.45633359513116,147.4620329826971
HARVARD,S0199,1,stress,19,41300940,Raw,282.0766217955039,268.2552230428758,370.961646422296,384.2582569598375
HARVARD,S0199,1,stress,20,41300941,Joint Huber,5.422150668372185,4.338748168866488,10.55698373265761,5.57291675369886
HARVARD,S0199,1,stress,20,41300941,Joint OLS,12.562243534513645,11.079362948448766,21.08148136794378,22.3031146427826
HARVARD,S0199,1,stress,20,41300941,Offset-only,69.8772897520198,60.1692038420583,118.21627111063938,139.3813464747511
HARVARD,S0199,1,stress,20,41300941,Raw,472.2046953552165,466.8169657613759,573.8477045007176,716.3553922512964
HARVARD,S0199,1,stress,21,41300942,Joint Huber,5.806572273810709,4.655005048568308,11.306376871331024,6.081700892705368
HARVARD,S0199,1,stress,21,41300942,Joint OLS,21.97022665190126,19.03831351459422,37.60440060367101,35.0411269051488
HARVARD,S0199,1,stress,21,41300942,Offset-only,99.25573423869145,85.5297039716675,167.84973128397831,175.2948128661277
HARVARD,S0199,1,stress,21,41300942,Raw,385.8107946030477,366.9721291631479,519.93019993712,779.8745929148317
HARVARD,S0199,1,stress,22,41300943,Joint Huber,5.798724565926939,4.647515053829706,11.319817613136074,6.134997199603377
HARVARD,S0199,1,stress,22,41300943,Joint OLS,15.155646787017206,12.62009231343152,27.55621074897357,25.028891492344883
HARVARD,S0199,1,stress,22,41300943,Offset-only,48.21555911426332,40.80472815363296,87.04622110673097,80.13887753531532
HARVARD,S0199,1,stress,22,41300943,Raw,267.8968053202572,260.3207614023785,330.1675372294928,524.1950646384652
HARVARD,S0199,1,stress,23,41300944,Joint Huber,5.446686968720548,4.352423668656383,10.619404257511713,6.107581916631237
HARVARD,S0199,1,stress,23,41300944,Joint OLS,15.08046082383962,12.530212263522492,27.219885235933155,17.201219189238135
HARVARD,S0199,1,stress,23,41300944,Offset-only,109.10996715272468,92.47021028514266,197.53687097114093,168.0154554151257
HARVARD,S0199,1,stress,23,41300944,Raw,321.1345421765356,302.5674593166274,461.2321840503894,638.8282961397523
HARVARD,S0199,1,stress,24,41300945,Joint Huber,5.975211175506337,4.800705756106052,11.523148952855069,7.657104184476175
HARVARD,S0199,1,stress,24,41300945,Joint OLS,15.332541430890116,12.68764574903098,27.819306827155987,25.60933534794968
HARVARD,S0199,1,stress,24,41300945,Offset-only,82.94022250297222,70.12187898679522,147.11784262334498,173.54233277103535
HARVARD,S0199,1,stress,24,41300945,Raw,482.67421106141614,474.5629379320557,593.2525083297653,654.6291147403871
HARVARD,S0199,1,stress,25,41300946,Joint Huber,5.726196494149661,4.586844319733593,11.098092977877275,5.859064781218791
HARVARD,S0199,1,stress,25,41300946,Joint OLS,13.545743825241772,11.742820169535303,23.375936599585863,17.168164758583956
HARVARD,S0199,1,stress,25,41300946,Offset-only,114.29881868758216,95.26056555039447,207.19748790873152,231.08942998153327
HARVARD,S0199,1,stress,25,41300946,Raw,430.8085749866863,416.3796888733752,566.104111974397,774.7254852183645
HARVARD,S0199,1,stress,26,41300947,Joint Huber,6.130319319110651,4.932859222047638,11.899108162389862,7.257991514336277
HARVARD,S0199,1,stress,26,41300947,Joint OLS,12.596071738584632,10.753255685871178,22.02764315106656,16.514661959925633
HARVARD,S0199,1,stress,26,41300947,Offset-only,81.42682036245972,69.3082945429153,143.73243208334526,164.99238006578207
HARVARD,S0199,1,stress,26,41300947,Raw,257.3949992363311,246.3964569925577,336.1271596980888,433.7549246395519
HARVARD,S0199,1,stress,27,41300948,Joint Huber,5.951020498568725,4.774953223123834,11.665840064619818,6.52481912119433
HARVARD,S0199,1,stress,27,41300948,Joint OLS,17.907788354386852,15.19654172129528,31.46191357118298,20.760527657068973
HARVARD,S0199,1,stress,27,41300948,Offset-only,111.90324564383413,96.15203651761388,190.6100772475312,171.28806743913577
HARVARD,S0199,1,stress,27,41300948,Raw,307.4310419621943,287.0545313563536,437.4269710161223,494.2881280967755
HARVARD,S0199,1,stress,28,41300949,Joint Huber,5.224341797205803,4.170477855476876,10.256564547862723,5.336414834344453
HARVARD,S0199,1,stress,28,41300949,Joint OLS,10.901559430870911,9.185506343466171,19.71913188667709,13.17265855031529
HARVARD,S0199,1,stress,28,41300949,Offset-only,81.87732249230335,69.27693558914675,146.65933508939864,133.74013607195116
HARVARD,S0199,1,stress,28,41300949,Raw,150.8982934162888,130.8521483565683,244.2752926040632,232.08659315333423
HARVARD,S0199,1,stress,29,41300950,Joint Huber,5.587555545571424,4.486364441157931,10.836678191385388,5.998306691345694
HARVARD,S0199,1,stress,29,41300950,Joint OLS,15.43354950922026,13.289126675783828,26.368841543134813,21.46568979883992
HARVARD,S0199,1,stress,29,41300950,Offset-only,109.07022453779676,93.66713281149536,186.81086343860383,144.76069248006257
HARVARD,S0199,1,stress,29,41300950,Raw,383.8040401711219,366.1930841573173,524.021371381258,683.5113554962019
HARVARD,S0199,1,stress,30,41300951,Joint Huber,5.218763074893409,4.163405239094622,10.183918495972597,5.405032312241355
HARVARD,S0199,1,stress,30,41300951,Joint OLS,16.199905513556246,13.723157858968376,28.9305107810808,24.477966617415017
HARVARD,S0199,1,stress,30,41300951,Offset-only,99.5057043514088,83.98484189776202,177.91209559982397,139.01582101454747
HARVARD,S0199,1,stress,30,41300951,Raw,204.0419277223702,187.62982609125385,311.9253919811039,296.4242834319734
HARVARD,S0199,1,stress,31,41300952,Joint Huber,5.440329608714684,4.350057324364221,10.674281543837628,5.92152367610526
HARVARD,S0199,1,stress,31,41300952,Joint OLS,14.234316653742097,12.16812712123356,24.99458161085841,23.071438442580657
HARVARD,S0199,1,stress,31,41300952,Offset-only,69.90658230024466,59.88602824553624,120.43296700619786,120.35999274322327
HARVARD,S0199,1,stress,31,41300952,Raw,445.1398648569726,438.4915466516844,544.1682365219681,481.4293447399647
HARVARD,S0199,1,stress,32,41300953,Joint Huber,5.893792743434521,4.712255509779977,11.512279068167787,6.90235035636776
HARVARD,S0199,1,stress,32,41300953,Joint OLS,16.312076120731728,13.569599013955049,30.017651228927058,30.299230296048865
HARVARD,S0199,1,stress,32,41300953,Offset-only,101.2054080280596,85.7660658483314,182.31965570005423,167.55846992161773
HARVARD,S0199,1,stress,32,41300953,Raw,257.8797374609256,243.0313638187513,353.9437543140055,476.8428173737743
HARVARD,S0199,1,stress,33,41300954,Joint Huber,5.479485505306377,4.367143573707423,10.774887609342,5.957313233994899
HARVARD,S0199,1,stress,33,41300954,Joint OLS,12.914707534548082,10.940956435602146,23.19569211748467,23.12805088454427
HARVARD,S0199,1,stress,33,41300954,Offset-only,148.47463839030252,127.69708567106142,255.737214721552,172.5133427508358
HARVARD,S0199,1,stress,33,41300954,Raw,491.21877970115486,463.8924723609026,689.3562860016004,685.1564418099344
HARVARD,S0199,1,stress,34,41300955,Joint Huber,5.510399540373629,4.418963865104038,10.776204984517303,6.447781636054124
HARVARD,S0199,1,stress,34,41300955,Joint OLS,15.711454402561792,13.711742244503045,27.10171686371759,24.941072282105527
HARVARD,S0199,1,stress,34,41300955,Offset-only,106.57921351984562,91.63464490803749,180.2377039579505,169.13171306773543
HARVARD,S0199,1,stress,34,41300955,Raw,316.9922156130907,302.6492215495067,432.4673081667021,725.8870466035354
HARVARD,S0199,1,stress,35,41300956,Joint Huber,5.347557523838256,4.271319259973714,10.458023355259982,5.677338577906564
HARVARD,S0199,1,stress,35,41300956,Joint OLS,9.981172596439416,8.65227002444128,17.322361835873014,13.617568028294558
HARVARD,S0199,1,stress,35,41300956,Offset-only,117.46095322697686,98.96641182619835,209.9713033939169,184.89484124497343
HARVARD,S0199,1,stress,35,41300956,Raw,363.3286346284765,351.36474437487533,481.7170841550386,746.959403940916
HARVARD,S0199,1,stress,36,41300957,Joint Huber,6.269986340867146,5.03379203784254,12.215693769987103,7.203334454327893
HARVARD,S0199,1,stress,36,41300957,Joint OLS,21.16002974511099,17.904387076737553,37.50767467153574,36.878669184728174
HARVARD,S0199,1,stress,36,41300957,Offset-only,81.07580300082243,68.52730951127906,147.83983292857778,180.5046608796976
HARVARD,S0199,1,stress,36,41300957,Raw,306.98925590652,295.1650766084097,400.68310671627705,529.8616012102839
HARVARD,S0199,1,stress,37,41300958,Joint Huber,6.94442482772393,5.651804946887294,13.17621248074472,9.34887860719257
HARVARD,S0199,1,stress,37,41300958,Joint OLS,17.66258674846408,14.871721540702442,31.09384351782971,23.381828520354013
HARVARD,S0199,1,stress,37,41300958,Offset-only,36.84524929673268,31.373537718368272,64.29857160719497,52.82242996639391
HARVARD,S0199,1,stress,37,41300958,Raw,261.7081407999754,258.7395430574527,313.53797215590475,380.55462262254895
HARVARD,S0199,1,stress,38,41300959,Joint Huber,6.099567452123114,4.9031838058416,11.822740472467608,7.167927853292246
HARVARD,S0199,1,stress,38,41300959,Joint OLS,16.502179231584197,14.151074580432978,28.22746580221192,25.3532836402432
HARVARD,S0199,1,stress,38,41300959,Offset-only,77.17294281525142,64.55126192053551,141.4474400150204,192.83645377117872
HARVARD,S0199,1,stress,38,41300959,Raw,227.47502155938736,215.292730163326,312.09688866875,380.08799347832814
HARVARD,S0199,1,stress,39,41300960,Joint Huber,5.493733050702235,4.405491437454487,10.708278063684771,6.048721327417846
HARVARD,S0199,1,stress,39,41300960,Joint OLS,14.15804474879786,12.454065320514257,23.78884218618738,23.32167014773369
HARVARD,S0199,1,stress,39,41300960,Offset-only,106.67613503181089,89.88069810400789,190.56989979246623,157.41591936630883
HARVARD,S0199,1,stress,39,41300960,Raw,372.76075946392143,357.5945601503976,505.68295117743673,723.1599477696662
HARVARD,S0199,1,stress,40,41300961,Joint Huber,6.245341197232569,5.00522236475255,12.17251658738494,7.517519818957353
HARVARD,S0199,1,stress,40,41300961,Joint OLS,14.528484616907331,12.225514012517497,26.00400585793699,23.747161852271443
HARVARD,S0199,1,stress,40,41300961,Offset-only,170.5177428132426,144.4404201356174,307.35104516859474,185.78436217001763
HARVARD,S0199,1,stress,40,41300961,Raw,424.25289352029046,392.7798385470169,627.0495841798919,768.0443440527749
HARVARD,S0199,1,stress,41,41300962,Joint Huber,5.746733129052847,4.59602104311297,11.259738271264457,6.478493047122056
HARVARD,S0199,1,stress,41,41300962,Joint OLS,9.593631659276143,7.969667679359775,17.842573517612337,11.262968702101205
HARVARD,S0199,1,stress,41,41300962,Offset-only,87.61145723080236,73.87172595383052,156.00989321741673,162.6420635464842
HARVARD,S0199,1,stress,41,41300962,Raw,392.27600569727895,379.0674006620488,495.3886927626826,491.4547510331138
HARVARD,S0199,1,stress,42,41300963,Joint Huber,5.160129145673979,4.127218815299457,10.115881457680588,5.299615381851426
HARVARD,S0199,1,stress,42,41300963,Joint OLS,11.75402883815658,9.70851504167063,21.53985085867792,19.801919541606523
HARVARD,S0199,1,stress,42,41300963,Offset-only,124.06083609216782,105.46156897017202,218.91030688240429,199.34397701588784
HARVARD,S0199,1,stress,42,41300963,Raw,242.07571782883076,221.24214895222903,372.75586271048667,402.0832001755695
HARVARD,S0199,1,stress,43,41300964,Joint Huber,6.152323945959076,4.94069069547557,12.003686672514746,9.018958456123594
HARVARD,S0199,1,stress,43,41300964,Joint OLS,15.65269685030502,13.711811748344807,26.023065127806724,25.526114275884044
HARVARD,S0199,1,stress,43,41300964,Offset-only,108.67356340066624,92.92043905679064,190.8045443063868,159.12277402105502
HARVARD,S0199,1,stress,43,41300964,Raw,178.4418256320729,154.39454131449523,300.42425846994547,226.37770192402428
HARVARD,S0199,1,stress,44,41300965,Joint Huber,6.7062535028911325,5.394466262210323,12.991730684924011,7.993128287915282
HARVARD,S0199,1,stress,44,41300965,Joint OLS,11.281252752603688,9.660692212740097,19.9443739306048,18.927058248619144
HARVARD,S0199,1,stress,44,41300965,Offset-only,78.41815430961486,67.77680171374952,129.61076151185074,94.42777260228192
HARVARD,S0199,1,stress,44,41300965,Raw,194.4963870723346,179.99903332147096,283.9314540240089,476.6558860070708
HARVARD,S0199,1,stress,45,41300966,Joint Huber,5.962389337300969,4.808234567995922,11.545004044439189,6.703777479887157
HARVARD,S0199,1,stress,45,41300966,Joint OLS,17.923688389069415,15.409206058139391,30.757702384309884,25.93474583779066
HARVARD,S0199,1,stress,45,41300966,Offset-only,67.10607236409864,57.00398273596781,120.34104804788612,144.45737977628943
HARVARD,S0199,1,stress,45,41300966,Raw,223.1267035686435,211.29716949418275,296.84674991721977,468.4802287432238
HARVARD,S0199,1,stress,46,41300967,Joint Huber,5.155186684968333,4.111731742325304,10.106281958437968,5.2854686012936245
HARVARD,S0199,1,stress,46,41300967,Joint OLS,11.971636082472507,9.826390996223404,22.45933483077671,27.879530679923885
HARVARD,S0199,1,stress,46,41300967,Offset-only,70.20404061713462,59.58768234535042,124.97674900823428,161.6738988642222
HARVARD,S0199,1,stress,46,41300967,Raw,156.41599442987825,147.63068638008116,214.6994526917905,331.449670762064
HARVARD,S0199,1,stress,47,41300968,Joint Huber,6.996531961841768,5.681328894406078,13.327781629615032,8.480768347179309
HARVARD,S0199,1,stress,47,41300968,Joint OLS,22.63958839289848,18.934755090776815,41.36948005800698,37.847316591043786
HARVARD,S0199,1,stress,47,41300968,Offset-only,129.29465390774112,109.7930398033338,230.6123813861085,173.307863019159
HARVARD,S0199,1,stress,47,41300968,Raw,299.0414118009391,275.7733155631818,451.3275187585805,585.521392132632
HARVARD,S0199,1,stress,48,41300969,Joint Huber,6.013250521910036,4.812676624874002,11.735732747355602,7.342635378217607
HARVARD,S0199,1,stress,48,41300969,Joint OLS,17.685157174986998,14.996864953987824,30.88641247596531,31.74111832655549
HARVARD,S0199,1,stress,48,41300969,Offset-only,143.47277873589698,122.84219359422472,250.18382139900757,164.49376252555857
HARVARD,S0199,1,stress,48,41300969,Raw,310.8408515817039,280.2168865450981,485.3159669702544,586.2270156454719
HARVARD,S0199,1,stress,49,41300970,Joint Huber,6.137996003810142,4.919090457743145,11.98012270532614,7.486175672270794
HARVARD,S0199,1,stress,49,41300970,Joint OLS,15.544726295304358,12.89201253505538,28.16835260413302,27.262847134531132
HARVARD,S0199,1,stress,49,41300970,Offset-only,74.85929319171976,63.81687114879325,132.6949436392935,136.01009732138277
HARVARD,S0199,1,stress,49,41300970,Raw,193.41102999494257,178.24326681611154,288.91199755028066,265.0185426337941
HARVARD,S0133,1,clean,0,41310821,Joint Huber,0.1057577653627575,0.0847483944201486,0.2068203285964909,0.1097231056002988
HARVARD,S0133,1,clean,0,41310821,Joint OLS,0.1037788811091321,0.0831477470976556,0.2029991942113285,0.1066716296357255
HARVARD,S0133,1,clean,0,41310821,Offset-only,11.953153389035416,10.241783201258908,21.041642450413267,26.708762166450693
HARVARD,S0133,1,clean,0,41310821,Raw,181.80605631025009,181.35688996572316,199.37976883387867,267.00331746288253
HARVARD,S0133,1,clean,1,41310822,Joint Huber,0.103164267582743,0.082430805992103,0.2010824079718532,0.1084374575666596
HARVARD,S0133,1,clean,1,41310822,Joint OLS,0.1034896339555483,0.0827736888144851,0.2020918447715569,0.1110475088997473
HARVARD,S0133,1,clean,1,41310822,Offset-only,18.524513435653493,15.873729858068666,32.60883432672159,27.28436418595652
HARVARD,S0133,1,clean,1,41310822,Raw,143.891237949471,142.5673250024656,170.49787880693668,255.46294350020528
HARVARD,S0133,1,clean,2,41310823,Joint Huber,0.1067606235719322,0.0856836081324796,0.2078741080843826,0.1122669158434023
HARVARD,S0133,1,clean,2,41310823,Joint OLS,0.1063282379667576,0.0853003485127825,0.2073284772293959,0.1100704349173646
HARVARD,S0133,1,clean,2,41310823,Offset-only,27.710189097059484,23.74255919742204,48.80398834850404,36.62082394120957
HARVARD,S0133,1,clean,2,41310823,Raw,179.65020543773244,177.4673682892923,219.2148479624564,227.05880746753635
HARVARD,S0133,1,clean,3,41310824,Joint Huber,0.1042006526950614,0.083031612583518,0.2041306163857115,0.1080158524598695
HARVARD,S0133,1,clean,3,41310824,Joint OLS,0.1037480467086389,0.0827254305448675,0.203154668883343,0.1075765412865076
HARVARD,S0133,1,clean,3,41310824,Offset-only,22.522274098032103,19.30088026111234,39.672669183570974,35.7910350903354
HARVARD,S0133,1,clean,3,41310824,Raw,188.96371379122135,187.46021751007464,221.4424900987604,290.4274095177013
HARVARD,S0133,1,clean,4,41310825,Joint Huber,0.1076747515843401,0.0860841760237864,0.211130513210378,0.1093242253767943
HARVARD,S0133,1,clean,4,41310825,Joint OLS,0.1060048835946484,0.0846640813128156,0.2078696754537645,0.1075774092542659
HARVARD,S0133,1,clean,4,41310825,Offset-only,8.156392182122408,6.9885818240661575,14.359920282220084,16.056438565430117
HARVARD,S0133,1,clean,4,41310825,Raw,113.97488923930374,113.26244084314848,125.55114216828684,141.59486828730942
HARVARD,S0133,1,clean,5,41310826,Joint Huber,0.1075277127929129,0.0862312414577377,0.2104514538281421,0.1181862911820099
HARVARD,S0133,1,clean,5,41310826,Joint OLS,0.1073840631802979,0.0861179122381705,0.2098942849924068,0.1201671289221556
HARVARD,S0133,1,clean,5,41310826,Offset-only,17.926730693761613,15.358214967155014,31.57595994160101,29.0025691877323
HARVARD,S0133,1,clean,5,41310826,Raw,108.56887598209477,106.6730417734751,133.6888021728942,192.6213007375285
HARVARD,S0133,1,clean,6,41310827,Joint Huber,0.1067249920879757,0.0852718222653218,0.2070021426743285,0.1216838179996797
HARVARD,S0133,1,clean,6,41310827,Joint OLS,0.103102159761593,0.0824062044655149,0.2011208761906857,0.1056084244059056
HARVARD,S0133,1,clean,6,41310827,Offset-only,30.265467041756374,25.92760152492633,53.3349625840728,37.53149146839229
HARVARD,S0133,1,clean,6,41310827,Raw,175.0147515818697,171.0942204824496,216.3729714919862,261.7754686528828
HARVARD,S0133,1,clean,7,41310828,Joint Huber,0.1026990215143563,0.0814082588246643,0.2023344855128784,0.1057957501237732
HARVARD,S0133,1,clean,7,41310828,Joint OLS,0.1047116928599671,0.0830345352830611,0.2066813322006311,0.1062095509049429
HARVARD,S0133,1,clean,7,41310828,Offset-only,12.160259754517307,10.41934914551682,21.39978486990444,22.78539596423436
HARVARD,S0133,1,clean,7,41310828,Raw,129.81655834457428,128.70633460594246,147.02441224823897,219.2751492526944
HARVARD,S0133,1,clean,8,41310829,Joint Huber,0.1052770382784069,0.0840369182235523,0.2066511136519011,0.1211270291258621
HARVARD,S0133,1,clean,8,41310829,Joint OLS,0.103394406388591,0.0824829275378081,0.2035606627689646,0.1113094487312184
HARVARD,S0133,1,clean,8,41310829,Offset-only,20.40763596406318,17.48341553954162,35.94078558217904,33.60580910455538
HARVARD,S0133,1,clean,8,41310829,Raw,198.07328644118837,196.2919402851388,227.060303750274,247.32609616564264
HARVARD,S0133,1,clean,9,41310830,Joint Huber,0.1061257979641382,0.0847379073265937,0.2069751468631864,0.1075120070027053
HARVARD,S0133,1,clean,9,41310830,Joint OLS,0.1043390079208069,0.0832889698068869,0.2042683451433936,0.1057892422460574
HARVARD,S0133,1,clean,9,41310830,Offset-only,23.202639146173496,19.87989052405854,40.860652793898566,26.65831328266002
HARVARD,S0133,1,clean,9,41310830,Raw,149.8576559900792,148.07975425007646,183.11351286632345,169.68551469770165
HARVARD,S0133,1,clean,10,41310831,Joint Huber,0.1037409571416906,0.0827824661351967,0.2032302447258161,0.1053184271690272
HARVARD,S0133,1,clean,10,41310831,Joint OLS,0.1024920243298618,0.0817668422346779,0.2008602896648171,0.1041962559515507
HARVARD,S0133,1,clean,10,41310831,Offset-only,17.654579709282462,15.127357218756856,31.09693335094441,30.41871394262557
HARVARD,S0133,1,clean,10,41310831,Raw,111.58451299608303,109.7488485492134,130.78440416329417,218.4860017972761
HARVARD,S0133,1,clean,11,41310832,Joint Huber,0.1073137211318872,0.0855784383760386,0.2110714421947657,0.1130015017021973
HARVARD,S0133,1,clean,11,41310832,Joint OLS,0.1071414979526915,0.0854507442835655,0.2106564390310872,0.1117840806891417
HARVARD,S0133,1,clean,11,41310832,Offset-only,30.462233384564648,26.099500429697656,53.68840068639447,37.38770758833663
HARVARD,S0133,1,clean,11,41310832,Raw,126.35394799667728,122.1557190233994,164.054847660492,297.6614622959853
HARVARD,S0133,1,clean,12,41310833,Joint Huber,0.111634324304531,0.0890764635770042,0.2185836120240482,0.1176938094101487
HARVARD,S0133,1,clean,12,41310833,Joint OLS,0.1160870819789574,0.0927466618146798,0.2274219090153906,0.1254900996133034
HARVARD,S0133,1,clean,12,41310833,Offset-only,10.646822017344842,9.12415239517075,18.716084431046824,21.53851435238037
HARVARD,S0133,1,clean,12,41310833,Raw,95.07620973898294,94.47465450725107,110.54599070746178,145.1892079147551
HARVARD,S0133,1,clean,13,41310834,Joint Huber,0.1103443362698282,0.0883975133663484,0.2172585691219808,0.1174084805563022
HARVARD,S0133,1,clean,13,41310834,Joint OLS,0.1087829441778991,0.0871573204626227,0.2134791939447211,0.1146427969813563
HARVARD,S0133,1,clean,13,41310834,Offset-only,10.73258777977911,9.195973493332376,18.910868678488324,18.23461729487624
HARVARD,S0133,1,clean,13,41310834,Raw,104.41186823808572,103.66394376233848,119.87498022899284,149.57279081483782
HARVARD,S0133,1,clean,14,41310835,Joint Huber,0.1059933467147158,0.0843528636165629,0.2085374630488968,0.112869658233789
HARVARD,S0133,1,clean,14,41310835,Joint OLS,0.1053918064096929,0.0838632755248132,0.2077379793983702,0.1099812406892385
HARVARD,S0133,1,clean,14,41310835,Offset-only,20.155963103698102,17.268987075471887,35.538759633890926,31.814541095876336
HARVARD,S0133,1,clean,14,41310835,Raw,128.58062014791122,125.95031273921266,156.34324348091386,224.09867146249087
HARVARD,S0133,1,clean,15,41310836,Joint Huber,0.1057289738643755,0.0844175293310082,0.2077221542357676,0.1076435238954874
HARVARD,S0133,1,clean,15,41310836,Joint OLS,0.104347008249302,0.0832999475115214,0.2051723062947986,0.1062303738428629
HARVARD,S0133,1,clean,15,41310836,Offset-only,31.46135184283741,26.953596009296835,55.46475244460503,39.735745088841504
HARVARD,S0133,1,clean,15,41310836,Raw,139.68760302633316,135.2806507378041,181.2559933183348,208.88833756539685
HARVARD,S0133,1,clean,16,41310837,Joint Huber,0.1010556888901356,0.0808275333122805,0.1964388935640659,0.1021286615490588
HARVARD,S0133,1,clean,16,41310837,Joint OLS,0.1023068177614683,0.0817933592902752,0.1997679308670897,0.1036330381550021
HARVARD,S0133,1,clean,16,41310837,Offset-only,18.869923001626823,16.1654532936958,33.258254947945964,39.74220046457927
HARVARD,S0133,1,clean,16,41310837,Raw,107.50114708355656,105.60744017422957,134.03995092054117,280.95525165728225
HARVARD,S0133,1,clean,17,41310838,Joint Huber,0.1023336759914383,0.0817955092131236,0.2004731642895053,0.105592310396346
HARVARD,S0133,1,clean,17,41310838,Joint OLS,0.1026553118414223,0.082015152773271,0.2018140896581144,0.1054202978528987
HARVARD,S0133,1,clean,17,41310838,Offset-only,19.57670249561361,16.77357846220194,34.485971308369656,28.507409168195707
HARVARD,S0133,1,clean,17,41310838,Raw,131.91322342913858,130.27539110518268,159.76962251142874,190.75921000639343
HARVARD,S0133,1,clean,18,41310839,Joint Huber,0.1062017729404127,0.0847196103526112,0.2078132230650454,0.1133849454253036
HARVARD,S0133,1,clean,18,41310839,Joint OLS,0.1053608446249658,0.0839660780956711,0.2065081256347412,0.1092781227214865
HARVARD,S0133,1,clean,18,41310839,Offset-only,15.814044903398475,13.545667649983606,27.901805834706828,35.28126071203266
HARVARD,S0133,1,clean,18,41310839,Raw,192.2540633788899,190.9483942386903,214.80038404847505,244.49536786424127
HARVARD,S0133,1,clean,19,41310840,Joint Huber,0.1116284560576962,0.0891296680385929,0.2183705641549238,0.1188164234525325
HARVARD,S0133,1,clean,19,41310840,Joint OLS,0.1113704966922528,0.0888863141660025,0.2177490791079428,0.1177070113680391
HARVARD,S0133,1,clean,19,41310840,Offset-only,19.313548080459302,16.543369065289674,34.061225462757875,26.09819725235148
HARVARD,S0133,1,clean,19,41310840,Raw,114.77069685107593,113.07979971455056,142.1980129319442,148.9912551452882
HARVARD,S0133,1,clean,20,41310841,Joint Huber,0.1119983238943726,0.0895953238178225,0.2196932400984508,0.1188440977883936
HARVARD,S0133,1,clean,20,41310841,Joint OLS,0.1126889479453938,0.0901933912708692,0.2201808572594999,0.119778364792371
HARVARD,S0133,1,clean,20,41310841,Offset-only,26.03784130484833,22.310426036893684,45.87027511952879,37.7198691332533
HARVARD,S0133,1,clean,20,41310841,Raw,100.06802762531169,95.8446175350978,134.48855398900673,182.9476244356742
HARVARD,S0133,1,clean,21,41310842,Joint Huber,0.1115287782526478,0.0889840007099086,0.2187943647228074,0.1210081142721909
HARVARD,S0133,1,clean,21,41310842,Joint OLS,0.110250934391717,0.087997856939557,0.2164164561681225,0.1156511975111221
HARVARD,S0133,1,clean,21,41310842,Offset-only,17.73775344489357,15.195418968727244,31.249572235290398,25.5535315234606
HARVARD,S0133,1,clean,21,41310842,Raw,173.2470460956117,172.26766999370864,198.9896021257052,233.16340971520435
HARVARD,S0133,1,clean,22,41310843,Joint Huber,0.1035351227886546,0.0826125346925136,0.2042987752364667,0.1080358334748114
HARVARD,S0133,1,clean,22,41310843,Joint OLS,0.1034674793499215,0.0825483894055831,0.2042745354843944,0.1061548106338506
HARVARD,S0133,1,clean,22,41310843,Offset-only,20.85982368173848,17.87026314359405,36.76064948848553,33.38968554364237
HARVARD,S0133,1,clean,22,41310843,Raw,141.8878583998899,140.02729132105765,171.48109769299964,264.6024439869013
HARVARD,S0133,1,clean,23,41310844,Joint Huber,0.1069318302568672,0.0851649325953974,0.2086543760222881,0.112686849252321
HARVARD,S0133,1,clean,23,41310844,Joint OLS,0.1077575678381694,0.0858157370976663,0.2110434990827414,0.1126471820787495
HARVARD,S0133,1,clean,23,41310844,Offset-only,18.976836895444,16.260278864782116,33.40681875067651,32.28140683825134
HARVARD,S0133,1,clean,23,41310844,Raw,77.63192077679219,73.99640998819288,102.51837704799316,96.05812199291114
HARVARD,S0133,1,clean,24,41310845,Joint Huber,0.1035759425585876,0.0827085692192503,0.2022960208449831,0.1052402117194856
HARVARD,S0133,1,clean,24,41310845,Joint OLS,0.1037677126887682,0.0828768469650974,0.2020249703256649,0.1070406959705227
HARVARD,S0133,1,clean,24,41310845,Offset-only,18.85854536251059,16.1564887403173,33.22473700950965,33.09602509921788
HARVARD,S0133,1,clean,24,41310845,Raw,154.90428639015803,153.51022551259655,181.94034896921937,229.1391864194325
HARVARD,S0133,1,clean,25,41310846,Joint Huber,0.1054418620633166,0.0840200875326811,0.2081697941786587,0.1109091623518808
HARVARD,S0133,1,clean,25,41310846,Joint OLS,0.1024205691137343,0.0815131972985706,0.2021781380417309,0.1062052625106604
HARVARD,S0133,1,clean,25,41310846,Offset-only,29.112088987268777,24.944813801802194,51.30955705274173,36.040058776599295
HARVARD,S0133,1,clean,25,41310846,Raw,169.6875918364176,167.14676714589802,211.04190230754543,289.49181505488724
HARVARD,S0133,1,clean,26,41310847,Joint Huber,0.1069208005988347,0.0855070337427555,0.2074623793520303,0.113787386244338
HARVARD,S0133,1,clean,26,41310847,Joint OLS,0.1031116890218048,0.0823288116125169,0.2012209443437385,0.1073750826267829
HARVARD,S0133,1,clean,26,41310847,Offset-only,15.297699077139216,13.107753525920415,26.939036427101293,24.61345087747139
HARVARD,S0133,1,clean,26,41310847,Raw,171.6898695226255,170.7833784601033,193.84633872120676,210.9830588017872
HARVARD,S0133,1,clean,27,41310848,Joint Huber,0.1009066369487741,0.0805623444520623,0.1967119080886981,0.1028739800863292
HARVARD,S0133,1,clean,27,41310848,Joint OLS,0.1006034394289473,0.0802895620262418,0.1966807223551026,0.1018859676522206
HARVARD,S0133,1,clean,27,41310848,Offset-only,14.489414256485976,12.414102019345242,25.529980440145472,23.111541595392367
HARVARD,S0133,1,clean,27,41310848,Raw,116.4154920334152,115.49369690327616,137.31402977700355,168.08654323138288
HARVARD,S0133,1,clean,28,41310849,Joint Huber,0.1073402196986825,0.08578425610307,0.2107133031619579,0.1133876887699066
HARVARD,S0133,1,clean,28,41310849,Joint OLS,0.1053721592599972,0.0842017574871527,0.2069223906355333,0.1106526538877537
HARVARD,S0133,1,clean,28,41310849,Offset-only,6.125524436658098,5.2440934469234985,10.813318913901782,13.177238106722134
HARVARD,S0133,1,clean,28,41310849,Raw,83.3301348453718,82.9998889522839,92.21243349540256,133.2892134896747
HARVARD,S0133,1,clean,29,41310850,Joint Huber,0.1044008620241608,0.0836216735559454,0.2056575908895298,0.1097386857055884
HARVARD,S0133,1,clean,29,41310850,Joint OLS,0.105262860584273,0.0843289295319463,0.2076582191272269,0.1121259927406358
HARVARD,S0133,1,clean,29,41310850,Offset-only,5.716480223299967,4.895883828287593,10.086221042259512,8.176470162983588
HARVARD,S0133,1,clean,29,41310850,Raw,133.06341949960853,132.93427604971572,141.53887219327112,194.96114404794275
HARVARD,S0133,1,clean,30,41310851,Joint Huber,0.1027387564528819,0.0817735165557759,0.2019766489523178,0.1048759283639738
HARVARD,S0133,1,clean,30,41310851,Joint OLS,0.1049922865954002,0.0835350542674305,0.2066330681517847,0.1145159214884978
HARVARD,S0133,1,clean,30,41310851,Offset-only,24.640220360997823,21.10963068959812,43.42229499229582,36.51668223237336
HARVARD,S0133,1,clean,30,41310851,Raw,138.78632202184033,134.80978109485935,171.94873097375398,292.43816462243484
HARVARD,S0133,1,clean,31,41310852,Joint Huber,0.1053517261352543,0.0838708616465337,0.2057233041758977,0.1128322416473193
HARVARD,S0133,1,clean,31,41310852,Joint OLS,0.1048038504005168,0.0834159124322898,0.2055312351822103,0.1107077368675112
HARVARD,S0133,1,clean,31,41310852,Offset-only,25.559360386146555,21.897600453980363,45.04670197206266,36.79104225376268
HARVARD,S0133,1,clean,31,41310852,Raw,98.1570295705904,93.77968496806152,128.0381575090714,256.43295818421655
HARVARD,S0133,1,clean,32,41310853,Joint Huber,0.1027767274886548,0.0822992374130786,0.1999379546106184,0.1055189697078021
HARVARD,S0133,1,clean,32,41310853,Joint OLS,0.1031558983612484,0.0825460447272062,0.2007087092749771,0.1055187697436565
HARVARD,S0133,1,clean,32,41310853,Offset-only,24.24181550805724,20.774111214202367,42.67805552984037,30.444004648943235
HARVARD,S0133,1,clean,32,41310853,Raw,89.9686343641329,86.69032307768815,123.29679429184904,113.75537856681396
HARVARD,S0133,1,clean,33,41310854,Joint Huber,0.1096176405013104,0.0875566962789392,0.2147997601060325,0.1250156671321511
HARVARD,S0133,1,clean,33,41310854,Joint OLS,0.1097707908367938,0.087691527038291,0.2153307417957606,0.1262322371584326
HARVARD,S0133,1,clean,33,41310854,Offset-only,12.25271028728095,10.49714802989206,21.5889041132348,27.071404785521647
HARVARD,S0133,1,clean,33,41310854,Raw,92.62216527023124,91.63137344063765,110.0902418807948,177.93988608415344
HARVARD,S0133,1,clean,34,41310855,Joint Huber,0.1032851268135992,0.0825511560644692,0.2027701186159802,0.1067623029861176
HARVARD,S0133,1,clean,34,41310855,Joint OLS,0.103235393295465,0.0825036152222946,0.2021040187936585,0.1062671620823259
HARVARD,S0133,1,clean,34,41310855,Offset-only,25.936241641262896,22.22018584151009,45.70119950769822,37.712787351323584
HARVARD,S0133,1,clean,34,41310855,Raw,122.348383870035,118.8515060010205,156.32744039670126,204.7905058125607
HARVARD,S0133,1,clean,35,41310856,Joint Huber,0.1023442407936918,0.0816559864262499,0.2012776617526412,0.1056466691583109
HARVARD,S0133,1,clean,35,41310856,Joint OLS,0.1031511056329757,0.0822679442215239,0.2030334337341344,0.1066128988807739
HARVARD,S0133,1,clean,35,41310856,Offset-only,24.739481021416037,21.194124027181083,43.592631776565405,34.72494216170231
HARVARD,S0133,1,clean,35,41310856,Raw,136.49109851066942,133.05098171167978,169.78525231719868,219.253664422188
HARVARD,S0133,1,clean,36,41310857,Joint Huber,0.1047293342985485,0.083614183982442,0.2048364468837605,0.1090939571925484
HARVARD,S0133,1,clean,36,41310857,Joint OLS,0.1035680023658975,0.082664666651482,0.202643452925777,0.1074368059850962
HARVARD,S0133,1,clean,36,41310857,Offset-only,16.411024841980456,14.064229719493548,28.88202865829719,35.48762393377108
HARVARD,S0133,1,clean,36,41310857,Raw,149.58484130774602,147.6032254538212,168.72046045025115,205.14676262113707
HARVARD,S0133,1,clean,37,41310858,Joint Huber,0.1053007449538117,0.0842413695795736,0.2052330375455824,0.111995959410034
HARVARD,S0133,1,clean,37,41310858,Joint OLS,0.104877468638293,0.0839177734322393,0.2044183543175038,0.113343232097199
HARVARD,S0133,1,clean,37,41310858,Offset-only,16.629921302750315,14.245613379636342,29.3285501116328,23.94967370761289
HARVARD,S0133,1,clean,37,41310858,Raw,173.4436270266563,172.5888377719168,197.6572701663988,253.0869352391268
HARVARD,S0133,1,clean,38,41310859,Joint Huber,0.102495758035919,0.0818222007697023,0.2002741105400219,0.1040492052373207
HARVARD,S0133,1,clean,38,41310859,Joint OLS,0.1021023663762766,0.0814245562698732,0.1995744803164001,0.1033838944119814
HARVARD,S0133,1,clean,38,41310859,Offset-only,17.132546410261668,14.675674066669789,30.192882076455163,27.08612531055424
HARVARD,S0133,1,clean,38,41310859,Raw,114.94686438531684,112.93706812756012,138.75200447980978,245.51585444049317
HARVARD,S0133,1,clean,39,41310860,Joint Huber,0.1033963492899573,0.0824705117111875,0.2023653173066186,0.1049587274933504
HARVARD,S0133,1,clean,39,41310860,Joint OLS,0.1029630815609937,0.0821644557402718,0.2014893485824842,0.1049682745585127
HARVARD,S0133,1,clean,39,41310860,Offset-only,20.10676067652773,17.228379096053835,35.419015942984714,37.522199917904416
HARVARD,S0133,1,clean,39,41310860,Raw,160.35689390872258,158.4758624789991,188.81576907652305,290.7216949561137
HARVARD,S0133,1,clean,40,41310861,Joint Huber,0.1030337906568594,0.0822355483782649,0.2009275749887962,0.1069550113363721
HARVARD,S0133,1,clean,40,41310861,Joint OLS,0.1033582829915005,0.0824899830297117,0.2015469964531391,0.1070314116208839
HARVARD,S0133,1,clean,40,41310861,Offset-only,18.28729368962489,15.668059783840896,32.19565601374068,24.854301031180476
HARVARD,S0133,1,clean,40,41310861,Raw,150.43946330799702,148.20298609978488,175.60443460006925,238.1355554724527
HARVARD,S0133,1,clean,41,41310862,Joint Huber,0.1039725513937116,0.0830518154106728,0.2048631457291589,0.1077665261142071
HARVARD,S0133,1,clean,41,41310862,Joint OLS,0.104150344069479,0.0832070178914013,0.2048691807765124,0.1068665167564071
HARVARD,S0133,1,clean,41,41310862,Offset-only,21.085808402487658,18.068854161194015,37.11951514776865,25.54235377332911
HARVARD,S0133,1,clean,41,41310862,Raw,129.05152740621304,127.26697065724856,159.07943884909247,193.4016466302715
HARVARD,S0133,1,clean,42,41310863,Joint Huber,0.1118814606397898,0.0896108136676912,0.2202842256279536,0.1177459170256004
HARVARD,S0133,1,clean,42,41310863,Joint OLS,0.1094008192764293,0.0875985956550477,0.2146771337675713,0.1211375260122107
HARVARD,S0133,1,clean,42,41310863,Offset-only,12.53723659728428,10.73991162401912,22.10594366406813,34.45756027616524
HARVARD,S0133,1,clean,42,41310863,Raw,84.06041590907529,81.47377061346627,100.08205977760278,138.79134497971077
HARVARD,S0133,1,clean,43,41310864,Joint Huber,0.1033682854545445,0.0823904409936805,0.2036906121466231,0.1051064789136912
HARVARD,S0133,1,clean,43,41310864,Joint OLS,0.1030348161410484,0.0821430531541873,0.2037644545979239,0.1053238299249765
HARVARD,S0133,1,clean,43,41310864,Offset-only,23.110461503148414,19.80271922523422,40.72425511069949,36.006323516305194
HARVARD,S0133,1,clean,43,41310864,Raw,216.51261684413157,214.98414888703317,249.8318967081121,245.7087651778892
HARVARD,S0133,1,clean,44,41310865,Joint Huber,0.1021828157388981,0.0815949749754302,0.2004995255284747,0.1051678895989464
HARVARD,S0133,1,clean,44,41310865,Joint OLS,0.1031963858856666,0.0824143087065099,0.202431160494232,0.1091459672700826
HARVARD,S0133,1,clean,44,41310865,Offset-only,17.910136885059472,15.34540153987033,31.532226552014468,30.249963632779213
HARVARD,S0133,1,clean,44,41310865,Raw,85.13587894025764,82.63555383297282,108.63008764706024,167.88072697654016
HARVARD,S0133,1,clean,45,41310866,Joint Huber,0.1061414319217725,0.0844479667774953,0.2077693344155307,0.1106080259455539
HARVARD,S0133,1,clean,45,41310866,Joint OLS,0.1039699113817278,0.0826567806714646,0.2041613263681796,0.1049314749263875
HARVARD,S0133,1,clean,45,41310866,Offset-only,25.398003063919383,21.759069222071886,44.75161629349352,35.04740809822575
HARVARD,S0133,1,clean,45,41310866,Raw,148.60695941831207,145.14209704112525,183.43623648113373,218.2074142794993
HARVARD,S0133,1,clean,46,41310867,Joint Huber,0.1070762367038515,0.0855503782512672,0.2088716395834522,0.1145695006914092
HARVARD,S0133,1,clean,46,41310867,Joint OLS,0.1061214665080141,0.0847819130235166,0.2067122126574006,0.1151362631755743
HARVARD,S0133,1,clean,46,41310867,Offset-only,24.144516750531807,20.681243948877796,42.59527424560137,34.38798015417357
HARVARD,S0133,1,clean,46,41310867,Raw,134.7147301275702,132.3459738986211,168.74767604118864,215.04965027157772
HARVARD,S0133,1,clean,47,41310868,Joint Huber,0.1057832445849316,0.0843126236851787,0.2078997525412296,0.1096051453722419
HARVARD,S0133,1,clean,47,41310868,Joint OLS,0.1056152285478316,0.0842123270119921,0.2076923532257524,0.1101880262272444
HARVARD,S0133,1,clean,47,41310868,Offset-only,13.180014363234266,11.291510148046184,23.20380567435523,34.94104545518306
HARVARD,S0133,1,clean,47,41310868,Raw,168.23100597813692,167.0342161275042,186.9050857146716,211.12400743938423
HARVARD,S0133,1,clean,48,41310869,Joint Huber,0.1037510359848481,0.0826010866198885,0.2023836186309858,0.1111391999776689
HARVARD,S0133,1,clean,48,41310869,Joint OLS,0.1038788315228323,0.0827288198322677,0.2022628039712649,0.1115771113885052
HARVARD,S0133,1,clean,48,41310869,Offset-only,24.852307634637697,21.28992680936101,43.79406979575187,34.16096096313621
HARVARD,S0133,1,clean,48,41310869,Raw,192.45805827580708,190.81537217880543,228.26680862448256,292.3891079273246
HARVARD,S0133,1,clean,49,41310870,Joint Huber,0.1013803988594399,0.0809185859512249,0.1985675248032947,0.1045507383720882
HARVARD,S0133,1,clean,49,41310870,Joint OLS,0.1021614693475203,0.0816682742541845,0.2002447949386976,0.1032233920415515
HARVARD,S0133,1,clean,49,41310870,Offset-only,25.628555288633837,21.955643360120284,45.182079174307525,39.68888311246612
HARVARD,S0133,1,clean,49,41310870,Raw,145.70272147337582,143.6272958184698,178.48615216960388,264.8025081995309
HARVARD,S0133,1,nominal,0,41310871,Joint Huber,1.0634218397529438,0.8525584121515355,2.0662241669142216,1.1365658389373106
HARVARD,S0133,1,nominal,0,41310871,Joint OLS,4.707271612370869,3.879971942112929,8.446407343944706,6.05826024760044
HARVARD,S0133,1,nominal,0,41310871,Offset-only,15.717572592715513,13.365800048654664,28.18411683104749,32.238314621702045
HARVARD,S0133,1,nominal,0,41310871,Raw,71.7768469060733,69.05878529163363,92.07582455924808,132.3317730229582
HARVARD,S0133,1,nominal,1,41310872,Joint Huber,1.0269605891699385,0.8179032866255853,2.020119899478346,1.0423171062971006
HARVARD,S0133,1,nominal,1,41310872,Joint OLS,3.8315431833019273,3.211236105024162,6.89037220837534,4.932163987645741
HARVARD,S0133,1,nominal,1,41310872,Offset-only,11.067509029499822,9.45426158015782,19.42511568194183,26.48022284932864
HARVARD,S0133,1,nominal,1,41310872,Raw,178.66888805906936,178.20063860810365,194.89424253383447,268.5143296603317
HARVARD,S0133,1,nominal,2,41310873,Joint Huber,1.0612499561933593,0.8469278363843379,2.0843956312702976,1.1283057195243018
HARVARD,S0133,1,nominal,2,41310873,Joint OLS,4.26479340334486,3.5896623693628875,7.65655947564472,5.25082579801079
HARVARD,S0133,1,nominal,2,41310873,Offset-only,13.89066200005217,11.97211569481254,23.404446631148467,24.669128499205083
HARVARD,S0133,1,nominal,2,41310873,Raw,118.6433864137718,116.86716837482172,136.67173739716674,190.00845534824657
HARVARD,S0133,1,nominal,3,41310874,Joint Huber,1.0573803526139862,0.845587366167366,2.066402785210664,1.1128756109001443
HARVARD,S0133,1,nominal,3,41310874,Joint OLS,4.104559234976902,3.5165750556515576,7.1720719526297225,4.669036210061795
HARVARD,S0133,1,nominal,3,41310874,Offset-only,24.70711143259315,21.207786894425052,43.04620583401362,33.53417770385555
HARVARD,S0133,1,nominal,3,41310874,Raw,139.43296554317334,135.5266905581664,171.47468639070098,287.6887752052646
HARVARD,S0133,1,nominal,4,41310875,Joint Huber,1.057106998238588,0.8445553222385789,2.0665932757659715,1.155164050155275
HARVARD,S0133,1,nominal,4,41310875,Joint OLS,4.365400503732866,3.6719440934293504,7.803944683005248,8.252522050605295
HARVARD,S0133,1,nominal,4,41310875,Offset-only,19.907487423035317,16.925844886461707,35.78356059896181,33.79089083160264
HARVARD,S0133,1,nominal,4,41310875,Raw,130.80244319298777,127.1756802966728,155.92681483949235,236.81837760849868
HARVARD,S0133,1,nominal,5,41310876,Joint Huber,1.0669517000786573,0.8509483787499406,2.0957991498988804,1.134752952196302
HARVARD,S0133,1,nominal,5,41310876,Joint OLS,3.410283615546896,2.891790710857919,6.000299941400656,4.507431394654086
HARVARD,S0133,1,nominal,5,41310876,Offset-only,24.4585926038746,20.962397713890272,42.70780283427831,33.457262559454094
HARVARD,S0133,1,nominal,5,41310876,Raw,105.72028505787176,101.50204903445209,138.37959446738753,172.97018914038918
HARVARD,S0133,1,nominal,6,41310877,Joint Huber,1.0506485758137885,0.8402691604474626,2.05136156858387,1.1117468967563924
HARVARD,S0133,1,nominal,6,41310877,Joint OLS,4.490070204641352,3.751451251608984,8.15081013399892,7.875258377767387
HARVARD,S0133,1,nominal,6,41310877,Offset-only,13.734364719475936,11.82889881456191,23.23445131750788,23.35005382422332
HARVARD,S0133,1,nominal,6,41310877,Raw,101.20649811630756,99.49210465907716,120.58902676629204,151.0804043596216
HARVARD,S0133,1,nominal,7,41310878,Joint Huber,1.12080782362578,0.8953901274979565,2.1880254298412454,1.240805901593193
HARVARD,S0133,1,nominal,7,41310878,Joint OLS,5.696562951832064,4.770409649225234,10.222384015707496,7.798450546513297
HARVARD,S0133,1,nominal,7,41310878,Offset-only,21.54297730462848,18.46099306353988,37.67549796790456,38.175062825933296
HARVARD,S0133,1,nominal,7,41310878,Raw,166.27171314960736,164.3722160221631,197.07359498914215,184.45099345641185
HARVARD,S0133,1,nominal,8,41310879,Joint Huber,1.0737460921918542,0.8561527610065459,2.100259956744921,1.1236262457431117
HARVARD,S0133,1,nominal,8,41310879,Joint OLS,3.55057682057691,3.097817687938464,5.991124346641907,4.178176399742749
HARVARD,S0133,1,nominal,8,41310879,Offset-only,18.41844778662917,15.75577801021647,32.457357093520486,39.01086893962321
HARVARD,S0133,1,nominal,8,41310879,Raw,153.8914854576368,151.08473830072913,178.8342102522158,202.4790381817577
HARVARD,S0133,1,nominal,9,41310880,Joint Huber,1.06661641463092,0.8511076898396724,2.093469665869385,1.1724568753686777
HARVARD,S0133,1,nominal,9,41310880,Joint OLS,4.13346236620874,3.4780828908952284,7.470239895371833,8.396137512570439
HARVARD,S0133,1,nominal,9,41310880,Offset-only,20.506890517478546,17.668579339093313,34.78843308425699,29.95972459921432
HARVARD,S0133,1,nominal,9,41310880,Raw,165.51459317063882,163.84115632154644,192.8481064226304,260.86307220804144
HARVARD,S0133,1,nominal,10,41310881,Joint Huber,1.0675377019730483,0.8527773150464897,2.087990459744661,1.17369187259759
HARVARD,S0133,1,nominal,10,41310881,Joint OLS,4.349253750931768,3.727648560683447,7.486805265936436,5.450347516631211
HARVARD,S0133,1,nominal,10,41310881,Offset-only,16.337536237022263,13.94707513226501,28.758238842482367,33.912442711016546
HARVARD,S0133,1,nominal,10,41310881,Raw,117.56629001989428,115.37290452389774,139.71804520911297,257.8088612628616
HARVARD,S0133,1,nominal,11,41310882,Joint Huber,1.110408280766519,0.882766719952718,2.1870692462109718,1.2752811277407523
HARVARD,S0133,1,nominal,11,41310882,Joint OLS,4.609812997870527,3.9307486670456986,8.087926403900479,6.512089981798186
HARVARD,S0133,1,nominal,11,41310882,Offset-only,23.751844427591926,20.23231693261645,42.45841522659166,37.55304658517947
HARVARD,S0133,1,nominal,11,41310882,Raw,97.45072530758418,93.26982468688952,127.7606254031218,231.50561692655936
HARVARD,S0133,1,nominal,12,41310883,Joint Huber,1.0838979528736936,0.866739309110313,2.105342397684851,1.1251235192657985
HARVARD,S0133,1,nominal,12,41310883,Joint OLS,4.818516789700213,4.062098856728248,8.486466754703525,5.35472513086347
HARVARD,S0133,1,nominal,12,41310883,Offset-only,22.43490753255594,19.177677418705784,39.6055262554225,32.408798742630424
HARVARD,S0133,1,nominal,12,41310883,Raw,138.61772023882966,136.27900872176514,169.8438765717805,239.8487517849373
HARVARD,S0133,1,nominal,13,41310884,Joint Huber,1.1071597307268517,0.8852882400428731,2.1583883952260408,1.3523213463602273
HARVARD,S0133,1,nominal,13,41310884,Joint OLS,4.03312369692775,3.4501236164161946,7.088134210542307,4.550010294599156
HARVARD,S0133,1,nominal,13,41310884,Offset-only,22.181528656398623,18.99122781648772,38.755885756083245,33.370467462813046
HARVARD,S0133,1,nominal,13,41310884,Raw,119.4256357530672,115.86707649617652,149.19293350484287,264.8725159491476
HARVARD,S0133,1,nominal,14,41310885,Joint Huber,1.0726306032438369,0.8540714536735292,2.108060636489739,1.1790266133417948
HARVARD,S0133,1,nominal,14,41310885,Joint OLS,2.418239954085514,2.050557888666102,4.2913189611935465,3.660079474408864
HARVARD,S0133,1,nominal,14,41310885,Offset-only,15.525250998026335,13.27312290920574,27.20042038369621,31.208658823248687
HARVARD,S0133,1,nominal,14,41310885,Raw,77.6058971699314,75.63418695300054,98.9536655050204,110.79096651886844
HARVARD,S0133,1,nominal,15,41310886,Joint Huber,1.0825129375288307,0.8643704507132678,2.1109906686280326,1.1696669093853929
HARVARD,S0133,1,nominal,15,41310886,Joint OLS,4.437701092243169,3.7087941066240018,7.9058014053644765,7.525925332880075
HARVARD,S0133,1,nominal,15,41310886,Offset-only,20.93942579946415,17.89292906454269,37.08578963888654,35.745103538502335
HARVARD,S0133,1,nominal,15,41310886,Raw,135.17476395970218,132.92156594291862,164.14223679331937,294.41291020033816
HARVARD,S0133,1,nominal,16,41310887,Joint Huber,1.0744162272151236,0.8575513371913125,2.0999108114002465,1.1353933888014267
HARVARD,S0133,1,nominal,16,41310887,Joint OLS,3.5533486715296174,3.0118228402400438,6.261747089831183,4.704820637343111
HARVARD,S0133,1,nominal,16,41310887,Offset-only,14.91365875336365,12.858957573974816,25.15078607142345,31.30127406615076
HARVARD,S0133,1,nominal,16,41310887,Raw,101.79689278174664,99.31398282325289,122.3076434635352,212.16129475545327
HARVARD,S0133,1,nominal,17,41310888,Joint Huber,1.0403563040273216,0.8293328335911663,2.038186682291609,1.0763290882685228
HARVARD,S0133,1,nominal,17,41310888,Joint OLS,2.956861993412695,2.549827904869772,5.085098253707755,3.787049563238757
HARVARD,S0133,1,nominal,17,41310888,Offset-only,30.59657136247546,26.202107902197923,53.524377526573815,38.83214620450292
HARVARD,S0133,1,nominal,17,41310888,Raw,197.93431427702345,195.6135301389048,241.60487617100105,310.9759986279595
HARVARD,S0133,1,nominal,18,41310889,Joint Huber,1.0891094826491057,0.8694616546262968,2.130623186075287,1.1450300659628851
HARVARD,S0133,1,nominal,18,41310889,Joint OLS,3.663062611131134,3.165852102991989,6.342676604168674,5.551357705117802
HARVARD,S0133,1,nominal,18,41310889,Offset-only,7.823767007808192,6.690921959876412,13.600656882553253,19.99235138751508
HARVARD,S0133,1,nominal,18,41310889,Raw,163.16135608931992,162.92254647674264,174.90632641882388,260.987432394921
HARVARD,S0133,1,nominal,19,41310890,Joint Huber,1.0218601094453257,0.8127258294522512,2.010408061304681,1.0384152788943837
HARVARD,S0133,1,nominal,19,41310890,Joint OLS,4.354463988792454,3.650233855095873,7.77880790644474,5.78080047230204
HARVARD,S0133,1,nominal,19,41310890,Offset-only,19.697416635698705,16.98682798940149,33.09943798797694,24.865540492288336
HARVARD,S0133,1,nominal,19,41310890,Raw,105.45934710546616,103.12314696311618,133.4976246545938,172.8654131767753
HARVARD,S0133,1,nominal,20,41310891,Joint Huber,1.0386214705034849,0.8296579357884388,2.029999866366339,1.11277281725185
HARVARD,S0133,1,nominal,20,41310891,Joint OLS,4.60079194462347,3.807278865377041,8.274995859912693,9.057565139300769
HARVARD,S0133,1,nominal,20,41310891,Offset-only,22.54706359563501,19.19896759976111,39.77189660830618,34.15491874759608
HARVARD,S0133,1,nominal,20,41310891,Raw,181.0752135122874,179.34150153351231,212.51969413423188,208.5602486489377
HARVARD,S0133,1,nominal,21,41310892,Joint Huber,1.0556525928740814,0.8418110897080363,2.038607621566113,1.1121235249941166
HARVARD,S0133,1,nominal,21,41310892,Joint OLS,5.379526704977249,4.606254879899455,9.326922890623202,7.0516106542638575
HARVARD,S0133,1,nominal,21,41310892,Offset-only,17.753571821025407,15.051472568427153,32.04870488200689,30.079794269745253
HARVARD,S0133,1,nominal,21,41310892,Raw,241.49811914589228,240.7946351757892,266.5761922669958,293.78810757840284
HARVARD,S0133,1,nominal,22,41310893,Joint Huber,1.1335559708509546,0.906886959871567,2.2310109831578995,1.2184537444450976
HARVARD,S0133,1,nominal,22,41310893,Joint OLS,3.206034417155656,2.71802612865591,5.705030875591556,3.845793834102987
HARVARD,S0133,1,nominal,22,41310893,Offset-only,20.248809536334303,17.42842487071959,34.53647579796355,33.04151876510911
HARVARD,S0133,1,nominal,22,41310893,Raw,150.25840948246463,148.48700579732497,179.56278388542523,200.953199402104
HARVARD,S0133,1,nominal,23,41310894,Joint Huber,1.0407765723459468,0.8308581773127697,2.041631128494892,1.088366027585291
HARVARD,S0133,1,nominal,23,41310894,Joint OLS,5.358964296634811,4.439785669402947,9.6560478487838,7.763071846494031
HARVARD,S0133,1,nominal,23,41310894,Offset-only,19.567848513578955,16.705163935363856,34.744736776737966,35.69338054598692
HARVARD,S0133,1,nominal,23,41310894,Raw,149.32767494147564,147.43986529089187,176.6433333298334,203.12535845822117
HARVARD,S0133,1,nominal,24,41310895,Joint Huber,1.028151011657055,0.821442016271428,2.020457126538844,1.0536626474550757
HARVARD,S0133,1,nominal,24,41310895,Joint OLS,5.363269030675587,4.493600249688848,9.599715075514542,7.99286655618271
HARVARD,S0133,1,nominal,24,41310895,Offset-only,14.690646722272124,12.604288560684813,25.18261759431919,24.91481330865749
HARVARD,S0133,1,nominal,24,41310895,Raw,137.3771194840304,136.2748862440186,153.6628066276914,183.9203886297661
HARVARD,S0133,1,nominal,25,41310896,Joint Huber,1.075572362924839,0.8587102170177989,2.095615625367842,1.141598133218933
HARVARD,S0133,1,nominal,25,41310896,Joint OLS,5.446291876887857,4.636122780807277,9.596749659681336,8.638291439100065
HARVARD,S0133,1,nominal,25,41310896,Offset-only,22.525272104124664,19.232174591135927,39.67279384504163,30.413481300001127
HARVARD,S0133,1,nominal,25,41310896,Raw,88.53104644032183,84.53742316411775,118.11158478845844,127.79923833978258
HARVARD,S0133,1,nominal,26,41310897,Joint Huber,1.031572965495524,0.822035806337859,2.0317619095703066,1.0476465139331077
HARVARD,S0133,1,nominal,26,41310897,Joint OLS,4.305008657655466,3.656211534127614,7.612044193389389,6.706766939340435
HARVARD,S0133,1,nominal,26,41310897,Offset-only,18.16665057066348,15.60987550916336,31.344610752799863,31.585185824214516
HARVARD,S0133,1,nominal,26,41310897,Raw,88.47173654319789,85.21892841020923,110.81243452969414,202.00346378222304
HARVARD,S0133,1,nominal,27,41310898,Joint Huber,1.0801372015663409,0.861995338187546,2.133322336564004,1.1771140192431664
HARVARD,S0133,1,nominal,27,41310898,Joint OLS,4.831514549357787,3.985080058909314,8.85181171078706,6.0418909469438615
HARVARD,S0133,1,nominal,27,41310898,Offset-only,18.75699132716922,15.995158884746084,33.100522971887614,32.293625261694785
HARVARD,S0133,1,nominal,27,41310898,Raw,221.5412688121163,220.65635142698736,248.49583767478453,247.8611089329453
HARVARD,S0133,1,nominal,28,41310899,Joint Huber,1.0972636935723226,0.8786720785276922,2.128851912531893,1.1408986115487871
HARVARD,S0133,1,nominal,28,41310899,Joint OLS,3.685482294060724,3.0508560139404497,6.790345142291443,7.406938271609015
HARVARD,S0133,1,nominal,28,41310899,Offset-only,18.911333302430748,16.164068706312264,33.400217847521695,28.971402451674948
HARVARD,S0133,1,nominal,28,41310899,Raw,133.39813903816685,130.8765543835002,159.24097962362504,236.356740537788
HARVARD,S0133,1,nominal,29,41310900,Joint Huber,1.0249783918508244,0.8183333529104782,1.986990173652892,1.038839556749845
HARVARD,S0133,1,nominal,29,41310900,Joint OLS,3.390452330214452,2.970873329893462,5.697414305321891,4.855260474590378
HARVARD,S0133,1,nominal,29,41310900,Offset-only,24.87893607928956,21.357562205699324,42.997917077141125,34.50606748653799
HARVARD,S0133,1,nominal,29,41310900,Raw,177.684520909718,175.62193346652606,213.30987957135503,287.61184021523974
HARVARD,S0133,1,nominal,30,41310901,Joint Huber,1.1005146467929752,0.8832317346414955,2.1269394727930546,1.2216143900390746
HARVARD,S0133,1,nominal,30,41310901,Joint OLS,3.2454074918291838,2.8362016062232644,5.507228408734655,3.9221180594903142
HARVARD,S0133,1,nominal,30,41310901,Offset-only,21.23495443780522,18.09614534901043,37.71765189818628,40.276937523747954
HARVARD,S0133,1,nominal,30,41310901,Raw,88.02713350405187,83.52642528490114,112.30055547834752,213.07586585249723
HARVARD,S0133,1,nominal,31,41310902,Joint Huber,1.0609614308752393,0.8504747036278675,2.0644227935788355,1.1498893941267414
HARVARD,S0133,1,nominal,31,41310902,Joint OLS,2.2576284859930835,1.960723357843138,3.874753595842862,2.965224633158705
HARVARD,S0133,1,nominal,31,41310902,Offset-only,15.949006672993113,13.696850177529583,27.45667990597851,35.860487280252684
HARVARD,S0133,1,nominal,31,41310902,Raw,130.09170341247255,128.4698024411381,147.94092845467526,176.49117559371936
HARVARD,S0133,1,nominal,32,41310903,Joint Huber,1.056802993689291,0.8443396540521984,2.083125428558219,1.1052988563132846
HARVARD,S0133,1,nominal,32,41310903,Joint OLS,4.139357083940274,3.493517021156653,7.305269213461862,5.095747871110009
HARVARD,S0133,1,nominal,32,41310903,Offset-only,18.285099645274,15.612096471531531,32.20796424285464,26.837474468881243
HARVARD,S0133,1,nominal,32,41310903,Raw,126.43654743925624,125.07656822231776,152.33098013067928,185.9299066908315
HARVARD,S0133,1,nominal,33,41310904,Joint Huber,1.1968490151282665,0.9603116390462074,2.321732637581776,1.3672521453764996
HARVARD,S0133,1,nominal,33,41310904,Joint OLS,4.440628866839177,3.766169849278512,7.818115368160239,7.335500331591955
HARVARD,S0133,1,nominal,33,41310904,Offset-only,12.687957258624706,10.84638843104034,22.19660949018805,29.458079021552297
HARVARD,S0133,1,nominal,33,41310904,Raw,114.1535584481376,112.98597420631356,132.13229878144085,268.8609152717861
HARVARD,S0133,1,nominal,34,41310905,Joint Huber,1.0714811344516386,0.8578357802031867,2.1037467950154825,1.126544741757257
HARVARD,S0133,1,nominal,34,41310905,Joint OLS,3.3848238346268924,2.818310052513069,6.166539043643593,4.853083768033091
HARVARD,S0133,1,nominal,34,41310905,Offset-only,18.272029334461823,15.62526020597651,32.06433076859305,26.309553847385093
HARVARD,S0133,1,nominal,34,41310905,Raw,178.3311691537383,177.17579349631782,204.59535867281497,291.3874103221929
HARVARD,S0133,1,nominal,35,41310906,Joint Huber,1.0768941339859426,0.8575462539603804,2.1056398792234536,1.2242934144754571
HARVARD,S0133,1,nominal,35,41310906,Joint OLS,4.468260833936142,3.683942148095206,8.196357357648942,5.380278610972222
HARVARD,S0133,1,nominal,35,41310906,Offset-only,16.852413300028818,14.370893152431249,30.088884082891543,31.774948522070147
HARVARD,S0133,1,nominal,35,41310906,Raw,102.94796843460875,100.69133345878508,125.50066373916464,164.59436432761566
HARVARD,S0133,1,nominal,36,41310907,Joint Huber,1.0535119912023163,0.8426104626509984,2.074189768590884,1.1118136046460383
HARVARD,S0133,1,nominal,36,41310907,Joint OLS,4.324078793927456,3.66842438086415,7.663630161997582,6.651756683622576
HARVARD,S0133,1,nominal,36,41310907,Offset-only,28.629565419704868,24.471637937113208,50.27082439701759,37.20849239776079
HARVARD,S0133,1,nominal,36,41310907,Raw,161.27903534386678,157.30877929899458,199.9661703532212,258.5569294290676
HARVARD,S0133,1,nominal,37,41310908,Joint Huber,1.035853870801105,0.8262659527889049,2.027882107559975,1.0692044068547086
HARVARD,S0133,1,nominal,37,41310908,Joint OLS,4.009369015468896,3.4352427514432207,6.96178204355853,8.122295043975674
HARVARD,S0133,1,nominal,37,41310908,Offset-only,25.70522824223682,21.930516331131116,45.85360978608533,33.11376032312217
HARVARD,S0133,1,nominal,37,41310908,Raw,153.37476673560698,150.75893298095534,188.9972229584297,188.60769407891905
HARVARD,S0133,1,nominal,38,41310909,Joint Huber,1.0832191262776003,0.8661139329981398,2.134195228509484,1.2146392886735031
HARVARD,S0133,1,nominal,38,41310909,Joint OLS,4.746263565383312,3.9847864639645225,8.301433602824204,6.254500470567997
HARVARD,S0133,1,nominal,38,41310909,Offset-only,20.21370733088576,17.42178880421677,34.29657763498054,37.19425596676923
HARVARD,S0133,1,nominal,38,41310909,Raw,61.91026946308328,59.28769914793638,84.95921755116606,91.91530625260532
HARVARD,S0133,1,nominal,39,41310910,Joint Huber,1.0781387081123124,0.8602225972904232,2.124971951919896,1.1036911362386297
HARVARD,S0133,1,nominal,39,41310910,Joint OLS,3.932406883087878,3.3169194548866763,7.02073603424207,8.817536225768835
HARVARD,S0133,1,nominal,39,41310910,Offset-only,23.756060061731368,20.263598475565814,42.300990439866304,36.12118541985917
HARVARD,S0133,1,nominal,39,41310910,Raw,102.62026565725198,99.97701291437136,135.26250148552342,134.3943822751521
HARVARD,S0133,1,nominal,40,41310911,Joint Huber,1.0388771118008175,0.8278915686215854,2.0440736164730744,1.083637866616884
HARVARD,S0133,1,nominal,40,41310911,Joint OLS,4.597558807560653,3.942899846273813,7.917156640318092,6.766262586930577
HARVARD,S0133,1,nominal,40,41310911,Offset-only,16.717259121195827,14.352765450816406,29.10425413157266,29.541714954560568
HARVARD,S0133,1,nominal,40,41310911,Raw,190.267642772455,189.47176432610428,214.89016929420328,276.74214748534183
HARVARD,S0133,1,nominal,41,41310912,Joint Huber,1.1386068945044874,0.9118616945660628,2.21780902185742,1.2473295128958863
HARVARD,S0133,1,nominal,41,41310912,Joint OLS,3.698333100732507,3.0845146084239032,6.573509443783166,4.638342908339507
HARVARD,S0133,1,nominal,41,41310912,Offset-only,8.788709108499194,7.40643797960415,15.958813947802277,16.8498805510036
HARVARD,S0133,1,nominal,41,41310912,Raw,159.8972908562689,159.56278486082496,172.19313578419315,230.6655581769164
HARVARD,S0133,1,nominal,42,41310913,Joint Huber,1.043346781983473,0.8322832520273665,2.052450515839088,1.1275421848411462
HARVARD,S0133,1,nominal,42,41310913,Joint OLS,3.4490842108356,2.868328636593007,6.245484125188217,5.031346361354113
HARVARD,S0133,1,nominal,42,41310913,Offset-only,18.527849371633533,15.840867556862472,32.50293040863509,37.23451532589361
HARVARD,S0133,1,nominal,42,41310913,Raw,114.81372650815004,111.69664681377589,139.11816466356123,234.394637639246
HARVARD,S0133,1,nominal,43,41310914,Joint Huber,1.1624063486008838,0.9306359034863372,2.268658565477466,1.3192604882101726
HARVARD,S0133,1,nominal,43,41310914,Joint OLS,2.739555461802897,2.296187719769744,4.907918203170958,3.818124303378127
HARVARD,S0133,1,nominal,43,41310914,Offset-only,14.418975123530934,12.33023076399402,25.249831731551023,29.40806423350567
HARVARD,S0133,1,nominal,43,41310914,Raw,152.70213795231123,151.69522035853186,173.2564207788247,229.30601436874045
HARVARD,S0133,1,nominal,44,41310915,Joint Huber,1.0823557754683273,0.865007787125871,2.1274991058341186,1.165863936100947
HARVARD,S0133,1,nominal,44,41310915,Joint OLS,4.151522828531614,3.579510789461334,7.156169486319997,5.716027387093283
HARVARD,S0133,1,nominal,44,41310915,Offset-only,20.495839078755424,17.47501689335001,36.55928184996653,36.36009879130525
HARVARD,S0133,1,nominal,44,41310915,Raw,129.8744049260435,128.0984348350623,151.62579368833357,249.4506318343948
HARVARD,S0133,1,nominal,45,41310916,Joint Huber,1.109725103689806,0.8874440440070737,2.15858271370486,1.2261767098186809
HARVARD,S0133,1,nominal,45,41310916,Joint OLS,3.9592221004616746,3.4407820989358378,6.830468982343518,5.886010168777105
HARVARD,S0133,1,nominal,45,41310916,Offset-only,25.25944850768636,21.628523446392432,44.460745198961504,34.960418791778366
HARVARD,S0133,1,nominal,45,41310916,Raw,106.69749738914308,103.57339611944025,141.03002485632246,192.17784036079
HARVARD,S0133,1,nominal,46,41310917,Joint Huber,1.0445276602634666,0.8314675534635841,2.039894996181779,1.105038729340737
HARVARD,S0133,1,nominal,46,41310917,Joint OLS,4.306173118642736,3.758200877718264,7.228619673181669,6.662876690895376
HARVARD,S0133,1,nominal,46,41310917,Offset-only,22.13517007556936,18.840759704488644,39.61994844853205,36.248859115161736
HARVARD,S0133,1,nominal,46,41310917,Raw,173.00341474501067,170.90280496074232,203.48455617335333,286.0907194862032
HARVARD,S0133,1,nominal,47,41310918,Joint Huber,1.0701241522354046,0.8558307652474669,2.097696118049619,1.1928233176342316
HARVARD,S0133,1,nominal,47,41310918,Joint OLS,4.845406451429974,4.042976337716972,8.589892488850428,7.062292743814754
HARVARD,S0133,1,nominal,47,41310918,Offset-only,23.990989569552696,20.412379191630468,42.862086805062205,40.632575405579466
HARVARD,S0133,1,nominal,47,41310918,Raw,115.01983562607256,111.35490334445508,142.69135671518978,199.23726557236057
HARVARD,S0133,1,nominal,48,41310919,Joint Huber,1.0108094262689662,0.8046859778010574,1.9945104121042332,1.0461357939306235
HARVARD,S0133,1,nominal,48,41310919,Joint OLS,3.4808753768553258,2.946614339145568,6.149795743439768,4.727448785640027
HARVARD,S0133,1,nominal,48,41310919,Offset-only,25.59531989025185,22.057618714569728,43.27244918246303,36.80009697267137
HARVARD,S0133,1,nominal,48,41310919,Raw,150.07954678825527,146.11939777865015,185.17000556979585,279.7507910246456
HARVARD,S0133,1,nominal,49,41310920,Joint Huber,1.0208778541057375,0.8136539895812479,2.0149261324888816,1.0469215860023122
HARVARD,S0133,1,nominal,49,41310920,Joint OLS,3.874433092133255,3.2025561168302783,7.0898353830571645,5.84014810293303
HARVARD,S0133,1,nominal,49,41310920,Offset-only,7.996741187172125,6.790631258192214,14.29050675061925,15.967659166301331
HARVARD,S0133,1,nominal,49,41310920,Raw,207.15076375715296,206.89153628325352,218.7723764088828,240.73232677870303
HARVARD,S0133,1,stress,0,41310921,Joint Huber,5.358018743114069,4.283527997512163,10.529959631411858,5.669083213732623
HARVARD,S0133,1,stress,0,41310921,Joint OLS,10.3071500183316,8.713146763264735,18.508793063672613,11.969072376453468
HARVARD,S0133,1,stress,0,41310921,Offset-only,93.61354017377262,80.58169423747621,159.6033214767403,195.66421441752965
HARVARD,S0133,1,stress,0,41310921,Raw,342.72100341939006,327.331419529991,444.0292009615544,495.2699773974738
HARVARD,S0133,1,stress,1,41310922,Joint Huber,6.616550443847282,5.32478968339661,12.772707233944123,10.97337207502685
HARVARD,S0133,1,stress,1,41310922,Joint OLS,14.015500735493951,11.624296834027238,25.768797915665772,21.498238567000502
HARVARD,S0133,1,stress,1,41310922,Offset-only,114.6731298873367,97.735437324479,201.2706879975084,181.45492739467863
HARVARD,S0133,1,stress,1,41310922,Raw,345.8541401328402,328.5263103965568,474.1917229160644,570.2475281935153
HARVARD,S0133,1,stress,2,41310923,Joint Huber,5.408756216582854,4.321221401856681,10.570087246876362,5.660585233462198
HARVARD,S0133,1,stress,2,41310923,Joint OLS,14.3991053351815,11.979253901886562,26.31672195450676,23.973144471931192
HARVARD,S0133,1,stress,2,41310923,Offset-only,128.23099847306364,110.48709750195016,217.8051438770705,165.20116369577923
HARVARD,S0133,1,stress,2,41310923,Raw,420.1174653522412,401.9263932426293,587.364308394654,688.7047833169419
HARVARD,S0133,1,stress,3,41310924,Joint Huber,5.887257172879759,4.729303574360567,11.350278026334204,6.22826072092042
HARVARD,S0133,1,stress,3,41310924,Joint OLS,17.00972777639175,14.5701677453686,29.993616407474068,19.78854861621153
HARVARD,S0133,1,stress,3,41310924,Offset-only,56.72981085807629,48.650893942820574,97.31292421294154,120.2131045498669
HARVARD,S0133,1,stress,3,41310924,Raw,258.61523610800634,249.4774524602252,316.4952720911322,453.7949548936432
HARVARD,S0133,1,stress,4,41310925,Joint Huber,5.955464254783527,4.779683364705769,11.65512656243326,6.309145163194464
HARVARD,S0133,1,stress,4,41310925,Joint OLS,15.325903493342349,12.7294874240625,28.395256774312298,27.44745134111787
HARVARD,S0133,1,stress,4,41310925,Offset-only,78.21175903877968,67.25292571549392,133.8604583056159,118.64956192800489
HARVARD,S0133,1,stress,4,41310925,Raw,419.4302080825334,412.1836203690218,531.524862997955,561.3931618562733
HARVARD,S0133,1,stress,5,41310926,Joint Huber,6.176177703168875,4.955372351159601,12.08144218524554,6.9791383673366925
HARVARD,S0133,1,stress,5,41310926,Joint OLS,22.041354205496454,18.11502978908685,40.254994885654405,38.20572238253908
HARVARD,S0133,1,stress,5,41310926,Offset-only,107.2289546406649,90.46114491573648,195.47614557379129,200.27495778375516
HARVARD,S0133,1,stress,5,41310926,Raw,369.5340803407445,355.7507913820775,509.4915701936603,770.1223831632844
HARVARD,S0133,1,stress,6,41310927,Joint Huber,5.8453442166908856,4.678933210295375,11.410770229361855,6.491472905875528
HARVARD,S0133,1,stress,6,41310927,Joint OLS,16.45250245519394,13.810312063157443,29.97108079082267,25.60821112134049
HARVARD,S0133,1,stress,6,41310927,Offset-only,141.9632198338943,119.979157702281,249.5685554739315,205.5598679083785
HARVARD,S0133,1,stress,6,41310927,Raw,540.6560164392129,522.7132378612031,721.2098041021136,699.7564610526342
HARVARD,S0133,1,stress,7,41310928,Joint Huber,5.548807095699052,4.439648723438994,10.834003712213129,6.125348710608477
HARVARD,S0133,1,stress,7,41310928,Joint OLS,14.56514854140672,12.253111820683712,26.010237803036063,21.230620628369664
HARVARD,S0133,1,stress,7,41310928,Offset-only,81.10564053918954,68.91166785684695,142.27865084371098,149.9878424284974
HARVARD,S0133,1,stress,7,41310928,Raw,332.04721488027843,322.67506384096055,424.2177966764867,514.0221800240158
HARVARD,S0133,1,stress,8,41310929,Joint Huber,6.255525071151865,5.031810831892972,12.09874490281777,6.924567937557871
HARVARD,S0133,1,stress,8,41310929,Joint OLS,21.511851393344003,18.22692970105733,37.61468887206097,34.33191692972959
HARVARD,S0133,1,stress,8,41310929,Offset-only,94.47682748408413,80.99533124304733,164.3311894221127,158.7113381612917
HARVARD,S0133,1,stress,8,41310929,Raw,342.415077706836,331.03135914153177,448.6982490886019,667.3603735142069
HARVARD,S0133,1,stress,9,41310930,Joint Huber,5.62924016358556,4.521474846560043,10.914465073032533,6.470523231570759
HARVARD,S0133,1,stress,9,41310930,Joint OLS,13.900904101548925,11.800945668324188,24.52450849487897,26.983670491649708
HARVARD,S0133,1,stress,9,41310930,Offset-only,136.02510376727196,117.14312147874816,230.25141227740744,161.6421531698726
HARVARD,S0133,1,stress,9,41310930,Raw,431.6088941071863,410.8437588546106,598.3161611834364,765.7532007893832
HARVARD,S0133,1,stress,10,41310931,Joint Huber,6.333562401330541,5.10680059761949,12.286890408577024,7.907936232649655
HARVARD,S0133,1,stress,10,41310931,Joint OLS,22.847889006010227,19.08919684050944,40.77673758949568,30.334897924355797
HARVARD,S0133,1,stress,10,41310931,Offset-only,71.81160573034435,61.84990644246764,121.72894193375453,152.05703502577387
HARVARD,S0133,1,stress,10,41310931,Raw,254.7518209109835,241.1204491458,336.1652129070977,379.6349637611342
HARVARD,S0133,1,stress,11,41310932,Joint Huber,5.221683016149708,4.167761259060809,10.129706779425977,5.5368461422090585
HARVARD,S0133,1,stress,11,41310932,Joint OLS,10.506516467446376,8.978791678806466,18.65630075390286,16.250112178179403
HARVARD,S0133,1,stress,11,41310932,Offset-only,120.90461508230128,102.21271659151398,217.5393211141241,172.6354270776824
HARVARD,S0133,1,stress,11,41310932,Raw,318.3801563670633,302.439270520047,449.5033602741219,707.3881553325502
HARVARD,S0133,1,stress,12,41310933,Joint Huber,6.35830668842183,5.114201664036264,12.431960326853543,8.326552981107833
HARVARD,S0133,1,stress,12,41310933,Joint OLS,14.181529136232797,11.94094171753902,25.286940914557565,18.327139921455643
HARVARD,S0133,1,stress,12,41310933,Offset-only,95.14207396821888,81.48787641525533,167.33647981551184,156.66935320119558
HARVARD,S0133,1,stress,12,41310933,Raw,382.6328426448745,369.7842319728884,513.1709298975882,642.319252327294
HARVARD,S0133,1,stress,13,41310934,Joint Huber,5.748455779192151,4.595674550675156,11.222341407591266,6.753715571926528
HARVARD,S0133,1,stress,13,41310934,Joint OLS,18.67357286507484,15.492055364057798,33.84545372135351,28.231350905904776
HARVARD,S0133,1,stress,13,41310934,Offset-only,103.7234006606155,88.24599396363745,185.39873983228225,198.67418080149088
HARVARD,S0133,1,stress,13,41310934,Raw,443.83214504855306,431.3057857987786,583.6746072274744,805.6297810699527
HARVARD,S0133,1,stress,14,41310935,Joint Huber,6.247761350976698,5.008551261808405,12.099763295206502,7.276329272696245
HARVARD,S0133,1,stress,14,41310935,Joint OLS,15.268168979473776,14.027013129963468,23.69211010271926,22.95987171850893
HARVARD,S0133,1,stress,14,41310935,Offset-only,68.31603463474661,57.557718850748,123.82661128319742,143.66896619758123
HARVARD,S0133,1,stress,14,41310935,Raw,290.4999114796916,277.7455571220468,374.6619689540011,489.5451900157373
HARVARD,S0133,1,stress,15,41310936,Joint Huber,5.468910150035391,4.37280649157935,10.649424279742982,5.868445284748784
HARVARD,S0133,1,stress,15,41310936,Joint OLS,17.551648159505792,15.639689244417594,28.764223797669427,24.5722272078778
HARVARD,S0133,1,stress,15,41310936,Offset-only,54.12442292730365,46.26080527514317,91.92196136884002,149.7330093756718
HARVARD,S0133,1,stress,15,41310936,Raw,203.687429853728,198.02163839064855,249.38310591788556,342.0489861400639
HARVARD,S0133,1,stress,16,41310937,Joint Huber,5.6074716176001,4.502180371326831,10.953745913996828,6.1194014472263545
HARVARD,S0133,1,stress,16,41310937,Joint OLS,14.45023750068944,11.970914889352176,26.149782300897684,20.989616258725583
HARVARD,S0133,1,stress,16,41310937,Offset-only,99.79571334870552,84.61055185158361,179.80242960930542,174.45883985525552
HARVARD,S0133,1,stress,16,41310937,Raw,309.5330885702336,294.02078347729736,423.728503155837,508.4648837727711
HARVARD,S0133,1,stress,17,41310938,Joint Huber,6.24743255271279,5.024610601093562,12.155913701076116,7.422747928036666
HARVARD,S0133,1,stress,17,41310938,Joint OLS,16.460706173710825,14.019766993226384,28.572806381854,24.718287564762857
HARVARD,S0133,1,stress,17,41310938,Offset-only,111.67551804345746,96.22688285830893,188.8809329092694,176.92693659243784
HARVARD,S0133,1,stress,17,41310938,Raw,166.2967474189911,142.66578529868383,284.5670276011043,241.30657965902697
HARVARD,S0133,1,stress,18,41310939,Joint Huber,5.218667548415912,4.166212918579193,10.135815662996707,5.380532706531247
HARVARD,S0133,1,stress,18,41310939,Joint OLS,11.98592081322003,10.212930838594728,21.166729717296697,18.66754872793912
HARVARD,S0133,1,stress,18,41310939,Offset-only,111.8247612601054,94.67624176095528,202.99474514383851,197.23125567138436
HARVARD,S0133,1,stress,18,41310939,Raw,237.7229189542882,212.4581611092308,363.64866470884414,346.21134812027424
HARVARD,S0133,1,stress,19,41310940,Joint Huber,5.471772889587744,4.379133234919321,10.703731726226543,6.181584526460104
HARVARD,S0133,1,stress,19,41310940,Joint OLS,17.63519993128049,14.646889696887584,32.22670219070932,21.676206010389595
HARVARD,S0133,1,stress,19,41310940,Offset-only,53.9538639130987,45.71665741174989,96.74673212803432,81.47959844143327
HARVARD,S0133,1,stress,19,41310940,Raw,374.2271340245848,369.8153147490808,448.2432154723068,432.3269807411127
HARVARD,S0133,1,stress,20,41310941,Joint Huber,6.309906608629705,5.088853946938397,12.167593941948107,7.555027650541384
HARVARD,S0133,1,stress,20,41310941,Joint OLS,13.189996286626728,10.891942897319977,24.243184075119476,16.26926713688004
HARVARD,S0133,1,stress,20,41310941,Offset-only,85.77595530268812,72.62841211318229,155.53084341656628,197.7551665181843
HARVARD,S0133,1,stress,20,41310941,Raw,259.9694396717824,246.99676511227796,350.7789778003138,415.6025249599646
HARVARD,S0133,1,stress,21,41310942,Joint Huber,5.307516561626982,4.245113822026505,10.337238559385488,5.423668575586171
HARVARD,S0133,1,stress,21,41310942,Joint OLS,10.568437786662546,9.07066090133911,18.775671066193315,15.104335825295372
HARVARD,S0133,1,stress,21,41310942,Offset-only,145.35523479764828,121.72525647333303,265.3829911686448,152.50106816265844
HARVARD,S0133,1,stress,21,41310942,Raw,484.3195815443567,465.7162682324397,664.9878777346239,717.4004252080208
HARVARD,S0133,1,stress,22,41310943,Joint Huber,6.577250054325867,5.327825824273628,12.632211969655671,8.852999253557023
HARVARD,S0133,1,stress,22,41310943,Joint OLS,19.164576215588625,16.777755393146297,31.51213162532609,26.075906170538783
HARVARD,S0133,1,stress,22,41310943,Offset-only,129.91520376212594,110.13837426166565,231.6211076845516,190.3883138598717
HARVARD,S0133,1,stress,22,41310943,Raw,274.79701656900244,254.94229564694515,411.6369177600432,645.3634406116265
HARVARD,S0133,1,stress,23,41310944,Joint Huber,5.367952494045308,4.30035819394912,10.457677071588378,6.300126127779863
HARVARD,S0133,1,stress,23,41310944,Joint OLS,14.061814450369845,11.98663924849247,24.62877454150032,20.493301444316327
HARVARD,S0133,1,stress,23,41310944,Offset-only,63.17806238818082,54.27473615643757,109.04764921257596,100.66533759446214
HARVARD,S0133,1,stress,23,41310944,Raw,366.5096429023092,359.30134508479705,441.6363342847049,552.2767127306687
HARVARD,S0133,1,stress,24,41310945,Joint Huber,6.250588064131155,5.022850040137076,12.141857317021376,6.716740248298748
HARVARD,S0133,1,stress,24,41310945,Joint OLS,14.843222786090728,12.38537621526903,26.871363318186248,19.923496336831956
HARVARD,S0133,1,stress,24,41310945,Offset-only,89.82427116344017,76.25624945919857,159.55347603481087,179.6221487052006
HARVARD,S0133,1,stress,24,41310945,Raw,352.26859196906025,340.28005724413856,471.66497652829366,642.662395355981
HARVARD,S0133,1,stress,25,41310946,Joint Huber,5.774966240102861,4.636055698860767,11.245900129978814,6.356715083873143
HARVARD,S0133,1,stress,25,41310946,Joint OLS,19.099251190497466,17.048713451643717,31.028439186800405,21.13272085009766
HARVARD,S0133,1,stress,25,41310946,Offset-only,113.85447334638536,96.26650058470229,205.16101216431184,198.45699533910536
HARVARD,S0133,1,stress,25,41310946,Raw,344.6144075960233,327.9580645270519,468.5941542012486,556.979651643434
HARVARD,S0133,1,stress,26,41310947,Joint Huber,5.491217422403835,4.388385069502297,10.701920466388428,5.858585135173073
HARVARD,S0133,1,stress,26,41310947,Joint OLS,18.01089500345179,15.05123708967507,32.66890484450809,30.42652992037272
HARVARD,S0133,1,stress,26,41310947,Offset-only,114.50446651386392,98.44857153019863,195.0262377399062,132.4898087399193
HARVARD,S0133,1,stress,26,41310947,Raw,290.94386947147984,270.4773120715847,430.34809822913473,525.479407021163
HARVARD,S0133,1,stress,27,41310948,Joint Huber,5.3812298960443465,4.291592137394609,10.58166442855928,5.603926769196517
HARVARD,S0133,1,stress,27,41310948,Joint OLS,17.105946847974845,14.643841851453992,30.09037084780202,23.02377215035245
HARVARD,S0133,1,stress,27,41310948,Offset-only,55.0099075955006,47.38613021149866,92.47469154385593,153.81611526318156
HARVARD,S0133,1,stress,27,41310948,Raw,285.77486076216945,278.8452270719488,344.0347214287554,427.9684626070791
HARVARD,S0133,1,stress,28,41310949,Joint Huber,6.189329442333624,4.9800615572667954,11.95678529281068,7.502528446009538
HARVARD,S0133,1,stress,28,41310949,Joint OLS,20.521076167809557,17.047377607248034,37.17498662932195,28.77350085463915
HARVARD,S0133,1,stress,28,41310949,Offset-only,106.47112408262312,89.68022041880194,190.07744782247005,143.17212747353366
HARVARD,S0133,1,stress,28,41310949,Raw,317.1779280067494,299.94374061609744,443.6165139226421,606.5337314980223
HARVARD,S0133,1,stress,29,41310950,Joint Huber,5.038485868264917,4.027437912220372,9.769149629244824,5.053227062657735
HARVARD,S0133,1,stress,29,41310950,Joint OLS,12.643593947618012,10.427925254794228,23.32557778838009,19.80211531325612
HARVARD,S0133,1,stress,29,41310950,Offset-only,141.9452126498495,121.1845806586738,248.762452005486,189.7053726002627
HARVARD,S0133,1,stress,29,41310950,Raw,400.4925108567803,381.3704890353581,555.3102042221562,719.2032347006748
HARVARD,S0133,1,stress,30,41310951,Joint Huber,5.871386287207481,4.68675109736837,11.52280345622856,6.697863664980522
HARVARD,S0133,1,stress,30,41310951,Joint OLS,21.447954510018832,18.000699825243693,38.47888749153147,26.137023473535667
HARVARD,S0133,1,stress,30,41310951,Offset-only,105.3410576425686,90.32557360762895,179.35430025941366,168.75174812817133
HARVARD,S0133,1,stress,30,41310951,Raw,194.504590762656,170.66132314491674,316.9440604898137,288.8553377011911
HARVARD,S0133,1,stress,31,41310952,Joint Huber,5.318395743448347,4.243152781714576,10.405900608726885,5.599960561556615
HARVARD,S0133,1,stress,31,41310952,Joint OLS,12.806498757048942,11.358267523535227,21.32738126863689,23.120771534634244
HARVARD,S0133,1,stress,31,41310952,Offset-only,55.58258924692924,47.18450840124888,99.5277344443874,170.51405218972693
HARVARD,S0133,1,stress,31,41310952,Raw,147.4039441806897,137.87857994994312,197.1719413874085,351.9355109897244
HARVARD,S0133,1,stress,32,41310953,Joint Huber,6.876946929847404,5.577247751056484,13.201670499803608,7.3195060650177455
HARVARD,S0133,1,stress,32,41310953,Joint OLS,22.35207092367132,19.21336550521593,38.39976839500893,30.41700413221068
HARVARD,S0133,1,stress,32,41310953,Offset-only,139.7438586848223,119.20193308172874,248.28481077434523,185.0972136090116
HARVARD,S0133,1,stress,32,41310953,Raw,402.95282555153887,375.279889538066,576.3713666516923,596.8532911784813
HARVARD,S0133,1,stress,33,41310954,Joint Huber,5.364513563759754,4.299478989652998,10.442804224141613,5.606960655938607
HARVARD,S0133,1,stress,33,41310954,Joint OLS,11.9807123790901,9.830260528206614,22.48566546574536,19.111407288943525
HARVARD,S0133,1,stress,33,41310954,Offset-only,103.870878120617,89.09042996403724,178.076046113483,185.7296212549356
HARVARD,S0133,1,stress,33,41310954,Raw,376.85113421427457,357.0093555233309,510.8248222452675,617.0545201369457
HARVARD,S0133,1,stress,34,41310955,Joint Huber,5.258363821554272,4.19727276064825,10.289181626196967,5.464896323322587
HARVARD,S0133,1,stress,34,41310955,Joint OLS,15.135607889782085,12.828864945903298,27.10440185442451,19.025772292496555
HARVARD,S0133,1,stress,34,41310955,Offset-only,91.55943243025692,78.42121299869211,157.68380173248295,118.97171957396088
HARVARD,S0133,1,stress,34,41310955,Raw,342.40367383895665,328.829157161878,466.3302132211505,489.8711334490629
HARVARD,S0133,1,stress,35,41310956,Joint Huber,5.701422060921403,4.577494630345252,11.017839175989865,6.121764770156954
HARVARD,S0133,1,stress,35,41310956,Joint OLS,10.439710314633327,8.675241179349351,19.207171860918496,15.728627977690396
HARVARD,S0133,1,stress,35,41310956,Offset-only,90.89795563193034,78.12133440803676,156.3352622977428,186.9100340569252
HARVARD,S0133,1,stress,35,41310956,Raw,267.81972704336863,247.82858587886915,381.8183531011351,416.3808703617575
HARVARD,S0133,1,stress,36,41310957,Joint Huber,5.388068926829238,4.31243932522003,10.504096863941472,5.571659496989599
HARVARD,S0133,1,stress,36,41310957,Joint OLS,16.68765369303971,14.25932124156043,28.78286037240592,25.41393083406085
HARVARD,S0133,1,stress,36,41310957,Offset-only,102.53630746258426,86.7595335629677,179.2593063993877,156.956971221225
HARVARD,S0133,1,stress,36,41310957,Raw,260.130681629666,240.69485357403352,378.9655708046951,345.8729758559399
HARVARD,S0133,1,stress,37,41310958,Joint Huber,5.443641493962711,4.339779121949874,10.62799638281744,5.853370413046474
HARVARD,S0133,1,stress,37,41310958,Joint OLS,13.13411736791402,11.205573987723833,23.16993644057908,15.071582250231
HARVARD,S0133,1,stress,37,41310958,Offset-only,120.6322777421577,101.20679947213864,216.07130934428025,192.32863537361385
HARVARD,S0133,1,stress,37,41310958,Raw,328.81711712935834,310.9838035439218,448.3975777190761,554.308429360334
HARVARD,S0133,1,stress,38,41310959,Joint Huber,5.7369701464524345,4.583229626099326,11.27746914758412,5.926573121543481
HARVARD,S0133,1,stress,38,41310959,Joint OLS,15.360815005589512,12.833135007889364,27.900500973289333,26.26158580565177
HARVARD,S0133,1,stress,38,41310959,Offset-only,85.00838322727407,72.18144166879553,150.68342215610517,187.98384707704
HARVARD,S0133,1,stress,38,41310959,Raw,307.0702681309175,295.63325565921554,399.98500224168936,579.8918293449385
HARVARD,S0133,1,stress,39,41310960,Joint Huber,6.034777869423415,4.842996181984908,11.685861497901852,6.503088006157361
HARVARD,S0133,1,stress,39,41310960,Joint OLS,14.813917310798214,12.422867555226354,26.40331673113383,21.67048498213678
HARVARD,S0133,1,stress,39,41310960,Offset-only,123.2696848951049,105.15381823900468,215.8974269547578,157.05976442624242
HARVARD,S0133,1,stress,39,41310960,Raw,289.7803961252926,266.4540862942475,420.4058742739909,605.5494756086636
HARVARD,S0133,1,stress,40,41310961,Joint Huber,6.006689957570062,4.843031051573711,11.635575221281693,7.185744912626254
HARVARD,S0133,1,stress,40,41310961,Joint OLS,17.002498313701686,14.257902932516467,30.25528116547902,24.71750633525824
HARVARD,S0133,1,stress,40,41310961,Offset-only,86.33092977673323,72.73896854319766,157.170986164863,197.5986814583167
HARVARD,S0133,1,stress,40,41310961,Raw,180.0545147185332,165.16954561325844,259.8592356732117,340.41420854509755
HARVARD,S0133,1,stress,41,41310962,Joint Huber,5.4834179868906165,4.374374163512606,10.712927624191318,5.952009209815919
HARVARD,S0133,1,stress,41,41310962,Joint OLS,16.39014935273717,14.27258157164949,27.64732264826644,23.36894262252401
HARVARD,S0133,1,stress,41,41310962,Offset-only,126.17980130782556,107.34776367685024,220.3691197382609,147.38104619854172
HARVARD,S0133,1,stress,41,41310962,Raw,237.630425481778,213.90436317659717,376.6467802363632,324.26282706646026
HARVARD,S0133,1,stress,42,41310963,Joint Huber,5.436086863588577,4.346979046813235,10.59495072714958,6.409765488832504
HARVARD,S0133,1,stress,42,41310963,Joint OLS,9.21048434555324,7.661444875009304,16.88845974118358,15.44977340330364
HARVARD,S0133,1,stress,42,41310963,Offset-only,119.04085880217218,102.16286076942468,204.29651209962867,196.37211922289245
HARVARD,S0133,1,stress,42,41310963,Raw,462.8246438078128,444.43906276656566,625.3139322225849,781.0665767075607
HARVARD,S0133,1,stress,43,41310964,Joint Huber,5.40023333268887,4.31195324640221,10.53708950531518,5.749632427070273
HARVARD,S0133,1,stress,43,41310964,Joint OLS,7.098584107694606,5.748191500466737,13.637606745884014,8.902956057151913
HARVARD,S0133,1,stress,43,41310964,Offset-only,58.279926705357134,49.4098284048324,103.1964688583095,81.42296606393553
HARVARD,S0133,1,stress,43,41310964,Raw,327.5688653243081,319.8721010669418,404.1731231676805,461.038761585652
HARVARD,S0133,1,stress,44,41310965,Joint Huber,5.565266934358179,4.445670918688146,10.930772330300446,5.666246110842622
HARVARD,S0133,1,stress,44,41310965,Joint OLS,17.713289662460113,15.019391451520695,31.626530168253456,22.75574612997662
HARVARD,S0133,1,stress,44,41310965,Offset-only,147.09756838084385,125.9428616313186,256.50220935910625,193.52798865318888
HARVARD,S0133,1,stress,44,41310965,Raw,537.017096806288,514.3144751060505,735.4321083207255,727.2484781916633
HARVARD,S0133,1,stress,45,41310966,Joint Huber,6.208207846358014,4.981460863696801,12.02748836119545,6.929418530370465
HARVARD,S0133,1,stress,45,41310966,Joint OLS,19.71291173881585,16.722943663376725,34.285419177540355,26.097854235132797
HARVARD,S0133,1,stress,45,41310966,Offset-only,109.2773921078131,93.2216082542518,193.8301868634564,197.1503665612917
HARVARD,S0133,1,stress,45,41310966,Raw,338.7586161425712,319.3631639095014,474.5412690488223,474.40757087093147
HARVARD,S0133,1,stress,46,41310967,Joint Huber,5.422655220541233,4.328739305976715,10.600060059862496,5.867494354595146
HARVARD,S0133,1,stress,46,41310967,Joint OLS,9.832202599537547,8.619539027782958,16.658191236233,18.078348112940187
HARVARD,S0133,1,stress,46,41310967,Offset-only,83.14568186406444,71.46262997354691,140.57676964455044,143.72346077347808
HARVARD,S0133,1,stress,46,41310967,Raw,230.0607493454992,210.90561096789008,336.9287999808113,264.416244407882
HARVARD,S0133,1,stress,47,41310968,Joint Huber,6.107786847567255,4.906061586350387,11.798069711888347,6.948602948185221
HARVARD,S0133,1,stress,47,41310968,Joint OLS,23.426754003446312,19.51879284492365,42.70814098421739,38.185071211759855
HARVARD,S0133,1,stress,47,41310968,Offset-only,113.87120529463726,97.0702401654394,199.38412200651615,143.02026549075424
HARVARD,S0133,1,stress,47,41310968,Raw,331.64195455338927,313.8303873923766,460.0496793341055,538.1272233195859
HARVARD,S0133,1,stress,48,41310969,Joint Huber,6.767858385507552,5.453510130977479,13.118110731243696,10.054415048772428
HARVARD,S0133,1,stress,48,41310969,Joint OLS,14.203406733743762,12.016547859248083,25.564418708594307,24.26725193560469
HARVARD,S0133,1,stress,48,41310969,Offset-only,60.909941280275206,52.030898126556245,106.99676134423903,142.45854151874843
HARVARD,S0133,1,stress,48,41310969,Raw,270.2525491212496,259.7171864812868,351.7037874155,334.1086913807938
HARVARD,S0133,1,stress,49,41310970,Joint Huber,6.403440594413179,5.19127154837614,12.277952172395691,8.53775888047468
HARVARD,S0133,1,stress,49,41310970,Joint OLS,19.655751596733907,16.948346518053825,33.70165964893464,31.441598104783477
HARVARD,S0133,1,stress,49,41310970,Offset-only,89.22700892152977,76.77014290685904,152.72905463301353,151.59969412618128
HARVARD,S0133,1,stress,49,41310970,Raw,337.50407788237334,325.8469933592241,444.5037508364383,585.7825042442371
HARVARD,S0120,1,clean,0,41320821,Joint Huber,0.101174714348478,0.0805726134615913,0.1979878873484608,0.1041179669914899
HARVARD,S0120,1,clean,0,41320821,Joint OLS,0.1008022090790905,0.0802841669503529,0.1970605146233595,0.1022612547769117
HARVARD,S0120,1,clean,0,41320821,Offset-only,17.372145028088916,14.904858499060492,30.39886435364885,37.59932834072142
HARVARD,S0120,1,clean,0,41320821,Raw,159.12785802979477,157.51722769928705,183.81825762813176,253.8331337286849
HARVARD,S0120,1,clean,1,41320822,Joint Huber,0.1039320015964158,0.0828518642838777,0.2044871681614601,0.1090432782208021
HARVARD,S0120,1,clean,1,41320822,Joint OLS,0.1038877800431745,0.0828227528739689,0.2040453338798543,0.1090031157697644
HARVARD,S0120,1,clean,1,41320822,Offset-only,22.187220064279277,19.03474602028772,38.86582229079849,33.500592373158995
HARVARD,S0120,1,clean,1,41320822,Raw,111.31317559339324,107.91973690730808,141.48826737798075,160.82222948783996
HARVARD,S0120,1,clean,2,41320823,Joint Huber,0.1030872894340399,0.0822561415494889,0.201643980019206,0.1064263630878876
HARVARD,S0120,1,clean,2,41320823,Joint OLS,0.1026993178509832,0.0819254356470548,0.2008045865146357,0.1082304078390514
HARVARD,S0120,1,clean,2,41320823,Offset-only,31.656716995062272,27.15764944252341,55.47495307662036,40.36898784689371
HARVARD,S0120,1,clean,2,41320823,Raw,178.473491273253,175.44848870202802,221.2298939635897,297.5398401057591
HARVARD,S0120,1,clean,3,41320824,Joint Huber,0.1056478282129987,0.0842879881705941,0.2076938455251031,0.1109258573024755
HARVARD,S0120,1,clean,3,41320824,Joint OLS,0.1039103256737906,0.0828713920202827,0.204049424014767,0.1092700389491715
HARVARD,S0120,1,clean,3,41320824,Offset-only,27.37910908373185,23.485236582110087,48.02936043285353,30.77541237665402
HARVARD,S0120,1,clean,3,41320824,Raw,91.8656262506248,87.35989499000166,128.7948372256153,128.67094319663582
HARVARD,S0120,1,clean,4,41320825,Joint Huber,0.1039149377390131,0.083072416405833,0.202945960663925,0.1097863222937469
HARVARD,S0120,1,clean,4,41320825,Joint OLS,0.1036470204129864,0.0828425931648357,0.2034283283483873,0.107722537546016
HARVARD,S0120,1,clean,4,41320825,Offset-only,12.610544397007336,10.814724143215477,22.1333452338488,17.05291997650133
HARVARD,S0120,1,clean,4,41320825,Raw,94.85010469735448,92.97538540076384,110.60855286758924,224.96640987491
HARVARD,S0120,1,clean,5,41320826,Joint Huber,0.1044494415454855,0.0832940093609471,0.2056094087491633,0.1061238343273266
HARVARD,S0120,1,clean,5,41320826,Joint OLS,0.1047143867905831,0.0835073890544342,0.20574808275029,0.1053694678175158
HARVARD,S0120,1,clean,5,41320826,Offset-only,10.28573047126025,8.828017222025272,17.99218876605755,25.20879282355034
HARVARD,S0120,1,clean,5,41320826,Raw,184.01038871461333,183.53169765384592,199.10879278561032,243.51491450488456
HARVARD,S0120,1,clean,6,41320827,Joint Huber,0.1039869108215471,0.0829416493020983,0.2033549371127208,0.1049604992647227
HARVARD,S0120,1,clean,6,41320827,Joint OLS,0.1041772215092906,0.0831565366674809,0.2032025706052209,0.1079238255252167
HARVARD,S0120,1,clean,6,41320827,Offset-only,13.624273001533062,11.68724563084024,23.879141161480177,18.67106878324984
HARVARD,S0120,1,clean,6,41320827,Raw,188.5439921200136,187.60017487011564,205.6963484302429,264.6657519859983
HARVARD,S0120,1,clean,7,41320828,Joint Huber,0.1055552469806011,0.0841452299152945,0.2071208789489631,0.1125574116316106
HARVARD,S0120,1,clean,7,41320828,Joint OLS,0.1047510276034785,0.0835261733374683,0.2051073501774914,0.1116136039387622
HARVARD,S0120,1,clean,7,41320828,Offset-only,20.7750953377288,17.825122586061358,36.40138512406841,32.703334756518046
HARVARD,S0120,1,clean,7,41320828,Raw,191.9789463933056,190.2864075823203,221.7498428344624,279.8249460997126
HARVARD,S0120,1,clean,8,41320829,Joint Huber,0.103296324018538,0.0822568816189005,0.2021182718820569,0.1062384310431528
HARVARD,S0120,1,clean,8,41320829,Joint OLS,0.1032633418507643,0.0822074916476402,0.2026083803752243,0.1073244357366428
HARVARD,S0120,1,clean,8,41320829,Offset-only,16.439007153060057,14.1081353917567,28.75798852994276,23.07220123883364
HARVARD,S0120,1,clean,8,41320829,Raw,93.09712212165807,91.50644721879158,113.8066781687071,175.46917427358832
HARVARD,S0120,1,clean,9,41320830,Joint Huber,0.1074524975366587,0.085731961704221,0.211372746786509,0.1197295443532948
HARVARD,S0120,1,clean,9,41320830,Joint OLS,0.1056508822923902,0.0842080553340112,0.2073777312286751,0.112917873358528
HARVARD,S0120,1,clean,9,41320830,Offset-only,16.033052532542175,13.757167922666763,28.067670270361056,39.682816372148
HARVARD,S0120,1,clean,9,41320830,Raw,72.20198668674351,69.6074812747678,91.23889954368742,168.65585777772176
HARVARD,S0120,1,clean,10,41320831,Joint Huber,0.105734373466031,0.0841843338928879,0.2074672608102013,0.11560934991621
HARVARD,S0120,1,clean,10,41320831,Joint OLS,0.104194390076486,0.0830106556661052,0.205606809287584,0.1085491218717049
HARVARD,S0120,1,clean,10,41320831,Offset-only,14.641760335099509,12.562540120677312,25.624561787066828,33.26254214623918
HARVARD,S0120,1,clean,10,41320831,Raw,107.6395769573017,106.46354634924968,128.63079161811123,170.71021966802863
HARVARD,S0120,1,clean,11,41320832,Joint Huber,0.1020754075523595,0.0815596258306871,0.198484360933282,0.1034499769747314
HARVARD,S0120,1,clean,11,41320832,Joint OLS,0.1016037110425124,0.081139801368283,0.1979255384434886,0.1028387541122715
HARVARD,S0120,1,clean,11,41320832,Offset-only,13.373701066712776,11.47319141977208,23.42479341174193,24.941231514794108
HARVARD,S0120,1,clean,11,41320832,Raw,112.95656088838194,112.12406435055576,132.35942300020292,191.9752202570868
HARVARD,S0120,1,clean,12,41320833,Joint Huber,0.1025043921227019,0.081849880550062,0.2007390300567735,0.1035296496103448
HARVARD,S0120,1,clean,12,41320833,Joint OLS,0.1016011887383814,0.0811262197215281,0.1989629695501094,0.102891286026022
HARVARD,S0120,1,clean,12,41320833,Offset-only,8.655353374113664,7.424406738612618,15.186366074460356,24.03197395702544
HARVARD,S0120,1,clean,12,41320833,Raw,109.63855238857224,109.23158802138047,122.32418944146843,198.2767935390932
HARVARD,S0120,1,clean,13,41320834,Joint Huber,0.1060320496769224,0.0848407051706538,0.2077256712375464,0.1121321618634636
HARVARD,S0120,1,clean,13,41320834,Joint OLS,0.1053097695204302,0.0842191992841332,0.2069291254048977,0.1128696817821748
HARVARD,S0120,1,clean,13,41320834,Offset-only,22.13885233708,18.99361552781125,38.75347411185546,34.36639109074124
HARVARD,S0120,1,clean,13,41320834,Raw,169.01362039262128,166.8157863506055,200.31894055844504,233.34101798979424
HARVARD,S0120,1,clean,14,41320835,Joint Huber,0.1098225585318665,0.0879694617853883,0.2157607138794759,0.1205178935154106
HARVARD,S0120,1,clean,14,41320835,Joint OLS,0.1060972223319091,0.0848643301674702,0.2082471632316896,0.1128978478434858
HARVARD,S0120,1,clean,14,41320835,Offset-only,18.615941921893977,15.97016440792935,32.62681954057776,34.45358873222211
HARVARD,S0120,1,clean,14,41320835,Raw,170.81658712850444,168.49728810588766,196.67858356799,237.49665667213452
HARVARD,S0120,1,clean,15,41320836,Joint Huber,0.1053165026415309,0.0842810887797861,0.2072645587324562,0.1133193140405732
HARVARD,S0120,1,clean,15,41320836,Joint OLS,0.1021283686868766,0.0816573359186105,0.201293631142363,0.104683630916796
HARVARD,S0120,1,clean,15,41320836,Offset-only,22.250495729786145,19.090663752215946,38.97194729197385,38.76564159613176
HARVARD,S0120,1,clean,15,41320836,Raw,93.89449721993188,90.00637880750048,122.01305562424008,158.31784627353846
HARVARD,S0120,1,clean,16,41320837,Joint Huber,0.1090092344801984,0.0870140469118743,0.2145965086175039,0.1168863442477176
HARVARD,S0120,1,clean,16,41320837,Joint OLS,0.1097218586114799,0.0876743206154305,0.215303088341956,0.1173553077564965
HARVARD,S0120,1,clean,16,41320837,Offset-only,29.794691687323557,25.563558080532086,52.183801159226746,35.565681776678865
HARVARD,S0120,1,clean,16,41320837,Raw,107.98979274422038,102.2762979020586,147.35079506204033,214.81476292438788
HARVARD,S0120,1,clean,17,41320838,Joint Huber,0.1042290997449414,0.0833283218953959,0.2049844721101923,0.1097911324621882
HARVARD,S0120,1,clean,17,41320838,Joint OLS,0.1030174498425338,0.0823405412152006,0.2024940820650078,0.1072347933757617
HARVARD,S0120,1,clean,17,41320838,Offset-only,17.654394869227197,15.14772317661086,30.903062292697307,27.991643649341597
HARVARD,S0120,1,clean,17,41320838,Raw,154.05461804401975,152.8218582180957,179.5250507536906,229.9606098445433
HARVARD,S0120,1,clean,18,41320839,Joint Huber,0.1059966112715759,0.0846408900939086,0.2062264509661737,0.1099588618747728
HARVARD,S0120,1,clean,18,41320839,Joint OLS,0.1053283612836581,0.0841350818822224,0.2052402400139374,0.1105030330271577
HARVARD,S0120,1,clean,18,41320839,Offset-only,17.36020136076473,14.8888784086491,30.44323170466665,25.06292687119778
HARVARD,S0120,1,clean,18,41320839,Raw,145.00467364464168,142.80867423948118,168.92139204800927,220.76376619444892
HARVARD,S0120,1,clean,19,41320840,Joint Huber,0.1047423387635258,0.0832753801342446,0.2053834660819653,0.1117840419285478
HARVARD,S0120,1,clean,19,41320840,Joint OLS,0.1032719090427656,0.0820997833557674,0.2015472511528671,0.1089833498135731
HARVARD,S0120,1,clean,19,41320840,Offset-only,21.690704383781732,18.60838337678742,38.01610389425498,33.88269349876646
HARVARD,S0120,1,clean,19,41320840,Raw,88.042730463128,84.52004723838039,116.44021185411724,132.1665555932491
HARVARD,S0120,1,clean,20,41320841,Joint Huber,0.1108228192100972,0.088431588539572,0.2175606782408135,0.1135691667473534
HARVARD,S0120,1,clean,20,41320841,Joint OLS,0.1104753162490064,0.0881533616416675,0.216508724376574,0.1122054258329251
HARVARD,S0120,1,clean,20,41320841,Offset-only,25.00110794639149,21.453496568062587,43.74608375888265,37.24114033412667
HARVARD,S0120,1,clean,20,41320841,Raw,84.68481936248895,81.18292178623852,115.59123725181736,199.726700514492
HARVARD,S0120,1,clean,21,41320842,Joint Huber,0.1053789113979156,0.0843032468972085,0.2055211428341863,0.113511637395267
HARVARD,S0120,1,clean,21,41320842,Joint OLS,0.1040182831273408,0.083093412763392,0.2037283839137594,0.1078716527474926
HARVARD,S0120,1,clean,21,41320842,Offset-only,19.35568523106553,16.59963254241932,33.96991435591899,34.72878792147679
HARVARD,S0120,1,clean,21,41320842,Raw,145.15846595832213,143.47428190003075,172.7105327254423,284.10680521498216
HARVARD,S0120,1,clean,22,41320843,Joint Huber,0.1076294389728709,0.085881173539897,0.2113152887026182,0.1095959157316594
HARVARD,S0120,1,clean,22,41320843,Joint OLS,0.1087358852055295,0.086816127239484,0.2133672710609602,0.1152315955248968
HARVARD,S0120,1,clean,22,41320843,Offset-only,22.31596314887389,19.14698173833153,39.06492326413114,37.99966268444232
HARVARD,S0120,1,clean,22,41320843,Raw,120.62077234579596,117.36361522377597,150.135054855106,197.3340455642442
HARVARD,S0120,1,clean,23,41320844,Joint Huber,0.1070467378486458,0.0855058071995934,0.209332497919723,0.1100760470536167
HARVARD,S0120,1,clean,23,41320844,Joint OLS,0.1045849027391862,0.0835000101771623,0.2049667817672685,0.1060635335709274
HARVARD,S0120,1,clean,23,41320844,Offset-only,32.10563253999394,27.54553669641901,56.238905692223724,37.27375732714332
HARVARD,S0120,1,clean,23,41320844,Raw,106.2992866059994,101.45257598291944,150.03346709795355,119.8525257974949
HARVARD,S0120,1,clean,24,41320845,Joint Huber,0.1069681949245847,0.0856087549750857,0.2082813268849293,0.1169536453459184
HARVARD,S0120,1,clean,24,41320845,Joint OLS,0.1067463904673773,0.0854893867622339,0.2083756801757097,0.1188561342538325
HARVARD,S0120,1,clean,24,41320845,Offset-only,18.69713655190174,16.040684537662127,32.762435451323846,30.03182045918381
HARVARD,S0120,1,clean,24,41320845,Raw,141.7061418534159,139.3143214648713,167.6042534060125,288.3849027521696
HARVARD,S0120,1,clean,25,41320846,Joint Huber,0.1049804153340167,0.0840620958263509,0.2052755821883245,0.1072119888462125
HARVARD,S0120,1,clean,25,41320846,Joint OLS,0.1031925064494642,0.0826167977786913,0.2027507842704779,0.1049517861022659
HARVARD,S0120,1,clean,25,41320846,Offset-only,16.02671024175876,13.749614427551226,28.07748150143121,33.57368949780382
HARVARD,S0120,1,clean,25,41320846,Raw,122.73786353488036,121.35307521109044,145.61174919899358,284.7112751318012
HARVARD,S0120,1,clean,26,41320847,Joint Huber,0.1032074510802076,0.0824839245227314,0.2022999690797889,0.1099147120646512
HARVARD,S0120,1,clean,26,41320847,Joint OLS,0.1020110906831378,0.0815677789691133,0.1996094252149305,0.1055130567234525
HARVARD,S0120,1,clean,26,41320847,Offset-only,23.986827065929447,20.578355580487607,42.04814293157337,35.26824069976644
HARVARD,S0120,1,clean,26,41320847,Raw,165.3646062253929,162.20817712833937,198.51963617557828,244.9165814026116
HARVARD,S0120,1,clean,27,41320848,Joint Huber,0.1022543329734136,0.0818162470499022,0.1989852124292923,0.1053808558450732
HARVARD,S0120,1,clean,27,41320848,Joint OLS,0.1015879609041762,0.0812104536287083,0.1974528908071704,0.1047065402872248
HARVARD,S0120,1,clean,27,41320848,Offset-only,10.543828863503254,9.045386447635584,18.45625980325938,18.48937070260564
HARVARD,S0120,1,clean,27,41320848,Raw,166.97175466254038,166.54174671094262,182.4775569522936,224.3728971162402
HARVARD,S0120,1,clean,28,41320849,Joint Huber,0.1048689243722065,0.0837446273145759,0.2056839122380305,0.108969794336707
HARVARD,S0120,1,clean,28,41320849,Joint OLS,0.1051388106657059,0.0839935234172623,0.2054874453754963,0.1095914070487294
HARVARD,S0120,1,clean,28,41320849,Offset-only,18.453594951191803,15.829270625455258,32.366814728580984,27.790907989061598
HARVARD,S0120,1,clean,28,41320849,Raw,174.55240969430884,172.90784758123317,200.78205938233663,266.9619579248958
HARVARD,S0120,1,clean,29,41320850,Joint Huber,0.1136938024834987,0.0909236784841665,0.2220083562011865,0.1371555510844967
HARVARD,S0120,1,clean,29,41320850,Joint OLS,0.1113073987941415,0.0889041348914754,0.2177243556908959,0.1230767849435343
HARVARD,S0120,1,clean,29,41320850,Offset-only,16.256406446992237,13.947279686180764,28.464252326551254,28.509887216075697
HARVARD,S0120,1,clean,29,41320850,Raw,122.58372663032996,120.647530145297,145.2511642238326,164.64846052221893
HARVARD,S0120,1,clean,30,41320851,Joint Huber,0.1015176493314488,0.0810138287730544,0.1993740381184494,0.1027697188176683
HARVARD,S0120,1,clean,30,41320851,Joint OLS,0.1009408454111144,0.080556510299698,0.197532533206779,0.1022593264844275
HARVARD,S0120,1,clean,30,41320851,Offset-only,20.142488550719733,17.282913898572723,35.28168511530385,40.40589568320397
HARVARD,S0120,1,clean,30,41320851,Raw,158.937840944369,156.73420786252282,187.26512026673595,246.2164083533305
HARVARD,S0120,1,clean,31,41320852,Joint Huber,0.1092550971728794,0.0875125193924359,0.2138738225094805,0.1210906468657421
HARVARD,S0120,1,clean,31,41320852,Joint OLS,0.1041131446004752,0.0831920122601244,0.2035226544792934,0.1088819099914047
HARVARD,S0120,1,clean,31,41320852,Offset-only,20.38009157788676,17.483200518104166,35.69534407449294,31.25246134605469
HARVARD,S0120,1,clean,31,41320852,Raw,103.10480431645117,99.67548071851202,126.7362180460708,187.72946826407355
HARVARD,S0120,1,clean,32,41320853,Joint Huber,0.1024083958817698,0.0817613083064532,0.2005187201087555,0.1062272362110519
HARVARD,S0120,1,clean,32,41320853,Joint OLS,0.1024970344460639,0.0818785262431965,0.2005254438650184,0.1073384850453854
HARVARD,S0120,1,clean,32,41320853,Offset-only,15.641531649429544,13.42081685794382,27.39612189229259,39.52016332628236
HARVARD,S0120,1,clean,32,41320853,Raw,113.4839155932156,111.19193122675074,131.71037662664276,153.04810742201624
HARVARD,S0120,1,clean,33,41320854,Joint Huber,0.1059018276587385,0.0846980170488333,0.2063834905235318,0.111660974501655
HARVARD,S0120,1,clean,33,41320854,Joint OLS,0.1072485705913386,0.0858049124811377,0.2092163278717862,0.1113989445746204
HARVARD,S0120,1,clean,33,41320854,Offset-only,23.630985180802263,20.26932917059689,41.438381064618746,38.59477256903988
HARVARD,S0120,1,clean,33,41320854,Raw,185.7320264190332,183.7574358310978,219.4963772603046,283.0730582586477
HARVARD,S0120,1,clean,34,41320855,Joint Huber,0.1051803807311619,0.0841491956540892,0.2059403923706071,0.1087949496628267
HARVARD,S0120,1,clean,34,41320855,Joint OLS,0.1064872349146873,0.0852254182090702,0.2083397922072905,0.1141421646260215
HARVARD,S0120,1,clean,34,41320855,Offset-only,24.61405388827079,21.11763526966159,43.11530680678244,37.48122040444395
HARVARD,S0120,1,clean,34,41320855,Raw,105.14980118031283,101.89906133086488,132.81356957102037,237.44153738097944
HARVARD,S0120,1,clean,35,41320856,Joint Huber,0.1043325571301132,0.083577274290229,0.2029166547585781,0.110364750732984
HARVARD,S0120,1,clean,35,41320856,Joint OLS,0.1040999117846629,0.0833031051004564,0.2030565113230409,0.1078412169718544
HARVARD,S0120,1,clean,35,41320856,Offset-only,22.593489146269302,19.382488768711184,39.60483660973146,40.127366197370094
HARVARD,S0120,1,clean,35,41320856,Raw,143.87839185476747,140.55981186328248,171.382547563883,219.90769286787696
HARVARD,S0120,1,clean,36,41320857,Joint Huber,0.1104933315992964,0.0882639309869749,0.2166451084516297,0.1203900041401193
HARVARD,S0120,1,clean,36,41320857,Joint OLS,0.1080873058602922,0.0863005473626179,0.2120220718824229,0.1163184506951489
HARVARD,S0120,1,clean,36,41320857,Offset-only,23.824902915260203,20.439265487520743,41.7602788857268,36.14997565998293
HARVARD,S0120,1,clean,36,41320857,Raw,172.6156463910746,169.94466356567943,206.02161718083104,235.2183905108388
HARVARD,S0120,1,clean,37,41320858,Joint Huber,0.1051601303309325,0.0843181025117371,0.2044836987220577,0.1124251578022019
HARVARD,S0120,1,clean,37,41320858,Joint OLS,0.1048921584208249,0.0840804304328243,0.2038965373564849,0.1110047253479045
HARVARD,S0120,1,clean,37,41320858,Offset-only,24.361802800935717,20.901403607703223,42.68164121239728,38.37146948791407
HARVARD,S0120,1,clean,37,41320858,Raw,93.75484307937558,90.240441171071,127.13377670258711,175.17451093493435
HARVARD,S0120,1,clean,38,41320859,Joint Huber,0.1043785599309889,0.0833321333088396,0.2052225141426334,0.1103921415501773
HARVARD,S0120,1,clean,38,41320859,Joint OLS,0.1041253173163251,0.0831211111763761,0.2043471459359125,0.1112303882382375
HARVARD,S0120,1,clean,38,41320859,Offset-only,18.1154020594179,15.541375540746037,31.731282800636865,36.77602186147102
HARVARD,S0120,1,clean,38,41320859,Raw,90.16770402994544,86.53527651602663,113.75851374607711,103.81192641057407
HARVARD,S0120,1,clean,39,41320860,Joint Huber,0.1048817483464594,0.0836475268545779,0.2060913453374447,0.1072184122624317
HARVARD,S0120,1,clean,39,41320860,Joint OLS,0.10590826575817,0.084472458262602,0.20859459069964,0.1112448462691313
HARVARD,S0120,1,clean,39,41320860,Offset-only,19.44803738314933,16.687837795756735,34.02931361696577,29.14618694607688
HARVARD,S0120,1,clean,39,41320860,Raw,129.35406742968877,126.60464924350588,155.46807607172576,201.46961441023984
HARVARD,S0120,1,clean,40,41320861,Joint Huber,0.1072264275014843,0.0854128522285493,0.2110640598280256,0.1158206975261272
HARVARD,S0120,1,clean,40,41320861,Joint OLS,0.1063782109311131,0.0847342169398466,0.2077756352121262,0.1134441759384179
HARVARD,S0120,1,clean,40,41320861,Offset-only,19.247573092765634,16.51611963752884,33.697822991777215,32.20955512696882
HARVARD,S0120,1,clean,40,41320861,Raw,179.78347155332577,178.46572095311254,207.62573377204205,204.41037712450583
HARVARD,S0120,1,clean,41,41320862,Joint Huber,0.1079580220961418,0.0861091720189864,0.2112459783507603,0.1185598537075855
HARVARD,S0120,1,clean,41,41320862,Joint OLS,0.1079952944252335,0.0862274892594723,0.2111699227004493,0.1177590561295784
HARVARD,S0120,1,clean,41,41320862,Offset-only,18.06998029362293,15.507388698607166,31.617343302012024,38.55507135076698
HARVARD,S0120,1,clean,41,41320862,Raw,137.52574243802005,135.71635933120777,163.07753642018668,217.0241151318453
HARVARD,S0120,1,clean,42,41320863,Joint Huber,0.1044880773099885,0.0834259100429918,0.2045223307422184,0.1057511635879386
HARVARD,S0120,1,clean,42,41320863,Joint OLS,0.10378798855737,0.0829523993940614,0.2031094925918353,0.1047222674511244
HARVARD,S0120,1,clean,42,41320863,Offset-only,35.06534375464396,30.083519259492554,61.43683250848238,40.03459276287617
HARVARD,S0120,1,clean,42,41320863,Raw,151.1882129130688,147.44687733406266,195.7430522266355,195.83302350759516
HARVARD,S0120,1,clean,43,41320864,Joint Huber,0.1076358865061907,0.0857144857763856,0.2122291277990129,0.1104818472411408
HARVARD,S0120,1,clean,43,41320864,Joint OLS,0.1070675656630114,0.0853051953537509,0.2103653457185217,0.1097991816957546
HARVARD,S0120,1,clean,43,41320864,Offset-only,30.18652350941913,25.90240008080437,52.84108849001417,37.56775588138533
HARVARD,S0120,1,clean,43,41320864,Raw,86.59755218476437,81.93987126221296,121.82529037477714,205.76407504478564
HARVARD,S0120,1,clean,44,41320865,Joint Huber,0.1019329085744632,0.081306761184997,0.1985835368920163,0.1042111882101502
HARVARD,S0120,1,clean,44,41320865,Joint OLS,0.101646181749188,0.0811085803206726,0.1983793608063222,0.1051628370807561
HARVARD,S0120,1,clean,44,41320865,Offset-only,15.430592525691129,13.2427021947658,26.98773533667485,30.518382897092632
HARVARD,S0120,1,clean,44,41320865,Raw,119.94526571946275,118.91341022976944,142.28114947305608,182.51802548696764
HARVARD,S0120,1,clean,45,41320866,Joint Huber,0.1034461494112165,0.0825895474771151,0.2030194333382695,0.1095066391618836
HARVARD,S0120,1,clean,45,41320866,Joint OLS,0.1036428619720477,0.082746124225813,0.202887673558827,0.109067661313682
HARVARD,S0120,1,clean,45,41320866,Offset-only,27.989742892440603,24.013633911359467,49.05032768816256,33.694986790205284
HARVARD,S0120,1,clean,45,41320866,Raw,171.67165348731643,169.2121678868673,211.5946508631099,208.10346085436515
HARVARD,S0120,1,clean,46,41320867,Joint Huber,0.1032875087939556,0.082664289857206,0.2015904872845198,0.1077220395028295
HARVARD,S0120,1,clean,46,41320867,Joint OLS,0.1025437252881189,0.0820604698924968,0.2004411386625549,0.1057418723379591
HARVARD,S0120,1,clean,46,41320867,Offset-only,14.72889453908232,12.634585636477272,25.83086460715034,39.20974913855113
HARVARD,S0120,1,clean,46,41320867,Raw,193.38695011608584,192.57137737037957,214.88220276735177,267.34145267814483
HARVARD,S0120,1,clean,47,41320868,Joint Huber,0.1052603172479932,0.0837604210854289,0.2072948301865552,0.107946183778465
HARVARD,S0120,1,clean,47,41320868,Joint OLS,0.103362246559913,0.0822611158154602,0.2028012255735234,0.1048583076312239
HARVARD,S0120,1,clean,47,41320868,Offset-only,21.741547633653816,18.65109607731035,38.11261176737375,28.697764703352977
HARVARD,S0120,1,clean,47,41320868,Raw,115.67120578477068,112.7886096656934,144.35967731400973,156.9893492228929
HARVARD,S0120,1,clean,48,41320869,Joint Huber,0.1073142212837289,0.0857600295528728,0.2099832843335037,0.1231601689273639
HARVARD,S0120,1,clean,48,41320869,Joint OLS,0.1044017375174787,0.0833087822003461,0.2051893902491386,0.1129951435541629
HARVARD,S0120,1,clean,48,41320869,Offset-only,12.938869301159256,11.095600812417036,22.699940986883416,21.405946453774646
HARVARD,S0120,1,clean,48,41320869,Raw,173.7102946526209,173.0363571165533,192.59738695190035,250.329146876303
HARVARD,S0120,1,clean,49,41320870,Joint Huber,0.1062428724327615,0.085110098499559,0.2070166426757058,0.1093996860468254
HARVARD,S0120,1,clean,49,41320870,Joint OLS,0.1064882015867088,0.085302082246997,0.2083676282208291,0.1079378354040583
HARVARD,S0120,1,clean,49,41320870,Offset-only,20.26135611952698,17.38422192078045,35.47602271627009,30.39921857407601
HARVARD,S0120,1,clean,49,41320870,Raw,137.6338330141546,136.03747209659753,166.71262475061016,205.400136434596
HARVARD,S0120,1,nominal,0,41320871,Joint Huber,1.0735229359279894,0.8567602294431653,2.106777328496068,1.1448360396099109
HARVARD,S0120,1,nominal,0,41320871,Joint OLS,6.498152561406576,5.441261194816007,11.712495867403309,8.907704872167761
HARVARD,S0120,1,nominal,0,41320871,Offset-only,23.890244740002387,20.41456526757645,42.23780797160657,40.59324489876777
HARVARD,S0120,1,nominal,0,41320871,Raw,72.06849960952937,68.99739253343623,99.41369211730311,160.7601865916875
HARVARD,S0120,1,nominal,1,41320872,Joint Huber,1.0512193438817603,0.8386265375957356,2.0687300122475,1.1102892666677526
HARVARD,S0120,1,nominal,1,41320872,Joint OLS,3.54017455021857,2.998244162771877,6.241587007266337,5.088780862118648
HARVARD,S0120,1,nominal,1,41320872,Offset-only,9.93472605373178,8.49191224323695,17.458187816038695,30.22271001061854
HARVARD,S0120,1,nominal,1,41320872,Raw,109.46187701602996,108.08042687657124,123.21684609652569,126.67715579935536
HARVARD,S0120,1,nominal,2,41320873,Joint Huber,1.2127060487532273,0.9768109570167656,2.3478828775118648,1.4437486922754994
HARVARD,S0120,1,nominal,2,41320873,Joint OLS,4.659253134513211,3.9845155132517935,7.984878742620882,7.18622005304411
HARVARD,S0120,1,nominal,2,41320873,Offset-only,32.38535160499736,27.59308080811314,56.61075405021885,43.35395751281179
HARVARD,S0120,1,nominal,2,41320873,Raw,91.75023938787976,86.1626286822977,132.26046850574934,145.88916949640742
HARVARD,S0120,1,nominal,3,41320874,Joint Huber,1.1206415480355911,0.8969192226818454,2.1911961667852253,1.264396203141947
HARVARD,S0120,1,nominal,3,41320874,Joint OLS,3.6607931585377713,3.1364143765001247,6.327003899801653,4.817787467298628
HARVARD,S0120,1,nominal,3,41320874,Offset-only,32.96062601649357,28.302646921466035,56.80287145181291,38.06003035406929
HARVARD,S0120,1,nominal,3,41320874,Raw,226.6743579836777,224.1727633570405,274.1636271140135,286.4004603672327
HARVARD,S0120,1,nominal,4,41320875,Joint Huber,1.0238469948009608,0.8160834754050154,2.017647869361383,1.0857339443439484
HARVARD,S0120,1,nominal,4,41320875,Joint OLS,3.118605091565521,2.7442162594397543,5.184573171754182,5.194246142358384
HARVARD,S0120,1,nominal,4,41320875,Offset-only,30.594048189743173,26.39021344832297,51.44742044358966,37.68687772003732
HARVARD,S0120,1,nominal,4,41320875,Raw,121.06667274937412,115.76031384313428,162.6807047969807,187.5414890261979
HARVARD,S0120,1,nominal,5,41320876,Joint Huber,1.103739940758161,0.8813622665850775,2.1601868957048964,1.1666146930329382
HARVARD,S0120,1,nominal,5,41320876,Joint OLS,4.109924788571398,3.4823491536359232,7.253214070643411,5.077533248263735
HARVARD,S0120,1,nominal,5,41320876,Offset-only,18.42586596771953,15.849619907017637,31.664605570892597,31.96572590567121
HARVARD,S0120,1,nominal,5,41320876,Raw,79.67457725903584,76.98600006381636,99.96859970747812,166.47873106817298
HARVARD,S0120,1,nominal,6,41320877,Joint Huber,1.0831876900065838,0.867654543430356,2.094545129102166,1.2665116913165468
HARVARD,S0120,1,nominal,6,41320877,Joint OLS,3.7199922950031175,3.216247999882646,6.338122076721931,4.727433079672853
HARVARD,S0120,1,nominal,6,41320877,Offset-only,25.33790513543633,21.791304629473032,43.575394135608825,36.93555443999698
HARVARD,S0120,1,nominal,6,41320877,Raw,95.71475249443723,91.05063728172274,128.2508993044095,233.03265895572403
HARVARD,S0120,1,nominal,7,41320878,Joint Huber,1.0488520708250242,0.8375383302104895,2.0492943512856248,1.0886592297494049
HARVARD,S0120,1,nominal,7,41320878,Joint OLS,4.560166268430367,3.8511302511747543,8.125236218850196,5.348301920206519
HARVARD,S0120,1,nominal,7,41320878,Offset-only,16.64618869371278,14.335930951129132,28.28831954979778,27.224658450086828
HARVARD,S0120,1,nominal,7,41320878,Raw,142.91032912199103,141.02950938136752,166.62564286915995,214.25423515486395
HARVARD,S0120,1,nominal,8,41320879,Joint Huber,1.117598166754485,0.8940579796200567,2.1913616357988275,1.2042535380083124
HARVARD,S0120,1,nominal,8,41320879,Joint OLS,3.081554381203559,2.7805966099968518,4.981410101886786,3.917655245336308
HARVARD,S0120,1,nominal,8,41320879,Offset-only,25.354047475609438,21.561154791945,45.43782556173196,32.666223241538255
HARVARD,S0120,1,nominal,8,41320879,Raw,92.2598595669611,89.28837598234972,119.76723121837676,158.99456380333245
HARVARD,S0120,1,nominal,9,41320880,Joint Huber,1.028191911018521,0.820483112860848,2.016338721575295,1.0395530533207358
HARVARD,S0120,1,nominal,9,41320880,Joint OLS,3.6026857867040136,3.0564758724900787,6.3522071315532,4.543718372833838
HARVARD,S0120,1,nominal,9,41320880,Offset-only,20.80613865292598,17.881147040539098,35.84347785943791,39.23233340069881
HARVARD,S0120,1,nominal,9,41320880,Raw,140.47580740065126,137.31207705782535,168.94237747629006,273.312649657034
HARVARD,S0120,1,nominal,10,41320881,Joint Huber,1.0383216684966885,0.8254588799601933,2.039187321798153,1.0922359375489812
HARVARD,S0120,1,nominal,10,41320881,Joint OLS,4.825009327505428,4.113104081914429,8.444311130855198,7.004082253290799
HARVARD,S0120,1,nominal,10,41320881,Offset-only,33.980019625347595,29.325260003015085,57.17861525891577,38.02411755288711
HARVARD,S0120,1,nominal,10,41320881,Raw,113.64215431232718,109.25849353841429,154.41173940205655,190.98961194073863
HARVARD,S0120,1,nominal,11,41320882,Joint Huber,1.0747447958910137,0.8575511545257279,2.101284459376452,1.1449580120698626
HARVARD,S0120,1,nominal,11,41320882,Joint OLS,4.327138955446403,3.651886255790873,7.673811446248724,6.176316317695529
HARVARD,S0120,1,nominal,11,41320882,Offset-only,15.5293911175,13.306456980789957,27.20389917770596,35.948195467339296
HARVARD,S0120,1,nominal,11,41320882,Raw,184.85753606886848,184.04731155996205,207.5111150320448,302.93717827196605
HARVARD,S0120,1,nominal,12,41320883,Joint Huber,1.0223685492310173,0.8170846169462617,2.0037804379843043,1.0777747865328418
HARVARD,S0120,1,nominal,12,41320883,Joint OLS,3.416693077767182,2.877159961688883,6.012366258799951,4.882757703358241
HARVARD,S0120,1,nominal,12,41320883,Offset-only,22.915624278998266,19.63400839402385,40.2700442971897,35.18106865387892
HARVARD,S0120,1,nominal,12,41320883,Raw,150.66333278250744,147.50960655926667,181.963946623634,218.3755873109841
HARVARD,S0120,1,nominal,13,41320884,Joint Huber,1.043243220847666,0.8339247277437111,2.02700552699362,1.0778494445078792
HARVARD,S0120,1,nominal,13,41320884,Joint OLS,3.189082763434162,2.6396375661612224,5.894672274873437,5.153460377078659
HARVARD,S0120,1,nominal,13,41320884,Offset-only,23.06953133395969,19.77434832457688,40.23185671861356,31.26763527967453
HARVARD,S0120,1,nominal,13,41320884,Raw,190.7277232318799,189.0054566677688,223.7313760344211,242.87347703114884
HARVARD,S0120,1,nominal,14,41320885,Joint Huber,1.048028749707771,0.8382783877796165,2.0284036393100244,1.101079891603826
HARVARD,S0120,1,nominal,14,41320885,Joint OLS,3.6735896677681086,3.018468020455225,6.791474656466435,4.578392809857368
HARVARD,S0120,1,nominal,14,41320885,Offset-only,31.15134142606512,26.78012436985112,53.61125026330003,37.40943045003991
HARVARD,S0120,1,nominal,14,41320885,Raw,129.9915092645653,125.00514801570422,172.4473664410632,271.26832107782815
HARVARD,S0120,1,nominal,15,41320886,Joint Huber,1.03165955993903,0.8235181339569645,2.031190089030944,1.069715794875394
HARVARD,S0120,1,nominal,15,41320886,Joint OLS,4.240615750430926,3.5549740355904427,7.489387128359937,6.556690706441373
HARVARD,S0120,1,nominal,15,41320886,Offset-only,11.238761745211123,9.492444586708125,20.4335643874765,18.45740607284184
HARVARD,S0120,1,nominal,15,41320886,Raw,84.29841795525861,83.1304710856918,97.3830956530752,159.081671882597
HARVARD,S0120,1,nominal,16,41320887,Joint Huber,1.0460329556290593,0.837126774527573,2.051611969685752,1.0600069318838885
HARVARD,S0120,1,nominal,16,41320887,Joint OLS,5.665869267630299,4.753149914795507,10.02606064654934,7.245585148810196
HARVARD,S0120,1,nominal,16,41320887,Offset-only,15.946608945903067,13.604156367885617,28.317977710346653,27.014176263565886
HARVARD,S0120,1,nominal,16,41320887,Raw,84.05682382472136,82.10963084060907,103.3194554911482,138.98108027593466
HARVARD,S0120,1,nominal,17,41320888,Joint Huber,1.0223423393728726,0.8158712242336641,1.9997438692922245,1.034055588072543
HARVARD,S0120,1,nominal,17,41320888,Joint OLS,3.9959197290710695,3.4204679085317355,7.082887667574234,5.871392405085404
HARVARD,S0120,1,nominal,17,41320888,Offset-only,28.233817995709487,24.33996327804383,47.827672465664776,36.07845773138163
HARVARD,S0120,1,nominal,17,41320888,Raw,81.68304407653838,76.09176758836865,115.0773005267064,178.33512469741058
HARVARD,S0120,1,nominal,18,41320889,Joint Huber,1.0477035892640378,0.8371178174256457,2.0517009011975063,1.1469717288084451
HARVARD,S0120,1,nominal,18,41320889,Joint OLS,4.140197386104742,3.4127829909729024,7.51747015447325,6.475977213350749
HARVARD,S0120,1,nominal,18,41320889,Offset-only,25.42264180138183,21.55838454107712,45.53116627764427,40.75039948936609
HARVARD,S0120,1,nominal,18,41320889,Raw,166.9406680608273,163.9910918060655,200.8550506256276,289.7000890970397
HARVARD,S0120,1,nominal,19,41320890,Joint Huber,1.0721031940554349,0.8544111096400663,2.1024828864182337,1.1660030207114551
HARVARD,S0120,1,nominal,19,41320890,Joint OLS,4.172602355234309,3.6315001008179335,7.090235674543522,7.044458278083429
HARVARD,S0120,1,nominal,19,41320890,Offset-only,20.7853492683757,17.8582495755387,35.74657692943788,37.67239291682692
HARVARD,S0120,1,nominal,19,41320890,Raw,193.6821212345424,191.781688633713,223.3898019172553,287.5572382868023
HARVARD,S0120,1,nominal,20,41320891,Joint Huber,1.0380856066707866,0.8300360358266352,2.0314798247685677,1.1000987033609593
HARVARD,S0120,1,nominal,20,41320891,Joint OLS,5.177591904943418,4.24609951699621,9.447182580902114,7.742827323921696
HARVARD,S0120,1,nominal,20,41320891,Offset-only,13.922272462941311,11.746837963558336,25.15063587678954,37.670139965319294
HARVARD,S0120,1,nominal,20,41320891,Raw,149.74661612532333,148.69788122674862,168.5142336902299,203.22617794966487
HARVARD,S0120,1,nominal,21,41320892,Joint Huber,1.1168436612454742,0.8922738436863354,2.189711559488217,1.2333627631894093
HARVARD,S0120,1,nominal,21,41320892,Joint OLS,5.6276854723752345,4.819413716315075,9.789235634578208,8.12934876353862
HARVARD,S0120,1,nominal,21,41320892,Offset-only,24.82756088866789,21.300418370686096,43.13902579131677,31.989091470533943
HARVARD,S0120,1,nominal,21,41320892,Raw,122.36360285635952,119.30077415249916,155.8041701882951,168.3471093679575
HARVARD,S0120,1,nominal,22,41320893,Joint Huber,1.0597383041192248,0.8475676509000876,2.064906025483638,1.1224739066073737
HARVARD,S0120,1,nominal,22,41320893,Joint OLS,3.2695603417364225,2.732636815760025,5.829412964271441,4.20844744721423
HARVARD,S0120,1,nominal,22,41320893,Offset-only,21.896144546386942,18.78985932318164,37.97773721963856,38.49225542584137
HARVARD,S0120,1,nominal,22,41320893,Raw,96.21374945428926,91.74427124911304,124.12071539074444,184.8349394781138
HARVARD,S0120,1,nominal,23,41320894,Joint Huber,1.0863033964658588,0.8658860473710034,2.1259171524349085,1.14501405294515
HARVARD,S0120,1,nominal,23,41320894,Joint OLS,5.025461326929692,4.205910337960586,9.047857492285427,9.4621055426927
HARVARD,S0120,1,nominal,23,41320894,Offset-only,31.702917074491232,27.01098959968669,56.43787405407878,37.118064822806
HARVARD,S0120,1,nominal,23,41320894,Raw,86.62582212177915,80.47807398399692,126.52044628105376,133.4856003043661
HARVARD,S0120,1,nominal,24,41320895,Joint Huber,1.0547269389061735,0.8403863113378396,2.085104321158671,1.1165620491271109
HARVARD,S0120,1,nominal,24,41320895,Joint OLS,5.4061481229202375,4.563552529699223,9.542151642843375,10.079894544001798
HARVARD,S0120,1,nominal,24,41320895,Offset-only,23.17786791371432,19.774887259717588,41.36204113476838,39.00383833119495
HARVARD,S0120,1,nominal,24,41320895,Raw,123.70221160840346,120.38654422517976,154.59038929807588,182.672722019725
HARVARD,S0120,1,nominal,25,41320896,Joint Huber,1.0822302388674458,0.8631771539437788,2.1117412166649534,1.202707224037444
HARVARD,S0120,1,nominal,25,41320896,Joint OLS,2.6585978784760123,2.262090036412637,4.73073534630295,3.1664515199192165
HARVARD,S0120,1,nominal,25,41320896,Offset-only,15.627210802067207,13.41484182375738,27.149397181990945,24.764103741188546
HARVARD,S0120,1,nominal,25,41320896,Raw,106.03578157012512,104.74142667624128,128.4776799161948,161.28004104349972
HARVARD,S0120,1,nominal,26,41320897,Joint Huber,1.0435620269947623,0.8339823346249602,2.043626484356232,1.1007628274025003
HARVARD,S0120,1,nominal,26,41320897,Joint OLS,3.4395088222547083,2.8454231731073776,6.223916422069209,5.015562437602602
HARVARD,S0120,1,nominal,26,41320897,Offset-only,22.112694625893088,18.831022094757195,39.431854833960415,30.421419711609023
HARVARD,S0120,1,nominal,26,41320897,Raw,132.92878381801927,130.49300261708242,163.02823140537876,235.1367857345418
HARVARD,S0120,1,nominal,27,41320898,Joint Huber,1.1025299227042342,0.8823095931835896,2.168558605224291,1.2156717987594612
HARVARD,S0120,1,nominal,27,41320898,Joint OLS,2.9944842569200585,2.476094402052812,5.529979814585851,3.866945244925095
HARVARD,S0120,1,nominal,27,41320898,Offset-only,29.01925936233541,24.868893954263783,51.00529564161676,39.97527152153809
HARVARD,S0120,1,nominal,27,41320898,Raw,120.93499049048124,117.0229253506932,160.7764240091072,181.77608817277937
HARVARD,S0120,1,nominal,28,41320899,Joint Huber,1.0427705399853129,0.8322385826226236,2.0465108762918405,1.0873611665820448
HARVARD,S0120,1,nominal,28,41320899,Joint OLS,4.870561670472179,4.080069319279145,8.722924582341918,7.155382817869552
HARVARD,S0120,1,nominal,28,41320899,Offset-only,28.11613837690214,24.19570577328125,48.02137945175149,40.64645356720512
HARVARD,S0120,1,nominal,28,41320899,Raw,80.95160623083707,75.2991661740866,117.55697903650228,148.10837083931122
HARVARD,S0120,1,nominal,29,41320900,Joint Huber,1.0477035027084092,0.8369393889553702,2.059231850795129,1.1230501197488798
HARVARD,S0120,1,nominal,29,41320900,Joint OLS,3.675423295509954,3.1079881104112617,6.578255057107808,5.200735472975369
HARVARD,S0120,1,nominal,29,41320900,Offset-only,26.037013778111973,22.287643229006456,45.82471799108393,40.15834127790641
HARVARD,S0120,1,nominal,29,41320900,Raw,152.45062291483094,149.58270722393956,188.71565050133336,226.59109535974304
HARVARD,S0120,1,nominal,30,41320901,Joint Huber,1.1002265330381866,0.881256227575403,2.153112363113441,1.270310955684954
HARVARD,S0120,1,nominal,30,41320901,Joint OLS,5.583360544228557,4.603325897996078,10.14536475121637,6.688115208635217
HARVARD,S0120,1,nominal,30,41320901,Offset-only,24.3488413859108,20.932840654159776,41.89874579093873,39.098878053481805
HARVARD,S0120,1,nominal,30,41320901,Raw,136.87837173746215,134.36110792383636,166.8516731430593,277.3515158553111
HARVARD,S0120,1,nominal,31,41320902,Joint Huber,1.0588987797776803,0.8454447051636902,2.081618930859097,1.1157481383705543
HARVARD,S0120,1,nominal,31,41320902,Joint OLS,4.618533412451534,3.8031041083970183,8.416093791809056,5.901149543651143
HARVARD,S0120,1,nominal,31,41320902,Offset-only,21.907025455652448,18.80139561510473,37.93423044971638,34.924274336465224
HARVARD,S0120,1,nominal,31,41320902,Raw,76.06486161231696,73.29780076313426,101.58569607490344,115.27846808351416
HARVARD,S0120,1,nominal,32,41320903,Joint Huber,1.042230643843958,0.8339712246047727,2.052561013784082,1.093464381293676
HARVARD,S0120,1,nominal,32,41320903,Joint OLS,3.6137637162632297,3.026340696985006,6.382759092886749,6.85645632131604
HARVARD,S0120,1,nominal,32,41320903,Offset-only,31.01496517274301,26.283771467308835,56.26783970399328,42.43981206203225
HARVARD,S0120,1,nominal,32,41320903,Raw,70.75244488763862,64.50224630561758,107.09614115119372,167.60196469500656
HARVARD,S0120,1,nominal,33,41320904,Joint Huber,1.053476662879263,0.8418997418159273,2.0496111028544206,1.1188874547131882
HARVARD,S0120,1,nominal,33,41320904,Joint OLS,5.7670753305889,4.916730952584224,10.21438892864879,9.180504175903122
HARVARD,S0120,1,nominal,33,41320904,Offset-only,24.48207147027404,21.042727478349995,42.34017770867229,38.15697548322683
HARVARD,S0120,1,nominal,33,41320904,Raw,120.4731927203109,117.1834344858633,152.46535611701546,194.1660550238837
HARVARD,S0120,1,nominal,34,41320905,Joint Huber,1.0596057096416267,0.8482939222682062,2.0519424619852344,1.1493565790016371
HARVARD,S0120,1,nominal,34,41320905,Joint OLS,4.640900371371697,3.947734820368847,8.223224421944009,5.606128639860839
HARVARD,S0120,1,nominal,34,41320905,Offset-only,13.592924980027163,11.638290327021988,23.8236791217858,27.891041526798823
HARVARD,S0120,1,nominal,34,41320905,Raw,107.05301059355668,105.3255697049638,123.83112337125208,160.98012343250934
HARVARD,S0120,1,nominal,35,41320906,Joint Huber,1.0605729782440352,0.8503061064889783,2.072549416818959,1.0837390382658192
HARVARD,S0120,1,nominal,35,41320906,Joint OLS,4.302782299636663,3.642376891266265,7.6159105313032605,6.564083660251559
HARVARD,S0120,1,nominal,35,41320906,Offset-only,20.66987803481496,17.628860143273503,36.74289040693708,35.77556436325275
HARVARD,S0120,1,nominal,35,41320906,Raw,85.77019450215086,82.96686601128411,113.5882216529506,148.09238716253785
HARVARD,S0120,1,nominal,36,41320907,Joint Huber,1.0600173867215867,0.8442494605808663,2.0888059776869032,1.0878309236208514
HARVARD,S0120,1,nominal,36,41320907,Joint OLS,4.080859074014895,3.694749202957333,6.473337219807674,4.810381993509517
HARVARD,S0120,1,nominal,36,41320907,Offset-only,22.45389834337421,19.27810982398,39.05586406441915,29.524143531856883
HARVARD,S0120,1,nominal,36,41320907,Raw,84.01412767505443,80.87176638755489,111.8305781023243,203.6765104594765
HARVARD,S0120,1,nominal,37,41320908,Joint Huber,1.0929512248893491,0.8740767059689247,2.1370051597230604,1.1147754752956522
HARVARD,S0120,1,nominal,37,41320908,Joint OLS,3.832470791603692,3.2037114825965496,6.992510120983298,4.862011602498346
HARVARD,S0120,1,nominal,37,41320908,Offset-only,26.024933329749743,22.11403188441696,45.895441798768566,38.585279462556855
HARVARD,S0120,1,nominal,37,41320908,Raw,102.43486807471528,97.8621317387412,135.91666615062152,180.38842955498097
HARVARD,S0120,1,nominal,38,41320909,Joint Huber,1.0679424838612284,0.8505559753568177,2.1074682778731813,1.1307522939164003
HARVARD,S0120,1,nominal,38,41320909,Joint OLS,3.4928373650395743,3.0266198013875467,6.015235192932523,4.605135548360758
HARVARD,S0120,1,nominal,38,41320909,Offset-only,19.40187886033983,16.588148973807826,33.882810153673006,27.11098619942594
HARVARD,S0120,1,nominal,38,41320909,Raw,148.94920069094053,147.2265129589395,176.20283594100027,194.4362120891089
HARVARD,S0120,1,nominal,39,41320910,Joint Huber,1.0551548011779934,0.8441802000717409,2.0586623849963464,1.1369453752732783
HARVARD,S0120,1,nominal,39,41320910,Joint OLS,4.665951230349334,3.860893275807967,8.531616609137506,6.082045296143392
HARVARD,S0120,1,nominal,39,41320910,Offset-only,24.382513436908933,20.97085793883963,41.911425691082286,31.815056830315317
HARVARD,S0120,1,nominal,39,41320910,Raw,131.1157698582063,127.40010531110568,164.34929854540812,205.8374513840561
HARVARD,S0120,1,nominal,40,41320911,Joint Huber,1.0326830404622966,0.8240665442010624,2.0231273329397226,1.066780460665715
HARVARD,S0120,1,nominal,40,41320911,Joint OLS,4.095280979818018,3.4857149017777718,7.127973309945235,5.725210512041268
HARVARD,S0120,1,nominal,40,41320911,Offset-only,28.131551429607864,24.06701797964904,49.305648345297655,35.99132523084224
HARVARD,S0120,1,nominal,40,41320911,Raw,132.95417206000667,129.4567732417193,171.63483410809857,258.19353493386063
HARVARD,S0120,1,nominal,41,41320912,Joint Huber,1.0894049766101703,0.873058580380359,2.13151030680816,1.1469753159370772
HARVARD,S0120,1,nominal,41,41320912,Joint OLS,4.1846250198614126,3.6123191461969393,7.134680553311768,5.168461357823484
HARVARD,S0120,1,nominal,41,41320912,Offset-only,14.583636185882485,12.5430340173991,24.883708475526504,27.13862889002045
HARVARD,S0120,1,nominal,41,41320912,Raw,164.51062989502043,163.59636236260877,185.94124035830947,224.56670583777492
HARVARD,S0120,1,nominal,42,41320913,Joint Huber,1.0483542594201152,0.8373361889546806,2.0479977214378664,1.093854507580749
HARVARD,S0120,1,nominal,42,41320913,Joint OLS,4.3599037671859175,3.613009836628269,7.966816348905304,7.20427103612425
HARVARD,S0120,1,nominal,42,41320913,Offset-only,25.610716030927826,21.93958539288914,44.786138973484405,33.69239954474652
HARVARD,S0120,1,nominal,42,41320913,Raw,111.58540125686284,108.5676675034726,143.7255337158973,193.74591354503352
HARVARD,S0120,1,nominal,43,41320914,Joint Huber,1.0649641779952232,0.8489704401711107,2.0895311774779657,1.10743775024142
HARVARD,S0120,1,nominal,43,41320914,Joint OLS,3.992109082930991,3.424014586014549,7.012261669895904,4.664043516994298
HARVARD,S0120,1,nominal,43,41320914,Offset-only,22.089568800818636,18.797040217091208,39.36324186940227,32.29790212400618
HARVARD,S0120,1,nominal,43,41320914,Raw,52.57694861211748,47.53965864173766,78.44192812930419,91.61758607522316
HARVARD,S0120,1,nominal,44,41320915,Joint Huber,1.0526115199053063,0.8410407641687739,2.0654194098327143,1.0822953319084736
HARVARD,S0120,1,nominal,44,41320915,Joint OLS,3.7919284919386618,3.296814003319868,6.447166028541496,5.469114320806739
HARVARD,S0120,1,nominal,44,41320915,Offset-only,9.801749361898317,8.410642861015866,16.745593905395584,14.356474900756025
HARVARD,S0120,1,nominal,44,41320915,Raw,169.84999152622282,169.5390387099044,184.41837100737067,223.37469653576724
HARVARD,S0120,1,nominal,45,41320916,Joint Huber,1.0325038570534677,0.8245946293042039,2.0372862785460915,1.077815874559336
HARVARD,S0120,1,nominal,45,41320916,Joint OLS,3.4363317233269925,3.0499454924482703,5.639121805181269,4.212440576929882
HARVARD,S0120,1,nominal,45,41320916,Offset-only,23.999438789115278,20.55610843278347,41.95213903163175,40.10186458008664
HARVARD,S0120,1,nominal,45,41320916,Raw,143.03450143327362,139.89200331639108,172.05115743129795,254.0000738396932
HARVARD,S0120,1,nominal,46,41320917,Joint Huber,1.0994616075778336,0.8806360796990252,2.151222685989041,1.1952511057906785
HARVARD,S0120,1,nominal,46,41320917,Joint OLS,4.552423119097696,3.8073366453856816,8.233884893997967,8.265166253952971
HARVARD,S0120,1,nominal,46,41320917,Offset-only,20.121416637714496,17.18483031740091,35.47928166432113,37.81581359424237
HARVARD,S0120,1,nominal,46,41320917,Raw,167.2665020930155,165.5010556864996,195.5855253391164,247.96228295785355
HARVARD,S0120,1,nominal,47,41320918,Joint Huber,1.0329249121257549,0.8234820125660979,2.0244122633890527,1.059888282410833
HARVARD,S0120,1,nominal,47,41320918,Joint OLS,3.148881647974868,2.678551958229555,5.4645529034154094,5.172328634120437
HARVARD,S0120,1,nominal,47,41320918,Offset-only,19.71859842322967,16.90396479470693,34.413817605834474,36.18366614333596
HARVARD,S0120,1,nominal,47,41320918,Raw,104.58968026790993,101.02540428250236,130.85737219260088,204.63788403223305
HARVARD,S0120,1,nominal,48,41320919,Joint Huber,1.1083636084620276,0.8852452963640962,2.174628676031354,1.3270964978968838
HARVARD,S0120,1,nominal,48,41320919,Joint OLS,4.936328713806982,4.230903212046938,8.709823922549642,7.34203722027697
HARVARD,S0120,1,nominal,48,41320919,Offset-only,29.77450506054909,25.6758387934035,50.26886929785732,35.52484799164423
HARVARD,S0120,1,nominal,48,41320919,Raw,112.01863632805798,108.07791264508626,148.30592559945268,254.62931102771384
HARVARD,S0120,1,nominal,49,41320920,Joint Huber,1.0281948390267683,0.8216705151232921,2.015980644211979,1.048236214005383
HARVARD,S0120,1,nominal,49,41320920,Joint OLS,3.0766794790175798,2.6000696901888687,5.487532807360118,3.8406946551775225
HARVARD,S0120,1,nominal,49,41320920,Offset-only,20.233704318280072,17.34645902956501,35.140632559999645,37.45183005434421
HARVARD,S0120,1,nominal,49,41320920,Raw,171.09140166530614,169.39401888228622,199.92583491057152,242.87714344405444
HARVARD,S0120,1,stress,0,41320921,Joint Huber,6.391087073706253,5.145748516858806,12.365940105851973,8.62959292926653
HARVARD,S0120,1,stress,0,41320921,Joint OLS,13.547126700066958,11.668591432535914,23.61910400044667,16.329182202786694
HARVARD,S0120,1,stress,0,41320921,Offset-only,56.49188510618188,47.64066213132575,102.1799461166303,124.10428776812444
HARVARD,S0120,1,stress,0,41320921,Raw,332.987835815151,325.77463014628484,403.9576566782358,514.6738620482984
HARVARD,S0120,1,stress,1,41320922,Joint Huber,5.51750963090302,4.413130855972046,10.712328403906216,5.68192816881465
HARVARD,S0120,1,stress,1,41320922,Joint OLS,10.608601989536307,8.752504469378557,19.72702328780116,15.314818378852769
HARVARD,S0120,1,stress,1,41320922,Offset-only,117.9642585148846,100.84886037992138,207.549590823786,184.510899286066
HARVARD,S0120,1,stress,1,41320922,Raw,372.1418152668824,349.6098375908995,520.912638488798,482.5930154625507
HARVARD,S0120,1,stress,2,41320923,Joint Huber,6.593786552315434,5.2985317020935865,12.767216013891238,8.599663891746518
HARVARD,S0120,1,stress,2,41320923,Joint OLS,18.321878837044338,15.021179688986653,33.42874725773175,27.80299120178032
HARVARD,S0120,1,stress,2,41320923,Offset-only,120.26891648725338,102.44140572261227,211.0994408124534,164.09179787148156
HARVARD,S0120,1,stress,2,41320923,Raw,414.5959747901127,394.3978457739634,571.1473083034283,750.106128272436
HARVARD,S0120,1,stress,3,41320924,Joint Huber,5.780548270629313,4.625866378247936,11.184756143563405,6.399426456414857
HARVARD,S0120,1,stress,3,41320924,Joint OLS,17.06238853560292,14.68731695324649,29.448560425617988,24.19561102127133
HARVARD,S0120,1,stress,3,41320924,Offset-only,147.6214329944812,126.66936902026232,255.70461977220884,198.26167586107115
HARVARD,S0120,1,stress,3,41320924,Raw,380.8607896309724,353.7961180224078,553.280871434129,612.226601787089
HARVARD,S0120,1,stress,4,41320925,Joint Huber,5.593534012204796,4.464695510790207,10.912006888104656,6.442317654881902
HARVARD,S0120,1,stress,4,41320925,Joint OLS,9.87517250154481,8.529639276729617,17.26878412393784,17.312586599801875
HARVARD,S0120,1,stress,4,41320925,Offset-only,124.3441343509455,105.60717922602352,220.93692777497407,196.48461667662988
HARVARD,S0120,1,stress,4,41320925,Raw,276.2429490046757,259.89838488713906,397.0120414162172,436.3325370255009
HARVARD,S0120,1,stress,5,41320926,Joint Huber,5.286617398975728,4.2291753063447,10.26028565386206,5.495708561182624
HARVARD,S0120,1,stress,5,41320926,Joint OLS,11.06963884994267,9.410273937310969,19.872602511931348,16.342609346945608
HARVARD,S0120,1,stress,5,41320926,Offset-only,69.68956483595527,59.71756541460452,121.93983438738547,142.9726721346968
HARVARD,S0120,1,stress,5,41320926,Raw,270.6378507053589,256.66127511664774,361.83155326567385,546.5999018541164
HARVARD,S0120,1,stress,6,41320927,Joint Huber,5.632006945759005,4.508037644177865,10.991596769138573,6.264549493149729
HARVARD,S0120,1,stress,6,41320927,Joint OLS,17.457590574434594,14.772236154417566,30.880644909643003,25.979232057277155
HARVARD,S0120,1,stress,6,41320927,Offset-only,113.07431501563308,97.652018955751,189.0856133605112,168.9701959915732
HARVARD,S0120,1,stress,6,41320927,Raw,411.6217628567901,393.6998307669743,568.5114895729043,522.3849083172076
HARVARD,S0120,1,stress,7,41320928,Joint Huber,5.712999620909003,4.601721451915896,11.03722195391766,6.24759060884344
HARVARD,S0120,1,stress,7,41320928,Joint OLS,13.271730919994466,11.099073218750824,24.172394839761324,21.85148614696399
HARVARD,S0120,1,stress,7,41320928,Offset-only,141.14685227951665,121.51947431964751,240.9670326225512,174.01846203254013
HARVARD,S0120,1,stress,7,41320928,Raw,595.9734421048063,578.3754351932632,794.352879926754,753.6697041856911
HARVARD,S0120,1,stress,8,41320929,Joint Huber,5.552149645386364,4.447005738917325,10.734201664113389,6.423020164181892
HARVARD,S0120,1,stress,8,41320929,Joint OLS,10.93743911850652,9.24949953187774,19.552043370838845,21.046679371755413
HARVARD,S0120,1,stress,8,41320929,Offset-only,90.58632626600142,76.32949054225072,163.6943377008107,204.37984108038745
HARVARD,S0120,1,stress,8,41320929,Raw,413.9881204727872,404.8045674721214,510.1577013533499,790.5280735532755
HARVARD,S0120,1,stress,9,41320930,Joint Huber,6.260975796234291,5.023371078201498,12.169054983209664,7.452740644190011
HARVARD,S0120,1,stress,9,41320930,Joint OLS,12.277850530950053,10.065929601944458,22.93766006281786,23.6422245863476
HARVARD,S0120,1,stress,9,41320930,Offset-only,88.74397245947824,75.62280579577441,156.90576630037532,169.87995921597275
HARVARD,S0120,1,stress,9,41320930,Raw,273.33847974328546,262.67971130629155,361.7875080079757,394.2741386600829
HARVARD,S0120,1,stress,10,41320931,Joint Huber,5.49887278611012,4.399448132280463,10.696195759408324,5.90695872565069
HARVARD,S0120,1,stress,10,41320931,Joint OLS,14.501353881935374,11.976288445855603,26.45043205111781,23.563981210503236
HARVARD,S0120,1,stress,10,41320931,Offset-only,147.3581171718795,124.7966772466076,262.8295363899448,193.12732585147225
HARVARD,S0120,1,stress,10,41320931,Raw,395.877070436474,372.73261113897166,554.5039667200257,618.8842269637341
HARVARD,S0120,1,stress,11,41320932,Joint Huber,5.978351167557058,4.796737844685378,11.630497597508608,7.2290427716988495
HARVARD,S0120,1,stress,11,41320932,Joint OLS,12.977022842837854,10.836785883501772,23.817867521243254,17.66979363198129
HARVARD,S0120,1,stress,11,41320932,Offset-only,99.2405607488204,84.41530794986056,175.22228197115714,176.80531397168463
HARVARD,S0120,1,stress,11,41320932,Raw,262.4240260037236,244.7812694763021,380.2542849844468,580.6263461448655
HARVARD,S0120,1,stress,12,41320933,Joint Huber,6.457003772184177,5.219651369304588,12.437702101840475,8.32720116199092
HARVARD,S0120,1,stress,12,41320933,Joint OLS,13.761721851068154,11.602776853891251,24.831345175637143,21.45501007215213
HARVARD,S0120,1,stress,12,41320933,Offset-only,59.50164666710212,50.65341326517945,106.19697062978436,148.6580001043759
HARVARD,S0120,1,stress,12,41320933,Raw,268.9847708316697,261.2900684050692,350.1788591675063,464.7115404005903
HARVARD,S0120,1,stress,13,41320934,Joint Huber,5.851581811913353,4.690336242411174,11.356383279060369,6.287494034759896
HARVARD,S0120,1,stress,13,41320934,Joint OLS,14.67757253613398,12.354585371945168,26.529136665050856,26.33231187224592
HARVARD,S0120,1,stress,13,41320934,Offset-only,65.44313851682418,56.46795128054508,108.74144517172236,173.82617900129335
HARVARD,S0120,1,stress,13,41320934,Raw,455.0926143928464,448.6421918050261,550.1593719549021,707.8631183880159
HARVARD,S0120,1,stress,14,41320935,Joint Huber,5.698900939181294,4.554349200227281,11.174877775480809,6.694802336106345
HARVARD,S0120,1,stress,14,41320935,Joint OLS,13.272352666791049,10.97494879842576,24.349363373234084,14.595103908022384
HARVARD,S0120,1,stress,14,41320935,Offset-only,136.41461625697218,117.25206872559838,235.3502912347989,196.02936618095532
HARVARD,S0120,1,stress,14,41320935,Raw,534.1389020977797,512.1145465156887,719.5821498667016,743.9085285471396
HARVARD,S0120,1,stress,15,41320936,Joint Huber,6.007006039539556,4.8387652660373615,11.642532900897606,8.155311098020398
HARVARD,S0120,1,stress,15,41320936,Joint OLS,18.38910878068944,15.152264699945553,33.99061084002044,32.29823830269924
HARVARD,S0120,1,stress,15,41320936,Offset-only,86.57869643909392,74.49798542911525,147.1533680992561,148.8694585385438
HARVARD,S0120,1,stress,15,41320936,Raw,339.61533662435164,326.1739543478912,448.79161674401047,527.5675027266843
HARVARD,S0120,1,stress,16,41320937,Joint Huber,5.79693096996285,4.650513350795171,11.298930821117729,7.842032571400955
HARVARD,S0120,1,stress,16,41320937,Joint OLS,15.461140566466062,13.031484873818204,27.531934367442503,18.496545447416462
HARVARD,S0120,1,stress,16,41320937,Offset-only,131.36608404650656,112.65236096691748,228.1310067322764,174.08064273760942
HARVARD,S0120,1,stress,16,41320937,Raw,491.60280163899904,470.6851761165703,667.254980334107,788.5532442459959
HARVARD,S0120,1,stress,17,41320938,Joint Huber,5.52339602946882,4.416499722036091,10.845797162852476,5.934887163406032
HARVARD,S0120,1,stress,17,41320938,Joint OLS,10.56466008862277,8.635813057927686,19.74376440464214,16.057508609032492
HARVARD,S0120,1,stress,17,41320938,Offset-only,124.99716479936076,107.41310150138838,215.03496180905609,156.13829769012645
HARVARD,S0120,1,stress,17,41320938,Raw,332.5880698143964,307.6072076929411,495.8920053873628,603.4007188110431
HARVARD,S0120,1,stress,18,41320939,Joint Huber,5.64644526489078,4.527609371667755,10.986231094784316,6.34928446781813
HARVARD,S0120,1,stress,18,41320939,Joint OLS,21.486918919176293,19.082697282331743,35.419705713052444,26.86373471585708
HARVARD,S0120,1,stress,18,41320939,Offset-only,145.5924063982109,125.3036029071315,249.38803275958787,196.52821737100453
HARVARD,S0120,1,stress,18,41320939,Raw,356.34974662074546,325.87119077450365,533.1245123770866,728.2858707079862
HARVARD,S0120,1,stress,19,41320940,Joint Huber,5.3702496323140005,4.282698937743397,10.579198433880132,5.609068487717921
HARVARD,S0120,1,stress,19,41320940,Joint OLS,17.65638640499259,15.042881375010031,30.957537895824935,21.70342461065193
HARVARD,S0120,1,stress,19,41320940,Offset-only,93.59190672242131,79.25864904241702,168.82004009911986,139.25032048307253
HARVARD,S0120,1,stress,19,41320940,Raw,216.3214333508143,201.18089555374047,314.56795197292735,404.4076456736225
HARVARD,S0120,1,stress,20,41320941,Joint Huber,6.60386897429772,5.365032846788687,12.626668524565334,9.9952305842592
HARVARD,S0120,1,stress,20,41320941,Joint OLS,11.583801614539167,9.620181999099016,21.3727522965171,19.428275035643317
HARVARD,S0120,1,stress,20,41320941,Offset-only,113.2658004876826,96.52630348449202,199.77728467205907,206.70354879860528
HARVARD,S0120,1,stress,20,41320941,Raw,354.6879809445369,334.64289277111754,496.6003108503222,670.2121600736915
HARVARD,S0120,1,stress,21,41320942,Joint Huber,5.45136528797198,4.358379608495195,10.665442247557875,5.804375330582969
HARVARD,S0120,1,stress,21,41320942,Joint OLS,19.273432127134917,16.496591162907468,33.224730142149525,32.26011687177279
HARVARD,S0120,1,stress,21,41320942,Offset-only,79.71059094048418,68.21281032004728,137.7079664858081,147.94630749679314
HARVARD,S0120,1,stress,21,41320942,Raw,303.34904795038267,288.27105388205257,407.6796685452815,497.5447625164565
HARVARD,S0120,1,stress,22,41320943,Joint Huber,5.786163921465182,4.623834385435038,11.36692443886247,6.631976552185847
HARVARD,S0120,1,stress,22,41320943,Joint OLS,15.670281202138463,13.179976282295232,27.85287613728453,26.328427103297734
HARVARD,S0120,1,stress,22,41320943,Offset-only,101.76159779312148,87.77872403602306,171.38008133615472,173.95063634110957
HARVARD,S0120,1,stress,22,41320943,Raw,420.4315427923816,402.68890775318897,558.2141977373567,718.5700815559296
HARVARD,S0120,1,stress,23,41320944,Joint Huber,5.740565185227361,4.6137004369794266,11.144188917649435,6.324011870628702
HARVARD,S0120,1,stress,23,41320944,Joint OLS,15.749166021162864,13.018367697854606,29.204925822165254,16.421048819441108
HARVARD,S0120,1,stress,23,41320944,Offset-only,98.7734968346886,84.47299294955113,173.57517900720885,141.2066569104812
HARVARD,S0120,1,stress,23,41320944,Raw,349.8902954922352,334.54043283384453,482.6128485420703,498.07726246665743
HARVARD,S0120,1,stress,24,41320945,Joint Huber,5.474893895963564,4.364766044664553,10.736630182649522,5.649938241169815
HARVARD,S0120,1,stress,24,41320945,Joint OLS,13.265718290003909,10.985655507525347,24.49099983773801,16.65614041590243
HARVARD,S0120,1,stress,24,41320945,Offset-only,91.6448831049438,78.89924920682562,155.45473162789483,174.83422943684067
HARVARD,S0120,1,stress,24,41320945,Raw,441.8514686253114,431.6463267356924,572.2957553294428,636.7745516410266
HARVARD,S0120,1,stress,25,41320946,Joint Huber,6.721035581345053,5.441602306372889,12.884938660915603,7.644963575937641
HARVARD,S0120,1,stress,25,41320946,Joint OLS,18.355491649913223,15.138318425423902,33.54475049419996,28.755422260897326
HARVARD,S0120,1,stress,25,41320946,Offset-only,56.13175829809212,47.81159510368893,98.3522390659409,142.01921202168933
HARVARD,S0120,1,stress,25,41320946,Raw,275.3095671351809,269.81313900293856,352.70716128124207,663.4428405653911
HARVARD,S0120,1,stress,26,41320947,Joint Huber,5.410853648803472,4.326133252141201,10.59571620255966,5.865785601070816
HARVARD,S0120,1,stress,26,41320947,Joint OLS,15.959144541192826,13.577153282456448,27.79734262484484,24.476044779256405
HARVARD,S0120,1,stress,26,41320947,Offset-only,148.1364602996792,126.97446039979474,259.2129545738261,193.69221164845897
HARVARD,S0120,1,stress,26,41320947,Raw,369.1088907764213,345.3719535530484,541.9078050928322,714.0637792770544
HARVARD,S0120,1,stress,27,41320948,Joint Huber,5.650157438461193,4.520691289278927,11.079926620430324,6.036054171791709
HARVARD,S0120,1,stress,27,41320948,Joint OLS,17.82384103135157,14.89371752913958,32.170696919595336,21.157338382041072
HARVARD,S0120,1,stress,27,41320948,Offset-only,136.39456716989187,115.8892821974299,242.02729226748195,185.4552533772305
HARVARD,S0120,1,stress,27,41320948,Raw,296.7807024743737,271.52097276879107,434.8790192663553,573.6604538281958
HARVARD,S0120,1,stress,28,41320949,Joint Huber,5.908118341546539,4.74128010822892,11.47412817741765,6.460794280422991
HARVARD,S0120,1,stress,28,41320949,Joint OLS,16.60189969012037,14.39260347285061,28.90903281133524,28.24545702639387
HARVARD,S0120,1,stress,28,41320949,Offset-only,54.2621407650239,46.29580488239184,95.54397373723909,98.54777046081038
HARVARD,S0120,1,stress,28,41320949,Raw,200.80586356473,190.93279155605,269.7350402515798,326.5726975594484
HARVARD,S0120,1,stress,29,41320950,Joint Huber,6.164372252058592,4.961275215480573,12.028200750401298,7.058542393207198
HARVARD,S0120,1,stress,29,41320950,Joint OLS,11.913200029081995,9.863949470859366,22.181755107205063,22.612551807870364
HARVARD,S0120,1,stress,29,41320950,Offset-only,91.86689684404344,77.91326763192387,165.5435930664635,108.96149583440842
HARVARD,S0120,1,stress,29,41320950,Raw,215.99888575575173,198.1149000434468,326.29174364481577,321.8336683992641
HARVARD,S0120,1,stress,30,41320951,Joint Huber,5.332381681711612,4.267247544424096,10.458587001768915,5.899687046490158
HARVARD,S0120,1,stress,30,41320951,Joint OLS,11.52133878181041,9.627404639603592,20.958441369131123,19.469402961773508
HARVARD,S0120,1,stress,30,41320951,Offset-only,96.87117876518978,83.14985221334075,167.0538639504174,199.5290127044913
HARVARD,S0120,1,stress,30,41320951,Raw,420.77104187534377,406.8268899600464,553.6961382066071,536.6744162806569
HARVARD,S0120,1,stress,31,41320952,Joint Huber,6.851462374063226,5.544507678899588,13.229134684596566,7.613081302864608
HARVARD,S0120,1,stress,31,41320952,Joint OLS,22.888705930958437,19.04817226705143,41.94307152763932,37.23539209640708
HARVARD,S0120,1,stress,31,41320952,Offset-only,86.03829530728294,73.03292944358242,153.91466291708556,196.2385340445865
HARVARD,S0120,1,stress,31,41320952,Raw,333.5142827513943,319.6487234977567,445.221540260385,732.6442186266555
HARVARD,S0120,1,stress,32,41320953,Joint Huber,5.926939176240063,4.773084886555219,11.489616160426852,6.517898557587493
HARVARD,S0120,1,stress,32,41320953,Joint OLS,18.66446628433572,15.7516466220634,33.00514072271013,27.640415810546777
HARVARD,S0120,1,stress,32,41320953,Offset-only,111.37382897684014,95.37715408532802,194.4018372058165,188.07332623409064
HARVARD,S0120,1,stress,32,41320953,Raw,236.09281226407623,210.17102046937703,358.6982623885759,322.97934644884515
HARVARD,S0120,1,stress,33,41320954,Joint Huber,7.482802830848696,6.09468241310397,14.27469975624174,12.608901139981388
HARVARD,S0120,1,stress,33,41320954,Joint OLS,16.57816210417,13.96558793519408,29.648307635637615,20.51699397956996
HARVARD,S0120,1,stress,33,41320954,Offset-only,89.64158671136191,76.81486620545566,155.87461964723968,185.1823388660859
HARVARD,S0120,1,stress,33,41320954,Raw,251.22804554255305,232.21945524823948,365.5351043984866,316.18180075192083
HARVARD,S0120,1,stress,34,41320955,Joint Huber,5.502735464156004,4.393317016718848,10.75330630380762,5.911535740789649
HARVARD,S0120,1,stress,34,41320955,Joint OLS,14.06720425958298,11.66109665945546,25.777624878037965,18.133293682335893
HARVARD,S0120,1,stress,34,41320955,Offset-only,113.44229404116946,94.23646996084668,207.04782807895128,231.15872517413231
HARVARD,S0120,1,stress,34,41320955,Raw,341.04727340813736,323.7023345792561,471.3832353903298,590.3153175128342
HARVARD,S0120,1,stress,35,41320956,Joint Huber,5.915683950645334,4.737820350918725,11.49979830393413,7.67988664522592
HARVARD,S0120,1,stress,35,41320956,Joint OLS,21.962133692848543,18.751220065289253,38.66827874070263,32.53681349150017
HARVARD,S0120,1,stress,35,41320956,Offset-only,131.95585252919565,113.25320497194944,226.05591776889548,195.13842244733945
HARVARD,S0120,1,stress,35,41320956,Raw,230.84018057483607,206.9441679111268,357.72202544817947,306.5731795900265
HARVARD,S0120,1,stress,36,41320957,Joint Huber,6.178041432936198,4.967691025079294,11.969406096734712,8.369630054807093
HARVARD,S0120,1,stress,36,41320957,Joint OLS,16.08851839106656,13.405898932007814,29.164251188301733,22.00021319376872
HARVARD,S0120,1,stress,36,41320957,Offset-only,150.35768195387408,128.157213828824,262.7557022998949,197.28563986427764
HARVARD,S0120,1,stress,36,41320957,Raw,410.0929826678186,387.75966096236414,579.4688714319174,536.4428810426326
HARVARD,S0120,1,stress,37,41320958,Joint Huber,5.638064535934823,4.508528426548327,10.984074862651028,5.777476780536748
HARVARD,S0120,1,stress,37,41320958,Joint OLS,15.070544165239006,12.873794973426726,26.787163523209493,19.73730930920048
HARVARD,S0120,1,stress,37,41320958,Offset-only,81.13778479908504,68.02562866502916,148.0083301430061,115.08790047766708
HARVARD,S0120,1,stress,37,41320958,Raw,224.14597562054516,214.14270607952756,300.6100430423653,346.3464829959348
HARVARD,S0120,1,stress,38,41320959,Joint Huber,5.349706271020457,4.280744319671378,10.479356086959337,5.865814424531371
HARVARD,S0120,1,stress,38,41320959,Joint OLS,14.251313883677785,12.218587938437636,24.85074542365293,19.797770532601067
HARVARD,S0120,1,stress,38,41320959,Offset-only,59.02209162437082,49.87824785628926,105.97463029544522,135.63510123499728
HARVARD,S0120,1,stress,38,41320959,Raw,252.088613834377,239.60008805954732,314.05670710258323,427.7964579656228
HARVARD,S0120,1,stress,39,41320960,Joint Huber,6.333333772453649,5.091268598469678,12.353449366641849,8.63343338308655
HARVARD,S0120,1,stress,39,41320960,Joint OLS,19.785393634996744,16.560369343363902,34.84296253656571,30.72877890166276
HARVARD,S0120,1,stress,39,41320960,Offset-only,58.51890115358832,49.47807620965845,105.36480158675477,148.59990878493062
HARVARD,S0120,1,stress,39,41320960,Raw,345.3418969184208,337.05200616256025,410.9095019816124,519.7749293956103
HARVARD,S0120,1,stress,40,41320961,Joint Huber,5.617879358545066,4.49137585540681,11.030036895405363,6.503972557647794
HARVARD,S0120,1,stress,40,41320961,Joint OLS,15.325356943647442,12.702600202908132,28.27782080647392,21.651617436257208
HARVARD,S0120,1,stress,40,41320961,Offset-only,78.08751422900097,66.66058798515012,138.09108324283002,116.46425028366454
HARVARD,S0120,1,stress,40,41320961,Raw,252.92911256875544,238.30198364570413,353.47912946587314,345.44099750448595
HARVARD,S0120,1,stress,41,41320962,Joint Huber,5.46787370388539,4.376468819310239,10.7008060154719,6.073712705451988
HARVARD,S0120,1,stress,41,41320962,Joint OLS,11.029463695383326,9.18879014988462,20.15339745817597,14.72087578895518
HARVARD,S0120,1,stress,41,41320962,Offset-only,135.19682012206712,116.18991580760212,231.20489645299443,185.99216444666703
HARVARD,S0120,1,stress,41,41320962,Raw,214.5767448607124,189.79720852703704,350.1317845027488,429.0226242747517
HARVARD,S0120,1,stress,42,41320963,Joint Huber,5.612079787880647,4.500818955222515,10.908645987907663,6.129788708936779
HARVARD,S0120,1,stress,42,41320963,Joint OLS,12.510117542490615,10.5728486198267,22.292997347760945,17.99247949635535
HARVARD,S0120,1,stress,42,41320963,Offset-only,76.7119356896485,65.08371962640564,136.13644592882673,154.12965163641368
HARVARD,S0120,1,stress,42,41320963,Raw,147.70397380079206,129.37162479213978,234.86286325437757,217.26054873425832
HARVARD,S0120,1,stress,43,41320964,Joint Huber,6.17850683007904,4.971398200112883,11.956369858833796,6.725788895115954
HARVARD,S0120,1,stress,43,41320964,Joint OLS,13.63978392880235,11.3997852012608,24.692799581070048,23.430030936076307
HARVARD,S0120,1,stress,43,41320964,Offset-only,143.91071721845714,122.60962578897748,251.99732206323884,187.63642077266164
HARVARD,S0120,1,stress,43,41320964,Raw,301.33060492932987,279.105360844017,444.3365159624293,549.1015615620282
HARVARD,S0120,1,stress,44,41320965,Joint Huber,6.155074403631241,4.947237412039045,11.9715195285131,6.92293778943815
HARVARD,S0120,1,stress,44,41320965,Joint OLS,23.179383289123518,19.8002943049712,40.47273810918429,28.23322634810945
HARVARD,S0120,1,stress,44,41320965,Offset-only,118.9799799651068,101.81376780874496,209.89687734479972,184.4540431528537
HARVARD,S0120,1,stress,44,41320965,Raw,319.4006711496634,300.5149815544325,462.4053200608832,643.0935387447963
HARVARD,S0120,1,stress,45,41320966,Joint Huber,5.564834528379817,4.462293732485099,10.95015626013858,6.125106715711631
HARVARD,S0120,1,stress,45,41320966,Joint OLS,16.431601279094348,13.832977716217028,29.127086021958995,28.954284583813035
HARVARD,S0120,1,stress,45,41320966,Offset-only,81.12557340674057,68.73885683131553,143.77852021744425,135.22475701266006
HARVARD,S0120,1,stress,45,41320966,Raw,261.96378946760785,246.5703190999101,362.70130857656807,355.8100794704358
HARVARD,S0120,1,stress,46,41320967,Joint Huber,5.358517949181065,4.273073550649183,10.42771373730549,5.780899061047569
HARVARD,S0120,1,stress,46,41320967,Joint OLS,11.272360244495598,9.7121283883984,19.804359780862143,16.556380690599738
HARVARD,S0120,1,stress,46,41320967,Offset-only,55.38455393500544,46.47534265859554,101.93404560526834,148.89114348345166
HARVARD,S0120,1,stress,46,41320967,Raw,196.8430305715576,184.61215363043175,262.3384589321344,340.10332659306965
HARVARD,S0120,1,stress,47,41320968,Joint Huber,5.858369293238431,4.698421248528601,11.381859007125607,6.552373467792556
HARVARD,S0120,1,stress,47,41320968,Joint OLS,19.04812531191408,15.804056856440528,34.38024190201956,25.26014206662233
HARVARD,S0120,1,stress,47,41320968,Offset-only,112.73218761432187,95.50552614344252,204.11819211060856,184.17312293871976
HARVARD,S0120,1,stress,47,41320968,Raw,300.1095141342552,279.5177984847314,437.2511509509451,379.9561018766776
HARVARD,S0120,1,stress,48,41320969,Joint Huber,5.442884098967837,4.356604457930047,10.6203062996031,5.756453542096513
HARVARD,S0120,1,stress,48,41320969,Joint OLS,16.196199324448777,13.9905749658791,27.815191411562523,20.437169803672724
HARVARD,S0120,1,stress,48,41320969,Offset-only,125.81537235867384,108.83539942535884,207.3480184032233,165.80039187590526
HARVARD,S0120,1,stress,48,41320969,Raw,359.4971615959842,337.8340997426443,508.8088803867958,557.9441429276043
HARVARD,S0120,1,stress,49,41320970,Joint Huber,5.583249342731332,4.456786688236611,10.952639205173222,6.03402195621002
HARVARD,S0120,1,stress,49,41320970,Joint OLS,13.92513569455945,11.726918841488182,24.941470511157608,18.567906655599916
HARVARD,S0120,1,stress,49,41320970,Offset-only,57.42709893011507,48.65588910657768,101.93593875232168,83.43176130839049
HARVARD,S0120,1,stress,49,41320970,Raw,386.7734296681844,382.96984242156,466.0004922423319,625.6784510431733
HARVARD,S0207,1,clean,0,41330821,Joint Huber,0.1092254469100919,0.0872634636508067,0.2124700168465665,0.114234842526118
HARVARD,S0207,1,clean,0,41330821,Joint OLS,0.1073650237105656,0.0857918055860599,0.2101268426340397,0.111062226653039
HARVARD,S0207,1,clean,0,41330821,Offset-only,20.162271186341403,17.17181628597672,36.21408127521075,33.98831576444016
HARVARD,S0207,1,clean,0,41330821,Raw,142.6899030738798,140.9194181036217,168.07030766906533,305.7175396113041
HARVARD,S0207,1,clean,1,41330822,Joint Huber,0.1012722528881328,0.0809911382360605,0.1981347769707042,0.1057226455891382
HARVARD,S0207,1,clean,1,41330822,Joint OLS,0.1009729108804196,0.0807323582664242,0.1981389048737014,0.1052331070209415
HARVARD,S0207,1,clean,1,41330822,Offset-only,18.553599684391557,15.804884426623886,33.31615128490127,35.34221563528909
HARVARD,S0207,1,clean,1,41330822,Raw,160.7391052409842,159.23042843126413,186.640217500229,213.97676683292735
HARVARD,S0207,1,clean,2,41330823,Joint Huber,0.1025709423287586,0.0819409797519424,0.2012349308776251,0.1045792434057086
HARVARD,S0207,1,clean,2,41330823,Joint OLS,0.1042811241580087,0.0833602664278941,0.2048263537433925,0.1107389965077618
HARVARD,S0207,1,clean,2,41330823,Offset-only,21.842410898061924,18.609298592092223,39.18656067559843,33.178819194308026
HARVARD,S0207,1,clean,2,41330823,Raw,123.55986174571284,120.63139171008768,152.81720531326073,240.23810664862935
HARVARD,S0207,1,clean,3,41330824,Joint Huber,0.1048977668552465,0.0837352046581972,0.2069435330483316,0.109780803895069
HARVARD,S0207,1,clean,3,41330824,Joint OLS,0.1048080263410347,0.0836715470034588,0.2067170271844387,0.1119606491880146
HARVARD,S0207,1,clean,3,41330824,Offset-only,15.187121469139804,12.937164189477102,27.26703425225949,27.112647808233117
HARVARD,S0207,1,clean,3,41330824,Raw,197.16342008172188,196.36968291562695,218.8128666330368,237.7070013300887
HARVARD,S0207,1,clean,4,41330825,Joint Huber,0.1015477108379466,0.0809852233121986,0.19879282045423,0.103618659494089
HARVARD,S0207,1,clean,4,41330825,Joint OLS,0.1016321574259209,0.0810318184148847,0.1989026348633516,0.1036399818297237
HARVARD,S0207,1,clean,4,41330825,Offset-only,21.068429253272043,17.944224214352783,37.83279722324684,31.34835438500175
HARVARD,S0207,1,clean,4,41330825,Raw,160.9855613922294,159.32132265891588,190.4108533631073,215.66943562550568
HARVARD,S0207,1,clean,5,41330826,Joint Huber,0.1064238097737223,0.0850979427853256,0.2076158033031405,0.1173123066661539
HARVARD,S0207,1,clean,5,41330826,Joint OLS,0.1063157272955211,0.0849865057711028,0.2074406282607466,0.1155276474339665
HARVARD,S0207,1,clean,5,41330826,Offset-only,27.01428886090205,23.011383733302168,48.49910558457955,34.17215254479109
HARVARD,S0207,1,clean,5,41330826,Raw,138.35308289552952,135.0491186562604,174.9747180569357,241.30201196574487
HARVARD,S0207,1,clean,6,41330827,Joint Huber,0.1081139785993104,0.0862754620207657,0.2119772314903123,0.1181819243428325
HARVARD,S0207,1,clean,6,41330827,Joint OLS,0.1097119872294516,0.0875766390313017,0.2151999877662902,0.1225772377574095
HARVARD,S0207,1,clean,6,41330827,Offset-only,17.846671563123937,15.201755785988766,32.061584559002746,37.3832642575017
HARVARD,S0207,1,clean,6,41330827,Raw,145.05320207385182,143.4660487333684,164.29717502207416,227.4646990059176
HARVARD,S0207,1,clean,7,41330828,Joint Huber,0.1034959654850938,0.0829232019491655,0.2032820849419359,0.1114855588928933
HARVARD,S0207,1,clean,7,41330828,Joint OLS,0.1037617538992655,0.0830959746405781,0.2037203608644233,0.1118233916917279
HARVARD,S0207,1,clean,7,41330828,Offset-only,11.128120589154468,9.480817891417685,19.95718924993017,18.15354119528894
HARVARD,S0207,1,clean,7,41330828,Raw,131.00839836565132,130.4507551038732,146.9040430335391,184.34812871299872
HARVARD,S0207,1,clean,8,41330829,Joint Huber,0.1049676338545321,0.0840818347872787,0.2045568333283398,0.1127273462124233
HARVARD,S0207,1,clean,8,41330829,Joint OLS,0.1057667954182289,0.0846615045679699,0.2069048174151433,0.1139552139743105
HARVARD,S0207,1,clean,8,41330829,Offset-only,14.37892927352016,12.245945858635856,25.83238512644286,29.59979786712856
HARVARD,S0207,1,clean,8,41330829,Raw,178.4533948771891,177.72037849595137,198.7776550784588,270.2354797254108
HARVARD,S0207,1,clean,9,41330830,Joint Huber,0.1012813585160342,0.0810385125061928,0.1969178674670502,0.1017884960751792
HARVARD,S0207,1,clean,9,41330830,Joint OLS,0.1011397364814221,0.0808502536728575,0.1968682358635121,0.1019038711393934
HARVARD,S0207,1,clean,9,41330830,Offset-only,13.330101612547429,11.351122195339952,23.933024400160896,25.927953814001885
HARVARD,S0207,1,clean,9,41330830,Raw,67.61729545821417,65.48632000443902,85.09087111508889,91.7783069362298
HARVARD,S0207,1,clean,10,41330831,Joint Huber,0.1049952049599059,0.0839795555047284,0.2049306716255472,0.1118217495404917
HARVARD,S0207,1,clean,10,41330831,Joint OLS,0.1052375813093043,0.0842051298014007,0.2047197956635216,0.1106253514039086
HARVARD,S0207,1,clean,10,41330831,Offset-only,20.012048744939246,17.0469076056331,35.9420857711414,27.718813068212665
HARVARD,S0207,1,clean,10,41330831,Raw,85.58675795056438,81.76072201415329,111.31703598228722,172.6584262985781
HARVARD,S0207,1,clean,11,41330832,Joint Huber,0.1039651735189698,0.0829748450266922,0.204150735444486,0.108674969017616
HARVARD,S0207,1,clean,11,41330832,Joint OLS,0.1043092619523436,0.083254668583562,0.2053896969194113,0.1110822167311562
HARVARD,S0207,1,clean,11,41330832,Offset-only,21.58888687990264,18.388131669474937,38.77074225398465,36.54098805513406
HARVARD,S0207,1,clean,11,41330832,Raw,108.60442423778784,105.49548431265882,135.79933728495942,213.64716124269003
HARVARD,S0207,1,clean,12,41330833,Joint Huber,0.1018406522421088,0.0812513984724589,0.2008662439805353,0.1040891543333454
HARVARD,S0207,1,clean,12,41330833,Joint OLS,0.101323067067844,0.080819950892075,0.1995731874237794,0.1033875443271821
HARVARD,S0207,1,clean,12,41330833,Offset-only,13.684728981978148,11.658002241680858,24.568907081849467,34.34450222384425
HARVARD,S0207,1,clean,12,41330833,Raw,163.80736155406274,162.84568628540944,183.07517508269768,195.8261571574376
HARVARD,S0207,1,clean,13,41330834,Joint Huber,0.1065133761805527,0.0849768947023261,0.2098312710963057,0.1136742044665402
HARVARD,S0207,1,clean,13,41330834,Joint OLS,0.1051932143501245,0.0838659699760363,0.2074844517069963,0.1117018094262066
HARVARD,S0207,1,clean,13,41330834,Offset-only,21.024999224219624,17.90752698478659,37.777181881504255,35.27739398538102
HARVARD,S0207,1,clean,13,41330834,Raw,79.80715479971609,76.54596067810532,101.63556069857889,188.37681496150765
HARVARD,S0207,1,clean,14,41330835,Joint Huber,0.1117695759997965,0.0892086087478792,0.2186494889180324,0.1193518193481113
HARVARD,S0207,1,clean,14,41330835,Joint OLS,0.1093414969291742,0.0873654694209875,0.2141312026301634,0.1207468798162855
HARVARD,S0207,1,clean,14,41330835,Offset-only,23.23097234263848,19.79162124974536,41.70486268055882,35.55543745274097
HARVARD,S0207,1,clean,14,41330835,Raw,126.49280146259927,123.39778887405268,157.5941069073261,231.8509772533514
HARVARD,S0207,1,clean,15,41330836,Joint Huber,0.1085134428657189,0.0868123948325456,0.2116293959323556,0.1213092944223795
HARVARD,S0207,1,clean,15,41330836,Joint OLS,0.1078011318863186,0.0862107528937184,0.2109310651035146,0.1142869873012103
HARVARD,S0207,1,clean,15,41330836,Offset-only,23.862650392230822,20.327526317698847,42.84138414027022,29.89977426734716
HARVARD,S0207,1,clean,15,41330836,Raw,208.98472282620537,207.73131107662363,242.99656277955532,245.31394013417955
HARVARD,S0207,1,clean,16,41330837,Joint Huber,0.1048583913214394,0.0836235147089418,0.2053349571241369,0.1093714787202844
HARVARD,S0207,1,clean,16,41330837,Joint OLS,0.1052740651730015,0.0839416963883349,0.2058937481676182,0.1114753885463683
HARVARD,S0207,1,clean,16,41330837,Offset-only,10.956093371224732,9.33889109085744,19.63683338456601,23.40861420192578
HARVARD,S0207,1,clean,16,41330837,Raw,150.48927252479103,149.87422361916427,166.09448424395515,215.04386970593825
HARVARD,S0207,1,clean,17,41330838,Joint Huber,0.1042244709867139,0.083217214962964,0.2042371431031143,0.107215098945448
HARVARD,S0207,1,clean,17,41330838,Joint OLS,0.1037593548196448,0.0828916018768519,0.2039003297703346,0.1107353217801413
HARVARD,S0207,1,clean,17,41330838,Offset-only,16.400840703275055,13.964329833049533,29.49367908853535,25.50080439300444
HARVARD,S0207,1,clean,17,41330838,Raw,182.66882514935867,181.3577994960352,205.55969910921723,275.19048253621827
HARVARD,S0207,1,clean,18,41330839,Joint Huber,0.1047342364219303,0.0838672615748852,0.204838150938258,0.1118055333564936
HARVARD,S0207,1,clean,18,41330839,Joint OLS,0.1046963065789605,0.0838878780089511,0.2054018856488593,0.1108607325602756
HARVARD,S0207,1,clean,18,41330839,Offset-only,16.377707429013427,13.95170824904811,29.41614221272051,25.42137937045514
HARVARD,S0207,1,clean,18,41330839,Raw,158.36573627392562,157.1934847339911,178.64780542687174,287.279276782719
HARVARD,S0207,1,clean,19,41330840,Joint Huber,0.1056567534234586,0.0841444855025126,0.2086723694094239,0.110231805834216
HARVARD,S0207,1,clean,19,41330840,Joint OLS,0.1049161798251353,0.0835548751509829,0.207525894118632,0.1112017302482882
HARVARD,S0207,1,clean,19,41330840,Offset-only,14.131618576755786,12.036135642004366,25.39819613166774,20.01941801766066
HARVARD,S0207,1,clean,19,41330840,Raw,124.43616650879564,123.16517186718652,144.04502973039595,198.52376579865395
HARVARD,S0207,1,clean,20,41330841,Joint Huber,0.1013037482915388,0.0808876698740455,0.1976308616113975,0.1016761511574757
HARVARD,S0207,1,clean,20,41330841,Joint OLS,0.1029018691360861,0.0822291089185175,0.2015104640647358,0.1048124192305274
HARVARD,S0207,1,clean,20,41330841,Offset-only,14.005277227205138,11.928394516894617,25.15871463222048,35.446141470588124
HARVARD,S0207,1,clean,20,41330841,Raw,147.79186964102513,146.09490552981026,166.79180260833775,233.62341650920024
HARVARD,S0207,1,clean,21,41330842,Joint Huber,0.1056580061642787,0.084581387102549,0.2061998544584442,0.1154823172372836
HARVARD,S0207,1,clean,21,41330842,Joint OLS,0.1054437538363997,0.0844481950262927,0.2055940501737297,0.1181682500333091
HARVARD,S0207,1,clean,21,41330842,Offset-only,20.2985288555066,17.28700672681527,36.47630164336376,28.654459017887365
HARVARD,S0207,1,clean,21,41330842,Raw,106.28143502148812,103.36024981009764,133.32737983519172,159.25342989377503
HARVARD,S0207,1,clean,22,41330843,Joint Huber,0.1071655746560637,0.0858177514451239,0.2104756499711868,0.1140491044218735
HARVARD,S0207,1,clean,22,41330843,Joint OLS,0.1055180696438822,0.084453166262555,0.2074400086252037,0.1132529872031986
HARVARD,S0207,1,clean,22,41330843,Offset-only,17.911148918518386,15.256004772533592,32.14174502221448,31.571861907433448
HARVARD,S0207,1,clean,22,41330843,Raw,84.65972944280651,81.7784504615414,108.23832641514488,131.80027505319836
HARVARD,S0207,1,clean,23,41330844,Joint Huber,0.1054828436060455,0.0843528709564173,0.2060013814534578,0.1085556202792326
HARVARD,S0207,1,clean,23,41330844,Joint OLS,0.1043857567605385,0.0834658960879924,0.2040347686104837,0.1057582686995529
HARVARD,S0207,1,clean,23,41330844,Offset-only,16.84848509592294,14.349782123166811,30.262369201104544,22.248172772801176
HARVARD,S0207,1,clean,23,41330844,Raw,143.91373751384216,142.04898900607768,166.37972514352555,258.8701130369729
HARVARD,S0207,1,clean,24,41330845,Joint Huber,0.1022292680650239,0.0817194086741646,0.1998966346116404,0.1038918694550581
HARVARD,S0207,1,clean,24,41330845,Joint OLS,0.1015389749513332,0.0811035195186471,0.1994243279551,0.1027265276977215
HARVARD,S0207,1,clean,24,41330845,Offset-only,20.85197571055066,17.763529098330174,37.44628283585705,36.83668595088069
HARVARD,S0207,1,clean,24,41330845,Raw,164.7792866734938,163.3473206173007,194.16289992328427,179.27428205622604
HARVARD,S0207,1,clean,25,41330846,Joint Huber,0.1017002411405702,0.0812760837295775,0.1986218849371113,0.1047657172327118
HARVARD,S0207,1,clean,25,41330846,Joint OLS,0.1021507665117578,0.0816476901862035,0.1990488564570292,0.1069980438993503
HARVARD,S0207,1,clean,25,41330846,Offset-only,23.12280696754045,19.694548131261207,41.48172792699852,33.36022654644755
HARVARD,S0207,1,clean,25,41330846,Raw,120.82907652633368,118.6972288815864,152.8269137743269,193.05953802055816
HARVARD,S0207,1,clean,26,41330847,Joint Huber,0.1045242233432468,0.0833415665686522,0.2049184694925543,0.1149145608865688
HARVARD,S0207,1,clean,26,41330847,Joint OLS,0.1019840800563876,0.0812648544591977,0.1998464164127079,0.1071312524963621
HARVARD,S0207,1,clean,26,41330847,Offset-only,23.28330437212082,19.831870549742675,41.80556683038566,26.86345730961057
HARVARD,S0207,1,clean,26,41330847,Raw,114.8714809619846,112.47063341852832,146.87395572302364,203.9241546933781
HARVARD,S0207,1,clean,27,41330848,Joint Huber,0.1057217262005736,0.0844232299103152,0.2070400285846041,0.1121597936934826
HARVARD,S0207,1,clean,27,41330848,Joint OLS,0.1053526638973372,0.0840872292254536,0.206457565096585,0.1132084373992221
HARVARD,S0207,1,clean,27,41330848,Offset-only,19.97990964414389,17.025019104213637,35.84603080134112,31.400742073724853
HARVARD,S0207,1,clean,27,41330848,Raw,76.31787786761123,73.17396324523546,102.13867939366006,110.72832516511671
HARVARD,S0207,1,clean,28,41330849,Joint Huber,0.1119725247487622,0.0892964606997704,0.2194483010001136,0.1282786961821978
HARVARD,S0207,1,clean,28,41330849,Joint OLS,0.1122745779446247,0.0895143388536462,0.2200282362764927,0.1265466579884867
HARVARD,S0207,1,clean,28,41330849,Offset-only,16.870535435407604,14.375265911205902,30.23765503694316,33.794043216224225
HARVARD,S0207,1,clean,28,41330849,Raw,125.64273870018128,122.94150184385072,147.6120311124561,281.3380330628297
HARVARD,S0207,1,clean,29,41330850,Joint Huber,0.1035689054899949,0.0824971845258801,0.204139055281427,0.1063109629770453
HARVARD,S0207,1,clean,29,41330850,Joint OLS,0.1031122277489258,0.0821081903941186,0.2024519645704714,0.1053494931428944
HARVARD,S0207,1,clean,29,41330850,Offset-only,10.060308971395472,8.569715664539855,18.063837301099195,13.456329109744033
HARVARD,S0207,1,clean,29,41330850,Raw,139.23129315877577,138.4890632367811,152.5095640671995,239.20249155175247
HARVARD,S0207,1,clean,30,41330851,Joint Huber,0.1054297526597725,0.0843912445113818,0.2053554804060554,0.1154583308121757
HARVARD,S0207,1,clean,30,41330851,Joint OLS,0.1044859130521761,0.0836466067517637,0.2034572070978236,0.1101023448539785
HARVARD,S0207,1,clean,30,41330851,Offset-only,21.40705839462418,18.23666905526769,38.43305223824389,36.63432121457672
HARVARD,S0207,1,clean,30,41330851,Raw,57.14651968310026,52.79017210686885,84.13527243111946,111.84281386429576
HARVARD,S0207,1,clean,31,41330852,Joint Huber,0.1057373299534751,0.084412009704518,0.2063471899539593,0.1121197656843601
HARVARD,S0207,1,clean,31,41330852,Joint OLS,0.105944146994193,0.084569299745487,0.2065644964079461,0.1125530537490995
HARVARD,S0207,1,clean,31,41330852,Offset-only,17.239558618362878,14.687051551995696,30.956880774579965,25.32923808433053
HARVARD,S0207,1,clean,31,41330852,Raw,152.25550306963464,151.2205619055268,176.71905849091215,179.02511491756806
HARVARD,S0207,1,clean,32,41330853,Joint Huber,0.1073478582060293,0.0857708326162183,0.209721701545007,0.1141174340236057
HARVARD,S0207,1,clean,32,41330853,Joint OLS,0.1080897180997327,0.0864226046934159,0.211833814905038,0.1175894158916888
HARVARD,S0207,1,clean,32,41330853,Offset-only,18.377769608557443,15.655611229305464,32.96955129316732,22.99611004590179
HARVARD,S0207,1,clean,32,41330853,Raw,102.6588194039256,100.30581103320762,126.2627014903936,185.00505931027917
HARVARD,S0207,1,clean,33,41330854,Joint Huber,0.1037966555413941,0.0825909634913768,0.2048633834871083,0.1064810763851519
HARVARD,S0207,1,clean,33,41330854,Joint OLS,0.103903082387545,0.0826673230594486,0.205730980865626,0.1066606007891845
HARVARD,S0207,1,clean,33,41330854,Offset-only,10.699881269286298,9.112614632273834,19.200943501239557,19.328940422793163
HARVARD,S0207,1,clean,33,41330854,Raw,135.3008308279734,134.58255159253588,150.361741567621,229.04146120428493
HARVARD,S0207,1,clean,34,41330855,Joint Huber,0.1054717481623039,0.0838932076185827,0.2069249203529466,0.1096239486956442
HARVARD,S0207,1,clean,34,41330855,Joint OLS,0.1044856036385326,0.0831552375829655,0.2057124983949166,0.1092572337189494
HARVARD,S0207,1,clean,34,41330855,Offset-only,21.13046773977754,17.998722598069584,37.96978010742818,31.865180236335632
HARVARD,S0207,1,clean,34,41330855,Raw,131.6762482142695,129.75916678793618,160.97652936795433,199.26076922300444
HARVARD,S0207,1,clean,35,41330856,Joint Huber,0.1015493387868242,0.080945713096997,0.198034363996058,0.1037411315228368
HARVARD,S0207,1,clean,35,41330856,Joint OLS,0.1013886425363717,0.0808201662261999,0.1973003731421841,0.1028644899042401
HARVARD,S0207,1,clean,35,41330856,Offset-only,14.845576812754077,12.646966760273193,26.62639697313721,37.51244114307268
HARVARD,S0207,1,clean,35,41330856,Raw,78.52610734270961,75.479758455384,94.1164776148355,193.0946620143616
HARVARD,S0207,1,clean,36,41330857,Joint Huber,0.1023139822105527,0.0817395317117862,0.199974695352978,0.1038404291535132
HARVARD,S0207,1,clean,36,41330857,Joint OLS,0.1025587121616801,0.0819482303789385,0.200150457813919,0.1032342686978415
HARVARD,S0207,1,clean,36,41330857,Offset-only,14.481342942786243,12.337628185712292,25.99878063742027,37.34404018880556
HARVARD,S0207,1,clean,36,41330857,Raw,113.53814323676993,111.66912028181132,129.1780297370403,180.05810010154815
HARVARD,S0207,1,clean,37,41330858,Joint Huber,0.1124835850155502,0.0899496712661447,0.2205835199609041,0.1172871124064915
HARVARD,S0207,1,clean,37,41330858,Joint OLS,0.1125633768904715,0.0900004677148344,0.2202982562176769,0.1146293108363999
HARVARD,S0207,1,clean,37,41330858,Offset-only,17.48342250259718,14.89276201249447,31.412167312820927,21.86742752174268
HARVARD,S0207,1,clean,37,41330858,Raw,130.35176521028586,128.81758249976895,154.0861271207313,207.6641509822447
HARVARD,S0207,1,clean,38,41330859,Joint Huber,0.1109041679866461,0.0887803357324509,0.2162544966964219,0.1171955065007494
HARVARD,S0207,1,clean,38,41330859,Joint OLS,0.1093077090033075,0.0873871955517544,0.2137948196866191,0.1159949934847447
HARVARD,S0207,1,clean,38,41330859,Offset-only,23.87245286125381,20.34059066314693,42.85340189932736,35.93443022586829
HARVARD,S0207,1,clean,38,41330859,Raw,124.63682638868217,121.1749422611386,154.4236859710412,232.18485727773188
HARVARD,S0207,1,clean,39,41330860,Joint Huber,0.1061889686346971,0.0848736443535236,0.2082114913680045,0.1132120698379712
HARVARD,S0207,1,clean,39,41330860,Joint OLS,0.1067077970281819,0.0853365101745263,0.209376640598613,0.1151330640101808
HARVARD,S0207,1,clean,39,41330860,Offset-only,20.55993069713829,17.513489167003144,36.92773364568609,28.93948592198736
HARVARD,S0207,1,clean,39,41330860,Raw,114.73511451322514,111.49823920491302,141.8429867288113,171.06324457424665
HARVARD,S0207,1,clean,40,41330861,Joint Huber,0.1030360929677606,0.0821661920136854,0.2027955316201258,0.1053425049883727
HARVARD,S0207,1,clean,40,41330861,Joint OLS,0.103045203815828,0.0821943521278952,0.2022198229862937,0.1061259479862084
HARVARD,S0207,1,clean,40,41330861,Offset-only,13.98932606665178,11.918589417011358,25.12756978772872,34.88598470098196
HARVARD,S0207,1,clean,40,41330861,Raw,132.72876658065277,130.2402471987911,150.48117093739108,211.35553037968137
HARVARD,S0207,1,clean,41,41330862,Joint Huber,0.1040342577459332,0.0831698315942675,0.2041907579647173,0.1059892060850172
HARVARD,S0207,1,clean,41,41330862,Joint OLS,0.1044800120222576,0.0835417015687435,0.2044155587588747,0.1094946790521834
HARVARD,S0207,1,clean,41,41330862,Offset-only,23.21840380634921,19.780308138856185,41.672928824249226,35.69969895721266
HARVARD,S0207,1,clean,41,41330862,Raw,78.97278900612157,75.6481292903122,109.94173638075378,113.2937766868229
HARVARD,S0207,1,clean,42,41330863,Joint Huber,0.1091860250015898,0.0874340968928848,0.2127767435734285,0.1179170740707994
HARVARD,S0207,1,clean,42,41330863,Joint OLS,0.1087333672935575,0.0870530492183093,0.2113318185547719,0.1164330571131187
HARVARD,S0207,1,clean,42,41330863,Offset-only,20.147363874488143,17.161216825290445,36.17907986586015,32.399039993242525
HARVARD,S0207,1,clean,42,41330863,Raw,183.66433345284145,182.41514625283244,212.187827962876,198.49595039211783
HARVARD,S0207,1,clean,43,41330864,Joint Huber,0.1044035350212995,0.0833110959598578,0.2053911731874969,0.1097259322430157
HARVARD,S0207,1,clean,43,41330864,Joint OLS,0.104740419265176,0.0835759234506615,0.2057624218007925,0.1109338224747211
HARVARD,S0207,1,clean,43,41330864,Offset-only,9.411792074251652,8.021943952817274,16.870342560973576,14.583707320993144
HARVARD,S0207,1,clean,43,41330864,Raw,112.87999114060888,111.59353141843336,125.38552250273555,243.61236350231005
HARVARD,S0207,1,clean,44,41330865,Joint Huber,0.1037449545074477,0.0828107716606627,0.2023242797609015,0.1089299483857862
HARVARD,S0207,1,clean,44,41330865,Joint OLS,0.1044826213063961,0.0834411696022657,0.2041311599617929,0.111465895117427
HARVARD,S0207,1,clean,44,41330865,Offset-only,19.842546376998527,16.89881117954549,35.63760635195435,25.872754807998582
HARVARD,S0207,1,clean,44,41330865,Raw,123.72976541084752,121.3502415405462,150.64572079941206,253.49118699585668
HARVARD,S0207,1,clean,45,41330866,Joint Huber,0.1044269977982797,0.0832871485325793,0.2042463057545518,0.1063477030827311
HARVARD,S0207,1,clean,45,41330866,Joint OLS,0.1035832642997481,0.0825617251465046,0.2034029833431816,0.1054689871510864
HARVARD,S0207,1,clean,45,41330866,Offset-only,18.76953817819573,15.9875070685187,33.71573749527332,23.709740124287723
HARVARD,S0207,1,clean,45,41330866,Raw,85.3471242594543,83.55027343124279,108.55343882932029,136.53373464214113
HARVARD,S0207,1,clean,46,41330867,Joint Huber,0.1087240808063098,0.0868679137183353,0.2126452488971253,0.1137165309595739
HARVARD,S0207,1,clean,46,41330867,Joint OLS,0.1086667158823533,0.0868112387609206,0.212268361765644,0.1135637333383264
HARVARD,S0207,1,clean,46,41330867,Offset-only,22.12670237316927,18.849477048484832,39.71945834173765,31.691483711696804
HARVARD,S0207,1,clean,46,41330867,Raw,82.52408163955607,78.918453513695,109.89804170846192,141.86837603301723
HARVARD,S0207,1,clean,47,41330868,Joint Huber,0.1033657742683731,0.0824981722765343,0.2030055468946301,0.1076129803921785
HARVARD,S0207,1,clean,47,41330868,Joint OLS,0.1024151130031326,0.0817500123213527,0.201437334801291,0.1070934315147693
HARVARD,S0207,1,clean,47,41330868,Offset-only,14.115137634666096,12.025416479337306,25.325547338167723,23.378158281415782
HARVARD,S0207,1,clean,47,41330868,Raw,113.09964148775212,112.1251728604036,129.92700707515388,259.1486187587492
HARVARD,S0207,1,clean,48,41330869,Joint Huber,0.1028284240040217,0.0820672368703326,0.2023435518868411,0.1064021080073214
HARVARD,S0207,1,clean,48,41330869,Joint OLS,0.1023875577403391,0.081663165930245,0.202167854124724,0.1040546501623926
HARVARD,S0207,1,clean,48,41330869,Offset-only,20.962752256469336,17.855913439112964,37.65303266386875,34.89967825037893
HARVARD,S0207,1,clean,48,41330869,Raw,145.30096461225966,140.79929489966295,171.740222526783,236.9016303903803
HARVARD,S0207,1,clean,49,41330870,Joint Huber,0.1074544273627138,0.0857619329000706,0.2105713575110357,0.1098116814691392
HARVARD,S0207,1,clean,49,41330870,Joint OLS,0.1051966145021543,0.0839152416444524,0.2062093813197663,0.1060572261539111
HARVARD,S0207,1,clean,49,41330870,Offset-only,23.553905180435397,20.06446266232339,42.31739442483856,28.85092973718117
HARVARD,S0207,1,clean,49,41330870,Raw,175.10047757351828,173.429592917816,208.2424644099285,233.4082314540583
HARVARD,S0207,1,nominal,0,41330871,Joint Huber,1.082224549667314,0.8656063839828717,2.107205714978022,1.204127918890636
HARVARD,S0207,1,nominal,0,41330871,Joint OLS,4.620714750474233,3.7800527623558935,8.414731849422123,6.698532407358086
HARVARD,S0207,1,nominal,0,41330871,Offset-only,29.431494162091205,25.09136131599644,52.700177109180224,35.6849640806999
HARVARD,S0207,1,nominal,0,41330871,Raw,169.06202868455688,166.25612862420832,209.88720015789147,250.06452191043567
HARVARD,S0207,1,nominal,1,41330872,Joint Huber,1.1041508819668022,0.8803433007034647,2.1751752436223626,1.22997700907672
HARVARD,S0207,1,nominal,1,41330872,Joint OLS,5.435662969966613,4.516831942036645,9.66314439842697,9.879635519607984
HARVARD,S0207,1,nominal,1,41330872,Offset-only,13.820981846759524,11.688070472707167,25.104462197882693,19.141960040901893
HARVARD,S0207,1,nominal,1,41330872,Raw,149.82647359795038,149.10516184138208,169.13041737465608,215.297483608925
HARVARD,S0207,1,nominal,2,41330873,Joint Huber,1.1003279394761387,0.879827360598487,2.1470906471208195,1.1759106078710049
HARVARD,S0207,1,nominal,2,41330873,Joint OLS,4.9360931291676025,4.184538615386623,8.779092629150398,6.512945571590934
HARVARD,S0207,1,nominal,2,41330873,Offset-only,10.421869489816425,8.943552596817998,17.630685374532984,27.54202421222369
HARVARD,S0207,1,nominal,2,41330873,Raw,118.946045342906,118.16156991145766,134.04858818922474,144.1000971112058
HARVARD,S0207,1,nominal,3,41330874,Joint Huber,1.070140224710031,0.8529341365210648,2.1063044263129886,1.1323126194201223
HARVARD,S0207,1,nominal,3,41330874,Joint OLS,5.025182796515595,4.212325199901862,8.943566970819019,6.345098906049032
HARVARD,S0207,1,nominal,3,41330874,Offset-only,21.992210398239692,18.69438377965384,39.59157078567026,30.45537309144448
HARVARD,S0207,1,nominal,3,41330874,Raw,159.83284271371653,158.14935349420398,190.3506902565056,264.9281760027678
HARVARD,S0207,1,nominal,4,41330875,Joint Huber,1.027713501037094,0.8186137783254044,2.009956101707022,1.0665278963477745
HARVARD,S0207,1,nominal,4,41330875,Joint OLS,3.4267425578106563,2.905720076631145,6.007032034489512,6.330921666807463
HARVARD,S0207,1,nominal,4,41330875,Offset-only,16.30475773793018,13.99431595276541,28.029321026674303,35.254893950750954
HARVARD,S0207,1,nominal,4,41330875,Raw,129.29123768679412,128.03601921113,152.7482670940686,163.11552280185606
HARVARD,S0207,1,nominal,5,41330876,Joint Huber,1.130089438094172,0.9042052602945272,2.213638563140563,1.2260979203096036
HARVARD,S0207,1,nominal,5,41330876,Joint OLS,2.75413410093455,2.338067127451664,4.848148223361637,4.399643012427119
HARVARD,S0207,1,nominal,5,41330876,Offset-only,9.738782117810938,8.339743476563555,16.81755375882712,13.378324547429653
HARVARD,S0207,1,nominal,5,41330876,Raw,120.64292385082923,119.88424150330611,134.56729392827668,186.99460877015264
HARVARD,S0207,1,nominal,6,41330877,Joint Huber,1.0647475469381589,0.8516330189550482,2.0768311603159617,1.1529849327735715
HARVARD,S0207,1,nominal,6,41330877,Joint OLS,4.680339627067736,3.9766235125284624,8.195398276859223,8.67923629442628
HARVARD,S0207,1,nominal,6,41330877,Offset-only,22.98250310844709,19.57855710411626,40.8598879923602,35.01324659576249
HARVARD,S0207,1,nominal,6,41330877,Raw,184.86306662860423,183.14055595935596,216.99688940574504,271.92198289393576
HARVARD,S0207,1,nominal,7,41330878,Joint Huber,1.081364806533124,0.8649127482175972,2.127074767158099,1.1787715550588065
HARVARD,S0207,1,nominal,7,41330878,Joint OLS,3.512802212996168,2.985271771554356,6.249606732704118,5.649579262138822
HARVARD,S0207,1,nominal,7,41330878,Offset-only,12.296437950009103,10.42873280389212,22.06886623850251,23.0585689911034
HARVARD,S0207,1,nominal,7,41330878,Raw,217.58987232011629,217.1553861578001,235.20106114118735,254.3846178537091
HARVARD,S0207,1,nominal,8,41330879,Joint Huber,1.188719004814009,0.9495736213152072,2.3156595134267377,1.413427161109254
HARVARD,S0207,1,nominal,8,41330879,Joint OLS,4.522004728040998,3.950667479751259,7.505528776993265,5.999141112522822
HARVARD,S0207,1,nominal,8,41330879,Offset-only,19.026765524347585,16.33997886685153,32.572536751058976,33.59134827001535
HARVARD,S0207,1,nominal,8,41330879,Raw,228.31506350376085,227.3355732105732,256.2897791697793,267.8097050316576
HARVARD,S0207,1,nominal,9,41330880,Joint Huber,1.108708368405486,0.8850617676922578,2.1518244755002414,1.139273998967169
HARVARD,S0207,1,nominal,9,41330880,Joint OLS,5.351379834354788,4.382645940272323,9.769901123903946,6.948099335726297
HARVARD,S0207,1,nominal,9,41330880,Offset-only,22.25527943083748,18.988198469333103,39.61540636431869,32.072545855345375
HARVARD,S0207,1,nominal,9,41330880,Raw,151.923344518583,150.32823977395952,183.3693080911356,258.02227859224644
HARVARD,S0207,1,nominal,10,41330881,Joint Huber,1.0628649125045224,0.8473404383912073,2.0801411498965203,1.1903873914152172
HARVARD,S0207,1,nominal,10,41330881,Joint OLS,2.914769088758574,2.423654072367463,5.365588391945276,3.240367475046672
HARVARD,S0207,1,nominal,10,41330881,Offset-only,22.209167973833196,18.85293992361143,40.19066334284154,30.085535018037223
HARVARD,S0207,1,nominal,10,41330881,Raw,128.60461259031146,126.78934187436602,159.1931816455654,195.0154930696501
HARVARD,S0207,1,nominal,11,41330882,Joint Huber,1.1102512386282235,0.8873441786638304,2.1716310683621565,1.156645642804779
HARVARD,S0207,1,nominal,11,41330882,Joint OLS,4.669301217786191,4.056842223330176,7.921055772057794,8.876226745790946
HARVARD,S0207,1,nominal,11,41330882,Offset-only,26.86954597756161,23.00765803524208,46.8584632309498,37.24136764335896
HARVARD,S0207,1,nominal,11,41330882,Raw,128.03122506573231,124.36666401137742,164.0780263224678,204.0649766381893
HARVARD,S0207,1,nominal,12,41330883,Joint Huber,1.0805469387291962,0.8634821717031618,2.1119144629849997,1.153687724034072
HARVARD,S0207,1,nominal,12,41330883,Joint OLS,4.425821812518934,3.7473037722551865,7.830967089498486,5.948531819203292
HARVARD,S0207,1,nominal,12,41330883,Offset-only,23.19111526385938,19.862438775819754,40.51178596163757,29.21811333721092
HARVARD,S0207,1,nominal,12,41330883,Raw,135.05175326363474,132.89936161515988,167.72265302665144,171.14180476231166
HARVARD,S0207,1,nominal,13,41330884,Joint Huber,1.0180447632692076,0.8134459685604256,1.983114950598264,1.0510954530770125
HARVARD,S0207,1,nominal,13,41330884,Joint OLS,4.401665122659226,3.792303205886261,7.550538446760929,5.126360163983124
HARVARD,S0207,1,nominal,13,41330884,Offset-only,18.349770620739456,15.607107836094556,32.616177693416496,27.426892241141463
HARVARD,S0207,1,nominal,13,41330884,Raw,132.804189278891,131.23142187730951,158.18993259834562,284.930040927433
HARVARD,S0207,1,nominal,14,41330885,Joint Huber,1.051448149898095,0.8424084622656833,2.0658475723353225,1.1125206167888837
HARVARD,S0207,1,nominal,14,41330885,Joint OLS,3.0906508884452406,2.6020973522280357,5.513876286519804,6.274174850046134
HARVARD,S0207,1,nominal,14,41330885,Offset-only,18.33987173509298,15.730610947164852,31.39006061840055,25.57905804777527
HARVARD,S0207,1,nominal,14,41330885,Raw,136.27037263540765,134.7444151353113,162.36983175597314,228.8833485604309
HARVARD,S0207,1,nominal,15,41330886,Joint Huber,1.0496706174979251,0.8376797152309734,2.0675369118237086,1.1343695374069391
HARVARD,S0207,1,nominal,15,41330886,Joint OLS,4.827119644976708,4.012319525810034,8.722680283857454,8.878130324902166
HARVARD,S0207,1,nominal,15,41330886,Offset-only,21.510584825371037,18.459894894597102,37.0077046922769,36.62938910417351
HARVARD,S0207,1,nominal,15,41330886,Raw,160.49410423147586,157.9054890880168,187.52665593841104,233.6430301803518
HARVARD,S0207,1,nominal,16,41330887,Joint Huber,1.0542660660016616,0.8405686859867102,2.074627680959296,1.126453598077507
HARVARD,S0207,1,nominal,16,41330887,Joint OLS,5.281895596529955,4.437520065341434,9.537561825010776,10.387570042202064
HARVARD,S0207,1,nominal,16,41330887,Offset-only,16.82481611875588,14.335293814496977,29.986961058634787,26.15644200121216
HARVARD,S0207,1,nominal,16,41330887,Raw,90.86744009611694,87.90208225677658,112.73369005408615,223.3980884042747
HARVARD,S0207,1,nominal,17,41330888,Joint Huber,1.0315192799113566,0.8244856277475627,2.0128349854766645,1.0769478273749062
HARVARD,S0207,1,nominal,17,41330888,Joint OLS,5.315614136198652,4.409282557791387,9.55600663911822,8.333929740404393
HARVARD,S0207,1,nominal,17,41330888,Offset-only,23.09383054388593,19.664679533895328,41.38579345655782,30.880058513047004
HARVARD,S0207,1,nominal,17,41330888,Raw,172.60519172617592,169.78581024797205,203.6051017337917,284.0695201130755
HARVARD,S0207,1,nominal,18,41330889,Joint Huber,1.1428851332634058,0.9164221425028916,2.2232961300261422,1.191001392963713
HARVARD,S0207,1,nominal,18,41330889,Joint OLS,5.897520025103535,4.945080345762708,10.612998929936747,8.271020314503621
HARVARD,S0207,1,nominal,18,41330889,Offset-only,20.072542443855447,17.184606071555905,35.22138340131127,33.71798634171725
HARVARD,S0207,1,nominal,18,41330889,Raw,92.96508114623308,88.97069526670477,118.59725724540536,232.37749729146287
HARVARD,S0207,1,nominal,19,41330890,Joint Huber,1.051228652850539,0.8407966144912306,2.038479742844501,1.135904322914294
HARVARD,S0207,1,nominal,19,41330890,Joint OLS,3.04573800142237,2.513700730860024,5.609333393465832,3.726642543511732
HARVARD,S0207,1,nominal,19,41330890,Offset-only,13.329281394969811,11.32400915756232,23.97350178951674,32.16881495882564
HARVARD,S0207,1,nominal,19,41330890,Raw,181.2293773284813,180.58340418260684,200.2212702614113,247.5977751826916
HARVARD,S0207,1,nominal,20,41330891,Joint Huber,1.051240383312512,0.8395353219641228,2.06027337858945,1.0945134160885963
HARVARD,S0207,1,nominal,20,41330891,Joint OLS,3.855303447049932,3.1576017700226853,7.080231141366778,5.607266317865613
HARVARD,S0207,1,nominal,20,41330891,Offset-only,29.58121974975508,25.18925051381603,53.08194631321941,36.70398049394067
HARVARD,S0207,1,nominal,20,41330891,Raw,142.71050437546288,139.8234866773616,179.80222228640886,189.7667643753932
HARVARD,S0207,1,nominal,21,41330892,Joint Huber,1.087662154042618,0.8685416298502208,2.1352972605789944,1.243692614892838
HARVARD,S0207,1,nominal,21,41330892,Joint OLS,3.621471168591196,3.040290644410069,6.515367710056631,4.277062964077067
HARVARD,S0207,1,nominal,21,41330892,Offset-only,23.09150962069104,19.63377455534893,41.49643213767167,36.07462446629135
HARVARD,S0207,1,nominal,21,41330892,Raw,105.30101630247546,102.18508906291947,135.92939434895266,210.16867025164444
HARVARD,S0207,1,nominal,22,41330893,Joint Huber,1.083610689916771,0.8649197896921818,2.125690237616951,1.2763897285004633
HARVARD,S0207,1,nominal,22,41330893,Joint OLS,3.917418478234417,3.3410333034701174,6.795237832303824,5.300144096338289
HARVARD,S0207,1,nominal,22,41330893,Offset-only,26.03961736285201,22.13003563608084,46.890728426059525,33.018144104017374
HARVARD,S0207,1,nominal,22,41330893,Raw,147.7253497956274,145.44399885007354,179.5217578185094,265.5278328065028
HARVARD,S0207,1,nominal,23,41330894,Joint Huber,1.019077505473013,0.8126852990532963,1.994875039472177,1.0226963955196255
HARVARD,S0207,1,nominal,23,41330894,Joint OLS,5.150425181510747,4.438819828888951,8.793755659445823,6.747667540164147
HARVARD,S0207,1,nominal,23,41330894,Offset-only,25.044036936211864,21.27148329873269,45.14366938006851,35.174050182711994
HARVARD,S0207,1,nominal,23,41330894,Raw,182.63692827524795,180.67278292908452,217.22996419317272,241.0816659706292
HARVARD,S0207,1,nominal,24,41330895,Joint Huber,1.0286143029209247,0.8201325579071379,2.010179915233224,1.0851720215079343
HARVARD,S0207,1,nominal,24,41330895,Joint OLS,5.409497028235571,4.471253564899607,9.77107660847416,8.870573832776849
HARVARD,S0207,1,nominal,24,41330895,Offset-only,15.675581895086626,13.451583647981405,27.239874876832104,22.91520613624857
HARVARD,S0207,1,nominal,24,41330895,Raw,150.6286188071159,149.6424605579528,173.38012900297787,250.3207551762047
HARVARD,S0207,1,nominal,25,41330896,Joint Huber,1.0551169891697396,0.8438215680427048,2.06025370281786,1.0788721522543865
HARVARD,S0207,1,nominal,25,41330896,Joint OLS,4.722260333759664,3.951475012870927,8.404987025514819,6.997360178942349
HARVARD,S0207,1,nominal,25,41330896,Offset-only,19.46039875709905,16.54737302358826,34.91123607260227,27.594567166393475
HARVARD,S0207,1,nominal,25,41330896,Raw,112.52084328178698,110.70527621071724,139.29780430952928,154.70941071378715
HARVARD,S0207,1,nominal,26,41330897,Joint Huber,1.097048207536625,0.8790707545595395,2.134730571261212,1.3165128054785176
HARVARD,S0207,1,nominal,26,41330897,Joint OLS,4.484751766479572,3.789265621940419,7.902650515751309,6.073349528585807
HARVARD,S0207,1,nominal,26,41330897,Offset-only,20.95556292308769,17.778020112565432,37.73516039646348,28.881209940318207
HARVARD,S0207,1,nominal,26,41330897,Raw,156.3718845835596,154.75975845735658,185.30629310453736,284.9070203371366
HARVARD,S0207,1,nominal,27,41330898,Joint Huber,1.087704553485768,0.872056483715663,2.122628701867635,1.129118626589833
HARVARD,S0207,1,nominal,27,41330898,Joint OLS,5.022161034707882,4.1411499688222895,9.110197088620042,7.636223767326346
HARVARD,S0207,1,nominal,27,41330898,Offset-only,32.53086424821348,27.578101012632835,59.00996667044814,38.110979850395424
HARVARD,S0207,1,nominal,27,41330898,Raw,139.15265176790723,135.56453877458785,182.83793036046427,213.32956415957483
HARVARD,S0207,1,nominal,28,41330899,Joint Huber,1.1370497330844196,0.9117048241615766,2.2185216774963217,1.4100945981587598
HARVARD,S0207,1,nominal,28,41330899,Joint OLS,4.375712198780887,3.73361217457298,7.707489996377093,6.502976629233316
HARVARD,S0207,1,nominal,28,41330899,Offset-only,22.3258240739964,19.030048876214664,39.78523809968345,36.09052538356945
HARVARD,S0207,1,nominal,28,41330899,Raw,123.45196570318352,120.3832168547015,153.3640865317243,256.6988544396517
HARVARD,S0207,1,nominal,29,41330900,Joint Huber,1.016830634614524,0.8106990263496967,1.997051606399048,1.0382654104521938
HARVARD,S0207,1,nominal,29,41330900,Joint OLS,3.305177469192266,2.843205814429966,5.664053238713684,4.1965499974819815
HARVARD,S0207,1,nominal,29,41330900,Offset-only,27.006191556512874,23.12041865049336,47.10063447111104,34.79545971886076
HARVARD,S0207,1,nominal,29,41330900,Raw,196.92066880807917,193.57479473585383,233.9600748598245,251.9338116466174
HARVARD,S0207,1,nominal,30,41330901,Joint Huber,1.036688252828982,0.827596229540748,2.043180487953578,1.0972194083714977
HARVARD,S0207,1,nominal,30,41330901,Joint OLS,3.664005689052819,3.246340329596097,5.943931895787502,4.3384211274416735
HARVARD,S0207,1,nominal,30,41330901,Offset-only,21.23236661812384,18.13120453440125,37.58244251638687,35.458272052480346
HARVARD,S0207,1,nominal,30,41330901,Raw,121.05116799638262,118.8531584488917,150.56569085334735,160.87595530269434
HARVARD,S0207,1,nominal,31,41330902,Joint Huber,1.0745343119155248,0.8579861200015781,2.0963275727426733,1.1491391598150462
HARVARD,S0207,1,nominal,31,41330902,Joint OLS,2.92461109819636,2.52367012031067,5.064221768786271,3.311603510642305
HARVARD,S0207,1,nominal,31,41330902,Offset-only,14.965178567223193,12.749953901893011,26.700181899932485,25.41212660518876
HARVARD,S0207,1,nominal,31,41330902,Raw,153.44083206267632,152.41493039618365,174.5364487005955,219.28963572977244
HARVARD,S0207,1,nominal,32,41330903,Joint Huber,1.0583652264048695,0.8484682832678754,2.071556674808761,1.1136013419169244
HARVARD,S0207,1,nominal,32,41330903,Joint OLS,3.929411563301079,3.3854033988729304,6.784719022507346,4.761051547051359
HARVARD,S0207,1,nominal,32,41330903,Offset-only,14.953757951738414,12.75228861186035,26.522708776319504,35.30684800546898
HARVARD,S0207,1,nominal,32,41330903,Raw,95.8537608175764,93.6891488974122,116.04419997385877,111.1672899674155
HARVARD,S0207,1,nominal,33,41330904,Joint Huber,1.1146271644403904,0.8907331985933484,2.16514244284376,1.1865709756648577
HARVARD,S0207,1,nominal,33,41330904,Joint OLS,4.753005028872326,4.00936497365872,8.376094024377956,7.461139061562739
HARVARD,S0207,1,nominal,33,41330904,Offset-only,18.235725233556632,15.574473524865269,32.35080093785978,27.999497146150446
HARVARD,S0207,1,nominal,33,41330904,Raw,45.591445810949935,42.70897764071498,63.02214249616629,113.92630986847443
HARVARD,S0207,1,nominal,34,41330905,Joint Huber,1.1421777804148474,0.9167680892012784,2.212363798060757,1.3752928312200978
HARVARD,S0207,1,nominal,34,41330905,Joint OLS,3.3463811283372,2.797374017769444,5.995167685120251,4.179657269418543
HARVARD,S0207,1,nominal,34,41330905,Offset-only,15.346078777417908,12.904700405904292,28.120982773374077,38.40697026873257
HARVARD,S0207,1,nominal,34,41330905,Raw,136.2970388443688,134.93984095436693,150.2572058322721,231.577448928965
HARVARD,S0207,1,nominal,35,41330906,Joint Huber,1.07032930302389,0.8546066188894734,2.098400403661316,1.1411874007857383
HARVARD,S0207,1,nominal,35,41330906,Joint OLS,4.431880320581365,3.710439886098324,7.81061143751165,7.169646531497823
HARVARD,S0207,1,nominal,35,41330906,Offset-only,22.46966865936055,19.06123103529046,40.656192848051376,34.31727971997428
HARVARD,S0207,1,nominal,35,41330906,Raw,156.19106244574908,153.44689427460295,186.19299695287427,225.5459824142193
HARVARD,S0207,1,nominal,36,41330907,Joint Huber,1.0747148108816116,0.8579498364858413,2.1065022410422083,1.1461688774900254
HARVARD,S0207,1,nominal,36,41330907,Joint OLS,4.15102469510122,3.5643562365794264,7.200771332427003,6.276333093775135
HARVARD,S0207,1,nominal,36,41330907,Offset-only,11.619432603254037,9.86557173743022,20.87814113729392,20.32525710961953
HARVARD,S0207,1,nominal,36,41330907,Raw,107.89690168507742,107.25372804577124,124.26121388755745,211.98211882401708
HARVARD,S0207,1,nominal,37,41330908,Joint Huber,1.052514289162832,0.8416830048380082,2.0584871517492784,1.080688479193391
HARVARD,S0207,1,nominal,37,41330908,Joint OLS,3.5346483033174074,3.119327967843029,5.885751723600485,4.288335660901448
HARVARD,S0207,1,nominal,37,41330908,Offset-only,23.749278531535836,20.32909539394639,41.68510225546167,34.62537442333342
HARVARD,S0207,1,nominal,37,41330908,Raw,119.7925720799853,116.71849519219302,150.2119087739016,301.16851751920404
HARVARD,S0207,1,nominal,38,41330909,Joint Huber,1.0824629076440295,0.8666514588261817,2.118900424145309,1.117848725987177
HARVARD,S0207,1,nominal,38,41330909,Joint OLS,5.214346335422614,4.382821935090901,9.316209242586204,7.5808313992744
HARVARD,S0207,1,nominal,38,41330909,Offset-only,11.804489459906453,10.107595649934822,20.4852266409445,21.181628374161452
HARVARD,S0207,1,nominal,38,41330909,Raw,201.34184440663304,200.8927746774792,218.7397092663837,281.94994473190883
HARVARD,S0207,1,nominal,39,41330910,Joint Huber,1.0828237359141262,0.8630128210766006,2.128050155794271,1.1244083044146842
HARVARD,S0207,1,nominal,39,41330910,Joint OLS,4.51312180416042,3.76570749776254,7.98845267648165,5.516762728655185
HARVARD,S0207,1,nominal,39,41330910,Offset-only,25.30023328874093,21.707468879570413,43.74154235829382,35.926512864559484
HARVARD,S0207,1,nominal,39,41330910,Raw,105.21329301662124,101.5513404970693,139.90353797947827,187.14927432012863
HARVARD,S0207,1,nominal,40,41330911,Joint Huber,1.075471671314937,0.8586523471790937,2.112705207428789,1.2523269059101392
HARVARD,S0207,1,nominal,40,41330911,Joint OLS,4.5618490635459725,3.811127875452628,8.15847006948971,6.204535197650385
HARVARD,S0207,1,nominal,40,41330911,Offset-only,15.133410199224198,12.957119065119656,26.49977801525032,28.81412537517764
HARVARD,S0207,1,nominal,40,41330911,Raw,110.36946271603728,109.08336708408196,126.85502049578506,192.12503020683857
HARVARD,S0207,1,nominal,41,41330912,Joint Huber,1.07534167291157,0.8608014318865224,2.0961756243401912,1.224709086143842
HARVARD,S0207,1,nominal,41,41330912,Joint OLS,4.559120187290483,3.8368219082701502,8.014571903128271,6.4119167274899445
HARVARD,S0207,1,nominal,41,41330912,Offset-only,18.714031842365856,15.844550838589663,33.962801790656094,29.1534237135511
HARVARD,S0207,1,nominal,41,41330912,Raw,161.67251708058237,160.14181498018516,187.24392152394037,257.449670664465
HARVARD,S0207,1,nominal,42,41330913,Joint Huber,1.048194623782322,0.8386678158556281,2.051646555820952,1.1057008528273795
HARVARD,S0207,1,nominal,42,41330913,Joint OLS,3.15762516190002,2.6368748758678127,5.67855590465367,4.198982674142888
HARVARD,S0207,1,nominal,42,41330913,Offset-only,15.61394957429269,13.328110609889295,27.708952966508736,31.539027517649952
HARVARD,S0207,1,nominal,42,41330913,Raw,104.36132077741787,102.5257960066431,125.9818363499262,166.35886845851002
HARVARD,S0207,1,nominal,43,41330914,Joint Huber,1.060779913035123,0.8493879673125668,2.076562319640374,1.148746587090038
HARVARD,S0207,1,nominal,43,41330914,Joint OLS,4.930405204658115,4.14216882758285,8.868871555073099,7.695654271791698
HARVARD,S0207,1,nominal,43,41330914,Offset-only,21.56430708825744,18.36069870479123,38.56097385779576,30.36272335788048
HARVARD,S0207,1,nominal,43,41330914,Raw,66.57703052135962,62.568616665030994,92.75424438314444,180.5058543118135
HARVARD,S0207,1,nominal,44,41330915,Joint Huber,1.1018858910476113,0.8838409852750032,2.1502720214577664,1.1955487053779053
HARVARD,S0207,1,nominal,44,41330915,Joint OLS,5.429490896939095,4.502216290443692,9.74283569601706,7.724409370071193
HARVARD,S0207,1,nominal,44,41330915,Offset-only,14.334633608562983,12.17206361207674,25.7991730652535,31.09738616308403
HARVARD,S0207,1,nominal,44,41330915,Raw,106.1382580146801,103.79237326956078,124.77140182056937,198.3413029378733
HARVARD,S0207,1,nominal,45,41330916,Joint Huber,1.0693561502123217,0.8537666567294184,2.0964043301669126,1.148699685135787
HARVARD,S0207,1,nominal,45,41330916,Joint OLS,5.955951638135261,4.982667864904382,10.638265356075928,9.210281198121123
HARVARD,S0207,1,nominal,45,41330916,Offset-only,20.69530781931152,17.564473673352218,36.70979941868004,35.614373829734944
HARVARD,S0207,1,nominal,45,41330916,Raw,152.7142196433602,149.98394571434275,180.03001848363868,246.06438263038848
HARVARD,S0207,1,nominal,46,41330917,Joint Huber,1.0869499697758696,0.8707580513493645,2.1250449822549204,1.2291858788848788
HARVARD,S0207,1,nominal,46,41330917,Joint OLS,3.154941777736244,2.708276800791209,5.532158416564226,4.430930242588619
HARVARD,S0207,1,nominal,46,41330917,Offset-only,13.460113800081556,11.568850784159984,22.905058552463498,32.730090116956056
HARVARD,S0207,1,nominal,46,41330917,Raw,154.41257759841253,153.17851292074536,173.79762935935844,173.60806404005504
HARVARD,S0207,1,nominal,47,41330918,Joint Huber,1.0189758381787717,0.8142289038492023,1.9905540584861825,1.039089037155119
HARVARD,S0207,1,nominal,47,41330918,Joint OLS,4.6216732072006605,3.925271319888196,8.034912829974951,6.214033928296602
HARVARD,S0207,1,nominal,47,41330918,Offset-only,21.14415042509166,17.960418845583852,37.889290546778255,34.85448174928211
HARVARD,S0207,1,nominal,47,41330918,Raw,170.9676003684413,169.49805567715578,200.39882021390724,291.1605129674899
HARVARD,S0207,1,nominal,48,41330919,Joint Huber,1.067856341763829,0.8531235243857114,2.091906067533245,1.1216717166614525
HARVARD,S0207,1,nominal,48,41330919,Joint OLS,2.8553204830660395,2.440420907171669,4.956437961195181,4.343702408438189
HARVARD,S0207,1,nominal,48,41330919,Offset-only,26.63761571317005,22.644441191145663,47.8552483301609,32.08179804749614
HARVARD,S0207,1,nominal,48,41330919,Raw,134.02357935150758,130.2604348820476,168.8087702655844,260.23387905208733
HARVARD,S0207,1,nominal,49,41330920,Joint Huber,1.0727426250496102,0.8539495102335601,2.119028265007472,1.104751159566273
HARVARD,S0207,1,nominal,49,41330920,Joint OLS,4.078682650299891,3.396645597429753,7.462287636782827,6.135154220383915
HARVARD,S0207,1,nominal,49,41330920,Offset-only,15.606667495329887,13.30009811341921,27.80932133484724,29.40003558200308
HARVARD,S0207,1,nominal,49,41330920,Raw,134.92587349076308,133.33385046007152,156.4083639571881,280.668695742417
HARVARD,S0207,1,stress,0,41330921,Joint Huber,6.180335082863023,4.956610061108153,11.999766605108483,7.738283606658521
HARVARD,S0207,1,stress,0,41330921,Joint OLS,16.165331735960983,13.449022749441744,29.31290917416458,24.42061957413837
HARVARD,S0207,1,stress,0,41330921,Offset-only,121.90955040289778,104.95993048676866,206.1804841569477,174.95509265833306
HARVARD,S0207,1,stress,0,41330921,Raw,439.2486351233501,415.4502618292217,601.8933662107333,748.1229782206652
HARVARD,S0207,1,stress,1,41330922,Joint Huber,5.284266010323912,4.222316845405228,10.27199978341642,5.861182296839694
HARVARD,S0207,1,stress,1,41330922,Joint OLS,13.883768554875964,11.666245211382163,25.02886482097182,21.05462883701316
HARVARD,S0207,1,stress,1,41330922,Offset-only,80.12302143415803,68.18128630568899,142.33579436665025,120.86118571195205
HARVARD,S0207,1,stress,1,41330922,Raw,419.2451286687123,409.4488598054716,523.9844653986125,618.8515059881925
HARVARD,S0207,1,stress,2,41330923,Joint Huber,5.644386066375172,4.513498953136414,11.045544602088627,5.826017704592406
HARVARD,S0207,1,stress,2,41330923,Joint OLS,17.60845711427766,14.670929795698765,32.223872535999746,23.04005662661966
HARVARD,S0207,1,stress,2,41330923,Offset-only,93.80589179137183,79.5661170676088,168.8687537091366,165.95361460681244
HARVARD,S0207,1,stress,2,41330923,Raw,231.1225166036189,213.3416949342752,345.0872827131311,292.6288425825275
HARVARD,S0207,1,stress,3,41330924,Joint Huber,5.81257820069614,4.646880949914866,11.38882827856165,6.471516235171647
HARVARD,S0207,1,stress,3,41330924,Joint OLS,11.201209371971952,9.339263171538915,20.55698926474996,13.742399610254486
HARVARD,S0207,1,stress,3,41330924,Offset-only,120.6153464866813,101.9753213680656,214.82776135143317,174.24802168929034
HARVARD,S0207,1,stress,3,41330924,Raw,408.4699786464817,391.472042599154,563.0360781107669,560.615145747272
HARVARD,S0207,1,stress,4,41330925,Joint Huber,7.247182553016606,5.876147631088203,13.892259641361807,9.505344134184304
HARVARD,S0207,1,stress,4,41330925,Joint OLS,24.360610916662964,20.775532183473715,42.37259560959719,45.46553849642576
HARVARD,S0207,1,stress,4,41330925,Offset-only,136.44780241447765,115.67201474668252,247.23919517884423,187.02670237097163
HARVARD,S0207,1,stress,4,41330925,Raw,354.6912709765103,334.13848661231737,506.49918865081577,578.0807785583238
HARVARD,S0207,1,stress,5,41330926,Joint Huber,6.100677099537425,4.913380151006089,11.825399497037736,6.548208680800967
HARVARD,S0207,1,stress,5,41330926,Joint OLS,20.801994928649925,18.26699784059619,34.57179745318473,35.71260975452107
HARVARD,S0207,1,stress,5,41330926,Offset-only,32.884221135324466,28.13033373560485,57.17628019043737,75.63789518766703
HARVARD,S0207,1,stress,5,41330926,Raw,417.6451356628903,415.8102271247306,465.9456135021048,519.5924360972269
HARVARD,S0207,1,stress,6,41330927,Joint Huber,5.821465870216438,4.681629734165218,11.351301588779084,6.901419571645251
HARVARD,S0207,1,stress,6,41330927,Joint OLS,14.492036992469052,12.051470190400847,26.618608757096837,24.39372758143787
HARVARD,S0207,1,stress,6,41330927,Offset-only,143.54953963697642,121.29693147410264,261.2257727980492,157.39432886424532
HARVARD,S0207,1,stress,6,41330927,Raw,290.9886294906213,264.34068388610467,443.46620227797126,553.0192871231933
HARVARD,S0207,1,stress,7,41330928,Joint Huber,6.355562362501671,5.112572932690721,12.291419627958788,8.35654809496623
HARVARD,S0207,1,stress,7,41330928,Joint OLS,20.725432980502653,17.68390083222634,36.850769150602105,36.42901455848211
HARVARD,S0207,1,stress,7,41330928,Offset-only,104.88069064224032,88.73413989180084,187.5968327384052,163.3094327785885
HARVARD,S0207,1,stress,7,41330928,Raw,274.99577387574914,256.988422040722,383.9172257530622,430.8987075410062
HARVARD,S0207,1,stress,8,41330929,Joint Huber,5.338979124454068,4.266359935916595,10.430590961737463,5.918022259496247
HARVARD,S0207,1,stress,8,41330929,Joint OLS,17.90617979209508,15.686493295308198,30.262119077907546,27.45843724621345
HARVARD,S0207,1,stress,8,41330929,Offset-only,44.42195335773683,37.36954805485571,81.21797644309568,98.742030464354
HARVARD,S0207,1,stress,8,41330929,Raw,317.1156875359721,312.61991886705374,376.0955652630186,363.86425679876027
HARVARD,S0207,1,stress,9,41330930,Joint Huber,5.580239519099691,4.4637717379050885,10.88432274813762,5.772521810421528
HARVARD,S0207,1,stress,9,41330930,Joint OLS,15.315482239504677,12.563151643747885,28.192345196895825,22.6209036244522
HARVARD,S0207,1,stress,9,41330930,Offset-only,148.43439006827705,126.63007411457504,262.92352303339817,187.51570782975188
HARVARD,S0207,1,stress,9,41330930,Raw,312.1648516442232,286.47285054939186,461.9735888574946,663.4192369028863
HARVARD,S0207,1,stress,10,41330931,Joint Huber,5.432491713351961,4.339588301791135,10.650243192258555,5.841027890743425
HARVARD,S0207,1,stress,10,41330931,Joint OLS,15.380313916823594,12.880635409557057,27.744688575863563,17.382570135143265
HARVARD,S0207,1,stress,10,41330931,Offset-only,91.15736774402852,77.81519589544854,161.44601086292866,121.28216975261704
HARVARD,S0207,1,stress,10,41330931,Raw,362.2982843481994,348.24535120782787,482.9339218553112,646.4489529523557
HARVARD,S0207,1,stress,11,41330932,Joint Huber,5.444884319967201,4.366113354843856,10.613197360848758,5.736387987605406
HARVARD,S0207,1,stress,11,41330932,Joint OLS,19.337855710183668,16.301024281677734,34.738981930509105,32.81502226884824
HARVARD,S0207,1,stress,11,41330932,Offset-only,80.10687028082381,68.43197269683125,140.6583867754306,101.83672523285904
HARVARD,S0207,1,stress,11,41330932,Raw,400.16675780644096,392.3472359850805,498.35052052286414,616.5785791763108
HARVARD,S0207,1,stress,12,41330933,Joint Huber,5.652449549052196,4.518379063091363,11.063302514980576,6.269233977297738
HARVARD,S0207,1,stress,12,41330933,Joint OLS,13.54139836378394,11.991806219265207,22.36392492800583,22.66681029542491
HARVARD,S0207,1,stress,12,41330933,Offset-only,94.97984438958888,80.86895215268272,167.19158394316472,136.655989481416
HARVARD,S0207,1,stress,12,41330933,Raw,208.092137717015,191.53560593017468,293.72079826254486,419.3696394812912
HARVARD,S0207,1,stress,13,41330934,Joint Huber,5.520139270545455,4.420925723153721,10.7675809643772,6.075650455618019
HARVARD,S0207,1,stress,13,41330934,Joint OLS,15.875386142165365,13.208010821380364,29.160173802378747,26.291949759616397
HARVARD,S0207,1,stress,13,41330934,Offset-only,77.62973650283706,65.19801705356036,141.40682930913513,150.7551629449649
HARVARD,S0207,1,stress,13,41330934,Raw,287.934346722575,273.1342911929158,380.9463720093518,492.08359307402856
HARVARD,S0207,1,stress,14,41330935,Joint Huber,5.982041008243034,4.801534390220681,11.635415388542205,7.495017328845991
HARVARD,S0207,1,stress,14,41330935,Joint OLS,18.07589863132337,15.359238625797047,32.35459482321268,27.945007065572387
HARVARD,S0207,1,stress,14,41330935,Offset-only,94.26661233454196,80.44641734281674,167.7728291186501,166.29711233516224
HARVARD,S0207,1,stress,14,41330935,Raw,387.9961113173436,376.91952700953726,517.9349735253581,733.9840167775099
HARVARD,S0207,1,stress,15,41330936,Joint Huber,5.652947645508874,4.531429587501602,10.966212311391743,7.210896143698035
HARVARD,S0207,1,stress,15,41330936,Joint OLS,11.190925043282524,9.457450625855518,20.176684124567068,14.798881298401476
HARVARD,S0207,1,stress,15,41330936,Offset-only,126.70252184700502,106.37209996424,230.52243257896868,194.450557521768
HARVARD,S0207,1,stress,15,41330936,Raw,314.753936129402,290.218850353012,460.2621084718937,362.0748590837137
HARVARD,S0207,1,stress,16,41330937,Joint Huber,6.066199110183324,4.865255009055173,11.872844595721244,6.881691466699559
HARVARD,S0207,1,stress,16,41330937,Joint OLS,15.861519816003494,13.167810811816167,29.092424825637053,23.948664967875185
HARVARD,S0207,1,stress,16,41330937,Offset-only,146.57993116681075,125.36421005728656,259.4925939721935,184.67131575973343
HARVARD,S0207,1,stress,16,41330937,Raw,200.36850756276743,163.84202443238848,361.69325068069327,243.70663460361888
HARVARD,S0207,1,stress,17,41330938,Joint Huber,6.053825411354589,4.867512537529599,11.786080379108087,8.626543509512906
HARVARD,S0207,1,stress,17,41330938,Joint OLS,15.610736493710135,13.143834053746076,27.57469657472145,27.01165185134317
HARVARD,S0207,1,stress,17,41330938,Offset-only,123.25641340569604,104.98430758991395,218.3649809245232,187.54904155877225
HARVARD,S0207,1,stress,17,41330938,Raw,390.8138847671581,372.0805331610337,553.7833190504529,632.597887799121
HARVARD,S0207,1,stress,18,41330939,Joint Huber,6.212380317789938,5.004441417888754,11.994062552184916,7.060250105415745
HARVARD,S0207,1,stress,18,41330939,Joint OLS,13.253484759943408,11.29796814318514,23.452619872780645,17.876831104580084
HARVARD,S0207,1,stress,18,41330939,Offset-only,111.61222954956152,95.75311785550676,194.8886334182502,176.208010098335
HARVARD,S0207,1,stress,18,41330939,Raw,315.4433817287194,297.22561101945416,452.21580111870594,531.1823244987406
HARVARD,S0207,1,stress,19,41330940,Joint Huber,7.224114050676735,5.877459688875748,13.777590675891371,10.3468706101693
HARVARD,S0207,1,stress,19,41330940,Joint OLS,15.455840884211543,12.891171960290528,28.008226004437024,20.41493793544654
HARVARD,S0207,1,stress,19,41330940,Offset-only,143.14667194944073,121.5681336736154,258.3428851222316,164.76649461326687
HARVARD,S0207,1,stress,19,41330940,Raw,239.50334303350985,214.81180339934735,378.0560793469704,462.26561046491526
HARVARD,S0207,1,stress,20,41330941,Joint Huber,6.5556289557576495,5.295935118812225,12.737898860546972,10.096651013567891
HARVARD,S0207,1,stress,20,41330941,Joint OLS,20.285354245088847,17.132991726762857,36.30356091454399,43.063902402132896
HARVARD,S0207,1,stress,20,41330941,Offset-only,83.25242786439375,70.53304359970433,148.2652609867677,151.79176194463722
HARVARD,S0207,1,stress,20,41330941,Raw,496.5077819667982,490.14608767802486,610.3316535778081,715.6805293167646
HARVARD,S0207,1,stress,21,41330942,Joint Huber,5.387915799132971,4.308332103629009,10.452308269693589,5.630363168937408
HARVARD,S0207,1,stress,21,41330942,Joint OLS,12.801208481014358,10.741975017318603,23.135076125398992,15.946910310820654
HARVARD,S0207,1,stress,21,41330942,Offset-only,44.6969579148523,37.44361599529855,81.94367613544787,98.32420184497737
HARVARD,S0207,1,stress,21,41330942,Raw,331.5031736703421,327.4815571958043,390.357793091821,627.4383778907113
HARVARD,S0207,1,stress,22,41330943,Joint Huber,6.876617764812871,5.543406210065859,13.267403645637543,9.364958282100066
HARVARD,S0207,1,stress,22,41330943,Joint OLS,15.755692699894787,13.62496095281892,27.3177580693921,22.64788008547688
HARVARD,S0207,1,stress,22,41330943,Offset-only,117.20771148253286,100.86592226712982,197.75451371617152,129.5656353418314
HARVARD,S0207,1,stress,22,41330943,Raw,260.2098515586417,237.7695275389304,395.60781520273247,511.0871587651976
HARVARD,S0207,1,stress,23,41330944,Joint Huber,5.628729524600542,4.49842465888581,10.97844108306898,6.378909030168309
HARVARD,S0207,1,stress,23,41330944,Joint OLS,13.282331883594688,12.09848238923643,21.00516459147173,22.56532116148304
HARVARD,S0207,1,stress,23,41330944,Offset-only,125.94696630758014,106.52806633311388,220.98656602638076,185.1552524165134
HARVARD,S0207,1,stress,23,41330944,Raw,343.9802732528065,323.5820767150821,501.6282452935261,474.2047263508442
HARVARD,S0207,1,stress,24,41330945,Joint Huber,5.634494945653104,4.508280443451982,10.994406143093885,6.004194927821113
HARVARD,S0207,1,stress,24,41330945,Joint OLS,9.505437763930871,7.85025134267068,17.643635006813476,14.906058139387378
HARVARD,S0207,1,stress,24,41330945,Offset-only,92.93547787787053,78.22232751757616,169.33327101323317,185.400102184866
HARVARD,S0207,1,stress,24,41330945,Raw,139.52012438982177,124.46847054887284,224.43087600729592,199.4760335071392
HARVARD,S0207,1,stress,25,41330946,Joint Huber,5.521879719699942,4.440542608929469,10.713797496829262,6.883024397827838
HARVARD,S0207,1,stress,25,41330946,Joint OLS,14.301120088627377,12.019317570601997,25.907698076974608,24.081796790165868
HARVARD,S0207,1,stress,25,41330946,Offset-only,103.81230851379456,87.66871703322128,188.71800527015108,146.81933124741178
HARVARD,S0207,1,stress,25,41330946,Raw,349.436761038181,333.96381778214965,482.5665372429831,637.2354104959845
HARVARD,S0207,1,stress,26,41330947,Joint Huber,5.39863951660826,4.307706247230933,10.577119190919149,5.615755707827559
HARVARD,S0207,1,stress,26,41330947,Joint OLS,14.25513221618836,12.318110670214445,24.825166239437205,19.723323533532355
HARVARD,S0207,1,stress,26,41330947,Offset-only,120.23786670913786,101.61080997447532,218.43880945822175,160.20605071719314
HARVARD,S0207,1,stress,26,41330947,Raw,203.180464412794,184.702497602116,304.524176622731,361.5319033082787
HARVARD,S0207,1,stress,27,41330948,Joint Huber,6.049323206405074,4.867614920111769,11.759896835675576,6.947913235193913
HARVARD,S0207,1,stress,27,41330948,Joint OLS,15.341024278712547,12.70126154232188,28.08743169211612,23.886782976420637
HARVARD,S0207,1,stress,27,41330948,Offset-only,46.54204624241049,39.5869615181464,82.1532464152202,71.26953998598634
HARVARD,S0207,1,stress,27,41330948,Raw,301.88467453114373,297.4933949610999,365.4597692914852,339.05650977591205
HARVARD,S0207,1,stress,28,41330949,Joint Huber,6.428132500945917,5.209208295627047,12.319788399885391,9.415816820631829
HARVARD,S0207,1,stress,28,41330949,Joint OLS,13.1804420456947,10.975510283684136,24.056466437119894,20.35870854790346
HARVARD,S0207,1,stress,28,41330949,Offset-only,64.03143265412663,54.61590406209943,110.82681610507132,136.88177756977583
HARVARD,S0207,1,stress,28,41330949,Raw,268.8384001737857,258.09952628600473,343.68154268451696,412.52127221464025
HARVARD,S0207,1,stress,29,41330950,Joint Huber,5.895377123811562,4.738681165152158,11.46559552780424,6.482931354084179
HARVARD,S0207,1,stress,29,41330950,Joint OLS,18.66138342073752,16.3489334973212,31.08055641694243,25.699320246831352
HARVARD,S0207,1,stress,29,41330950,Offset-only,84.67862642124085,71.97900266263642,150.33019889765004,172.6943027444282
HARVARD,S0207,1,stress,29,41330950,Raw,320.5468122550829,309.0186200490596,427.77441273461886,658.0604423634467
HARVARD,S0207,1,stress,30,41330951,Joint Huber,5.661705649014425,4.532844254344308,11.04770416000987,6.3986077435107385
HARVARD,S0207,1,stress,30,41330951,Joint OLS,15.43291139338256,13.312307195345506,26.852091165872505,28.665634538631213
HARVARD,S0207,1,stress,30,41330951,Offset-only,75.72150202390944,64.94510783675307,131.21077192911335,128.80036400400982
HARVARD,S0207,1,stress,30,41330951,Raw,364.7133873833321,354.2469452033988,468.7955370193018,530.5514513886536
HARVARD,S0207,1,stress,31,41330952,Joint Huber,5.728427666831783,4.582292391056665,11.246488312296956,6.788135626461079
HARVARD,S0207,1,stress,31,41330952,Joint OLS,19.740878381855875,16.576645512105593,35.308741498362295,32.89340093580047
HARVARD,S0207,1,stress,31,41330952,Offset-only,72.17492193075859,61.337094874222174,129.2786572466353,153.5956439932923
HARVARD,S0207,1,stress,31,41330952,Raw,112.63436370584624,101.88208992434488,179.2019006038066,189.9930264506285
HARVARD,S0207,1,stress,32,41330953,Joint Huber,6.359524581335396,5.117630853237674,12.270648393504228,7.507258322594869
HARVARD,S0207,1,stress,32,41330953,Joint OLS,23.87009515225967,20.295403354956107,42.060528345432594,47.07332568781325
HARVARD,S0207,1,stress,32,41330953,Offset-only,153.58587987100685,131.4009709908632,269.2185190837761,173.12952309386864
HARVARD,S0207,1,stress,32,41330953,Raw,462.58113904193567,436.8626136121287,660.0482199538429,753.429640290478
HARVARD,S0207,1,stress,33,41330954,Joint Huber,6.115278322863563,4.923800200602138,11.840649527088411,7.555076377824081
HARVARD,S0207,1,stress,33,41330954,Joint OLS,14.932290105617742,12.414587596005289,27.00051963583956,24.561320558247782
HARVARD,S0207,1,stress,33,41330954,Offset-only,99.54983952514915,83.99253633334476,175.6136831961324,163.8524659038901
HARVARD,S0207,1,stress,33,41330954,Raw,300.4252188474477,287.89593429231513,411.8973925646191,407.09713449921617
HARVARD,S0207,1,stress,34,41330955,Joint Huber,5.335770425548409,4.246538633238243,10.456934797744568,5.453452575767568
HARVARD,S0207,1,stress,34,41330955,Joint OLS,13.487573216433116,11.287361694325051,24.419067888264493,17.133232580244236
HARVARD,S0207,1,stress,34,41330955,Offset-only,113.66833720194894,96.97778943447857,200.4179413146737,190.99138369616577
HARVARD,S0207,1,stress,34,41330955,Raw,366.1167059756106,347.85088256099374,516.2144688211386,570.8798259293208
HARVARD,S0207,1,stress,35,41330956,Joint Huber,5.567806799999116,4.459119828139203,10.844984049802632,6.359112815703446
HARVARD,S0207,1,stress,35,41330956,Joint OLS,10.00639421356652,8.642101112467257,17.55012438265267,15.18283569662102
HARVARD,S0207,1,stress,35,41330956,Offset-only,119.66250938948114,100.94751135996728,216.46039221921728,162.3550685156771
HARVARD,S0207,1,stress,35,41330956,Raw,479.10286897517176,462.2782666118111,631.449191350913,663.2876212991004
HARVARD,S0207,1,stress,36,41330957,Joint Huber,5.98494219593982,4.787791829167828,11.740058398963084,8.217458420711715
HARVARD,S0207,1,stress,36,41330957,Joint OLS,15.66470735126123,12.916533740733952,28.597001881812027,35.80945543229166
HARVARD,S0207,1,stress,36,41330957,Offset-only,61.96325384137243,52.80110163184527,108.36573421955148,156.7034087357225
HARVARD,S0207,1,stress,36,41330957,Raw,294.9666557381336,288.3836094090878,354.41418152262776,388.8997664441414
HARVARD,S0207,1,stress,37,41330958,Joint Huber,6.416478692829935,5.150536462039332,12.548322091824195,9.3344101510003
HARVARD,S0207,1,stress,37,41330958,Joint OLS,16.796020066945623,14.067012522744315,30.772396141192488,32.17309391013096
HARVARD,S0207,1,stress,37,41330958,Offset-only,74.18899730962112,63.60024254043741,127.06784308366892,163.5610620104262
HARVARD,S0207,1,stress,37,41330958,Raw,385.5812529275796,372.1847501725992,484.94402781513736,449.9379211714962
HARVARD,S0207,1,stress,38,41330959,Joint Huber,5.354215714862698,4.274806559771902,10.471712282604528,5.644042809790472
HARVARD,S0207,1,stress,38,41330959,Joint OLS,17.160667215587715,14.684036954548542,30.09189008151535,22.04146504188097
HARVARD,S0207,1,stress,38,41330959,Offset-only,92.27210038977763,78.80514664255446,161.45840658245226,151.49621462493926
HARVARD,S0207,1,stress,38,41330959,Raw,233.8672923082163,216.94354751186344,351.41035862633873,413.6889338248986
HARVARD,S0207,1,stress,39,41330960,Joint Huber,5.743782901341433,4.6230522429935785,11.13646866426672,6.688737969534048
HARVARD,S0207,1,stress,39,41330960,Joint OLS,19.08291890948356,15.99482614627502,34.32452876010566,37.4936791196981
HARVARD,S0207,1,stress,39,41330960,Offset-only,102.09329584597332,86.98049966481375,179.28892014360127,135.96455894753805
HARVARD,S0207,1,stress,39,41330960,Raw,299.5707974860447,282.7897248235399,433.05104312722233,450.8114871812657
HARVARD,S0207,1,stress,40,41330961,Joint Huber,5.732142242049189,4.583649432757804,11.251346886990898,6.865988807412156
HARVARD,S0207,1,stress,40,41330961,Joint OLS,16.02766506578091,14.540842333245124,25.447845168479425,21.01362993397757
HARVARD,S0207,1,stress,40,41330961,Offset-only,102.81757772053336,87.74751376715614,181.3050960708159,136.83165177522238
HARVARD,S0207,1,stress,40,41330961,Raw,209.990863736408,190.0532787803234,316.5263491208568,279.7672088735244
HARVARD,S0207,1,stress,41,41330962,Joint Huber,5.590178447559952,4.488241772800428,10.83376553931963,5.966899777285549
HARVARD,S0207,1,stress,41,41330962,Joint OLS,15.34646597208392,13.056127158579304,26.85563033920113,23.111646725197183
HARVARD,S0207,1,stress,41,41330962,Offset-only,68.54148103854425,57.890253143858615,124.53170208407228,176.57568617955346
HARVARD,S0207,1,stress,41,41330962,Raw,176.1798328115493,161.6561855377597,248.25774540879436,286.7204801982871
HARVARD,S0207,1,stress,42,41330963,Joint Huber,6.11225376293109,4.931167766687295,11.864339506837853,7.170492477344849
HARVARD,S0207,1,stress,42,41330963,Joint OLS,12.504245525668228,10.44376555993153,22.81008160696949,19.644924521678337
HARVARD,S0207,1,stress,42,41330963,Offset-only,83.19410288662158,71.09617915471125,144.15388028253875,139.94823152336264
HARVARD,S0207,1,stress,42,41330963,Raw,303.149415730503,287.980778769646,399.00209738533306,545.0385607572341
HARVARD,S0207,1,stress,43,41330964,Joint Huber,5.9558936362765245,4.772173276330092,11.642914387281312,7.382033956288062
HARVARD,S0207,1,stress,43,41330964,Joint OLS,20.533801720460136,17.06788683402661,36.93818995851146,29.931187016859703
HARVARD,S0207,1,stress,43,41330964,Offset-only,98.95884943384404,82.839707053594,176.3978702878198,181.1833451484443
HARVARD,S0207,1,stress,43,41330964,Raw,261.0447050705789,243.7408621702217,376.6334202419159,610.3128838830761
HARVARD,S0207,1,stress,44,41330965,Joint Huber,6.500911029030226,5.242334467115132,12.585889707798362,8.012203612793074
HARVARD,S0207,1,stress,44,41330965,Joint OLS,17.249412635158237,14.28416228413634,31.43532451851404,22.82551420684004
HARVARD,S0207,1,stress,44,41330965,Offset-only,112.99891499904908,96.68312211640932,197.50128316098,181.84067437838155
HARVARD,S0207,1,stress,44,41330965,Raw,313.49325369935843,297.107960094689,443.7117911784,517.417638282639
HARVARD,S0207,1,stress,45,41330966,Joint Huber,6.104281872750192,4.915261646117392,11.857940699992133,7.5792821637552
HARVARD,S0207,1,stress,45,41330966,Joint OLS,18.1819095942219,15.639322543024116,31.304074165214857,31.45101531444404
HARVARD,S0207,1,stress,45,41330966,Offset-only,100.22960366293124,84.83446287453538,180.95548102809727,185.2315546988895
HARVARD,S0207,1,stress,45,41330966,Raw,328.6122948281575,315.81887134761115,433.2275393153636,445.1838149589896
HARVARD,S0207,1,stress,46,41330967,Joint Huber,6.498119848294252,5.235346669684794,12.483990274640178,7.342987986433397
HARVARD,S0207,1,stress,46,41330967,Joint OLS,16.295935213014438,13.749536876309328,28.98102278980148,24.78321176387825
HARVARD,S0207,1,stress,46,41330967,Offset-only,117.8181873153589,100.91483297472246,205.4336801972034,173.01438934400957
HARVARD,S0207,1,stress,46,41330967,Raw,408.7519848139233,391.60492507601896,568.6571706227796,525.5267551600452
HARVARD,S0207,1,stress,47,41330968,Joint Huber,5.078276800045677,4.061129897013282,9.918343153425011,5.2641413274376
HARVARD,S0207,1,stress,47,41330968,Joint OLS,11.676593975117273,9.671422103866172,21.415373934463663,17.17662291851753
HARVARD,S0207,1,stress,47,41330968,Offset-only,78.18749169406465,67.06535728743947,134.58618943458688,142.81530014801612
HARVARD,S0207,1,stress,47,41330968,Raw,256.42110631518005,245.99744172481252,346.7252202902358,611.3107000172923
HARVARD,S0207,1,stress,48,41330969,Joint Huber,6.59552111686762,5.302109986400688,12.709063392924593,10.772001830819288
HARVARD,S0207,1,stress,48,41330969,Joint OLS,16.904594791334127,13.972926007593866,30.55040274969334,29.2905600816026
HARVARD,S0207,1,stress,48,41330969,Offset-only,90.15451726669816,76.49886393932539,157.51319194038703,117.55490585466885
HARVARD,S0207,1,stress,48,41330969,Raw,283.1885839205336,268.7071013258671,397.4638995527215,616.1324511225422
HARVARD,S0207,1,stress,49,41330970,Joint Huber,5.416770675509097,4.333702275268443,10.566032839118211,5.821021488000628
HARVARD,S0207,1,stress,49,41330970,Joint OLS,14.449674354206133,12.4122202144389,25.167496417349973,15.41410355552802
HARVARD,S0207,1,stress,49,41330970,Offset-only,94.82564582550106,81.59833202528644,161.72493994043705,140.26736378701514
HARVARD,S0207,1,stress,49,41330970,Raw,227.47404461492795,212.36779836781804,330.1365237472086,537.8242528696206
HARVARD,S0101,1,clean,0,41340821,Joint Huber,0.1054887924239812,0.0841312039806165,0.2064396394285239,0.1085590624855704
HARVARD,S0101,1,clean,0,41340821,Joint OLS,0.1067068288297632,0.0851374910586022,0.2074561945839548,0.1110598217362886
HARVARD,S0101,1,clean,0,41340821,Offset-only,30.27678823265312,25.913124841599192,53.56428566918546,41.28468267560461
HARVARD,S0101,1,clean,0,41340821,Raw,84.829175276401,80.79598470566542,118.35791929513545,210.52171648319825
HARVARD,S0101,1,clean,1,41340822,Joint Huber,0.1039030046773894,0.0829280001630802,0.2042160705376883,0.1060731773212664
HARVARD,S0101,1,clean,1,41340822,Joint OLS,0.1035184476754109,0.0825499533933824,0.204266552533694,0.1043286985041688
HARVARD,S0101,1,clean,1,41340822,Offset-only,14.422302497804608,12.34179221445572,25.52155123410298,40.9434403875769
HARVARD,S0101,1,clean,1,41340822,Raw,100.20473548344982,98.4041252258468,114.95255708357048,165.82816509134008
HARVARD,S0101,1,clean,2,41340823,Joint Huber,0.104100594771895,0.0830948785567688,0.2033963379897585,0.1075758591751
HARVARD,S0101,1,clean,2,41340823,Joint OLS,0.1053063539821057,0.0841152045871081,0.2061968659427427,0.1116752679857264
HARVARD,S0101,1,clean,2,41340823,Offset-only,26.30550911461969,22.515697634037117,46.54812833729221,35.51370144463908
HARVARD,S0101,1,clean,2,41340823,Raw,46.30661796080684,39.42569894847063,78.02290531408592,71.19947829866369
HARVARD,S0101,1,clean,3,41340824,Joint Huber,0.1065202648874754,0.0852149894969961,0.2072824824054464,0.1137726993776805
HARVARD,S0101,1,clean,3,41340824,Joint OLS,0.1047843416117695,0.0838546778696333,0.2035470368059844,0.1105654065524476
HARVARD,S0101,1,clean,3,41340824,Offset-only,18.94739962335745,16.21983078826578,33.486868790873814,32.13271029709408
HARVARD,S0101,1,clean,3,41340824,Raw,167.63431654568842,166.48750725950674,194.93796321478987,269.8141543090024
HARVARD,S0101,1,clean,4,41340825,Joint Huber,0.1008588011518614,0.0806483359151445,0.1981350176915697,0.102405581093853
HARVARD,S0101,1,clean,4,41340825,Joint OLS,0.1006907205239827,0.0805147354474098,0.1976563153874622,0.1016848836973426
HARVARD,S0101,1,clean,4,41340825,Offset-only,19.91145440854068,17.040960665547892,35.23594181464862,38.66247696462134
HARVARD,S0101,1,clean,4,41340825,Raw,111.86188823904718,109.3534072230461,139.07890774237526,211.4567976048702
HARVARD,S0101,1,clean,5,41340826,Joint Huber,0.1030134488063856,0.0823310503497269,0.2010496607912416,0.1075558398035935
HARVARD,S0101,1,clean,5,41340826,Joint OLS,0.1015340931363079,0.0811305469843003,0.1988445328994004,0.105624318224554
HARVARD,S0101,1,clean,5,41340826,Offset-only,16.98798933175322,14.538623203568072,30.036316978780423,34.678054024834054
HARVARD,S0101,1,clean,5,41340826,Raw,129.89523945673642,126.0002279442868,151.493378012667,244.4098928026778
HARVARD,S0101,1,clean,6,41340827,Joint Huber,0.1039681620289956,0.0828517138592347,0.2045597985450342,0.1072761276481246
HARVARD,S0101,1,clean,6,41340827,Joint OLS,0.1045643862877979,0.0833681971287479,0.2054708903809654,0.1105647655585214
HARVARD,S0101,1,clean,6,41340827,Offset-only,10.469406755117827,8.958426512373658,18.54110083413829,23.683917907761845
HARVARD,S0101,1,clean,6,41340827,Raw,142.0078884991941,141.54318154605843,157.2539455550796,225.0279849029119
HARVARD,S0101,1,clean,7,41340828,Joint Huber,0.1024145788270978,0.0815946148524267,0.2006513931178233,0.1051448404496572
HARVARD,S0101,1,clean,7,41340828,Joint OLS,0.1012073563425666,0.0806036838523145,0.1985148915792934,0.1040324356029058
HARVARD,S0101,1,clean,7,41340828,Offset-only,14.64439875814675,12.529718185171893,25.95255424217644,31.964843137375677
HARVARD,S0101,1,clean,7,41340828,Raw,97.63592204001944,95.17674471522837,117.14834719126269,242.07615266799917
HARVARD,S0101,1,clean,8,41340829,Joint Huber,0.1057365774737911,0.0844790253560531,0.2075087717557267,0.1167720732687432
HARVARD,S0101,1,clean,8,41340829,Joint OLS,0.1056306819361613,0.0844138191412314,0.2077940939903655,0.1150377008119635
HARVARD,S0101,1,clean,8,41340829,Offset-only,26.665405861606445,22.82036269092187,47.21371627017348,41.34369177851448
HARVARD,S0101,1,clean,8,41340829,Raw,105.69325399116856,101.84054965556297,141.84987629214908,148.70887225412292
HARVARD,S0101,1,clean,9,41340830,Joint Huber,0.1023530144387851,0.0817524456450239,0.2004735276287306,0.1050331469577821
HARVARD,S0101,1,clean,9,41340830,Joint OLS,0.1020384871886237,0.0814954473386798,0.1997989596844718,0.1046081580280422
HARVARD,S0101,1,clean,9,41340830,Offset-only,25.08893714780603,21.4754927252254,44.387944859763806,41.49170277092306
HARVARD,S0101,1,clean,9,41340830,Raw,106.51493015294336,102.48511155763128,138.8566893597993,273.6425291866029
HARVARD,S0101,1,clean,10,41340831,Joint Huber,0.1030056840297534,0.0822639196640801,0.2023097529670892,0.1096736750349303
HARVARD,S0101,1,clean,10,41340831,Joint OLS,0.1042186813866719,0.0832112789916069,0.2038670033056605,0.114294326666777
HARVARD,S0101,1,clean,10,41340831,Offset-only,18.523246114331645,15.85852451648784,32.74126895572147,35.96166735993389
HARVARD,S0101,1,clean,10,41340831,Raw,166.40391822747017,164.02302588697063,191.8523869490677,255.278621747437
HARVARD,S0101,1,clean,11,41340832,Joint Huber,0.1032750934105805,0.0822407267221333,0.2022428983011082,0.1051820642026244
HARVARD,S0101,1,clean,11,41340832,Joint OLS,0.1031279774562736,0.0821322708035739,0.2022978468396275,0.1058996812063166
HARVARD,S0101,1,clean,11,41340832,Offset-only,35.83450685723776,30.67431589177569,63.380629292412216,37.27873600934827
HARVARD,S0101,1,clean,11,41340832,Raw,102.66238466781752,97.09781546378564,144.7736952097257,183.66664518524988
HARVARD,S0101,1,clean,12,41340833,Joint Huber,0.1045068615179648,0.0835087643140005,0.2047835310127866,0.1126318979210148
HARVARD,S0101,1,clean,12,41340833,Joint OLS,0.1031070111655172,0.0823585566724827,0.2024109890939041,0.1084066497562129
HARVARD,S0101,1,clean,12,41340833,Offset-only,6.521251374260979,5.58266394339029,11.52760669603179,10.514211149692036
HARVARD,S0101,1,clean,12,41340833,Raw,78.3095058109722,77.47588654778265,87.27487784892372,204.3036705676693
HARVARD,S0101,1,clean,13,41340834,Joint Huber,0.1052166208998032,0.0843280501614922,0.2053305024428909,0.1089812538924976
HARVARD,S0101,1,clean,13,41340834,Joint OLS,0.1060645952326891,0.0849949672621577,0.2076793400284771,0.1086285192553411
HARVARD,S0101,1,clean,13,41340834,Offset-only,21.582821976580718,18.46938468232744,38.2180251540115,40.63322783054457
HARVARD,S0101,1,clean,13,41340834,Raw,31.81397222955499,26.402579906955182,55.912215830741374,63.46767206007149
HARVARD,S0101,1,clean,14,41340835,Joint Huber,0.1039876069484669,0.0827762204258007,0.2032324292635224,0.1064640974246077
HARVARD,S0101,1,clean,14,41340835,Joint OLS,0.1027109412434644,0.0818232816671034,0.1998284725221566,0.1057138000422573
HARVARD,S0101,1,clean,14,41340835,Offset-only,24.799202892790746,21.229640294062072,43.82703966968703,40.46135876565099
HARVARD,S0101,1,clean,14,41340835,Raw,86.43493390330687,80.71127689536024,117.5367225963555,111.97601741717892
HARVARD,S0101,1,clean,15,41340836,Joint Huber,0.1057901066055262,0.0842863126239623,0.2065520892152506,0.1076772894523964
HARVARD,S0101,1,clean,15,41340836,Joint OLS,0.1050823288275596,0.0837437110683297,0.2059551982823038,0.1066079005620146
HARVARD,S0101,1,clean,15,41340836,Offset-only,31.936488634133752,27.331515855733706,56.535686899460735,42.18308638079092
HARVARD,S0101,1,clean,15,41340836,Raw,156.92419358913762,153.0644047134487,201.0390961887177,242.34634770872051
HARVARD,S0101,1,clean,16,41340837,Joint Huber,0.1065042152208273,0.0848434674771844,0.2081317675770577,0.114781387455524
HARVARD,S0101,1,clean,16,41340837,Joint OLS,0.1050079637844321,0.0836312620399241,0.2056299601903788,0.1087612945426041
HARVARD,S0101,1,clean,16,41340837,Offset-only,8.75212584507746,7.489045209932418,15.4955007126107,14.437981070370045
HARVARD,S0101,1,clean,16,41340837,Raw,117.01402546784342,116.41438051753912,129.01075133299963,161.6853247339655
HARVARD,S0101,1,clean,17,41340838,Joint Huber,0.1018089191881744,0.0809190960117587,0.2013374831688619,0.104835288375979
HARVARD,S0101,1,clean,17,41340838,Joint OLS,0.1022010533480594,0.0811247981377157,0.2022222494576287,0.1039398019395311
HARVARD,S0101,1,clean,17,41340838,Offset-only,25.691788430719647,21.99266367480317,45.4348072732536,32.62583280186404
HARVARD,S0101,1,clean,17,41340838,Raw,170.76237550836532,168.31965990205947,206.65791782785928,262.10560973885254
HARVARD,S0101,1,clean,18,41340839,Joint Huber,0.1037271754985297,0.0828749486179723,0.2048098086884664,0.1087343377531167
HARVARD,S0101,1,clean,18,41340839,Joint OLS,0.1041122168783997,0.0832760080020386,0.2047640410150819,0.1084480497071399
HARVARD,S0101,1,clean,18,41340839,Offset-only,31.389639160804585,26.864618507504712,55.52461768452854,41.02907636226141
HARVARD,S0101,1,clean,18,41340839,Raw,127.99756298259376,124.42535482127484,163.8311167254387,231.8877774025748
HARVARD,S0101,1,clean,19,41340840,Joint Huber,0.1040135419240056,0.0831352594484437,0.202867262942874,0.1139601969204199
HARVARD,S0101,1,clean,19,41340840,Joint OLS,0.1032231155709922,0.082465624799916,0.2018759167260853,0.1103861239696977
HARVARD,S0101,1,clean,19,41340840,Offset-only,24.80494575815293,21.229917519074395,43.89298075292248,37.31814203685902
HARVARD,S0101,1,clean,19,41340840,Raw,160.3899792198242,157.62004939721834,194.8577264415488,282.1698995853004
HARVARD,S0101,1,clean,20,41340841,Joint Huber,0.1038143225822257,0.0826783127492209,0.2037174831123423,0.1096017104870716
HARVARD,S0101,1,clean,20,41340841,Joint OLS,0.1036901355034408,0.0825507476117313,0.2028209349456578,0.1059701995947708
HARVARD,S0101,1,clean,20,41340841,Offset-only,19.45907368065091,16.656099969757097,34.42192478999644,34.265820613752645
HARVARD,S0101,1,clean,20,41340841,Raw,91.90525935854308,88.73963991432709,117.94904173055832,146.3057294699144
HARVARD,S0101,1,clean,21,41340842,Joint Huber,0.1042415091082711,0.0832202846660756,0.2041056497475324,0.1088247314183625
HARVARD,S0101,1,clean,21,41340842,Joint OLS,0.10427597344179,0.0832363410887985,0.2033775994789266,0.107127086914143
HARVARD,S0101,1,clean,21,41340842,Offset-only,12.607608190302509,10.790481162973135,22.303164056971973,35.52640848766013
HARVARD,S0101,1,clean,21,41340842,Raw,123.90039382186627,121.854242170114,138.6103205147867,199.03694725879484
HARVARD,S0101,1,clean,22,41340843,Joint Huber,0.106012591645264,0.0846752380833249,0.2064746722531652,0.1120723771033993
HARVARD,S0101,1,clean,22,41340843,Joint OLS,0.1056891486295736,0.0844069386760502,0.2060782386858806,0.1126605068043246
HARVARD,S0101,1,clean,22,41340843,Offset-only,26.43740927439143,22.62771676349856,46.77595910603359,42.02944456953154
HARVARD,S0101,1,clean,22,41340843,Raw,144.100017368211,141.6150357013615,175.64759458119568,298.3586202317454
HARVARD,S0101,1,clean,23,41340844,Joint Huber,0.1016110487901059,0.0812108963178397,0.1978928526267687,0.1028085907476511
HARVARD,S0101,1,clean,23,41340844,Joint OLS,0.1024979887211079,0.0819251699156772,0.1989991442160388,0.1054724399425611
HARVARD,S0101,1,clean,23,41340844,Offset-only,31.28631503399785,26.781092172906423,55.297963192461104,42.492528984790056
HARVARD,S0101,1,clean,23,41340844,Raw,141.11426963224525,137.09196820970007,184.0753940753153,209.94459561844968
HARVARD,S0101,1,clean,24,41340845,Joint Huber,0.1034621065987315,0.0826095135453281,0.2024722761355236,0.1050932190952699
HARVARD,S0101,1,clean,24,41340845,Joint OLS,0.1042350040324734,0.0832104239018526,0.2038535590345197,0.1053546641649065
HARVARD,S0101,1,clean,24,41340845,Offset-only,38.633111102011256,33.06631790574677,68.3785278989319,43.30485901974556
HARVARD,S0101,1,clean,24,41340845,Raw,158.21517157678312,153.55359495309432,206.6222677750764,312.95234547625824
HARVARD,S0101,1,clean,25,41340846,Joint Huber,0.1033635228053044,0.0823513382016671,0.2023348447174555,0.1059453633629569
HARVARD,S0101,1,clean,25,41340846,Joint OLS,0.1024506576858862,0.081597380998639,0.2009602745907557,0.105961093864576
HARVARD,S0101,1,clean,25,41340846,Offset-only,12.27081112095601,10.50369721945561,21.68306623521889,20.279794016387903
HARVARD,S0101,1,clean,25,41340846,Raw,110.82477281079976,109.42910537739374,127.88662793175745,195.18736597538285
HARVARD,S0101,1,clean,26,41340847,Joint Huber,0.1051471931733638,0.0838885702881107,0.2063207129182843,0.1123363214994152
HARVARD,S0101,1,clean,26,41340847,Joint OLS,0.1048749174741436,0.0837076316645822,0.2061021865678469,0.1140796792577072
HARVARD,S0101,1,clean,26,41340847,Offset-only,17.13617639104932,14.66908892193556,30.303852496781936,29.54180793580352
HARVARD,S0101,1,clean,26,41340847,Raw,89.41797003988327,87.04710782642329,112.61332400973814,146.69047038246887
HARVARD,S0101,1,clean,27,41340848,Joint Huber,0.1060210999928902,0.0845732194826193,0.2084347242707008,0.11236241548088
HARVARD,S0101,1,clean,27,41340848,Joint OLS,0.1058979146241986,0.0844848208263435,0.2086731768828897,0.1104707189601208
HARVARD,S0101,1,clean,27,41340848,Offset-only,24.08562874022164,20.612228729077607,42.66644784766065,36.377866745682645
HARVARD,S0101,1,clean,27,41340848,Raw,186.47784002874965,184.53503908897744,220.71955045818575,256.937129451015
HARVARD,S0101,1,clean,28,41340849,Joint Huber,0.1143046285700996,0.0916426652414634,0.2235581508843954,0.1309568714963367
HARVARD,S0101,1,clean,28,41340849,Joint OLS,0.1145451594525365,0.0919056437208573,0.2237387366118781,0.1262063997385213
HARVARD,S0101,1,clean,28,41340849,Offset-only,29.176289760596568,24.97627991933968,51.566301322250936,38.8776637921906
HARVARD,S0101,1,clean,28,41340849,Raw,135.9683906672349,132.08278790993018,175.1962765359645,175.8946954697967
HARVARD,S0101,1,clean,29,41340850,Joint Huber,0.1022367709692631,0.0816338632453552,0.2004602700562685,0.1058431132280933
HARVARD,S0101,1,clean,29,41340850,Joint OLS,0.1022406895981172,0.0815943907381567,0.1998445850119879,0.1040014574130518
HARVARD,S0101,1,clean,29,41340850,Offset-only,14.832725037724726,12.696658554375762,26.2278444095859,32.04062859599968
HARVARD,S0101,1,clean,29,41340850,Raw,109.57475811847672,107.15711277108636,127.61435403283912,194.39803284723104
HARVARD,S0101,1,clean,30,41340851,Joint Huber,0.1047019609406571,0.0835051930216108,0.2059152485621496,0.1086009279650406
HARVARD,S0101,1,clean,30,41340851,Joint OLS,0.1034940609043163,0.0824862744402275,0.2027271899912364,0.1073838944397704
HARVARD,S0101,1,clean,30,41340851,Offset-only,18.65145735479431,15.963359727444816,33.00871319787211,38.45143005742921
HARVARD,S0101,1,clean,30,41340851,Raw,169.50865243355082,168.10476060833548,196.13081779989355,255.6538035030437
HARVARD,S0101,1,clean,31,41340852,Joint Huber,0.1072074595875895,0.0855780393861615,0.2118869263227907,0.1138481735646752
HARVARD,S0101,1,clean,31,41340852,Joint OLS,0.1063868253804398,0.0848910321523018,0.2104102219671944,0.1137409119953769
HARVARD,S0101,1,clean,31,41340852,Offset-only,33.313907154593714,28.513010133470857,58.96903493528569,41.23345547770186
HARVARD,S0101,1,clean,31,41340852,Raw,136.89771249123743,131.7350871898144,181.50875497979104,204.9693009706077
HARVARD,S0101,1,clean,32,41340853,Joint Huber,0.1028427024927013,0.0819844909089497,0.2016282408730419,0.1069692497518668
HARVARD,S0101,1,clean,32,41340853,Joint OLS,0.1039600446974611,0.0828333242302428,0.2034501100045105,0.1123406368189405
HARVARD,S0101,1,clean,32,41340853,Offset-only,23.446808724651103,20.071440394466865,41.49241869442686,36.39036367514004
HARVARD,S0101,1,clean,32,41340853,Raw,160.89001049370034,158.93838043528487,194.17872254809183,258.8819615632476
HARVARD,S0101,1,clean,33,41340854,Joint Huber,0.100805060336557,0.0801855152455141,0.1976579005948595,0.101988598534976
HARVARD,S0101,1,clean,33,41340854,Joint OLS,0.1013039542870457,0.0806215070535571,0.198076617968615,0.1030987099982025
HARVARD,S0101,1,clean,33,41340854,Offset-only,33.92970503331318,29.0430472716614,59.99715129509849,40.19964151065727
HARVARD,S0101,1,clean,33,41340854,Raw,205.9892820263669,203.1273028991351,254.1099211403553,275.16543959199646
HARVARD,S0101,1,clean,34,41340855,Joint Huber,0.1004136000034724,0.0802392670895922,0.1972709607551248,0.1022736842411076
HARVARD,S0101,1,clean,34,41340855,Joint OLS,0.1005908857992402,0.0803510942459022,0.1976113265852675,0.1017020436144873
HARVARD,S0101,1,clean,34,41340855,Offset-only,19.01396362865782,16.27313277380833,33.64486362757262,37.48127299895164
HARVARD,S0101,1,clean,34,41340855,Raw,197.98826950689013,196.69242472303895,225.25358573147685,312.7617817933548
HARVARD,S0101,1,clean,35,41340856,Joint Huber,0.1032273524481085,0.0823597449337203,0.2029469757598435,0.1090330507782651
HARVARD,S0101,1,clean,35,41340856,Joint OLS,0.1028858311229496,0.0820575261590569,0.2026362936689452,0.1051185624309214
HARVARD,S0101,1,clean,35,41340856,Offset-only,22.719175433727827,19.44521208695921,40.20449811377525,41.80716562792298
HARVARD,S0101,1,clean,35,41340856,Raw,176.46168262413008,174.41935692197788,206.5890907406411,242.84061983306108
HARVARD,S0101,1,clean,36,41340857,Joint Huber,0.11143442849838,0.0891332620328429,0.2182970536672713,0.123790944193102
HARVARD,S0101,1,clean,36,41340857,Joint OLS,0.1101088310724245,0.0880711586956386,0.2156198770963513,0.1235840097332591
HARVARD,S0101,1,clean,36,41340857,Offset-only,27.704658172861457,23.71211558062939,49.0419031810875,41.98922589733785
HARVARD,S0101,1,clean,36,41340857,Raw,157.1304626045319,153.3793815330326,195.00651100384624,247.10931909144392
HARVARD,S0101,1,clean,37,41340858,Joint Huber,0.1062103870732944,0.084942984402271,0.2090472352278994,0.1167082421962485
HARVARD,S0101,1,clean,37,41340858,Joint OLS,0.1054997377025813,0.0844507919821211,0.207578081228732,0.1134426303369639
HARVARD,S0101,1,clean,37,41340858,Offset-only,14.592395255269384,12.489731817534622,25.79321436709812,21.33171155946128
HARVARD,S0101,1,clean,37,41340858,Raw,92.2278900758639,90.57158833027356,109.23271890759594,196.43810491009404
HARVARD,S0101,1,clean,38,41340859,Joint Huber,0.1012251223710769,0.0809247625171395,0.1982896830526215,0.1024441176758149
HARVARD,S0101,1,clean,38,41340859,Joint OLS,0.1015597314669962,0.0811729528710971,0.1986288297956662,0.1029643485265499
HARVARD,S0101,1,clean,38,41340859,Offset-only,30.491017865480885,26.09600355781918,53.96934147521186,38.07437244193821
HARVARD,S0101,1,clean,38,41340859,Raw,147.48250088430208,143.78215047724848,189.55699662841997,287.3550635759791
HARVARD,S0101,1,clean,39,41340860,Joint Huber,0.1073995745870093,0.0858607165485585,0.2097163322261508,0.1132160484778726
HARVARD,S0101,1,clean,39,41340860,Joint OLS,0.1064828044475475,0.0851099756536262,0.2065438493209726,0.1125404140706553
HARVARD,S0101,1,clean,39,41340860,Offset-only,16.303212091324568,13.95325119131796,28.860731132840733,29.05165986799643
HARVARD,S0101,1,clean,39,41340860,Raw,157.21441784842227,155.56793727662244,180.05663736528436,279.8377595720574
HARVARD,S0101,1,clean,40,41340861,Joint Huber,0.1043163151104547,0.0832756935392308,0.204792169555823,0.1058436371651913
HARVARD,S0101,1,clean,40,41340861,Joint OLS,0.1029030099106989,0.0821340247304582,0.2013801882394972,0.1042430027084862
HARVARD,S0101,1,clean,40,41340861,Offset-only,20.35922407576735,17.421215800910975,36.05339942247757,29.853008758041565
HARVARD,S0101,1,clean,40,41340861,Raw,126.22621342510104,124.26588051198138,154.7988413167447,205.27365059547472
HARVARD,S0101,1,clean,41,41340862,Joint Huber,0.1058055741067243,0.0843624679753134,0.2073069218729628,0.1119681647812093
HARVARD,S0101,1,clean,41,41340862,Joint OLS,0.1056758846527674,0.0842877379074845,0.2070471753125247,0.1127947070439964
HARVARD,S0101,1,clean,41,41340862,Offset-only,17.311508058632047,14.814209890822974,30.65941661929177,35.08392699505839
HARVARD,S0101,1,clean,41,41340862,Raw,76.38513536210039,74.20973531509415,97.15318790275056,129.53891126850598
HARVARD,S0101,1,clean,42,41340863,Joint Huber,0.1055813402250405,0.0841884917514046,0.2058931201425196,0.109705321487844
HARVARD,S0101,1,clean,42,41340863,Joint OLS,0.1054577941851353,0.0840288545086752,0.2056282718942981,0.1067361337401646
HARVARD,S0101,1,clean,42,41340863,Offset-only,18.26716708414892,15.635789909327553,32.31971403681033,38.14451055979823
HARVARD,S0101,1,clean,42,41340863,Raw,132.01223426478745,129.91774022812632,157.3370916798538,203.0487774616521
HARVARD,S0101,1,clean,43,41340864,Joint Huber,0.1003997658521617,0.0797529205969961,0.1972249955681349,0.1019654224614536
HARVARD,S0101,1,clean,43,41340864,Joint OLS,0.1009630842499439,0.0801872113512856,0.1976496467857913,0.1027912394185822
HARVARD,S0101,1,clean,43,41340864,Offset-only,20.72440357096797,17.736684919503976,36.6807328917373,32.961707738967284
HARVARD,S0101,1,clean,43,41340864,Raw,90.39520114832963,87.95729293903891,116.0655044060288,249.43866258268045
HARVARD,S0101,1,clean,44,41340865,Joint Huber,0.1068782658794715,0.0855552729549286,0.2100088397565259,0.120120341156711
HARVARD,S0101,1,clean,44,41340865,Joint OLS,0.1062384944759317,0.0849868107656661,0.2083206343455046,0.1169378879804242
HARVARD,S0101,1,clean,44,41340865,Offset-only,18.775521157670457,16.06810183001113,33.229969155739525,43.426949013426544
HARVARD,S0101,1,clean,44,41340865,Raw,104.23432113958869,100.53674575936176,125.25750281840224,183.93293077144244
HARVARD,S0101,1,clean,45,41340866,Joint Huber,0.1092359270888838,0.0875195373939987,0.2135337414475246,0.1165306267176072
HARVARD,S0101,1,clean,45,41340866,Joint OLS,0.1049903451149539,0.0839575793545131,0.205042365028163,0.1108810185343968
HARVARD,S0101,1,clean,45,41340866,Offset-only,8.08378762707769,6.919393016366854,14.29296390052528,13.944598000825907
HARVARD,S0101,1,clean,45,41340866,Raw,85.42772442131229,85.00997805873129,97.14407204501558,124.32324135078804
HARVARD,S0101,1,clean,46,41340867,Joint Huber,0.1003858485497272,0.080228657209901,0.1954434835248264,0.1043663675618433
HARVARD,S0101,1,clean,46,41340867,Joint OLS,0.1004775428037593,0.0802983197065009,0.1955126912179139,0.1060344932995507
HARVARD,S0101,1,clean,46,41340867,Offset-only,26.066591670288325,22.31414133738771,46.08595235024496,33.793795561869594
HARVARD,S0101,1,clean,46,41340867,Raw,121.38125547311076,118.80199400132092,151.60555628868835,205.6737010410052
HARVARD,S0101,1,clean,47,41340868,Joint Huber,0.1058832652255546,0.0844890363212088,0.2091214416341191,0.1085191293832839
HARVARD,S0101,1,clean,47,41340868,Joint OLS,0.1062478475568869,0.0847963866141461,0.2090480936075778,0.1109013348915967
HARVARD,S0101,1,clean,47,41340868,Offset-only,16.616138777346727,14.220095421827274,29.390008275980776,33.68884705592494
HARVARD,S0101,1,clean,47,41340868,Raw,106.75508527098474,104.9958475776142,129.93196595648868,176.38090239269815
HARVARD,S0101,1,clean,48,41340869,Joint Huber,0.108229222860779,0.0865022153070135,0.2113960140567528,0.115167436640786
HARVARD,S0101,1,clean,48,41340869,Joint OLS,0.1070341995063435,0.0855396652938399,0.2091493841064107,0.1140637695187087
HARVARD,S0101,1,clean,48,41340869,Offset-only,27.013858305556347,23.12069909518328,47.807291982324514,41.03678222353848
HARVARD,S0101,1,clean,48,41340869,Raw,170.5875603758837,168.47876504574324,209.05962065669144,261.7546991026693
HARVARD,S0101,1,clean,49,41340870,Joint Huber,0.1039450182316705,0.0828033052254107,0.2033682381966884,0.107269410303469
HARVARD,S0101,1,clean,49,41340870,Joint OLS,0.1035801576832453,0.0825194882350371,0.2027182630708779,0.1060928352438362
HARVARD,S0101,1,clean,49,41340870,Offset-only,21.604093784298662,18.489432557072256,38.22391887884571,27.06969833978766
HARVARD,S0101,1,clean,49,41340870,Raw,134.76974333889962,132.90488819746238,161.96336478728296,196.1738370643903
HARVARD,S0101,1,nominal,0,41340871,Joint Huber,1.0441243881238118,0.8350556284017505,2.0433297624869344,1.1116890663876948
HARVARD,S0101,1,nominal,0,41340871,Joint OLS,5.517118725542161,4.611314898461161,9.807182789594144,6.433848974476367
HARVARD,S0101,1,nominal,0,41340871,Offset-only,19.79817834205639,16.90071243028652,35.06475028585933,36.2279227192332
HARVARD,S0101,1,nominal,0,41340871,Raw,167.54235606558123,166.0795682189359,195.45723814086688,247.41609887502736
HARVARD,S0101,1,nominal,1,41340872,Joint Huber,1.0781124124275376,0.8606603020202482,2.124825485260651,1.145596424635869
HARVARD,S0101,1,nominal,1,41340872,Joint OLS,5.02004323933352,4.254793374804192,8.678691650626158,8.12704945382628
HARVARD,S0101,1,nominal,1,41340872,Offset-only,28.63182569390661,24.19805814386841,52.14532782211823,42.34025532911284
HARVARD,S0101,1,nominal,1,41340872,Raw,177.69909757219955,174.75745644130268,215.8760856971508,298.76381813195536
HARVARD,S0101,1,nominal,2,41340873,Joint Huber,1.0820790429398912,0.865372191441112,2.112605456103722,1.145164348057079
HARVARD,S0101,1,nominal,2,41340873,Joint OLS,3.7641955643551928,3.2351096312511105,6.482082950775061,4.939726260675448
HARVARD,S0101,1,nominal,2,41340873,Offset-only,23.80707621323569,20.221070621497105,42.66466818517292,41.86540533778347
HARVARD,S0101,1,nominal,2,41340873,Raw,145.81118492750193,142.66703878780004,174.8718909030428,225.85463181468083
HARVARD,S0101,1,nominal,3,41340874,Joint Huber,1.0935681595803597,0.874141742490607,2.1304964316311907,1.1758237629926171
HARVARD,S0101,1,nominal,3,41340874,Joint OLS,3.03483071208114,2.5679110208229146,5.350120844531059,4.060469606360612
HARVARD,S0101,1,nominal,3,41340874,Offset-only,24.229047387393347,20.826500141381004,41.66453468899656,28.022660319186627
HARVARD,S0101,1,nominal,3,41340874,Raw,148.8955576722016,146.49452122773926,183.35697112836183,222.51979429856257
HARVARD,S0101,1,nominal,4,41340875,Joint Huber,1.0825356180797678,0.863992183197461,2.1229789049556307,1.1690356954130456
HARVARD,S0101,1,nominal,4,41340875,Joint OLS,4.635906972092599,3.91532542612298,8.168311713958198,6.029061797701397
HARVARD,S0101,1,nominal,4,41340875,Offset-only,22.01201499113031,18.912240815184035,37.76522692320116,34.57387875687616
HARVARD,S0101,1,nominal,4,41340875,Raw,70.74784984441467,67.81951346632727,96.63507290955089,134.54659513574106
HARVARD,S0101,1,nominal,5,41340876,Joint Huber,1.0527221663844395,0.8407993778056303,2.0506030831780824,1.204665381313139
HARVARD,S0101,1,nominal,5,41340876,Joint OLS,5.008141655723476,4.295751622111163,8.68731732210204,6.310104077782673
HARVARD,S0101,1,nominal,5,41340876,Offset-only,39.91491858073841,34.15535679221408,69.76068677881422,42.47286995369126
HARVARD,S0101,1,nominal,5,41340876,Raw,102.84308898109938,95.65938964893294,152.9682151492346,154.19942569362317
HARVARD,S0101,1,nominal,6,41340877,Joint Huber,1.0288278795940533,0.8201513198564713,2.0150747167318355,1.0579630880646833
HARVARD,S0101,1,nominal,6,41340877,Joint OLS,3.892619444848612,3.424120391802665,6.572702220039872,7.091675555437752
HARVARD,S0101,1,nominal,6,41340877,Offset-only,17.61542214024032,14.983102295464391,31.496233772661064,39.48624184666131
HARVARD,S0101,1,nominal,6,41340877,Raw,143.5543590665077,142.1138023713698,168.06298121229392,259.9496555675217
HARVARD,S0101,1,nominal,7,41340878,Joint Huber,1.125729581356674,0.8993271267079983,2.208445126535664,1.3016910191058142
HARVARD,S0101,1,nominal,7,41340878,Joint OLS,5.686568803929007,4.685017733293419,10.430337893452002,8.542776052087698
HARVARD,S0101,1,nominal,7,41340878,Offset-only,22.483575678246805,19.16946153539802,39.34177975552817,37.42187007945344
HARVARD,S0101,1,nominal,7,41340878,Raw,86.9480373896441,83.68939307511785,111.74403541160186,235.37748298634128
HARVARD,S0101,1,nominal,8,41340879,Joint Huber,1.078781210279327,0.8600629478434296,2.1197391503864798,1.1710001077359031
HARVARD,S0101,1,nominal,8,41340879,Joint OLS,2.665581483456257,2.254296939405973,4.758858963033675,3.5430975896877137
HARVARD,S0101,1,nominal,8,41340879,Offset-only,18.18229866802836,15.62553291807949,31.27032735765063,38.87198640981244
HARVARD,S0101,1,nominal,8,41340879,Raw,134.45252438113212,131.51125680337574,159.19803365325896,205.9997418259049
HARVARD,S0101,1,nominal,9,41340880,Joint Huber,1.0809008053624474,0.8635186865049339,2.105352669206262,1.1741179038426088
HARVARD,S0101,1,nominal,9,41340880,Joint OLS,4.563260911482814,3.910857286246375,8.008753882823072,6.357160264913036
HARVARD,S0101,1,nominal,9,41340880,Offset-only,33.96800382073751,29.148696305899623,58.95396550739678,39.63033043301144
HARVARD,S0101,1,nominal,9,41340880,Raw,110.61436250715474,105.14910652848329,152.54561885446273,206.06366570606284
HARVARD,S0101,1,nominal,10,41340881,Joint Huber,1.057790909841856,0.8484764106587218,2.037460690221593,1.1668955457913133
HARVARD,S0101,1,nominal,10,41340881,Joint OLS,3.581418364502054,2.985600887398424,6.4635915290970125,5.86338168509464
HARVARD,S0101,1,nominal,10,41340881,Offset-only,31.13848677595514,26.77647166166668,53.56101820149205,42.83972830034545
HARVARD,S0101,1,nominal,10,41340881,Raw,167.9216132286267,164.5140487966162,211.97618221136167,279.8771955640185
HARVARD,S0101,1,nominal,11,41340882,Joint Huber,1.089777948670282,0.8717125313949358,2.122334981180174,1.1581076050271646
HARVARD,S0101,1,nominal,11,41340882,Joint OLS,4.127934295599734,3.4826485847288327,7.2899512998058915,7.589911473246592
HARVARD,S0101,1,nominal,11,41340882,Offset-only,27.19486190879512,23.158138881436397,48.45807931008619,40.32315722645823
HARVARD,S0101,1,nominal,11,41340882,Raw,100.02301884180864,95.71964458300008,133.0840099473228,159.3012637098963
HARVARD,S0101,1,nominal,12,41340883,Joint Huber,1.0773585848753051,0.8632773877961609,2.1016467585928567,1.2079244453858116
HARVARD,S0101,1,nominal,12,41340883,Joint OLS,3.026743467860763,2.656864629376464,5.064038823621431,3.52392996590175
HARVARD,S0101,1,nominal,12,41340883,Offset-only,18.07445732472243,15.472193696119415,31.761007786434007,28.235380471506197
HARVARD,S0101,1,nominal,12,41340883,Raw,85.25224974276428,82.06635009560802,109.1752964473681,170.5148806532036
HARVARD,S0101,1,nominal,13,41340884,Joint Huber,1.0447138459864558,0.8350688222841893,2.0529094221309663,1.0978155052845748
HARVARD,S0101,1,nominal,13,41340884,Joint OLS,4.354825044082184,3.6981062789502666,7.674763469130674,7.376173063727543
HARVARD,S0101,1,nominal,13,41340884,Offset-only,14.117402476813046,11.909754947669647,25.666927422845287,27.82264098580487
HARVARD,S0101,1,nominal,13,41340884,Raw,155.56575922337746,154.43275379360784,174.6609578853322,198.73776565595423
HARVARD,S0101,1,nominal,14,41340885,Joint Huber,1.0642109868445893,0.848840050673895,2.090719792514051,1.116476292566906
HARVARD,S0101,1,nominal,14,41340885,Joint OLS,4.087999777767131,3.636828622566607,6.661412239520814,5.401224991619622
HARVARD,S0101,1,nominal,14,41340885,Offset-only,15.57813231345171,13.352399726635948,27.10230561590512,23.931714875080942
HARVARD,S0101,1,nominal,14,41340885,Raw,41.132194646609605,37.87394409968928,60.60759197792676,62.59649158693603
HARVARD,S0101,1,nominal,15,41340886,Joint Huber,1.0796853952960346,0.8635112968008699,2.0956705597175334,1.1412131660908886
HARVARD,S0101,1,nominal,15,41340886,Joint OLS,5.130982981715068,4.43161677689007,8.800215446597726,7.791021706549773
HARVARD,S0101,1,nominal,15,41340886,Offset-only,22.07355039609163,18.798567807436477,39.46942650789982,44.45931531728705
HARVARD,S0101,1,nominal,15,41340886,Raw,114.04341244014634,109.34185466360503,141.49960976391966,239.9165908900193
HARVARD,S0101,1,nominal,16,41340887,Joint Huber,1.0513343561976278,0.8380806478179944,2.0725248051327587,1.0657589377260197
HARVARD,S0101,1,nominal,16,41340887,Joint OLS,3.865041129119595,3.314674429992686,6.705756035009315,6.45516159305213
HARVARD,S0101,1,nominal,16,41340887,Offset-only,24.59234046320868,20.81980254917232,44.61569221426789,45.06991467367863
HARVARD,S0101,1,nominal,16,41340887,Raw,177.7270979421881,175.66029369349326,211.2084949005464,230.4107865699004
HARVARD,S0101,1,nominal,17,41340888,Joint Huber,1.0367321225723511,0.8294002230371988,2.0324307369804733,1.0973150899265558
HARVARD,S0101,1,nominal,17,41340888,Joint OLS,4.872314559509601,4.058722519651719,8.73087968162708,6.814549625832979
HARVARD,S0101,1,nominal,17,41340888,Offset-only,25.155285052641982,21.48640757595288,44.58839179126954,34.669427880801734
HARVARD,S0101,1,nominal,17,41340888,Raw,116.53807479338286,113.72517686812574,147.01208892794472,218.23129938405472
HARVARD,S0101,1,nominal,18,41340889,Joint Huber,1.0700801616834528,0.8542972150173639,2.087701551808508,1.1582371254804655
HARVARD,S0101,1,nominal,18,41340889,Joint OLS,3.520229933847314,3.1633002390526967,5.701643640377085,3.950525622460464
HARVARD,S0101,1,nominal,18,41340889,Offset-only,18.547573432954422,15.885479376766718,32.27072161569349,32.790572839985565
HARVARD,S0101,1,nominal,18,41340889,Raw,178.37732004629666,177.36708858749537,205.1815922227717,243.3406156311117
HARVARD,S0101,1,nominal,19,41340890,Joint Huber,1.0502189128168824,0.8373011645816867,2.070229196800533,1.0760204862492075
HARVARD,S0101,1,nominal,19,41340890,Joint OLS,5.473354168626434,4.569663935880059,9.944326102928258,10.72394680046184
HARVARD,S0101,1,nominal,19,41340890,Offset-only,23.794381964216143,20.356349660277303,41.91533183678216,38.57571449087004
HARVARD,S0101,1,nominal,19,41340890,Raw,134.61687010278786,132.45140719420664,168.09095135209537,242.84268636740745
HARVARD,S0101,1,nominal,20,41340891,Joint Huber,1.0959898104986583,0.8784508125059474,2.1452659371372644,1.2196328812485486
HARVARD,S0101,1,nominal,20,41340891,Joint OLS,3.4901579751316976,2.9212380862521496,6.1968189171726085,4.72000484369308
HARVARD,S0101,1,nominal,20,41340891,Offset-only,23.100646027401027,19.72143000771741,40.19800663392399,39.48253934708412
HARVARD,S0101,1,nominal,20,41340891,Raw,162.7018743324984,159.82322481160594,194.0624840660869,263.29760837632705
HARVARD,S0101,1,nominal,21,41340892,Joint Huber,1.0296788955906095,0.8224594125446809,2.00491597309096,1.0454238512855147
HARVARD,S0101,1,nominal,21,41340892,Joint OLS,3.933493071520094,3.283842089668343,6.96309257849661,6.646938582822861
HARVARD,S0101,1,nominal,21,41340892,Offset-only,24.38174852120392,20.730550428024955,43.864143349263166,32.189455982075046
HARVARD,S0101,1,nominal,21,41340892,Raw,56.99714490414373,53.45075848277734,82.27762810758827,158.46416671025122
HARVARD,S0101,1,nominal,22,41340893,Joint Huber,1.0176736192492295,0.8122634601966722,2.005212812411017,1.032126548101569
HARVARD,S0101,1,nominal,22,41340893,Joint OLS,4.853943288466211,4.194124060812454,8.1509675210512,5.910306596957347
HARVARD,S0101,1,nominal,22,41340893,Offset-only,14.665701469084668,12.439555854707509,26.5209860533604,29.86539022983393
HARVARD,S0101,1,nominal,22,41340893,Raw,178.06305334711274,177.19499807495578,198.73851255998255,205.60070545636424
HARVARD,S0101,1,nominal,23,41340894,Joint Huber,1.0801691434108074,0.858630786772761,2.1182954945286885,1.142494893906116
HARVARD,S0101,1,nominal,23,41340894,Joint OLS,4.657542843709756,3.887426933198633,8.259248798778886,6.33299628145766
HARVARD,S0101,1,nominal,23,41340894,Offset-only,19.360333760225892,16.660357600889725,33.138764102811535,38.10347568657768
HARVARD,S0101,1,nominal,23,41340894,Raw,126.6646717866027,124.34072429885924,153.80914310822362,180.3877501738768
HARVARD,S0101,1,nominal,24,41340895,Joint Huber,1.0581886397357485,0.8467300135591278,2.058067927776364,1.1300476306211626
HARVARD,S0101,1,nominal,24,41340895,Joint OLS,3.274221883546597,2.8121749321201044,5.699761351846534,4.019800182806496
HARVARD,S0101,1,nominal,24,41340895,Offset-only,23.59188950693752,20.03825527710954,42.14838965242178,30.78463461703256
HARVARD,S0101,1,nominal,24,41340895,Raw,140.0574070778605,137.2965690887949,171.7371679345269,205.0726995950814
HARVARD,S0101,1,nominal,25,41340896,Joint Huber,1.0423066161584729,0.8331675486206385,2.0411624151975616,1.0823952632481566
HARVARD,S0101,1,nominal,25,41340896,Joint OLS,4.493532774487116,3.78609953330077,7.944692403458698,6.8894258254428085
HARVARD,S0101,1,nominal,25,41340896,Offset-only,15.161344194267093,12.908875904800956,26.8252532310179,36.53783006976653
HARVARD,S0101,1,nominal,25,41340896,Raw,157.86972697070397,156.53506274308285,178.92851826880056,235.20135190259245
HARVARD,S0101,1,nominal,26,41340897,Joint Huber,1.0781033042392665,0.8625300961208392,2.1216827379430647,1.1814887420902025
HARVARD,S0101,1,nominal,26,41340897,Joint OLS,4.291820891721579,3.5588733440179894,7.7332674400808274,6.292947332701156
HARVARD,S0101,1,nominal,26,41340897,Offset-only,29.600995528562592,25.39679332515192,51.19910454678065,42.9452018916167
HARVARD,S0101,1,nominal,26,41340897,Raw,180.1079043247719,175.82824516061262,220.0327507700028,299.0045852083972
HARVARD,S0101,1,nominal,27,41340898,Joint Huber,1.0381583447078582,0.8289633827775755,2.0292537077423844,1.0752145481591964
HARVARD,S0101,1,nominal,27,41340898,Joint OLS,3.954946957131922,3.2966392618897906,7.160783104135682,5.080233497424842
HARVARD,S0101,1,nominal,27,41340898,Offset-only,16.215924785617283,13.803087803415472,29.079094564533747,25.279100132555524
HARVARD,S0101,1,nominal,27,41340898,Raw,90.91267094683388,89.14039210426562,113.05186250542488,132.33344199531209
HARVARD,S0101,1,nominal,28,41340899,Joint Huber,1.0297669932180802,0.8230294778208894,2.017565841087788,1.0537061711507454
HARVARD,S0101,1,nominal,28,41340899,Joint OLS,3.118907057723489,2.639858676917195,5.509994116146989,3.764722036072695
HARVARD,S0101,1,nominal,28,41340899,Offset-only,35.78893379355499,30.837458923708407,61.069660626464106,41.75133599543688
HARVARD,S0101,1,nominal,28,41340899,Raw,128.69136502519754,123.39874319922464,175.35300209242538,192.28148008701663
HARVARD,S0101,1,nominal,29,41340900,Joint Huber,1.1100764294832732,0.8867985824320903,2.1681288858557584,1.247971249909871
HARVARD,S0101,1,nominal,29,41340900,Joint OLS,3.556584754406,2.982860432517076,6.38398494361131,4.296084042008744
HARVARD,S0101,1,nominal,29,41340900,Offset-only,13.461261149757773,11.601390852320622,22.51160783696351,37.20568869785308
HARVARD,S0101,1,nominal,29,41340900,Raw,152.282377546007,151.05980451303097,171.84067042716302,162.24039258877866
HARVARD,S0101,1,nominal,30,41340901,Joint Huber,1.046929416767723,0.832751183127564,2.0593958406747603,1.1370554471740453
HARVARD,S0101,1,nominal,30,41340901,Joint OLS,3.4682818625313976,2.9098351627886547,6.227608729861345,5.825213201147724
HARVARD,S0101,1,nominal,30,41340901,Offset-only,29.10753162664321,24.88765002623053,51.47178926351055,36.65608503084371
HARVARD,S0101,1,nominal,30,41340901,Raw,152.3172306844722,148.66491707315535,190.49167437498227,292.0806112334493
HARVARD,S0101,1,nominal,31,41340902,Joint Huber,1.0655191428723831,0.8530739398838236,2.088526763883714,1.188979180300256
HARVARD,S0101,1,nominal,31,41340902,Joint OLS,2.671065756079088,2.215888653763204,4.885596046939478,3.2462505319328265
HARVARD,S0101,1,nominal,31,41340902,Offset-only,32.122227903498064,27.383996166445048,57.389462562407545,37.639636516059895
HARVARD,S0101,1,nominal,31,41340902,Raw,116.1729256455058,110.66637439464184,154.92539409908855,242.2439454499639
HARVARD,S0101,1,nominal,32,41340903,Joint Huber,1.08288725104294,0.8678994761797123,2.10825224179203,1.215607418844
HARVARD,S0101,1,nominal,32,41340903,Joint OLS,3.8734413380264856,3.2809066237611204,6.851051377071471,5.121295428424939
HARVARD,S0101,1,nominal,32,41340903,Offset-only,27.605878177711823,23.677791438606867,48.190475861385536,31.210981656174603
HARVARD,S0101,1,nominal,32,41340903,Raw,123.23892759466588,119.46230999646092,161.26948451748683,205.39304556000803
HARVARD,S0101,1,nominal,33,41340904,Joint Huber,1.0460035432272057,0.8373156701941938,2.0298325337796186,1.0986121471087456
HARVARD,S0101,1,nominal,33,41340904,Joint OLS,3.41275242690452,2.827326033338771,6.3348299545843645,4.698493811011665
HARVARD,S0101,1,nominal,33,41340904,Offset-only,16.677900544531038,14.321334260225967,28.795470835689628,21.94613066662265
HARVARD,S0101,1,nominal,33,41340904,Raw,62.7886335645541,60.38787140514275,82.51778224963834,141.922100736754
HARVARD,S0101,1,nominal,34,41340905,Joint Huber,1.0447015614069664,0.8351268160076583,2.0418530821672225,1.0828495849619308
HARVARD,S0101,1,nominal,34,41340905,Joint OLS,4.3505369478584655,3.6770896511798505,7.563671272238427,5.917393794994222
HARVARD,S0101,1,nominal,34,41340905,Offset-only,35.71915423921308,30.531511643480037,63.36433245022573,42.84585421991591
HARVARD,S0101,1,nominal,34,41340905,Raw,142.413371467528,136.89895581362228,190.30191435939517,295.9957290191183
HARVARD,S0101,1,nominal,35,41340906,Joint Huber,1.1398707005257822,0.9100789832416364,2.2253754885994685,1.1887898295622663
HARVARD,S0101,1,nominal,35,41340906,Joint OLS,2.8734415296793987,2.382395744786865,5.327833770244639,5.070276510926655
HARVARD,S0101,1,nominal,35,41340906,Offset-only,19.176152936259747,16.39847175764369,33.88546511823671,35.81276634347065
HARVARD,S0101,1,nominal,35,41340906,Raw,96.33670616385454,94.10695318945528,122.65228963396596,189.31582888536624
HARVARD,S0101,1,nominal,36,41340907,Joint Huber,1.025247463120544,0.8178415047130109,2.0133301241671124,1.073383284248262
HARVARD,S0101,1,nominal,36,41340907,Joint OLS,3.2738644244112933,2.7263583153587243,5.997624258155732,4.705338723809192
HARVARD,S0101,1,nominal,36,41340907,Offset-only,21.81239747130845,18.78354043247596,37.04219697732079,33.557957836402906
HARVARD,S0101,1,nominal,36,41340907,Raw,86.92101240092053,83.35960752551179,116.57211815980712,191.2385566550388
HARVARD,S0101,1,nominal,37,41340908,Joint Huber,1.0506705549785815,0.8391218654210961,2.065180961740509,1.0972526245672718
HARVARD,S0101,1,nominal,37,41340908,Joint OLS,3.671430676242837,3.163844987735331,6.396907900855275,6.506786330684194
HARVARD,S0101,1,nominal,37,41340908,Offset-only,11.590295615495556,9.897604430848656,20.14110751494538,14.778819161376372
HARVARD,S0101,1,nominal,37,41340908,Raw,147.00982427829206,146.52207547465582,163.7278814361764,226.8714185734011
HARVARD,S0101,1,nominal,38,41340909,Joint Huber,1.1395926143104902,0.914176213722423,2.2090593643911305,1.3187039247490049
HARVARD,S0101,1,nominal,38,41340909,Joint OLS,4.434906351636994,3.864965431751503,7.422987969044481,6.721775555305968
HARVARD,S0101,1,nominal,38,41340909,Offset-only,15.739367161408136,13.516808857590028,27.254610945083463,34.058013436185206
HARVARD,S0101,1,nominal,38,41340909,Raw,126.75072587881692,124.81060779036792,144.76852772589356,229.5384654430483
HARVARD,S0101,1,nominal,39,41340910,Joint Huber,1.0826171710755583,0.8661188136872808,2.111965290225193,1.130798382775423
HARVARD,S0101,1,nominal,39,41340910,Joint OLS,7.546797069693807,6.367102150641593,13.182533856353285,11.423198592577394
HARVARD,S0101,1,nominal,39,41340910,Offset-only,21.528460449665204,18.417224568783475,37.66316315678835,35.965786466739914
HARVARD,S0101,1,nominal,39,41340910,Raw,32.533192837435564,28.86627689620407,51.94133310156741,39.47694836157756
HARVARD,S0101,1,nominal,40,41340911,Joint Huber,1.064678409141787,0.8504421067480787,2.08055411975292,1.1085016600927735
HARVARD,S0101,1,nominal,40,41340911,Joint OLS,4.858640642938883,4.052635522458917,8.730793031936024,6.653854752477032
HARVARD,S0101,1,nominal,40,41340911,Offset-only,19.79339017912832,16.992745501582444,33.858108354858146,34.470017729879075
HARVARD,S0101,1,nominal,40,41340911,Raw,146.81216350196487,144.86483294429274,174.88943009665263,228.72596873717785
HARVARD,S0101,1,nominal,41,41340912,Joint Huber,1.069526982222924,0.8548475253950379,2.096887446013973,1.121885878760431
HARVARD,S0101,1,nominal,41,41340912,Joint OLS,4.373513516032062,3.665370232216707,7.865354950719984,6.09063122060299
HARVARD,S0101,1,nominal,41,41340912,Offset-only,12.78446220684316,10.96549997895023,22.02947016840078,23.708363167135275
HARVARD,S0101,1,nominal,41,41340912,Raw,159.05964879400375,158.38034280567408,177.77858101725403,261.756064937501
HARVARD,S0101,1,nominal,42,41340913,Joint Huber,1.0706926639706096,0.8544068270308914,2.110216340498284,1.1283379483114822
HARVARD,S0101,1,nominal,42,41340913,Joint OLS,2.9327346613091185,2.4607287467919905,5.289521477208758,3.8715908905664578
HARVARD,S0101,1,nominal,42,41340913,Offset-only,24.808405253293696,21.26463495329784,43.36573536097514,41.93838468372892
HARVARD,S0101,1,nominal,42,41340913,Raw,100.16830598851952,94.66078761379951,130.74667935711835,195.0164491933513
HARVARD,S0101,1,nominal,43,41340914,Joint Huber,1.075210208526463,0.8644510446379514,2.08610082235694,1.1425145662883842
HARVARD,S0101,1,nominal,43,41340914,Joint OLS,3.2195067743615278,2.697021104766935,5.867675658257099,5.309194443342546
HARVARD,S0101,1,nominal,43,41340914,Offset-only,14.826756257243987,12.770091998314976,24.935174993840903,31.67423493067476
HARVARD,S0101,1,nominal,43,41340914,Raw,98.6134094148891,97.18855025988697,120.0006475405587,135.76314886790252
HARVARD,S0101,1,nominal,44,41340915,Joint Huber,1.1396570937652408,0.9129979575129746,2.216066945454376,1.4179623870033
HARVARD,S0101,1,nominal,44,41340915,Joint OLS,6.452709440474503,5.3704374315015215,11.552107282449022,9.17270145402206
HARVARD,S0101,1,nominal,44,41340915,Offset-only,24.536866060359326,21.156435537479812,41.34558308005439,42.1288379094458
HARVARD,S0101,1,nominal,44,41340915,Raw,120.32145664840084,116.94039871045456,154.69725943435043,154.19473088796698
HARVARD,S0101,1,nominal,45,41340916,Joint Huber,1.110935863661919,0.8886200939099282,2.1724053479415866,1.2057881514454636
HARVARD,S0101,1,nominal,45,41340916,Joint OLS,3.638752353450261,3.1926293547482527,6.032377313353843,4.032962962170949
HARVARD,S0101,1,nominal,45,41340916,Offset-only,14.551554676928774,12.40993562963483,25.62455362664493,20.74789287337354
HARVARD,S0101,1,nominal,45,41340916,Raw,159.60513534216403,158.76913311873923,180.33815100066903,215.00828117689767
HARVARD,S0101,1,nominal,46,41340917,Joint Huber,1.045746327754001,0.833838945160109,2.056674496195399,1.1603253769745767
HARVARD,S0101,1,nominal,46,41340917,Joint OLS,5.391540468056036,4.4468996690048,9.845474288807578,8.353627725828527
HARVARD,S0101,1,nominal,46,41340917,Offset-only,18.92388800544389,16.11517625806922,33.78498871100568,27.543021724665184
HARVARD,S0101,1,nominal,46,41340917,Raw,106.84331720080316,104.00528863952424,131.90770832692502,205.6852871864669
HARVARD,S0101,1,nominal,47,41340918,Joint Huber,1.0602754255714228,0.8473895695904892,2.0752017087545487,1.1330158142580868
HARVARD,S0101,1,nominal,47,41340918,Joint OLS,3.841936801425791,3.2141187901469674,6.944063484949803,5.402448368394718
HARVARD,S0101,1,nominal,47,41340918,Offset-only,31.99934989747045,27.360342427923623,56.74194609820572,37.99116994924845
HARVARD,S0101,1,nominal,47,41340918,Raw,144.52158775266017,140.15302212665443,187.9795660903417,266.61053952924846
HARVARD,S0101,1,nominal,48,41340919,Joint Huber,1.0267854446322076,0.8197513322347638,2.0193828808521275,1.0631142666293938
HARVARD,S0101,1,nominal,48,41340919,Joint OLS,3.971894484336884,3.343664669320807,6.967604433833063,4.677825240496642
HARVARD,S0101,1,nominal,48,41340919,Offset-only,16.77155420791762,14.356988990389478,29.420648529664,37.33831389249076
HARVARD,S0101,1,nominal,48,41340919,Raw,55.372761988300034,52.6672640443621,76.8623334831907,114.06153511407604
HARVARD,S0101,1,nominal,49,41340920,Joint Huber,1.083014948778663,0.8650054289355917,2.11671299917014,1.1993346498863622
HARVARD,S0101,1,nominal,49,41340920,Joint OLS,5.816363648549603,4.852144170132931,10.2140965289232,7.610751040678767
HARVARD,S0101,1,nominal,49,41340920,Offset-only,24.442487155567964,20.77797611690095,43.8344466300082,41.04273529693225
HARVARD,S0101,1,nominal,49,41340920,Raw,132.00810913675485,129.0302804741616,164.76003009305737,185.32351533681697
HARVARD,S0101,1,stress,0,41340921,Joint Huber,6.185935609962932,4.96839653745457,12.01150732093144,6.914982863702709
HARVARD,S0101,1,stress,0,41340921,Joint OLS,18.27149852788793,15.196933343469984,32.90951635412026,23.138186145775595
HARVARD,S0101,1,stress,0,41340921,Offset-only,130.84722659205755,112.23473953381873,227.04930618028345,178.47228143612088
HARVARD,S0101,1,stress,0,41340921,Raw,228.0251225025754,203.77054409527992,362.92329046383617,416.5136714985879
HARVARD,S0101,1,stress,1,41340922,Joint Huber,5.496177395309157,4.391459951508581,10.71739584884135,6.202235577463163
HARVARD,S0101,1,stress,1,41340922,Joint OLS,13.420473096804256,11.85123853852497,22.420616138487084,22.92981149657004
HARVARD,S0101,1,stress,1,41340922,Offset-only,165.70681644614555,138.52866029911357,299.7293100285276,208.0378175018004
HARVARD,S0101,1,stress,1,41340922,Raw,292.7545274485548,260.587582202633,471.2824108867096,468.8040334815985
HARVARD,S0101,1,stress,2,41340923,Joint Huber,5.862869010789155,4.700541926501463,11.407292692745942,7.376957669509833
HARVARD,S0101,1,stress,2,41340923,Joint OLS,13.1867781675367,11.360201926040071,22.865330953999766,20.08359524494708
HARVARD,S0101,1,stress,2,41340923,Offset-only,141.57679501352675,121.58385937399537,241.47404451210784,186.09600211706285
HARVARD,S0101,1,stress,2,41340923,Raw,343.4081910288721,317.90784128364464,509.9058769665549,553.7069040526842
HARVARD,S0101,1,stress,3,41340924,Joint Huber,5.466334823503286,4.367695484196915,10.719391695091929,5.965840474278237
HARVARD,S0101,1,stress,3,41340924,Joint OLS,18.859200715080863,16.11199456564026,33.19300397081407,26.80077960677282
HARVARD,S0101,1,stress,3,41340924,Offset-only,204.66779508527037,174.09376300470578,364.2102581667353,223.8689524867445
HARVARD,S0101,1,stress,3,41340924,Raw,307.020457633581,267.192806509058,516.5264119149384,492.8908389655313
HARVARD,S0101,1,stress,4,41340925,Joint Huber,6.106883776376508,4.893194170609323,11.851194561322844,7.94566398240287
HARVARD,S0101,1,stress,4,41340925,Joint OLS,16.617748313872696,13.981253374553766,30.112119009242605,32.78165728491006
HARVARD,S0101,1,stress,4,41340925,Offset-only,135.64327322117146,116.96349930902907,229.7926098178042,211.8932489063523
HARVARD,S0101,1,stress,4,41340925,Raw,308.89717667802825,279.2781296291952,481.9477988563426,528.6898138873592
HARVARD,S0101,1,stress,5,41340926,Joint Huber,5.392402652152173,4.308182161673409,10.593716824415369,5.876099902954928
HARVARD,S0101,1,stress,5,41340926,Joint OLS,10.377916016351016,8.593400893507878,19.226637599610363,17.38764217924897
HARVARD,S0101,1,stress,5,41340926,Offset-only,167.2902948166355,141.80159222577043,303.26754240784925,213.03090055523347
HARVARD,S0101,1,stress,5,41340926,Raw,395.0039172177508,365.5608429391352,596.0717737439044,665.62972064912
HARVARD,S0101,1,stress,6,41340927,Joint Huber,5.454798414710111,4.362801869088879,10.655434123898113,5.733798001904902
HARVARD,S0101,1,stress,6,41340927,Joint OLS,15.393788835722129,13.106603263665445,26.978756944079144,27.84665833352776
HARVARD,S0101,1,stress,6,41340927,Offset-only,101.1787541113342,86.56940995463661,175.9965696676889,175.13313573498164
HARVARD,S0101,1,stress,6,41340927,Raw,216.45355122572465,198.9761697735924,320.821733241606,339.1877722813218
HARVARD,S0101,1,stress,7,41340928,Joint Huber,6.393401201924034,5.14987749003013,12.353940025945324,8.664551607096982
HARVARD,S0101,1,stress,7,41340928,Joint OLS,15.10360465869317,12.364207782442662,28.11022019476777,33.42952704277846
HARVARD,S0101,1,stress,7,41340928,Offset-only,95.3547588724194,80.61383380531292,171.2163753855736,189.16219190999493
HARVARD,S0101,1,stress,7,41340928,Raw,458.1795624165486,449.2149178994293,584.9781304942856,751.4736896664717
HARVARD,S0101,1,stress,8,41340929,Joint Huber,5.393012789619772,4.326532406984805,10.482639187443612,6.208903879349228
HARVARD,S0101,1,stress,8,41340929,Joint OLS,10.601436979883545,8.852634153726894,19.244809387936403,16.98474222287203
HARVARD,S0101,1,stress,8,41340929,Offset-only,44.73379779364474,38.28661233180022,77.49142763562524,86.00017042358161
HARVARD,S0101,1,stress,8,41340929,Raw,367.6615074416689,364.0006946637333,431.87887211499753,624.0867119388827
HARVARD,S0101,1,stress,9,41340930,Joint Huber,5.69023784145493,4.552287642288835,11.184240010769743,6.958671558215301
HARVARD,S0101,1,stress,9,41340930,Joint OLS,12.326392075145373,10.408081601808307,22.174605573968336,14.198474265570132
HARVARD,S0101,1,stress,9,41340930,Offset-only,145.54623057304943,123.86471714123972,258.1076091179826,183.1621440598618
HARVARD,S0101,1,stress,9,41340930,Raw,428.7649095022487,406.921733599754,607.0538945086886,673.9081286196131
HARVARD,S0101,1,stress,10,41340931,Joint Huber,5.631372137670352,4.515145260823124,10.868969499692406,6.352329696424111
HARVARD,S0101,1,stress,10,41340931,Joint OLS,15.284232911110507,12.799563848117655,27.831491395607703,25.116427736292096
HARVARD,S0101,1,stress,10,41340931,Offset-only,110.11561430230454,94.9780310461589,184.70431961275932,195.6284497046383
HARVARD,S0101,1,stress,10,41340931,Raw,339.87017189042285,325.1301686604571,470.79520944401736,727.8504785256243
HARVARD,S0101,1,stress,11,41340932,Joint Huber,5.512802862479242,4.413604347996282,10.640136094285424,6.020546084680176
HARVARD,S0101,1,stress,11,41340932,Joint OLS,13.358073868136398,11.209006806317918,24.34154221647411,20.18500871718487
HARVARD,S0101,1,stress,11,41340932,Offset-only,127.44776948632035,107.94171892863122,228.44965296527803,210.25537309215647
HARVARD,S0101,1,stress,11,41340932,Raw,254.0122371899944,225.48688065892676,407.27611216529846,405.4804152703397
HARVARD,S0101,1,stress,12,41340933,Joint Huber,5.691746868026664,4.560372431761125,11.106883446259276,6.005780276338832
HARVARD,S0101,1,stress,12,41340933,Joint OLS,13.56865743125846,11.4533271110507,24.190193256315776,26.65793221395588
HARVARD,S0101,1,stress,12,41340933,Offset-only,113.3109648566232,95.5494293357481,204.4293675034744,224.53796989956624
HARVARD,S0101,1,stress,12,41340933,Raw,183.41547003397304,159.72987037881026,305.7570594512738,261.3689735774024
HARVARD,S0101,1,stress,13,41340934,Joint Huber,5.622104536245064,4.514207118896322,10.867940135457848,6.2465334623497055
HARVARD,S0101,1,stress,13,41340934,Joint OLS,8.167387973601432,6.777391685244595,15.094210879583429,10.030943697518069
HARVARD,S0101,1,stress,13,41340934,Offset-only,124.5540470154821,106.68621051580443,217.56148386086087,180.27024406718013
HARVARD,S0101,1,stress,13,41340934,Raw,235.8438770937272,216.21055518513592,360.2634765035516,396.511501255493
HARVARD,S0101,1,stress,14,41340935,Joint Huber,6.265308870793772,5.029376472228222,12.204667086429668,7.290069864399794
HARVARD,S0101,1,stress,14,41340935,Joint OLS,19.14126070256588,16.414860276535297,32.93723263238899,23.685105534245725
HARVARD,S0101,1,stress,14,41340935,Offset-only,69.5620476829096,58.897743609326746,123.63045469401168,140.72148223057312
HARVARD,S0101,1,stress,14,41340935,Raw,167.6310427237346,152.3412823101674,248.98109710890645,252.2879971066362
HARVARD,S0101,1,stress,15,41340936,Joint Huber,6.169620177032662,4.961447418829277,11.879396265461397,7.184794315924809
HARVARD,S0101,1,stress,15,41340936,Joint OLS,16.378586325323855,14.460305048665203,27.360112535445904,21.36112105114119
HARVARD,S0101,1,stress,15,41340936,Offset-only,111.27979091985974,94.98532621875223,195.76948041370412,164.72519104777086
HARVARD,S0101,1,stress,15,41340936,Raw,263.1982388417573,242.9293217561748,381.67401235612175,596.6505613250208
HARVARD,S0101,1,stress,16,41340937,Joint Huber,6.1157781800457895,4.933683058210442,11.83421057822729,6.57996878553201
HARVARD,S0101,1,stress,16,41340937,Joint OLS,12.907476268035769,11.306453806750628,21.97711370460631,20.05248406557937
HARVARD,S0101,1,stress,16,41340937,Offset-only,137.73924263546286,115.76905114385453,248.1580216799335,181.89440568592045
HARVARD,S0101,1,stress,16,41340937,Raw,537.5132777479291,522.9697176228439,712.3899130913161,713.0316514469002
HARVARD,S0101,1,stress,17,41340938,Joint Huber,6.404099246045764,5.137970644624911,12.483736856132667,7.208187173061581
HARVARD,S0101,1,stress,17,41340938,Joint OLS,13.338080104539946,10.998611785825169,24.73572284099548,18.091627237573583
HARVARD,S0101,1,stress,17,41340938,Offset-only,96.65586846452618,81.72711311530152,170.92322016821643,133.19025466237426
HARVARD,S0101,1,stress,17,41340938,Raw,366.7861180075423,355.0098575626505,484.81546729188966,548.986021212581
HARVARD,S0101,1,stress,18,41340939,Joint Huber,5.571106037288581,4.449818100418594,10.930246047058125,6.8051387854837015
HARVARD,S0101,1,stress,18,41340939,Joint OLS,13.484174342863383,11.185706643488096,24.747696627692587,18.06112232856272
HARVARD,S0101,1,stress,18,41340939,Offset-only,156.7250234622864,135.1332818890073,263.4754576387364,197.8033040044684
HARVARD,S0101,1,stress,18,41340939,Raw,469.2806739717123,443.4517039185024,668.9846107536056,583.1823027135279
HARVARD,S0101,1,stress,19,41340940,Joint Huber,7.071520174728284,5.765752259590368,13.451352873962376,8.546407083739757
HARVARD,S0101,1,stress,19,41340940,Joint OLS,22.73543153358341,20.097549858675023,37.33108087279096,27.495150990884703
HARVARD,S0101,1,stress,19,41340940,Offset-only,99.69276031240426,84.93914840513511,177.31574082034643,155.95980103807318
HARVARD,S0101,1,stress,19,41340940,Raw,302.73703335011953,287.8908602733524,401.6055442024396,490.6368147935978
HARVARD,S0101,1,stress,20,41340941,Joint Huber,5.929858675542727,4.741428794807767,11.584906293483854,6.318662702250815
HARVARD,S0101,1,stress,20,41340941,Joint OLS,15.801404297485108,13.55123863367634,27.47185873625484,18.55358114369581
HARVARD,S0101,1,stress,20,41340941,Offset-only,150.38247643451834,129.29499816468564,256.51185445138054,170.55716483739818
HARVARD,S0101,1,stress,20,41340941,Raw,262.59062464762314,236.40139127971185,416.7778412777564,528.1395472188899
HARVARD,S0101,1,stress,21,41340942,Joint Huber,5.725442294912895,4.601756320415264,11.069933220073835,6.66634653617155
HARVARD,S0101,1,stress,21,41340942,Joint OLS,14.506172125418717,12.62072065087763,24.69644919272156,18.819393973242896
HARVARD,S0101,1,stress,21,41340942,Offset-only,125.1025752896249,106.53876779307788,218.97297695494325,157.55958748013407
HARVARD,S0101,1,stress,21,41340942,Raw,253.0386093443235,232.268387001235,379.7795631131221,434.9729894753185
HARVARD,S0101,1,stress,22,41340943,Joint Huber,5.675941602721132,4.5509318785178925,11.108938528305412,5.868275724201292
HARVARD,S0101,1,stress,22,41340943,Joint OLS,12.178151773318238,10.487703975696157,21.330630108599816,17.15994934537477
HARVARD,S0101,1,stress,22,41340943,Offset-only,107.04111247635262,90.31044893581206,193.2551003080113,192.34471377390884
HARVARD,S0101,1,stress,22,41340943,Raw,395.9537553769874,377.70515736839656,523.1341560369201,546.2437789577015
HARVARD,S0101,1,stress,23,41340944,Joint Huber,6.02840428278715,4.850843852690423,11.782023989239224,7.250361677066389
HARVARD,S0101,1,stress,23,41340944,Joint OLS,10.349256649227144,8.681353960826275,18.65786820661342,16.108666084925407
HARVARD,S0101,1,stress,23,41340944,Offset-only,85.64854689628221,73.79271324569768,144.34027034014878,115.22874517418956
HARVARD,S0101,1,stress,23,41340944,Raw,177.9766057799979,159.66107738505843,283.7814176668129,248.26262319340788
HARVARD,S0101,1,stress,24,41340945,Joint Huber,5.322902590837679,4.247313566566465,10.455652227435053,5.549125812360308
HARVARD,S0101,1,stress,24,41340945,Joint OLS,14.150185017738652,12.264167237714576,24.48966163524328,17.764672276027934
HARVARD,S0101,1,stress,24,41340945,Offset-only,69.44349356042198,59.16307783041813,124.04664967934194,104.98194756112537
HARVARD,S0101,1,stress,24,41340945,Raw,423.6339094119446,417.4391396828166,520.3877263318543,519.1061515091279
HARVARD,S0101,1,stress,25,41340946,Joint Huber,5.813289623145701,4.653139114040666,11.329043541238804,6.02011795962238
HARVARD,S0101,1,stress,25,41340946,Joint OLS,19.996443030342355,17.76257166470538,32.64930863366776,23.135686799282663
HARVARD,S0101,1,stress,25,41340946,Offset-only,104.63674539589792,90.0778315866727,177.87964724555013,158.13763007973367
HARVARD,S0101,1,stress,25,41340946,Raw,348.0734996773708,334.75143468914985,472.791510484916,551.9982505281787
HARVARD,S0101,1,stress,26,41340947,Joint Huber,5.60484201215479,4.485705599040748,10.904079237232446,6.848356795080687
HARVARD,S0101,1,stress,26,41340947,Joint OLS,14.44934924341988,12.77423454464907,24.051348132297107,21.75102825291206
HARVARD,S0101,1,stress,26,41340947,Offset-only,156.45740678572116,131.69483510565706,281.4395913084259,247.525632071444
HARVARD,S0101,1,stress,26,41340947,Raw,242.58856237354252,211.39587596036893,401.5002859096266,308.9772898835204
HARVARD,S0101,1,stress,27,41340948,Joint Huber,5.385815734686155,4.303828132732615,10.553501465426509,5.953714117631985
HARVARD,S0101,1,stress,27,41340948,Joint OLS,12.966224245422362,10.662673226705827,23.760070942609342,22.17656004554456
HARVARD,S0101,1,stress,27,41340948,Offset-only,107.73512909297236,90.88230061350484,189.38683749607247,165.57202505938403
HARVARD,S0101,1,stress,27,41340948,Raw,408.0088487005558,390.84403219940594,541.1405748496828,748.8080322577214
HARVARD,S0101,1,stress,28,41340949,Joint Huber,5.92814821476102,4.759526794693182,11.5753066519968,7.142995581012142
HARVARD,S0101,1,stress,28,41340949,Joint OLS,14.47959024573642,12.01896287763615,26.505740200940764,20.61831655973115
HARVARD,S0101,1,stress,28,41340949,Offset-only,92.47263973778033,78.08189838068482,166.9928494107204,150.38926623371614
HARVARD,S0101,1,stress,28,41340949,Raw,281.4131910112753,269.0490952023516,379.90905142178735,368.1915618130885
HARVARD,S0101,1,stress,29,41340950,Joint Huber,5.858356388368323,4.711981584642706,11.468640403855538,6.608064415952336
HARVARD,S0101,1,stress,29,41340950,Joint OLS,9.466155856839658,7.939825625691539,17.260309801431895,10.84781657905905
HARVARD,S0101,1,stress,29,41340950,Offset-only,114.89383374700104,99.31911205598772,190.4551184738308,143.25144767148765
HARVARD,S0101,1,stress,29,41340950,Raw,380.9203802561883,361.53423190254114,540.0159351835855,696.5346053419208
HARVARD,S0101,1,stress,30,41340951,Joint Huber,5.669070248857938,4.54311769850904,11.050475651193636,6.090250529487201
HARVARD,S0101,1,stress,30,41340951,Joint OLS,9.33924782283712,7.680181077502741,17.27875832664472,17.126390005658664
HARVARD,S0101,1,stress,30,41340951,Offset-only,138.72486114008507,118.06844346743064,246.36284014504685,170.07656669671942
HARVARD,S0101,1,stress,30,41340951,Raw,473.6137366041603,454.6887931486431,651.055589529156,706.6609550014191
HARVARD,S0101,1,stress,31,41340952,Joint Huber,6.353081201204774,5.134642888984834,12.135792326874409,7.527433361528026
HARVARD,S0101,1,stress,31,41340952,Joint OLS,16.048558801616444,13.775886508262174,28.12855718855261,16.607566958381366
HARVARD,S0101,1,stress,31,41340952,Offset-only,81.4128378736836,69.82705299017569,140.66638892765857,199.23569125544935
HARVARD,S0101,1,stress,31,41340952,Raw,350.4903527605638,331.5885401566705,455.0247654621065,457.3311803416811
HARVARD,S0101,1,stress,32,41340953,Joint Huber,5.54962397358746,4.436409942996784,10.818884063239413,6.000468933360418
HARVARD,S0101,1,stress,32,41340953,Joint OLS,12.989920958419097,11.155330734276571,22.715760119028253,16.551395192705527
HARVARD,S0101,1,stress,32,41340953,Offset-only,128.2060785654332,110.2559324791668,220.99635901610063,183.79491431517965
HARVARD,S0101,1,stress,32,41340953,Raw,395.48949498925833,376.6346568942751,561.4727564782015,673.0748866975594
HARVARD,S0101,1,stress,33,41340954,Joint Huber,5.577519398959408,4.443492183500488,10.887445851427024,5.795344226067476
HARVARD,S0101,1,stress,33,41340954,Joint OLS,12.769945440444385,10.721268000527049,23.00851469358776,17.92387982128991
HARVARD,S0101,1,stress,33,41340954,Offset-only,84.72424632549529,72.42783592273771,149.15537137894896,197.6676568989806
HARVARD,S0101,1,stress,33,41340954,Raw,319.52229437408926,305.1291799162236,431.9428934698348,405.6344680625744
HARVARD,S0101,1,stress,34,41340955,Joint Huber,5.756310347912624,4.613894803128311,11.165623229891963,6.267103392207478
HARVARD,S0101,1,stress,34,41340955,Joint OLS,9.209423353914383,7.962597441583544,16.09137017461002,13.787989295406652
HARVARD,S0101,1,stress,34,41340955,Offset-only,96.22658917309388,81.66824733310814,168.18396063665617,165.61751669121614
HARVARD,S0101,1,stress,34,41340955,Raw,347.3129538026959,334.3294669651652,464.090077096674,630.6218848058306
HARVARD,S0101,1,stress,35,41340956,Joint Huber,5.276749031910247,4.216046643053567,10.290570241011125,5.507008371524444
HARVARD,S0101,1,stress,35,41340956,Joint OLS,15.427988909818335,12.802333062288842,27.978083295090613,20.19801719477976
HARVARD,S0101,1,stress,35,41340956,Offset-only,159.82445556726978,135.6006074556826,287.06948803602165,214.7560413890384
HARVARD,S0101,1,stress,35,41340956,Raw,255.2643088227855,230.2848929125706,394.1781873283412,425.57192502025725
HARVARD,S0101,1,stress,36,41340957,Joint Huber,5.833867285679701,4.713583221519794,11.249221634657625,6.995979615888909
HARVARD,S0101,1,stress,36,41340957,Joint OLS,13.327044212199471,11.023739883674349,24.203015541746712,22.44485257939393
HARVARD,S0101,1,stress,36,41340957,Offset-only,72.53640961721737,61.64950123159575,128.0382949625021,137.48147138152916
HARVARD,S0101,1,stress,36,41340957,Raw,276.10449325146817,263.45288640512814,369.8343931732785,454.53705155041257
HARVARD,S0101,1,stress,37,41340958,Joint Huber,6.121431563923429,4.929241454214955,11.904636797477869,6.618994760357916
HARVARD,S0101,1,stress,37,41340958,Joint OLS,16.050982072192355,13.497839424587497,28.819980165131568,22.540929830043407
HARVARD,S0101,1,stress,37,41340958,Offset-only,79.84237782804325,68.50989677712225,137.61113576759163,106.07310132954596
HARVARD,S0101,1,stress,37,41340958,Raw,261.0003988632233,249.11206783748636,363.34252657452765,408.29680264723777
HARVARD,S0101,1,stress,38,41340959,Joint Huber,5.715738654944331,4.592033466698586,11.122245217556872,6.9780104939449865
HARVARD,S0101,1,stress,38,41340959,Joint OLS,16.252001247974448,13.536933323245918,29.668088848801013,25.36548230702546
HARVARD,S0101,1,stress,38,41340959,Offset-only,56.2724902770249,47.9050001228992,98.96500517497353,125.1955731292547
HARVARD,S0101,1,stress,38,41340959,Raw,250.7942529770621,242.75865925721945,325.9799737994737,324.81042584973534
HARVARD,S0101,1,stress,39,41340960,Joint Huber,5.25150147092532,4.193389834994076,10.300631995222886,5.547034890271288
HARVARD,S0101,1,stress,39,41340960,Joint OLS,8.531577950704362,7.0502604485615485,15.86550146020791,9.779085957490013
HARVARD,S0101,1,stress,39,41340960,Offset-only,142.99586790315217,121.97760982839544,253.7991122687446,208.6079549755032
HARVARD,S0101,1,stress,39,41340960,Raw,316.62636114197034,289.1497405278261,480.92111621728327,777.5149854530102
HARVARD,S0101,1,stress,40,41340961,Joint Huber,5.194201740230832,4.1436225255367685,10.094735917376244,5.284651404199698
HARVARD,S0101,1,stress,40,41340961,Joint OLS,20.524022113858777,17.749630149028693,34.677024977084514,28.337012185051883
HARVARD,S0101,1,stress,40,41340961,Offset-only,99.41920651045042,83.88922407962292,176.7024359613111,142.93599182059862
HARVARD,S0101,1,stress,40,41340961,Raw,349.9583243781235,336.0328795039994,476.5924525225152,664.066619846812
HARVARD,S0101,1,stress,41,41340962,Joint Huber,6.288475025485328,5.054653711642512,12.28773246906294,7.252207898735839
HARVARD,S0101,1,stress,41,41340962,Joint OLS,12.58326626365152,10.487701803168228,23.042054341633644,16.021666161931034
HARVARD,S0101,1,stress,41,41340962,Offset-only,68.0397529671337,58.097155431452926,120.77475479705016,206.4585547700616
HARVARD,S0101,1,stress,41,41340962,Raw,221.229018017764,210.031515144336,311.1656003037268,525.5742554574837
HARVARD,S0101,1,stress,42,41340963,Joint Huber,6.523053000380033,5.283035210646544,12.568195693515218,8.45434287661368
HARVARD,S0101,1,stress,42,41340963,Joint OLS,21.10391453380175,17.572708147484526,37.88926170580029,30.88466199047205
HARVARD,S0101,1,stress,42,41340963,Offset-only,128.78616557920105,109.43695354271036,225.61688146826884,188.05330054904056
HARVARD,S0101,1,stress,42,41340963,Raw,497.877329412948,482.93804135261297,670.3179670588255,671.7612867164116
HARVARD,S0101,1,stress,43,41340964,Joint Huber,6.140299618610817,4.908435618255117,11.997972306120277,7.733364178503413
HARVARD,S0101,1,stress,43,41340964,Joint OLS,18.6680524811378,16.55364576143713,30.57415824052576,22.65686085747664
HARVARD,S0101,1,stress,43,41340964,Offset-only,114.03932881838206,97.65117600140768,197.49882753433576,181.55111278486743
HARVARD,S0101,1,stress,43,41340964,Raw,390.271512063254,365.6625249833162,533.3339566465509,617.5978365839749
HARVARD,S0101,1,stress,44,41340965,Joint Huber,6.959866514693111,5.67789205854878,13.229724282929924,7.5366727780342195
HARVARD,S0101,1,stress,44,41340965,Joint OLS,21.57888452014614,19.385036623898976,34.40738589624439,25.51459469482187
HARVARD,S0101,1,stress,44,41340965,Offset-only,131.77802701627584,113.00695242379534,229.85570608203147,200.82151457181848
HARVARD,S0101,1,stress,44,41340965,Raw,262.94395070248345,240.25703944442895,409.2191594792911,516.8249357573746
HARVARD,S0101,1,stress,45,41340966,Joint Huber,5.817874624149403,4.658330831622602,11.351835955609957,6.906459733401121
HARVARD,S0101,1,stress,45,41340966,Joint OLS,20.027616594134955,17.404668710680426,34.53449942412226,36.3754426950098
HARVARD,S0101,1,stress,45,41340966,Offset-only,101.83344535923,85.38575574912699,183.54522619736528,164.42285693530943
HARVARD,S0101,1,stress,45,41340966,Raw,361.8152885389839,345.5014389222678,482.7588668388998,628.5886192485715
HARVARD,S0101,1,stress,46,41340967,Joint Huber,6.3344203543598505,5.109232655026458,12.261713500029716,8.391317211646003
HARVARD,S0101,1,stress,46,41340967,Joint OLS,14.20162831945973,11.842740613426198,25.63604150764958,26.165877698619187
HARVARD,S0101,1,stress,46,41340967,Offset-only,85.36871922273116,72.8996797168619,150.91851663407903,164.56138299906047
HARVARD,S0101,1,stress,46,41340967,Raw,247.8668786050854,236.3689173833316,340.4172326786484,331.1647775706137
HARVARD,S0101,1,stress,47,41340968,Joint Huber,5.913241342542727,4.749994377206047,11.522692230412448,7.172612357446318
HARVARD,S0101,1,stress,47,41340968,Joint OLS,16.624402223192387,13.969726660100443,30.167841330169058,28.507689512794908
HARVARD,S0101,1,stress,47,41340968,Offset-only,133.95329931535414,113.70904796451173,238.660363810967,206.5536290671131
HARVARD,S0101,1,stress,47,41340968,Raw,285.28353848491633,257.288821477232,444.2399654786892,546.8030875372677
HARVARD,S0101,1,stress,48,41340969,Joint Huber,5.623159757957896,4.489116523547509,10.997566605784392,6.001345545031548
HARVARD,S0101,1,stress,48,41340969,Joint OLS,16.74018504121222,14.24142780397078,29.560371737890456,25.741163388053824
HARVARD,S0101,1,stress,48,41340969,Offset-only,91.6075616413048,76.51309361011458,164.2166225067028,233.68494891514595
HARVARD,S0101,1,stress,48,41340969,Raw,377.61882495866433,364.6357942213554,487.7226350588344,508.5905830690009
HARVARD,S0101,1,stress,49,41340970,Joint Huber,6.095871621809152,4.895662829729444,11.826603067140695,7.887134230292904
HARVARD,S0101,1,stress,49,41340970,Joint OLS,15.688731715530624,13.10796347823412,28.42834634963793,32.33212715940044
HARVARD,S0101,1,stress,49,41340970,Offset-only,122.7428529288036,105.128535950252,212.22700947685735,205.872901944343
HARVARD,S0101,1,stress,49,41340970,Raw,508.6502720206937,490.91305692800586,675.8113285463862,637.0265562333574
HARVARD,S0127,1,clean,0,41350821,Joint Huber,0.1036024866608075,0.0825655015905097,0.2031523095524789,0.1096861450519529
HARVARD,S0127,1,clean,0,41350821,Joint OLS,0.1034092295611122,0.0824015078047583,0.2027932634632634,0.1070619866360374
HARVARD,S0127,1,clean,0,41350821,Offset-only,28.606845443704945,24.578485429893075,49.75755949344176,35.87458048088334
HARVARD,S0127,1,clean,0,41350821,Raw,181.4112835548484,179.00672761953405,222.50348855622303,279.28586972853435
HARVARD,S0127,1,clean,1,41350822,Joint Huber,0.1088219985111601,0.0869501523254884,0.2120532583667512,0.1168679922570576
HARVARD,S0127,1,clean,1,41350822,Joint OLS,0.1059252126327842,0.0845149076582796,0.2064566462349315,0.1106250048734121
HARVARD,S0127,1,clean,1,41350822,Offset-only,32.68545610864419,28.084483793710945,56.84993983994656,41.97148684282289
HARVARD,S0127,1,clean,1,41350822,Raw,149.67949496430322,145.01625555491196,193.8446186296288,284.39788688452944
HARVARD,S0127,1,clean,2,41350823,Joint Huber,0.1129751478580145,0.0901897095221613,0.2218587356884072,0.1313267001135151
HARVARD,S0127,1,clean,2,41350823,Joint OLS,0.1114669733058085,0.0889710903164779,0.2198180691372009,0.1290411212696202
HARVARD,S0127,1,clean,2,41350823,Offset-only,28.792485021008048,24.742535598598288,50.039727805395984,38.56822760483457
HARVARD,S0127,1,clean,2,41350823,Raw,123.00688756189476,119.50455085252143,163.3093118981222,156.48469634604612
HARVARD,S0127,1,clean,3,41350824,Joint Huber,0.1061612548365892,0.0845209192482963,0.2079178170063756,0.1130906437127656
HARVARD,S0127,1,clean,3,41350824,Joint OLS,0.1053706595922045,0.083843879900779,0.2058558808972322,0.1113398647052731
HARVARD,S0127,1,clean,3,41350824,Offset-only,31.384131684996547,26.96655016480368,54.57566011058735,36.59676221165831
HARVARD,S0127,1,clean,3,41350824,Raw,113.41334622908576,106.6293559135402,153.2951456064252,240.41685216934903
HARVARD,S0127,1,clean,4,41350825,Joint Huber,0.1048437841038302,0.0835372362315356,0.2068959800904935,0.1114010190405559
HARVARD,S0127,1,clean,4,41350825,Joint OLS,0.1028235321057026,0.0819159024766154,0.2024405321122913,0.1046043393131609
HARVARD,S0127,1,clean,4,41350825,Offset-only,22.38341078756519,19.234056645988453,38.87855863995782,40.23166084115325
HARVARD,S0127,1,clean,4,41350825,Raw,79.13445211331347,75.10170602504019,99.98180902544732,211.14752366122792
HARVARD,S0127,1,clean,5,41350826,Joint Huber,0.1068488458738067,0.0854574274841909,0.2091177422627766,0.1154800827034852
HARVARD,S0127,1,clean,5,41350826,Joint OLS,0.10702919439794,0.0855885791082519,0.2093157095934828,0.1142277772112537
HARVARD,S0127,1,clean,5,41350826,Offset-only,18.89471093385299,16.23711462018138,32.84659220630975,43.08225220012751
HARVARD,S0127,1,clean,5,41350826,Raw,93.23089757906855,91.37729331651708,112.71148594821074,222.70703519233584
HARVARD,S0127,1,clean,6,41350827,Joint Huber,0.1063801971327127,0.084851639560233,0.2080393560497384,0.1106184423224775
HARVARD,S0127,1,clean,6,41350827,Joint OLS,0.1065458575559167,0.0849768226810579,0.2080165145461165,0.1094536205197711
HARVARD,S0127,1,clean,6,41350827,Offset-only,20.870860112677317,17.936080147761466,36.261943031254525,42.987683529958765
HARVARD,S0127,1,clean,6,41350827,Raw,57.62871581363237,52.988643230899584,84.75435132787652,94.27485113010384
HARVARD,S0127,1,clean,7,41350828,Joint Huber,0.1036321017065802,0.0828489376631053,0.2027147546510122,0.1079051220461154
HARVARD,S0127,1,clean,7,41350828,Joint OLS,0.1034171865785939,0.0826712353867415,0.2018241629079043,0.1049850260932259
HARVARD,S0127,1,clean,7,41350828,Offset-only,26.620478288522968,22.87711729062005,46.27080291082617,43.35908293692872
HARVARD,S0127,1,clean,7,41350828,Raw,97.43577308731244,93.94230636285792,126.21030046553176,120.62493080035549
HARVARD,S0127,1,clean,8,41350829,Joint Huber,0.1057624072455221,0.0845576150535692,0.2066324328975355,0.110677876545148
HARVARD,S0127,1,clean,8,41350829,Joint OLS,0.1053490082450744,0.0842398232228416,0.2057699983993189,0.1126386617345345
HARVARD,S0127,1,clean,8,41350829,Offset-only,21.384740664656743,18.372749651042607,37.18745114153084,44.81923289438837
HARVARD,S0127,1,clean,8,41350829,Raw,121.17423193032978,119.08688162506198,151.6006463690884,172.42235326695777
HARVARD,S0127,1,clean,9,41350830,Joint Huber,0.1085192334808155,0.0869725664119451,0.211221287621699,0.1151097018504551
HARVARD,S0127,1,clean,9,41350830,Joint OLS,0.104891529379261,0.083934011351952,0.2046289435412518,0.1082963267307499
HARVARD,S0127,1,clean,9,41350830,Offset-only,31.183013439096072,26.79952596373561,54.15710754115022,36.84033102481242
HARVARD,S0127,1,clean,9,41350830,Raw,102.56329998431184,97.03930925034354,144.3923458254897,127.9252597965868
HARVARD,S0127,1,clean,10,41350831,Joint Huber,0.1047245656979712,0.0837371162674462,0.2037953513223556,0.1087349134113885
HARVARD,S0127,1,clean,10,41350831,Joint OLS,0.1050030784040301,0.0839582593063976,0.2044056661816285,0.1093431555032539
HARVARD,S0127,1,clean,10,41350831,Offset-only,25.27600076183824,21.714583299770037,44.01989216450471,38.82674645727357
HARVARD,S0127,1,clean,10,41350831,Raw,199.76092959631603,197.5330608613521,235.97166193409132,222.2497734267378
HARVARD,S0127,1,clean,11,41350832,Joint Huber,0.1086106105782108,0.0871576907101117,0.2111154894556933,0.1158517249287788
HARVARD,S0127,1,clean,11,41350832,Joint OLS,0.1075185626979989,0.0861751286124025,0.2092925089963505,0.1120486988671981
HARVARD,S0127,1,clean,11,41350832,Offset-only,16.678050212932806,14.329600726683742,29.005620778814706,34.60862584161324
HARVARD,S0127,1,clean,11,41350832,Raw,169.82389177215447,168.62410931044192,193.99315494294456,248.0167188542376
HARVARD,S0127,1,clean,12,41350833,Joint Huber,0.1029394200342983,0.0823117673226574,0.2006053090742199,0.1070211263277852
HARVARD,S0127,1,clean,12,41350833,Joint OLS,0.1019766899480035,0.0815280741875436,0.198204159836024,0.1036595192946882
HARVARD,S0127,1,clean,12,41350833,Offset-only,28.665450027506708,24.636511674852112,49.78186023572597,43.24575629145392
HARVARD,S0127,1,clean,12,41350833,Raw,77.87112103317324,72.19340982421043,107.40149502168208,177.411798617978
HARVARD,S0127,1,clean,13,41350834,Joint Huber,0.1042014180484525,0.083393004993839,0.2052505118182779,0.1094681362306258
HARVARD,S0127,1,clean,13,41350834,Joint OLS,0.1054099922878036,0.0843998261016869,0.2069584260826485,0.1130810297947579
HARVARD,S0127,1,clean,13,41350834,Offset-only,18.79819569284584,16.158373640639944,32.64379739670211,34.655919534622534
HARVARD,S0127,1,clean,13,41350834,Raw,139.43998047554936,137.21485614848842,165.86127032570488,219.9689414018771
HARVARD,S0127,1,clean,14,41350835,Joint Huber,0.1021689764513828,0.0816341673459955,0.1988804998147131,0.1047357969403368
HARVARD,S0127,1,clean,14,41350835,Joint OLS,0.1021335758244631,0.0816467147444213,0.1977714945368803,0.1069090051319752
HARVARD,S0127,1,clean,14,41350835,Offset-only,13.045098379491083,11.209915501481106,22.651832737000536,24.65316566340623
HARVARD,S0127,1,clean,14,41350835,Raw,114.3703814059396,113.37735452037468,133.2127535266647,203.95582856113796
HARVARD,S0127,1,clean,15,41350836,Joint Huber,0.1072012587852923,0.0856206203662113,0.2103694827805924,0.1161608866259887
HARVARD,S0127,1,clean,15,41350836,Joint OLS,0.1045933667589082,0.0834438950451527,0.2045091435121548,0.1115675623288114
HARVARD,S0127,1,clean,15,41350836,Offset-only,15.698249800500289,13.48927147880276,27.29730906701438,24.192437869973315
HARVARD,S0127,1,clean,15,41350836,Raw,115.34024575457268,113.4146767865008,136.2313501979674,231.10061856041517
HARVARD,S0127,1,clean,16,41350837,Joint Huber,0.1058385457244988,0.0844541816639212,0.208403938844981,0.1099219381710172
HARVARD,S0127,1,clean,16,41350837,Joint OLS,0.1084407192578089,0.0865603403599832,0.2134277816580266,0.1124801411544261
HARVARD,S0127,1,clean,16,41350837,Offset-only,24.193488608847296,20.78852355634264,42.08222573128353,40.60503294650607
HARVARD,S0127,1,clean,16,41350837,Raw,155.32047829664316,152.61820435047704,187.40240036809723,242.26559797817032
HARVARD,S0127,1,clean,17,41350838,Joint Huber,0.1072009904165631,0.0858079380016884,0.208948159784228,0.1208233461542282
HARVARD,S0127,1,clean,17,41350838,Joint OLS,0.1085323329568271,0.0869861178723996,0.2104871111250795,0.1272794844217024
HARVARD,S0127,1,clean,17,41350838,Offset-only,14.918446013030012,12.823481963028064,25.90792488149649,37.934123341305416
HARVARD,S0127,1,clean,17,41350838,Raw,123.20696461823027,120.72093048070307,142.7005682401255,205.75625264297256
HARVARD,S0127,1,clean,18,41350839,Joint Huber,0.1046200193396565,0.0835815240288246,0.2055601697978915,0.1077548592116675
HARVARD,S0127,1,clean,18,41350839,Joint OLS,0.1056921100743532,0.0844617984432207,0.2070690116937612,0.1089538578777477
HARVARD,S0127,1,clean,18,41350839,Offset-only,18.977761525401828,16.30712171861494,32.96432799432356,29.076733686600704
HARVARD,S0127,1,clean,18,41350839,Raw,196.93816069991013,195.7327919164824,224.57959001903976,276.5698470654631
HARVARD,S0127,1,clean,19,41350840,Joint Huber,0.1088017808808034,0.0869358671619422,0.213149489367126,0.1151612707563191
HARVARD,S0127,1,clean,19,41350840,Joint OLS,0.1077092102122619,0.0860309673553533,0.2114596507219346,0.1122428331787717
HARVARD,S0127,1,clean,19,41350840,Offset-only,25.024276325229323,21.502952323413663,43.48484434678551,35.69001866822858
HARVARD,S0127,1,clean,19,41350840,Raw,179.12952646532926,176.25410675931738,213.253651798388,256.5645304718574
HARVARD,S0127,1,clean,20,41350841,Joint Huber,0.1037237835012371,0.0830154303437491,0.2026838195945402,0.1080094469981223
HARVARD,S0127,1,clean,20,41350841,Joint OLS,0.1033873179925549,0.0827450092294526,0.2011190292776632,0.1062893358115876
HARVARD,S0127,1,clean,20,41350841,Offset-only,18.859734983050146,16.20572494629604,32.76295467527106,37.15730944131261
HARVARD,S0127,1,clean,20,41350841,Raw,169.8736896571303,167.6641973250306,192.5754350692808,240.36821146549437
HARVARD,S0127,1,clean,21,41350842,Joint Huber,0.1064702440652863,0.0848114670772592,0.2081894722710587,0.117432430841469
HARVARD,S0127,1,clean,21,41350842,Joint OLS,0.1056200234860601,0.0842041921550012,0.2065360748447986,0.1152032378364505
HARVARD,S0127,1,clean,21,41350842,Offset-only,22.268493514146737,19.1375836422539,38.66563938599886,41.057161636148784
HARVARD,S0127,1,clean,21,41350842,Raw,177.63106827094876,175.66127418535748,209.5585827276933,235.44346178673504
HARVARD,S0127,1,clean,22,41350843,Joint Huber,0.1042604334685954,0.0828921699329112,0.2057394872865714,0.1067982592645963
HARVARD,S0127,1,clean,22,41350843,Joint OLS,0.1026314771944268,0.081573393101294,0.2028337523655388,0.1064070192752742
HARVARD,S0127,1,clean,22,41350843,Offset-only,26.27076224845814,22.575419362098785,45.669957408409445,36.30547147993932
HARVARD,S0127,1,clean,22,41350843,Raw,84.17033612645464,78.98944749082261,118.336865013527,211.194085277158
HARVARD,S0127,1,clean,23,41350844,Joint Huber,0.1063111829843237,0.0850180056183927,0.2070357826943869,0.1125179173970428
HARVARD,S0127,1,clean,23,41350844,Joint OLS,0.1059978831935266,0.0847492193557791,0.2067396416368439,0.1132155016421648
HARVARD,S0127,1,clean,23,41350844,Offset-only,9.299905122351776,7.986114773476209,16.20422293207453,32.67651556144681
HARVARD,S0127,1,clean,23,41350844,Raw,154.14366144969216,153.50803307187044,167.63289019706437,232.26001103056475
HARVARD,S0127,1,clean,24,41350845,Joint Huber,0.1039146561277249,0.0828735677079787,0.2035338234684048,0.1124152180961618
HARVARD,S0127,1,clean,24,41350845,Joint OLS,0.1033038314775231,0.0823369722263906,0.2025097088939276,0.1100522590754795
HARVARD,S0127,1,clean,24,41350845,Offset-only,24.90155908455995,21.399941042563604,43.26780842118669,37.75469887973836
HARVARD,S0127,1,clean,24,41350845,Raw,143.27142060943063,139.73045562825698,174.58237842094206,309.7467373933549
HARVARD,S0127,1,clean,25,41350846,Joint Huber,0.1062440341292064,0.0848419911905895,0.208032240740863,0.1119773137476417
HARVARD,S0127,1,clean,25,41350846,Joint OLS,0.1043908617870741,0.0832711737987839,0.2048840512583361,0.108467846117437
HARVARD,S0127,1,clean,25,41350846,Offset-only,30.013491622013223,25.791098499385384,52.19834327930357,42.46680270653192
HARVARD,S0127,1,clean,25,41350846,Raw,88.21631925603772,83.09439634486208,128.78223845230767,112.68267091939794
HARVARD,S0127,1,clean,26,41350847,Joint Huber,0.1025853571215768,0.0822013059243966,0.1991192690766752,0.1055403161975267
HARVARD,S0127,1,clean,26,41350847,Joint OLS,0.1024615571159451,0.0821002237007175,0.1995898356727199,0.1047063450919368
HARVARD,S0127,1,clean,26,41350847,Offset-only,20.23068283184355,17.38487971010909,35.15767416844504,33.74879869286085
HARVARD,S0127,1,clean,26,41350847,Raw,148.86252394961917,146.22350260760243,177.00756668279016,204.6442191586148
HARVARD,S0127,1,clean,27,41350848,Joint Huber,0.1075005802053694,0.0858832864064342,0.2095154759409468,0.1139839135709684
HARVARD,S0127,1,clean,27,41350848,Joint OLS,0.1052427852980814,0.0840203990140283,0.2054990634595911,0.1100996161841558
HARVARD,S0127,1,clean,27,41350848,Offset-only,7.544760892666863,6.479261221713889,13.14607256475715,15.741488308933524
HARVARD,S0127,1,clean,27,41350848,Raw,130.4260384476626,130.14543539832653,141.59727971330196,235.5268173712608
HARVARD,S0127,1,clean,28,41350849,Joint Huber,0.1027659239147979,0.0818492555718451,0.2021308433050705,0.1073393654538095
HARVARD,S0127,1,clean,28,41350849,Joint OLS,0.1033254745733386,0.0822247707552243,0.2035413842666145,0.1066320542133287
HARVARD,S0127,1,clean,28,41350849,Offset-only,19.955890625182803,17.14453227993448,34.713243495708745,32.620279907237226
HARVARD,S0127,1,clean,28,41350849,Raw,119.84211473119709,117.77210180768311,148.118681291119,150.80920573317545
HARVARD,S0127,1,clean,29,41350850,Joint Huber,0.1082844915233224,0.0863369949406816,0.2123357578684094,0.1135162398470642
HARVARD,S0127,1,clean,29,41350850,Joint OLS,0.1069884522554864,0.0852971421199332,0.2104172804320292,0.1107728958605346
HARVARD,S0127,1,clean,29,41350850,Offset-only,18.30835616318445,15.734750249547591,31.805432198040155,38.308049361807136
HARVARD,S0127,1,clean,29,41350850,Raw,131.81902685896995,130.23885613117855,158.08758432946524,287.1002025678435
HARVARD,S0127,1,clean,30,41350851,Joint Huber,0.1088720988911048,0.0870890154557957,0.2125984514752322,0.1139048918413174
HARVARD,S0127,1,clean,30,41350851,Joint OLS,0.1093076675470416,0.0874426409904999,0.2122020956541348,0.11447049359755
HARVARD,S0127,1,clean,30,41350851,Offset-only,12.412899528486967,10.669498376553111,21.552772386426437,25.56827231876857
HARVARD,S0127,1,clean,30,41350851,Raw,163.62089227102277,162.9718468328483,181.8979544091608,251.6938713862869
HARVARD,S0127,1,clean,31,41350852,Joint Huber,0.1094335164859516,0.087513656240362,0.2145707078931025,0.1153529150007708
HARVARD,S0127,1,clean,31,41350852,Joint OLS,0.1105340367328508,0.0884471035284865,0.2154293485636671,0.1169244015560509
HARVARD,S0127,1,clean,31,41350852,Offset-only,32.68241839963908,28.080492480227623,56.88209387472424,43.36796438126783
HARVARD,S0127,1,clean,31,41350852,Raw,99.44152883935882,94.18143280369628,142.34248963541364,152.91528493847812
HARVARD,S0127,1,clean,32,41350853,Joint Huber,0.1031737038027744,0.0823679468987659,0.2025701265438329,0.1074935657599453
HARVARD,S0127,1,clean,32,41350853,Joint OLS,0.1041785441110093,0.0832100051764776,0.2046204749355241,0.1114577985024954
HARVARD,S0127,1,clean,32,41350853,Offset-only,19.077629712043148,16.39739175464369,33.127678581756115,41.64713547167219
HARVARD,S0127,1,clean,32,41350853,Raw,131.35847302837524,128.8007260884433,157.8343784298781,242.56089921054996
HARVARD,S0127,1,clean,33,41350854,Joint Huber,0.1032509732545167,0.0824054971257952,0.2018100722722238,0.1063867738318895
HARVARD,S0127,1,clean,33,41350854,Joint OLS,0.1036495912746855,0.0827092798287199,0.2019383086796722,0.1076792124409602
HARVARD,S0127,1,clean,33,41350854,Offset-only,19.27169336799298,16.562415189380218,33.47814136890382,26.3536797292272
HARVARD,S0127,1,clean,33,41350854,Raw,129.16080535763132,125.81391661974592,153.9921385897678,248.80958827819572
HARVARD,S0127,1,clean,34,41350855,Joint Huber,0.1064092073123451,0.0851548072898785,0.2077130595235843,0.1159114803870999
HARVARD,S0127,1,clean,34,41350855,Joint OLS,0.1072955368239744,0.0860582485922014,0.2082296835190789,0.1233285156850793
HARVARD,S0127,1,clean,34,41350855,Offset-only,19.355976531903025,16.63614475918815,33.59776358333342,39.85723148352347
HARVARD,S0127,1,clean,34,41350855,Raw,139.6529689451885,137.5243833249471,166.97768433101956,278.57122847430014
HARVARD,S0127,1,clean,35,41350856,Joint Huber,0.1042794427693577,0.0834010127574736,0.2023514910073132,0.1091137614170743
HARVARD,S0127,1,clean,35,41350856,Joint OLS,0.1034413404605457,0.0827080570471579,0.201054214596752,0.1054622938429988
HARVARD,S0127,1,clean,35,41350856,Offset-only,23.375507805144245,20.08773973085693,40.62941916980094,44.22066989142333
HARVARD,S0127,1,clean,35,41350856,Raw,146.83520087382004,143.78660353315783,176.0121225609339,268.0949235965064
HARVARD,S0127,1,clean,36,41350857,Joint Huber,0.1081251364545542,0.0862224583352138,0.2114654945472694,0.1150248946866285
HARVARD,S0127,1,clean,36,41350857,Joint OLS,0.1082771446106374,0.0863151042972424,0.21178539954948,0.1149033832752416
HARVARD,S0127,1,clean,36,41350857,Offset-only,22.798272493309337,19.5937962669186,39.628961004704166,42.46089538069568
HARVARD,S0127,1,clean,36,41350857,Raw,144.9860989527692,141.3801133076281,176.07172969733648,222.89323450749728
HARVARD,S0127,1,clean,37,41350858,Joint Huber,0.1027058403374741,0.082118531497362,0.2004067691915079,0.1055226943941552
HARVARD,S0127,1,clean,37,41350858,Joint OLS,0.1016932787014879,0.0813401260425492,0.1977593924301857,0.1038118810561965
HARVARD,S0127,1,clean,37,41350858,Offset-only,20.78501255699833,17.86485312595134,36.07940236713443,43.04818222113643
HARVARD,S0127,1,clean,37,41350858,Raw,112.64674938559156,109.70264983288314,138.2589994942732,230.3439667254288
HARVARD,S0127,1,clean,38,41350859,Joint Huber,0.1020427938765333,0.0815305032887046,0.2001285194779712,0.102920625739398
HARVARD,S0127,1,clean,38,41350859,Joint OLS,0.1016454489040286,0.0811644627264354,0.1987526973707077,0.1019465368274081
HARVARD,S0127,1,clean,38,41350859,Offset-only,34.7889373014498,29.89912263234235,60.40216734166073,42.7840793305415
HARVARD,S0127,1,clean,38,41350859,Raw,84.21696995966053,78.71978848197206,125.32757310252175,130.07036526171063
HARVARD,S0127,1,clean,39,41350860,Joint Huber,0.1065103336937748,0.0848050315106383,0.209600583219327,0.1129866609457864
HARVARD,S0127,1,clean,39,41350860,Joint OLS,0.1082383148959821,0.0862724067830284,0.2130482590456673,0.1188592059726669
HARVARD,S0127,1,clean,39,41350860,Offset-only,35.73989883985746,30.712060380452037,62.104093159454095,43.87193262235036
HARVARD,S0127,1,clean,39,41350860,Raw,159.93062360593012,155.73166801566526,210.1098715866781,191.99248919773763
HARVARD,S0127,1,clean,40,41350861,Joint Huber,0.1026642573752349,0.0819548086389961,0.2015923019420995,0.1056244604238153
HARVARD,S0127,1,clean,40,41350861,Joint OLS,0.1033508477953941,0.0825212497030065,0.2023235901830844,0.1102036911214951
HARVARD,S0127,1,clean,40,41350861,Offset-only,23.17436625169575,19.911903668407945,40.291011123557226,34.519929778313625
HARVARD,S0127,1,clean,40,41350861,Raw,132.09889143329536,130.04714364566746,165.3082126262655,156.43006614616004
HARVARD,S0127,1,clean,41,41350862,Joint Huber,0.1018899053091885,0.0811999188459148,0.199006338672722,0.1029480993164329
HARVARD,S0127,1,clean,41,41350862,Joint OLS,0.1025217523296537,0.0817215172339538,0.2001182609159713,0.1031697492275551
HARVARD,S0127,1,clean,41,41350862,Offset-only,19.90510124955281,17.110712949427707,34.531380353310404,23.890486992341025
HARVARD,S0127,1,clean,41,41350862,Raw,82.92207268956307,79.49220846942166,108.27845613182276,186.6241062423772
HARVARD,S0127,1,clean,42,41350863,Joint Huber,0.1085608638228043,0.086694599899946,0.2122559780602273,0.1123774494521313
HARVARD,S0127,1,clean,42,41350863,Joint OLS,0.1072091660619699,0.0855634536239905,0.2094318417348973,0.1107523347127573
HARVARD,S0127,1,clean,42,41350863,Offset-only,18.835597437150238,16.18994139181092,32.72533258123307,35.62117387361251
HARVARD,S0127,1,clean,42,41350863,Raw,103.29280763155658,100.3359755388204,125.57897867617864,188.201560824918
HARVARD,S0127,1,clean,43,41350864,Joint Huber,0.1045075100213185,0.0836767804882537,0.2029367973040763,0.1100420048796545
HARVARD,S0127,1,clean,43,41350864,Joint OLS,0.1046504979100883,0.0838162807860762,0.2030161239179762,0.1090856867466314
HARVARD,S0127,1,clean,43,41350864,Offset-only,24.598686172020003,21.139094483379942,42.74365810366314,37.713575341545855
HARVARD,S0127,1,clean,43,41350864,Raw,55.76853031711114,51.34098417940039,84.15597039783344,142.87467145512957
HARVARD,S0127,1,clean,44,41350865,Joint Huber,0.1007624885439392,0.0804586983990796,0.197258675289902,0.1013077310316403
HARVARD,S0127,1,clean,44,41350865,Joint OLS,0.1007131353806904,0.0804318144171513,0.1970509952233357,0.1013170303840119
HARVARD,S0127,1,clean,44,41350865,Offset-only,27.05389486220792,23.24773484976845,47.01194567308634,31.32946502825583
HARVARD,S0127,1,clean,44,41350865,Raw,93.86374195228672,89.2639213759582,128.25189695475868,223.2121563999358
HARVARD,S0127,1,clean,45,41350866,Joint Huber,0.1029060291773075,0.0821172485051998,0.2017590903903965,0.1042425639805059
HARVARD,S0127,1,clean,45,41350866,Joint OLS,0.1023093142543899,0.0816585386135491,0.2005145365360589,0.1048257184272949
HARVARD,S0127,1,clean,45,41350866,Offset-only,19.912650029255115,17.11063708294637,34.59337707960169,38.8333916461691
HARVARD,S0127,1,clean,45,41350866,Raw,99.11600392998706,96.28642677784042,122.89694885377791,192.9559039993483
HARVARD,S0127,1,clean,46,41350867,Joint Huber,0.1057086876384974,0.0844236137434879,0.2070476042973723,0.1099361324665293
HARVARD,S0127,1,clean,46,41350867,Joint OLS,0.1037889066999618,0.0828471577959962,0.2041712488841441,0.1058531473127703
HARVARD,S0127,1,clean,46,41350867,Offset-only,25.595532327521404,21.99379027784244,44.49771055571716,37.42174373077414
HARVARD,S0127,1,clean,46,41350867,Raw,128.7331040287005,125.25394441798272,164.17946025311176,228.57417413598012
HARVARD,S0127,1,clean,47,41350868,Joint Huber,0.104077675394181,0.0829473287670461,0.205054318002329,0.1068946135151572
HARVARD,S0127,1,clean,47,41350868,Joint OLS,0.1040737949615579,0.0829431285783522,0.2041542209274993,0.1077428386043246
HARVARD,S0127,1,clean,47,41350868,Offset-only,11.777925023396635,10.118812585758596,20.492592492561283,36.41464912507206
HARVARD,S0127,1,clean,47,41350868,Raw,137.1931985926742,135.81558468524656,153.7236094114375,198.44959124441505
HARVARD,S0127,1,clean,48,41350869,Joint Huber,0.1052124245157419,0.0839781334844968,0.2049804912807929,0.1084449254003577
HARVARD,S0127,1,clean,48,41350869,Joint OLS,0.1047385649386214,0.083540517214142,0.2048643686597185,0.1068917925715141
HARVARD,S0127,1,clean,48,41350869,Offset-only,24.63916909743848,21.17625312854776,42.79568993026572,34.95548970483353
HARVARD,S0127,1,clean,48,41350869,Raw,194.2838756577656,192.5219863485757,230.0256024088524,282.18661893473444
HARVARD,S0127,1,clean,49,41350870,Joint Huber,0.1011422874454946,0.0807610020800336,0.1997303609657663,0.1043954546739509
HARVARD,S0127,1,clean,49,41350870,Joint OLS,0.1014377469786279,0.0810034480524483,0.1994932074623535,0.1062600524100795
HARVARD,S0127,1,clean,49,41350870,Offset-only,20.80715133264184,17.88261447083911,36.13455371210428,40.75536740377914
HARVARD,S0127,1,clean,49,41350870,Raw,132.69873158118472,129.99084259928088,159.94801718107965,211.64463221994936
HARVARD,S0127,1,nominal,0,41350871,Joint Huber,1.0380279163236907,0.8263773230233311,2.0346406375809423,1.0552309776786444
HARVARD,S0127,1,nominal,0,41350871,Joint OLS,4.18252116531634,3.4985046979160286,7.49041511298123,6.047848303832747
HARVARD,S0127,1,nominal,0,41350871,Offset-only,23.81991225523728,20.36526925722427,42.10438633052763,41.668397933496
HARVARD,S0127,1,nominal,0,41350871,Raw,142.9526513893174,140.21973723127584,175.97928277166997,174.09645490445453
HARVARD,S0127,1,nominal,1,41350872,Joint Huber,1.038893656773218,0.8306474703391482,2.03078835309567,1.0727566477603654
HARVARD,S0127,1,nominal,1,41350872,Joint OLS,4.901130767825089,4.060781028791448,8.924594966419887,9.26714990928692
HARVARD,S0127,1,nominal,1,41350872,Offset-only,33.855029342378565,28.87271815982939,60.19804995103355,44.65566837706857
HARVARD,S0127,1,nominal,1,41350872,Raw,144.14644218435413,140.11351762073818,190.1718852799383,202.390658896484
HARVARD,S0127,1,nominal,2,41350873,Joint Huber,1.0572778013451525,0.8448429863901644,2.064952927834085,1.096166599111748
HARVARD,S0127,1,nominal,2,41350873,Joint OLS,3.889014785127193,3.289785096176932,6.88780448293187,9.446694240032915
HARVARD,S0127,1,nominal,2,41350873,Offset-only,16.322324597483927,14.064024733184224,27.68902386416459,29.84482673160422
HARVARD,S0127,1,nominal,2,41350873,Raw,191.266234133343,190.270217071273,215.35660286064893,264.11528010020766
HARVARD,S0127,1,nominal,3,41350874,Joint Huber,1.0685735848038558,0.8558452939256169,2.088928341376667,1.1375993745762645
HARVARD,S0127,1,nominal,3,41350874,Joint OLS,5.245062240229276,4.425749357497888,9.216133172570284,7.194534739618564
HARVARD,S0127,1,nominal,3,41350874,Offset-only,29.168807557688545,25.017032001785843,50.73446788872627,42.98104526099088
HARVARD,S0127,1,nominal,3,41350874,Raw,152.2278953230126,148.55253169298948,187.47379893028608,317.92674513942325
HARVARD,S0127,1,nominal,4,41350875,Joint Huber,1.0968804320832253,0.8778067005614696,2.142650601793506,1.1228117637817137
HARVARD,S0127,1,nominal,4,41350875,Joint OLS,3.471812963425006,2.917420123706249,6.222229558045146,4.382299251184395
HARVARD,S0127,1,nominal,4,41350875,Offset-only,20.02652253818092,17.138516485705406,35.326186108979215,31.14282729537966
HARVARD,S0127,1,nominal,4,41350875,Raw,85.9538345279608,83.48007765787696,113.62785186751242,148.69226281563732
HARVARD,S0127,1,nominal,5,41350876,Joint Huber,1.0598265619133658,0.845678043011578,2.073323826146911,1.1426521195871189
HARVARD,S0127,1,nominal,5,41350876,Joint OLS,2.749450008865884,2.4225328276485567,4.642775896183871,4.576609780540736
HARVARD,S0127,1,nominal,5,41350876,Offset-only,23.880283792523723,20.48362065250043,41.55848586166986,44.197133991436175
HARVARD,S0127,1,nominal,5,41350876,Raw,104.25679035180768,101.17811058171394,135.6017498685759,296.24551439465137
HARVARD,S0127,1,nominal,6,41350877,Joint Huber,1.1104091538642642,0.8888657945833323,2.184829425277002,1.1888543718887543
HARVARD,S0127,1,nominal,6,41350877,Joint OLS,6.388234849893608,5.376862698931334,11.412728039957544,8.148175936970649
HARVARD,S0127,1,nominal,6,41350877,Offset-only,29.12274733757218,25.041690775602422,49.95555180291085,40.80961782998501
HARVARD,S0127,1,nominal,6,41350877,Raw,152.68343888489812,149.6784754380912,194.093584159144,173.61913879212855
HARVARD,S0127,1,nominal,7,41350878,Joint Huber,1.01493712967021,0.8078753037227555,1.999611514607669,1.0444976420918797
HARVARD,S0127,1,nominal,7,41350878,Joint OLS,3.8736051948680874,3.183297212650281,7.140636411706769,8.051980814560576
HARVARD,S0127,1,nominal,7,41350878,Offset-only,27.30611567173451,23.46286869314473,47.1199871694012,41.87700399962556
HARVARD,S0127,1,nominal,7,41350878,Raw,136.55940473029355,132.81797131540867,174.0601423814283,284.4467117944007
HARVARD,S0127,1,nominal,8,41350879,Joint Huber,1.1922464739369136,0.9563534519422092,2.3330245335868582,1.3720951176384195
HARVARD,S0127,1,nominal,8,41350879,Joint OLS,3.7323141242706974,3.0517534710288,6.861806887950017,5.674767287567984
HARVARD,S0127,1,nominal,8,41350879,Offset-only,13.843113390291974,11.860830538350596,24.15096028929069,23.93705864213432
HARVARD,S0127,1,nominal,8,41350879,Raw,109.45839141866472,108.10805761760528,129.00773339539677,175.66754701253228
HARVARD,S0127,1,nominal,9,41350880,Joint Huber,1.0830665515993727,0.8671902551010268,2.126452370022936,1.183650867957604
HARVARD,S0127,1,nominal,9,41350880,Joint OLS,3.436246152171102,2.901674282814273,6.119850810049976,5.122206776318809
HARVARD,S0127,1,nominal,9,41350880,Offset-only,21.827249594979207,18.79225331516877,37.322480940208976,36.00626517185878
HARVARD,S0127,1,nominal,9,41350880,Raw,184.59794780347244,183.3423992410183,216.81105548223343,293.5838991146144
HARVARD,S0127,1,nominal,10,41350881,Joint Huber,1.069595521771187,0.8524583647691053,2.100391861502793,1.14859472718166
HARVARD,S0127,1,nominal,10,41350881,Joint OLS,4.264549376463743,3.65529919567856,7.45793856862309,5.355483943519529
HARVARD,S0127,1,nominal,10,41350881,Offset-only,8.9989081604974,7.72637146453066,15.336814949193034,16.49246622678493
HARVARD,S0127,1,nominal,10,41350881,Raw,145.25776701806709,144.91781162090277,158.6754348672395,204.8037199399352
HARVARD,S0127,1,nominal,11,41350882,Joint Huber,1.063839564508546,0.8501762498916714,2.073319372805172,1.0986425753700242
HARVARD,S0127,1,nominal,11,41350882,Joint OLS,3.875349897487709,3.264380217822176,6.927389233391956,5.3201898440012165
HARVARD,S0127,1,nominal,11,41350882,Offset-only,32.58315426333692,28.010081756635277,56.26432808443332,40.63506214399396
HARVARD,S0127,1,nominal,11,41350882,Raw,141.58652959506705,136.73348527028412,186.41964160752437,204.06279251280677
HARVARD,S0127,1,nominal,12,41350883,Joint Huber,1.1578284368120637,0.9280853799907745,2.2637204817502985,1.3003563633136583
HARVARD,S0127,1,nominal,12,41350883,Joint OLS,3.8874175108070856,3.3032470927196647,6.843111015906667,6.000473865513754
HARVARD,S0127,1,nominal,12,41350883,Offset-only,28.43632198814113,24.552760140604736,47.53906517560429,40.998731691723485
HARVARD,S0127,1,nominal,12,41350883,Raw,110.7983881081372,106.79188348056196,141.72503900714278,285.6548050893528
HARVARD,S0127,1,nominal,13,41350884,Joint Huber,1.040557796629706,0.8317335972852808,2.040543454263144,1.0682370578740636
HARVARD,S0127,1,nominal,13,41350884,Joint OLS,4.427319977795087,3.7749443189896894,7.800656353659718,6.221871273865872
HARVARD,S0127,1,nominal,13,41350884,Offset-only,31.70002286776838,27.30700143119767,53.907764128966654,43.69943042980584
HARVARD,S0127,1,nominal,13,41350884,Raw,61.33644821278397,55.72103753829048,92.77244809498164,113.10087145533342
HARVARD,S0127,1,nominal,14,41350885,Joint Huber,1.0819125573909534,0.8644460945724076,2.1291769000430176,1.1388464874184276
HARVARD,S0127,1,nominal,14,41350885,Joint OLS,4.770157751257216,4.004853434056068,8.407487212208942,5.491061799589231
HARVARD,S0127,1,nominal,14,41350885,Offset-only,18.550387261701704,15.88487124471873,32.53483197267562,39.58546531007342
HARVARD,S0127,1,nominal,14,41350885,Raw,142.1792220114742,140.52145760113197,168.47082065252297,232.41539316651347
HARVARD,S0127,1,nominal,15,41350886,Joint Huber,1.1121132277435648,0.8921844845901429,2.1617710803404577,1.3189091140934726
HARVARD,S0127,1,nominal,15,41350886,Joint OLS,3.911416944206973,3.3102073797867364,6.975781286866935,5.81474930002762
HARVARD,S0127,1,nominal,15,41350886,Offset-only,29.86113544315169,25.66829754637217,51.563475759324014,42.66367552359531
HARVARD,S0127,1,nominal,15,41350886,Raw,110.7776787986923,105.09784199892356,149.4341363488985,175.5243247964808
HARVARD,S0127,1,nominal,16,41350887,Joint Huber,1.0406915700227892,0.8305790548014773,2.02099028289986,1.0800019934386127
HARVARD,S0127,1,nominal,16,41350887,Joint OLS,5.653524938373255,4.810887969334125,9.925965448218577,6.809529360496259
HARVARD,S0127,1,nominal,16,41350887,Offset-only,17.454884111753778,14.994834847644668,29.92911542528161,34.47654463113366
HARVARD,S0127,1,nominal,16,41350887,Raw,214.88430002617605,213.84688418658305,240.5102519606912,255.1508667503326
HARVARD,S0127,1,nominal,17,41350888,Joint Huber,1.065033452972633,0.8502558129373349,2.083484791980084,1.135225030510301
HARVARD,S0127,1,nominal,17,41350888,Joint OLS,3.49116606719896,2.957933474836187,6.122473967969656,5.194064876387308
HARVARD,S0127,1,nominal,17,41350888,Offset-only,25.22184410296396,21.579336567146083,44.47795831664734,37.06598683463525
HARVARD,S0127,1,nominal,17,41350888,Raw,148.04881119272625,145.50476337396356,179.2389666057527,271.6044174445722
HARVARD,S0127,1,nominal,18,41350889,Joint Huber,1.0622178073809263,0.850069146701249,2.0674325866994474,1.1940676129571792
HARVARD,S0127,1,nominal,18,41350889,Joint OLS,3.7036469007023856,3.12993062774985,6.58271821151999,4.970612840538482
HARVARD,S0127,1,nominal,18,41350889,Offset-only,18.772548164573337,16.085358203252216,32.95857783487848,28.141343126320297
HARVARD,S0127,1,nominal,18,41350889,Raw,153.02979538365494,151.5570297605796,179.90839380666984,230.9525963616217
HARVARD,S0127,1,nominal,19,41350890,Joint Huber,1.0453084646752573,0.8339096642553441,2.047647799529529,1.1077279383484766
HARVARD,S0127,1,nominal,19,41350890,Joint OLS,3.066061253809933,2.561068950825639,5.498538549222332,4.080533553961351
HARVARD,S0127,1,nominal,19,41350890,Offset-only,24.265529338880853,20.919822132161173,41.03584710046984,43.004662888875984
HARVARD,S0127,1,nominal,19,41350890,Raw,62.551017244355,57.7744126370738,91.67668862161248,105.45105269711846
HARVARD,S0127,1,nominal,20,41350891,Joint Huber,1.0516273186804128,0.8387941328445491,2.066352323885212,1.0803725613261932
HARVARD,S0127,1,nominal,20,41350891,Joint OLS,3.107829954689493,2.718369145058168,5.228344968211562,3.8457700714165943
HARVARD,S0127,1,nominal,20,41350891,Offset-only,24.75730991336829,21.191291093043887,43.5993130264448,42.36852427828444
HARVARD,S0127,1,nominal,20,41350891,Raw,88.35676783373127,85.03184955002257,116.88307942926866,165.48130248934697
HARVARD,S0127,1,nominal,21,41350892,Joint Huber,1.0262821080980484,0.8213237212994076,1.9799335001307483,1.057881920220153
HARVARD,S0127,1,nominal,21,41350892,Joint OLS,3.878958033594509,3.3451137680118403,6.675287209777881,6.288162971191951
HARVARD,S0127,1,nominal,21,41350892,Offset-only,37.93231379141794,32.28607634168383,67.09486255975747,41.39103566708554
HARVARD,S0127,1,nominal,21,41350892,Raw,116.13000726704097,110.73418866485758,162.41754696241824,193.8994171793252
HARVARD,S0127,1,nominal,22,41350893,Joint Huber,1.124628578950486,0.8960521653771125,2.2013047807742274,1.2983750848767193
HARVARD,S0127,1,nominal,22,41350893,Joint OLS,3.754105088371729,3.4054411389206862,5.935958188750813,5.229755664692398
HARVARD,S0127,1,nominal,22,41350893,Offset-only,13.610170563534554,11.687194212680838,23.11771948733492,33.816639989508936
HARVARD,S0127,1,nominal,22,41350893,Raw,52.25973924157677,49.19294518794575,68.79510205555292,105.48065454939562
HARVARD,S0127,1,nominal,23,41350894,Joint Huber,1.0434042186694277,0.8324219113130943,2.037583296409196,1.1068295103864956
HARVARD,S0127,1,nominal,23,41350894,Joint OLS,3.7292723724109256,3.1551528461672507,6.613578316954971,6.215749356628098
HARVARD,S0127,1,nominal,23,41350894,Offset-only,13.87645097336761,11.879902065533376,24.20288015237349,20.398790994649467
HARVARD,S0127,1,nominal,23,41350894,Raw,94.16014423067357,92.27546385852044,113.15862278694384,215.34255811675868
HARVARD,S0127,1,nominal,24,41350895,Joint Huber,1.0677952116071927,0.8496957306413997,2.10014573174,1.1702472084957158
HARVARD,S0127,1,nominal,24,41350895,Joint OLS,3.64930337386142,3.009537081315915,6.6864192004683085,6.1860935012816425
HARVARD,S0127,1,nominal,24,41350895,Offset-only,25.1205168876388,21.494623516605557,43.93340021037067,44.18115940253524
HARVARD,S0127,1,nominal,24,41350895,Raw,141.0892850806306,138.29487987666866,176.05745090953482,182.26844604061137
HARVARD,S0127,1,nominal,25,41350896,Joint Huber,1.0524123255558593,0.8420837327426102,2.057340710219969,1.1405705381775118
HARVARD,S0127,1,nominal,25,41350896,Joint OLS,3.9700214989152114,3.411255858799508,6.786782766204613,4.1556555729333535
HARVARD,S0127,1,nominal,25,41350896,Offset-only,21.924561374990805,18.86990993315065,37.21967111756955,35.93060241625001
HARVARD,S0127,1,nominal,25,41350896,Raw,125.82357020376573,121.71724699210506,155.33437062499402,186.55698071461785
HARVARD,S0127,1,nominal,26,41350897,Joint Huber,1.0260747217648136,0.8171106693801526,2.0310404016466777,1.092520643934333
HARVARD,S0127,1,nominal,26,41350897,Joint OLS,4.568739602515408,3.94280685813836,7.827512121825021,7.497911232948822
HARVARD,S0127,1,nominal,26,41350897,Offset-only,17.073656080841666,14.72411874937984,28.633432452588803,34.043532610481485
HARVARD,S0127,1,nominal,26,41350897,Raw,64.88752766113055,62.78346774822204,85.10052415366457,195.0415710715309
HARVARD,S0127,1,nominal,27,41350898,Joint Huber,1.078711693146993,0.8591765511736053,2.1252612489281124,1.1464471937468188
HARVARD,S0127,1,nominal,27,41350898,Joint OLS,3.816089731655592,3.161059716630818,6.907256896054292,4.366528727077986
HARVARD,S0127,1,nominal,27,41350898,Offset-only,25.876475830219743,22.349331444418528,43.234380737769264,29.56406746958281
HARVARD,S0127,1,nominal,27,41350898,Raw,119.3536739194221,116.3343514675872,156.28747779151072,144.769910297272
HARVARD,S0127,1,nominal,28,41350899,Joint Huber,1.0605934916496276,0.8474175532446111,2.0625645303276485,1.1109158410128706
HARVARD,S0127,1,nominal,28,41350899,Joint OLS,3.262201553539384,2.896770712442291,5.39331095752118,3.7810583039625287
HARVARD,S0127,1,nominal,28,41350899,Offset-only,23.362555318709457,20.13490045148104,39.479117543710096,32.19570110888848
HARVARD,S0127,1,nominal,28,41350899,Raw,155.23651802386527,152.0562931798118,188.0440223202624,209.7976924243607
HARVARD,S0127,1,nominal,29,41350900,Joint Huber,1.0333989314039678,0.8257679094917797,2.0192046474269536,1.0900601210399667
HARVARD,S0127,1,nominal,29,41350900,Joint OLS,4.314954789051593,4.094610396939894,6.277111515679935,5.472512905543583
HARVARD,S0127,1,nominal,29,41350900,Offset-only,27.248250313672365,23.2278031057407,48.04143313987619,30.070483684407023
HARVARD,S0127,1,nominal,29,41350900,Raw,165.6054583417772,163.47674096795788,203.68216100879383,197.70806304221384
HARVARD,S0127,1,nominal,30,41350901,Joint Huber,1.0338578315791214,0.8276791867947888,2.015284286385177,1.0407908218181894
HARVARD,S0127,1,nominal,30,41350901,Joint OLS,3.605977795612411,2.945502185869304,6.663703128443799,6.230876360260666
HARVARD,S0127,1,nominal,30,41350901,Offset-only,21.48558957756298,18.43993224833285,37.24649434158325,34.296508508204006
HARVARD,S0127,1,nominal,30,41350901,Raw,83.41557428907554,80.59399716554323,111.30434271137864,187.54666160966315
HARVARD,S0127,1,nominal,31,41350902,Joint Huber,1.1546674863479738,0.9256251229889716,2.2465328649924565,1.4281971422436837
HARVARD,S0127,1,nominal,31,41350902,Joint OLS,4.082473207856802,3.394638066598529,7.510221899156367,4.992791011168919
HARVARD,S0127,1,nominal,31,41350902,Offset-only,29.49899920899381,25.505594505739637,48.94319469223598,41.44789041912993
HARVARD,S0127,1,nominal,31,41350902,Raw,122.17964900044704,117.51537220002096,163.2339481328648,171.1473563322103
HARVARD,S0127,1,nominal,32,41350903,Joint Huber,1.0505803172956163,0.8400558178551596,2.0617974351802464,1.0676381162672333
HARVARD,S0127,1,nominal,32,41350903,Joint OLS,3.685981308658964,3.298685712563259,5.993123700543014,4.300559095418385
HARVARD,S0127,1,nominal,32,41350903,Offset-only,26.61194638375552,22.8668479268407,46.0470268874186,39.94153338218754
HARVARD,S0127,1,nominal,32,41350903,Raw,121.54376400069442,116.50762601370522,155.87497501323426,263.4899361651132
HARVARD,S0127,1,nominal,33,41350904,Joint Huber,1.0774794391571618,0.8620692645452601,2.1058852531339767,1.1024101544841984
HARVARD,S0127,1,nominal,33,41350904,Joint OLS,4.798980127998944,4.062469791164441,8.584244452555367,7.011042100571528
HARVARD,S0127,1,nominal,33,41350904,Offset-only,22.288899112704737,19.23080582641083,37.53161787397863,37.28904659248408
HARVARD,S0127,1,nominal,33,41350904,Raw,110.11481871877623,106.94907630111705,141.3147066314119,176.8438466426861
HARVARD,S0127,1,nominal,34,41350905,Joint Huber,1.0416209047325289,0.8278729628072743,2.0509697447179454,1.0639502695019256
HARVARD,S0127,1,nominal,34,41350905,Joint OLS,3.9262782355760346,3.433705071732578,6.548430520836291,5.743217298646537
HARVARD,S0127,1,nominal,34,41350905,Offset-only,27.990833659434173,24.037569287864,48.31256055322629,44.02283266584002
HARVARD,S0127,1,nominal,34,41350905,Raw,149.3919423825526,146.35618620263833,183.63652789935827,270.66761818188604
HARVARD,S0127,1,nominal,35,41350906,Joint Huber,1.0395029708849202,0.8289332701180706,2.038052773836086,1.0593508924078558
HARVARD,S0127,1,nominal,35,41350906,Joint OLS,3.711303192967618,3.120824997885598,6.716023005569128,5.13242296318997
HARVARD,S0127,1,nominal,35,41350906,Offset-only,25.678291485211854,22.069758846864065,44.26854748465968,29.74915677940561
HARVARD,S0127,1,nominal,35,41350906,Raw,106.99044205417488,103.10515313653836,138.56445783449553,242.12048356325997
HARVARD,S0127,1,nominal,36,41350907,Joint Huber,1.106618102531154,0.8871349569958907,2.1738831343400378,1.2345365208909798
HARVARD,S0127,1,nominal,36,41350907,Joint OLS,6.472787824795135,5.459439615244495,11.307549718301791,8.602496108568209
HARVARD,S0127,1,nominal,36,41350907,Offset-only,18.587891185022528,16.005440812225913,31.728743868219933,36.294461135610064
HARVARD,S0127,1,nominal,36,41350907,Raw,158.18466808750594,156.14528394016978,184.7123834095389,219.9452418299281
HARVARD,S0127,1,nominal,37,41350908,Joint Huber,1.0806476321270355,0.862336469892691,2.1160375483214366,1.1473293248069838
HARVARD,S0127,1,nominal,37,41350908,Joint OLS,4.597678948446283,3.806632159727948,8.25368516644911,8.306340387727825
HARVARD,S0127,1,nominal,37,41350908,Offset-only,22.565353469833312,19.16808297516769,39.93088243697844,32.7549935200023
HARVARD,S0127,1,nominal,37,41350908,Raw,161.55741471884812,158.7198359861585,191.62766424074053,202.50412433881715
HARVARD,S0127,1,nominal,38,41350909,Joint Huber,1.036808363379774,0.8264670456839437,2.0406603742949785,1.0682630232021246
HARVARD,S0127,1,nominal,38,41350909,Joint OLS,3.401787079909332,2.9065127834377,5.879149726281253,4.231633829229554
HARVARD,S0127,1,nominal,38,41350909,Offset-only,31.18812961558677,26.7942295724256,53.77622186607712,36.09709486516025
HARVARD,S0127,1,nominal,38,41350909,Raw,172.22392948815724,169.2481022148138,216.72592318766056,252.04307011427213
HARVARD,S0127,1,nominal,39,41350910,Joint Huber,1.111867589838449,0.8899301352846745,2.176279869426524,1.2649765144511864
HARVARD,S0127,1,nominal,39,41350910,Joint OLS,4.5553712475425785,3.872246248947512,7.904381048053241,6.085182613638543
HARVARD,S0127,1,nominal,39,41350910,Offset-only,29.81696838337057,25.46428230228756,51.57222236090925,36.87777860352401
HARVARD,S0127,1,nominal,39,41350910,Raw,144.28697975001404,140.96549449031943,183.41902826274003,294.11995056171634
HARVARD,S0127,1,nominal,40,41350911,Joint Huber,1.0269470262772613,0.8178106867939464,2.02493553693568,1.0586097944937505
HARVARD,S0127,1,nominal,40,41350911,Joint OLS,3.854639332276502,3.224633230318544,7.0204795796286135,6.364968905115795
HARVARD,S0127,1,nominal,40,41350911,Offset-only,21.597515925094505,18.613738927382343,36.65268379574931,40.33981127215279
HARVARD,S0127,1,nominal,40,41350911,Raw,191.026603276852,188.47694051798004,221.66515108907063,238.42060827417515
HARVARD,S0127,1,nominal,41,41350912,Joint Huber,1.0948804126585432,0.8760701067752661,2.1366983814461453,1.2498941613843066
HARVARD,S0127,1,nominal,41,41350912,Joint OLS,4.065115127092411,3.45662251349121,7.1173537608518975,5.4642413793474
HARVARD,S0127,1,nominal,41,41350912,Offset-only,15.323886708861576,13.200120677944048,25.92204430721128,26.792630822792077
HARVARD,S0127,1,nominal,41,41350912,Raw,137.7023828522935,136.26256962657573,159.71689250017764,205.59007139028157
HARVARD,S0127,1,nominal,42,41350913,Joint Huber,1.067361749640071,0.8524641648719198,2.09039524761856,1.1699582114541285
HARVARD,S0127,1,nominal,42,41350913,Joint OLS,3.064204846416408,2.6090110828784696,5.321402249140262,5.370440303690706
HARVARD,S0127,1,nominal,42,41350913,Offset-only,26.84818607538446,22.955274459213943,47.42652639083285,45.90705496955701
HARVARD,S0127,1,nominal,42,41350913,Raw,99.03162182186892,95.77450030304692,132.5057509132995,236.81302453322692
HARVARD,S0127,1,nominal,43,41350914,Joint Huber,1.0824756849232329,0.8652359821042951,2.1138018961226024,1.1423243167554331
HARVARD,S0127,1,nominal,43,41350914,Joint OLS,4.656836790130745,3.964683087710047,8.24521605900781,7.854961400693728
HARVARD,S0127,1,nominal,43,41350914,Offset-only,26.143309733959164,22.473362938288886,44.61406514480322,41.90022976239965
HARVARD,S0127,1,nominal,43,41350914,Raw,150.58049391290308,148.04913996402854,184.34387404200504,261.67089546121616
HARVARD,S0127,1,nominal,44,41350915,Joint Huber,1.113407742211042,0.8902677813560695,2.168297329020241,1.355212823823285
HARVARD,S0127,1,nominal,44,41350915,Joint OLS,4.282702945184792,3.682150550311051,7.380554502872716,6.92900958725491
HARVARD,S0127,1,nominal,44,41350915,Offset-only,10.376459031702325,8.846612052150656,18.398275185503813,14.420718779552624
HARVARD,S0127,1,nominal,44,41350915,Raw,88.17673581471871,87.07840061104676,101.89287457140176,261.63232810467883
HARVARD,S0127,1,nominal,45,41350916,Joint Huber,1.0959437742672056,0.8748257663003874,2.147062521499166,1.194511454211078
HARVARD,S0127,1,nominal,45,41350916,Joint OLS,3.320076730816944,2.939658387887795,5.47249275992563,4.993924275660985
HARVARD,S0127,1,nominal,45,41350916,Offset-only,24.36857585499429,20.741953970719443,43.54246411590213,40.67935035139695
HARVARD,S0127,1,nominal,45,41350916,Raw,146.9789355609428,144.39700597216014,180.2836868424968,223.74626903806384
HARVARD,S0127,1,nominal,46,41350917,Joint Huber,1.0700406161377738,0.8554140792515982,2.072351121616656,1.1068757519763686
HARVARD,S0127,1,nominal,46,41350917,Joint OLS,3.351496439832233,2.8131304966949995,6.091856894776626,6.919386153603231
HARVARD,S0127,1,nominal,46,41350917,Offset-only,25.878254506618408,22.30802520031466,43.89163293458394,39.2138017127814
HARVARD,S0127,1,nominal,46,41350917,Raw,114.87749359891522,112.24006799125917,145.52205671350552,177.82516917428578
HARVARD,S0127,1,nominal,47,41350918,Joint Huber,1.0427642833453046,0.8339925038529135,2.0282073722781573,1.064745751428298
HARVARD,S0127,1,nominal,47,41350918,Joint OLS,4.9820471368446535,4.232754198930329,8.737286808061784,7.150538611173324
HARVARD,S0127,1,nominal,47,41350918,Offset-only,22.224436387776343,19.165602664805224,37.40567629069682,38.15164720660504
HARVARD,S0127,1,nominal,47,41350918,Raw,156.28159022653176,153.92732696491893,188.0988520613596,262.971551905242
HARVARD,S0127,1,nominal,48,41350919,Joint Huber,1.066056533602581,0.8536036994121012,2.083350939511064,1.1475886964906703
HARVARD,S0127,1,nominal,48,41350919,Joint OLS,5.27206017348651,4.351128850649823,9.683483614148525,8.82917655472791
HARVARD,S0127,1,nominal,48,41350919,Offset-only,19.888818464233527,17.10610451797478,34.00824374687344,27.15345279676338
HARVARD,S0127,1,nominal,48,41350919,Raw,209.63780935078935,208.1350241033253,237.9031609462004,277.4711274145047
HARVARD,S0127,1,nominal,49,41350920,Joint Huber,1.0602842200902418,0.8448187302381345,2.077029840716449,1.1622380152275822
HARVARD,S0127,1,nominal,49,41350920,Joint OLS,6.482381999666259,5.509806780219464,11.389689551946349,10.40053406096438
HARVARD,S0127,1,nominal,49,41350920,Offset-only,18.72527211760768,16.0565680720484,32.38111422017096,29.769895246765195
HARVARD,S0127,1,nominal,49,41350920,Raw,57.64762050344852,53.97332363816938,80.24156804606557,105.38008127609456
HARVARD,S0127,1,stress,0,41350921,Joint Huber,5.941702553845035,4.773874274716156,11.527540616148965,7.961103936837476
HARVARD,S0127,1,stress,0,41350921,Joint OLS,13.99032517788801,11.562459388385305,25.34483566453747,25.064031714131744
HARVARD,S0127,1,stress,0,41350921,Offset-only,124.3969361451634,106.41864342053262,218.6019059530288,181.56102975468585
HARVARD,S0127,1,stress,0,41350921,Raw,271.5447486810148,252.69489309161816,398.8138411603421,729.5041710362839
HARVARD,S0127,1,stress,1,41350922,Joint Huber,5.385689827834925,4.305449832806039,10.576037261851305,5.709617292364673
HARVARD,S0127,1,stress,1,41350922,Joint OLS,17.095049856426158,15.243779977142484,27.878355992014825,20.363452262103213
HARVARD,S0127,1,stress,1,41350922,Offset-only,93.85904132726267,79.88977588633311,165.6928306954674,214.6448229858223
HARVARD,S0127,1,stress,1,41350922,Raw,378.9919209886857,366.2695813008253,499.84743368924114,771.9016835989461
HARVARD,S0127,1,stress,2,41350923,Joint Huber,5.422284907799321,4.329118499823828,10.634789801065024,6.200767095548823
HARVARD,S0127,1,stress,2,41350923,Joint OLS,12.782649712233692,10.784806871965266,22.749410908806404,19.579324395368317
HARVARD,S0127,1,stress,2,41350923,Offset-only,130.0052539432018,109.45577327294885,230.37656492389647,202.6173326410069
HARVARD,S0127,1,stress,2,41350923,Raw,333.61543293160446,312.5062260902231,486.7690869388943,522.0350372483593
HARVARD,S0127,1,stress,3,41350924,Joint Huber,5.623530110741905,4.475755582154656,11.16866643285324,5.934778946528126
HARVARD,S0127,1,stress,3,41350924,Joint OLS,15.114818670258686,12.763970683721547,27.175399543758694,22.04307127747833
HARVARD,S0127,1,stress,3,41350924,Offset-only,96.86481027785985,83.09000524548118,167.82043610199855,176.84496429694312
HARVARD,S0127,1,stress,3,41350924,Raw,336.6693385978088,320.24825781305367,466.7963210296828,477.6678838506264
HARVARD,S0127,1,stress,4,41350925,Joint Huber,6.415306008647498,5.169639752895167,12.41508674592211,9.31060333317992
HARVARD,S0127,1,stress,4,41350925,Joint OLS,15.2861303098304,12.70832801715122,28.09982278869621,30.7952294598501
HARVARD,S0127,1,stress,4,41350925,Offset-only,120.3241850977129,103.66734556895778,204.86443357129184,205.31925254840937
HARVARD,S0127,1,stress,4,41350925,Raw,421.8350979552738,403.03779602489175,587.7353259480044,640.9504156431227
HARVARD,S0127,1,stress,5,41350926,Joint Huber,5.2159228386103615,4.157226885142399,10.256044758737026,5.556647139548251
HARVARD,S0127,1,stress,5,41350926,Joint OLS,12.809309570878488,10.870616936818925,22.83651986326128,15.056486222402976
HARVARD,S0127,1,stress,5,41350926,Offset-only,112.01780077973277,95.45253673668032,199.7777587100651,203.82293601402384
HARVARD,S0127,1,stress,5,41350926,Raw,394.1752548949848,379.3191652623002,527.5003952081448,546.2936817657663
HARVARD,S0127,1,stress,6,41350927,Joint Huber,5.863777595611868,4.704244641463947,11.477522192005113,6.477309612598604
HARVARD,S0127,1,stress,6,41350927,Joint OLS,13.686905183494876,11.397028058255682,24.91922987770589,19.843922604139987
HARVARD,S0127,1,stress,6,41350927,Offset-only,117.55532809470876,100.56330790121322,207.0776378020041,207.64981015672703
HARVARD,S0127,1,stress,6,41350927,Raw,439.4331359674607,419.41930403181016,596.0635445548661,768.2229767097756
HARVARD,S0127,1,stress,7,41350928,Joint Huber,5.32890566165414,4.258772063772003,10.42447720434794,5.808028620451125
HARVARD,S0127,1,stress,7,41350928,Joint OLS,9.247749077354603,7.563501962286104,17.399700481293713,12.478385793860763
HARVARD,S0127,1,stress,7,41350928,Offset-only,49.28317378131917,42.22072768214749,85.68160626599477,126.87982454162774
HARVARD,S0127,1,stress,7,41350928,Raw,306.6362825796358,299.8365954452834,374.44209436480656,487.6867173374046
HARVARD,S0127,1,stress,8,41350929,Joint Huber,5.57233038987696,4.467856790979939,10.838383699101684,5.807106385435736
HARVARD,S0127,1,stress,8,41350929,Joint OLS,14.462076297387352,11.961218005064689,26.67842809555446,26.61991359634561
HARVARD,S0127,1,stress,8,41350929,Offset-only,112.774951694707,96.64180407351829,195.11954002971888,184.92178156385992
HARVARD,S0127,1,stress,8,41350929,Raw,333.1682365249401,316.87374638675465,456.5098897163807,819.86138794077
HARVARD,S0127,1,stress,9,41350930,Joint Huber,6.276724930337739,5.065599850873469,12.138681050667094,8.633769471921834
HARVARD,S0127,1,stress,9,41350930,Joint OLS,19.071395802700245,16.378915949742087,32.6057312883008,26.20869920922752
HARVARD,S0127,1,stress,9,41350930,Offset-only,105.18941204981785,88.89718839883814,183.9544432949168,197.5428704227448
HARVARD,S0127,1,stress,9,41350930,Raw,288.218916963389,276.4138462685636,388.77191948806,457.0333179123521
HARVARD,S0127,1,stress,10,41350931,Joint Huber,6.652052190889241,5.362740640692967,12.873241116853157,8.68445872823403
HARVARD,S0127,1,stress,10,41350931,Joint OLS,25.52727061720052,21.611816921324685,45.66036736856325,50.404017823057146
HARVARD,S0127,1,stress,10,41350931,Offset-only,124.24838976975356,106.39979983595748,217.8762679528503,179.00828711081218
HARVARD,S0127,1,stress,10,41350931,Raw,270.56741606949606,248.18367705550463,402.8312438844618,379.9048752492399
HARVARD,S0127,1,stress,11,41350932,Joint Huber,9.061400198953711,7.3999208929298685,17.180439626756083,18.3072266070512
HARVARD,S0127,1,stress,11,41350932,Joint OLS,16.156387424723157,13.594178936683992,28.51482060329148,21.582835183102503
HARVARD,S0127,1,stress,11,41350932,Offset-only,111.48336796898003,95.63016572253294,193.5101879034818,221.74906012422957
HARVARD,S0127,1,stress,11,41350932,Raw,507.2190979678172,491.83238858583263,660.7327226423462,746.528108381755
HARVARD,S0127,1,stress,12,41350933,Joint Huber,5.721375300087763,4.5741818314761735,11.1375047500764,6.414530648914008
HARVARD,S0127,1,stress,12,41350933,Joint OLS,17.598182690244432,14.837919788176404,30.852098962382428,26.48432186803746
HARVARD,S0127,1,stress,12,41350933,Offset-only,124.34280723816426,104.67888133246171,226.9758069148792,147.2436277462688
HARVARD,S0127,1,stress,12,41350933,Raw,273.68112373505875,250.1697864076496,415.6446305635872,455.55398546124
HARVARD,S0127,1,stress,13,41350934,Joint Huber,6.801832751063632,5.466006802810868,13.213717244899929,10.189695107351186
HARVARD,S0127,1,stress,13,41350934,Joint OLS,23.304659800790468,19.955758757026448,40.53116769108965,37.42913352319652
HARVARD,S0127,1,stress,13,41350934,Offset-only,121.51454542111756,103.78224832273771,213.6644047790865,187.56002475806244
HARVARD,S0127,1,stress,13,41350934,Raw,262.4416284205131,238.8839378973589,396.8234087545193,328.32613633166176
HARVARD,S0127,1,stress,14,41350935,Joint Huber,5.411009931281541,4.316330028589602,10.606574507689714,5.933183622478446
HARVARD,S0127,1,stress,14,41350935,Joint OLS,15.330049963841969,12.920101786381574,27.224649894218445,22.468370790489672
HARVARD,S0127,1,stress,14,41350935,Offset-only,94.57935459310612,80.96675452932101,163.53406318086653,121.43335381710908
HARVARD,S0127,1,stress,14,41350935,Raw,314.0974000663704,300.2315192734153,441.892079756821,460.0262661209599
HARVARD,S0127,1,stress,15,41350936,Joint Huber,5.484460981923637,4.393411390293683,10.671227592210998,5.678002629608482
HARVARD,S0127,1,stress,15,41350936,Joint OLS,26.583173575884555,21.76467140596366,47.92649021453688,46.1453845710709
HARVARD,S0127,1,stress,15,41350936,Offset-only,106.95251128772524,89.86473293249085,194.14052384480505,176.21325639774685
HARVARD,S0127,1,stress,15,41350936,Raw,228.491591100679,208.6818426197492,348.8553109434415,383.1859604946936
HARVARD,S0127,1,stress,16,41350937,Joint Huber,6.375838866114232,5.152657558286161,12.301447714767026,7.494019026011891
HARVARD,S0127,1,stress,16,41350937,Joint OLS,18.25005539595314,15.52049102486764,31.928989566902068,35.79174168547477
HARVARD,S0127,1,stress,16,41350937,Offset-only,112.11621638683329,95.77362107452136,196.0894193594949,174.8384387780519
HARVARD,S0127,1,stress,16,41350937,Raw,335.93066953019115,321.7068707371774,463.86691204827207,613.6593905235072
HARVARD,S0127,1,stress,17,41350938,Joint Huber,5.204313142994286,4.160087715969253,10.15672159880028,5.467621533366884
HARVARD,S0127,1,stress,17,41350938,Joint OLS,16.21158929582756,14.170268710752987,27.448669971786767,19.27963213317745
HARVARD,S0127,1,stress,17,41350938,Offset-only,85.05011021719783,73.23845509082129,144.32820109180958,143.89633035072694
HARVARD,S0127,1,stress,17,41350938,Raw,344.94998603277094,334.2493673701356,464.2220093632883,634.2719610389796
HARVARD,S0127,1,stress,18,41350939,Joint Huber,5.679384359122757,4.5624412172487565,10.968403759775748,6.2028567690513565
HARVARD,S0127,1,stress,18,41350939,Joint OLS,15.39311470284613,13.723871929515877,25.404288521677486,20.79458149951189
HARVARD,S0127,1,stress,18,41350939,Offset-only,165.96705580231227,141.86442174809258,293.8451564079729,219.3652938396342
HARVARD,S0127,1,stress,18,41350939,Raw,490.7195587338167,460.62563811434165,706.9452850182096,799.7376540529193
HARVARD,S0127,1,stress,19,41350940,Joint Huber,5.910957485632862,4.742665009300045,11.512407018964414,6.424487193879169
HARVARD,S0127,1,stress,19,41350940,Joint OLS,12.61618679012546,10.320817776593314,23.60339129982632,22.48868430582857
HARVARD,S0127,1,stress,19,41350940,Offset-only,51.17033830676663,43.92138088174681,87.64608838143647,82.6861229628705
HARVARD,S0127,1,stress,19,41350940,Raw,380.8864378237414,375.9590697562353,442.4052319775938,519.5401531855109
HARVARD,S0127,1,stress,20,41350941,Joint Huber,5.320970158686402,4.246556216555467,10.391198725631416,5.839856827591385
HARVARD,S0127,1,stress,20,41350941,Joint OLS,15.132293477292626,13.295961627324225,25.55014063754584,24.698111647417143
HARVARD,S0127,1,stress,20,41350941,Offset-only,155.2878131049009,130.6078746275123,277.355548283583,245.14054324486432
HARVARD,S0127,1,stress,20,41350941,Raw,326.2235882572165,305.0221831829437,480.5361267428247,633.566638184053
HARVARD,S0127,1,stress,21,41350942,Joint Huber,6.03016606829871,4.819505379236512,11.857420953046296,7.079169280516719
HARVARD,S0127,1,stress,21,41350942,Joint OLS,20.711951763219883,17.334074991367224,37.42596076180771,29.554833381304974
HARVARD,S0127,1,stress,21,41350942,Offset-only,115.03646688574898,97.76386899165304,206.3565223852453,221.1487189783684
HARVARD,S0127,1,stress,21,41350942,Raw,231.5991641780276,215.6784073115934,340.50216661884286,336.6126049095727
HARVARD,S0127,1,stress,22,41350943,Joint Huber,5.515337382120576,4.423589909558467,10.690538305367523,6.091476147614381
HARVARD,S0127,1,stress,22,41350943,Joint OLS,19.076296962010503,15.919956590268107,34.74324063062691,31.354610222147407
HARVARD,S0127,1,stress,22,41350943,Offset-only,103.5457505327691,88.62290420410851,180.36517166495264,174.98688587717135
HARVARD,S0127,1,stress,22,41350943,Raw,266.6627987601412,244.58258895468825,396.681353393646,567.5996682217944
HARVARD,S0127,1,stress,23,41350944,Joint Huber,5.758766056809194,4.610410667073669,11.21047785258398,6.488856090927847
HARVARD,S0127,1,stress,23,41350944,Joint OLS,16.160892591519328,13.98836847868534,27.62419727164591,23.67427447134901
HARVARD,S0127,1,stress,23,41350944,Offset-only,89.58806532420539,76.55857820963917,154.59633300174727,114.8373113817264
HARVARD,S0127,1,stress,23,41350944,Raw,255.70797840107824,240.10107464777923,373.1809865515411,438.4792878031277
HARVARD,S0127,1,stress,24,41350945,Joint Huber,5.5415792876667975,4.429999581747622,10.824813358826194,5.669365347949643
HARVARD,S0127,1,stress,24,41350945,Joint OLS,11.8941110682373,10.113166153490395,20.89154162119851,17.942819713180636
HARVARD,S0127,1,stress,24,41350945,Offset-only,95.31137508303075,82.15279625560521,161.74146600595913,184.34860867779693
HARVARD,S0127,1,stress,24,41350945,Raw,244.93543251437524,229.7240295065197,341.1667670061355,364.1597639197032
HARVARD,S0127,1,stress,25,41350946,Joint Huber,5.67263459844709,4.537493242335143,11.019254143230484,6.113802398175328
HARVARD,S0127,1,stress,25,41350946,Joint OLS,9.346961212286889,7.65241947949143,17.623692371362942,13.163016151500935
HARVARD,S0127,1,stress,25,41350946,Offset-only,160.87050418911537,136.99099156949922,286.9012389641761,209.2168742172492
HARVARD,S0127,1,stress,25,41350946,Raw,444.2696788163042,422.2963997478042,621.016950019698,742.6258341637736
HARVARD,S0127,1,stress,26,41350947,Joint Huber,5.40687461671145,4.322954318662912,10.56045071815639,6.260460266225854
HARVARD,S0127,1,stress,26,41350947,Joint OLS,13.596503135247866,11.363148548877437,24.657653031631103,20.49348660254316
HARVARD,S0127,1,stress,26,41350947,Offset-only,62.90312917774303,54.00628069871787,107.44540733540892,162.14715991237375
HARVARD,S0127,1,stress,26,41350947,Raw,199.64506360662395,189.58949059828063,270.5025305029866,378.8586338894996
HARVARD,S0127,1,stress,27,41350948,Joint Huber,5.51340946230137,4.407621456947641,10.78087572497175,5.773312977224956
HARVARD,S0127,1,stress,27,41350948,Joint OLS,14.407284837775888,11.985830988586198,26.166489575867672,17.533329793021952
HARVARD,S0127,1,stress,27,41350948,Offset-only,92.83637185871038,79.66236331708393,158.59160953193413,172.67278117293984
HARVARD,S0127,1,stress,27,41350948,Raw,264.4684174553421,246.03752531874483,370.0655738596378,417.2558384037917
HARVARD,S0127,1,stress,28,41350949,Joint Huber,7.442658212681687,6.047652748730046,14.179355122981365,10.146593530864722
HARVARD,S0127,1,stress,28,41350949,Joint OLS,19.46597378610177,17.23979673558245,32.09030299372702,26.19791843285376
HARVARD,S0127,1,stress,28,41350949,Offset-only,135.4608051583537,116.74380577590097,230.36658373446195,170.87173108827918
HARVARD,S0127,1,stress,28,41350949,Raw,383.26156280136087,363.1359936471434,544.5399108770368,695.6599095988785
HARVARD,S0127,1,stress,29,41350950,Joint Huber,5.600997789988396,4.480740836849586,10.981190730370695,6.227447907805296
HARVARD,S0127,1,stress,29,41350950,Joint OLS,13.86557001978534,11.6753284559848,24.922504820519745,21.26335084623535
HARVARD,S0127,1,stress,29,41350950,Offset-only,131.73733890609566,111.87738648617298,231.5049714564736,192.0486404704888
HARVARD,S0127,1,stress,29,41350950,Raw,289.1531020630585,262.8893744121809,443.21301088765097,408.61930236110686
HARVARD,S0127,1,stress,30,41350951,Joint Huber,6.63156374195015,5.34742359871681,12.842721188940232,7.800326288726863
HARVARD,S0127,1,stress,30,41350951,Joint OLS,22.797783179167403,18.851130854022863,41.303905821154885,31.27155775561285
HARVARD,S0127,1,stress,30,41350951,Offset-only,53.11825745077845,45.29501290674018,92.22376118162656,87.08683115768778
HARVARD,S0127,1,stress,30,41350951,Raw,286.9545276710515,281.7842509192342,361.16176258457705,507.56833516883984
HARVARD,S0127,1,stress,31,41350952,Joint Huber,5.429043583031716,4.337495507045897,10.512989904102456,5.690882059567854
HARVARD,S0127,1,stress,31,41350952,Joint OLS,14.295522828182923,12.29288942900752,24.98506545258379,22.931707236774336
HARVARD,S0127,1,stress,31,41350952,Offset-only,97.15826291389754,83.87296885518718,162.58161968000462,151.19709784703974
HARVARD,S0127,1,stress,31,41350952,Raw,246.72021869412345,229.09991616074504,366.0693349392788,597.9627392288473
HARVARD,S0127,1,stress,32,41350953,Joint Huber,6.425309174829675,5.196831300007296,12.4045053056018,9.871968432232102
HARVARD,S0127,1,stress,32,41350953,Joint OLS,16.77123727537385,14.37906636717138,29.42453877201388,38.81230833810869
HARVARD,S0127,1,stress,32,41350953,Offset-only,94.0002401923616,78.9586335999457,168.8595436080437,166.0890359048557
HARVARD,S0127,1,stress,32,41350953,Raw,163.91597706910125,143.48409796012186,267.6860249121031,203.41700163141343
HARVARD,S0127,1,stress,33,41350954,Joint Huber,5.739268152508844,4.6043266848272175,11.187026327402986,6.270233660428332
HARVARD,S0127,1,stress,33,41350954,Joint OLS,18.175312018652363,15.358380114082683,32.35076836522537,26.94199940160484
HARVARD,S0127,1,stress,33,41350954,Offset-only,192.21622725931843,164.95474181261548,333.0871091150091,210.85709050748343
HARVARD,S0127,1,stress,33,41350954,Raw,473.9432267104633,432.1430218450414,723.3770559934868,664.8964623697167
HARVARD,S0127,1,stress,34,41350955,Joint Huber,5.963920389871305,4.803814018758507,11.521391195045716,7.262223639288921
HARVARD,S0127,1,stress,34,41350955,Joint OLS,12.45280588603779,10.4076615975854,22.54701250540392,22.9562775340728
HARVARD,S0127,1,stress,34,41350955,Offset-only,158.5266080568669,136.6291533452905,268.8309230300779,186.5159602909491
HARVARD,S0127,1,stress,34,41350955,Raw,203.4653316415512,176.55111387965331,347.8390751796151,245.84335223312115
HARVARD,S0127,1,stress,35,41350956,Joint Huber,5.506521193442147,4.4146795271082615,10.722996407204734,6.064910330837086
HARVARD,S0127,1,stress,35,41350956,Joint OLS,18.816896601350884,16.103642088393123,32.43074119096061,26.994936559467654
HARVARD,S0127,1,stress,35,41350956,Offset-only,118.78024268847172,100.9815571256963,207.69850973022628,211.7690051697971
HARVARD,S0127,1,stress,35,41350956,Raw,245.21882190596972,226.67825820074137,361.1981335187545,274.8325525996284
HARVARD,S0127,1,stress,36,41350957,Joint Huber,6.146387158449723,4.957196431237795,11.970626150453256,8.611117106819313
HARVARD,S0127,1,stress,36,41350957,Joint OLS,19.056467944009206,16.43823587901658,32.825717737084936,29.33846956690733
HARVARD,S0127,1,stress,36,41350957,Offset-only,71.55335744073719,61.65158331078777,121.00024980355953,109.90377423360192
HARVARD,S0127,1,stress,36,41350957,Raw,353.87569795364107,346.8585074193407,438.39263083049104,517.5072303085753
HARVARD,S0127,1,stress,37,41350958,Joint Huber,6.500505856682998,5.240883401777595,12.535612571467814,9.119634716495169
HARVARD,S0127,1,stress,37,41350958,Joint OLS,15.92170658230186,13.47199109214226,28.571818292518717,34.354828155964604
HARVARD,S0127,1,stress,37,41350958,Offset-only,192.1964171925034,164.55227383370126,334.3088059771296,226.85994051100755
HARVARD,S0127,1,stress,37,41350958,Raw,219.38971203881664,183.73275025350256,391.7917816914528,243.93228284281932
HARVARD,S0127,1,stress,38,41350959,Joint Huber,5.334236037347072,4.275221473598467,10.369297358885811,5.909196499312267
HARVARD,S0127,1,stress,38,41350959,Joint OLS,18.96685874636404,16.067902087260165,33.33812449591451,29.88897433750197
HARVARD,S0127,1,stress,38,41350959,Offset-only,90.40396670904776,77.67127284144581,155.00339148344747,203.71292109760765
HARVARD,S0127,1,stress,38,41350959,Raw,319.2773666588967,302.48618213179867,428.10248338127406,511.245549053601
HARVARD,S0127,1,stress,39,41350960,Joint Huber,6.601827221373437,5.297293003224691,12.848416351453553,8.549600170232276
HARVARD,S0127,1,stress,39,41350960,Joint OLS,14.281574890350212,11.93729395009533,25.93587941414024,20.878607008210253
HARVARD,S0127,1,stress,39,41350960,Offset-only,78.10467559412132,66.75619483983789,136.69852277531305,180.7570554172943
HARVARD,S0127,1,stress,39,41350960,Raw,376.8341531010346,368.21856170623903,485.7278691335237,809.0719212406775
HARVARD,S0127,1,stress,40,41350961,Joint Huber,5.478467969043481,4.386807773181081,10.694236485612407,5.794743240080171
HARVARD,S0127,1,stress,40,41350961,Joint OLS,13.178245648392226,10.97196910801788,24.217654092369447,16.00710527685201
HARVARD,S0127,1,stress,40,41350961,Offset-only,110.00628232305353,93.8263194860772,193.1921296400196,204.4990577578709
HARVARD,S0127,1,stress,40,41350961,Raw,314.7284054308637,298.8825689004161,442.3113479150271,444.5259677283702
HARVARD,S0127,1,stress,41,41350962,Joint Huber,5.17491722185307,4.120230497565545,10.183709188924798,5.344402453694717
HARVARD,S0127,1,stress,41,41350962,Joint OLS,12.577779946180035,10.9592170524549,21.47470285357196,14.899971088145117
HARVARD,S0127,1,stress,41,41350962,Offset-only,135.6708169922274,116.83805062081385,231.56557622953653,223.84281674519207
HARVARD,S0127,1,stress,41,41350962,Raw,210.70977008913025,186.3500007776472,342.91328246970585,348.95693694855373
HARVARD,S0127,1,stress,42,41350963,Joint Huber,5.45501428017436,4.370684610345235,10.575393908573004,5.6295402307590505
HARVARD,S0127,1,stress,42,41350963,Joint OLS,11.64797712601755,9.77551764542729,21.181137804855755,15.65725046344797
HARVARD,S0127,1,stress,42,41350963,Offset-only,153.61955252392028,131.50100560770002,265.69383832188606,205.6093723701938
HARVARD,S0127,1,stress,42,41350963,Raw,388.763977759573,357.7407416940871,583.666538093614,726.6092207386353
HARVARD,S0127,1,stress,43,41350964,Joint Huber,5.764522276612519,4.613500906333222,11.31631930288526,6.220873560340418
HARVARD,S0127,1,stress,43,41350964,Joint OLS,13.772483403111364,11.51845839159346,25.094954577085485,20.700522328767345
HARVARD,S0127,1,stress,43,41350964,Offset-only,118.7914999008406,101.78565926813744,206.91554592291885,163.56563555708277
HARVARD,S0127,1,stress,43,41350964,Raw,431.0418656069256,409.3563072984659,577.1454555716743,703.2199479098987
HARVARD,S0127,1,stress,44,41350965,Joint Huber,5.679006212176934,4.56022496053458,11.124996873595808,7.045809954586414
HARVARD,S0127,1,stress,44,41350965,Joint OLS,9.617430072567604,7.962014138019778,17.84030106485597,12.323820183906443
HARVARD,S0127,1,stress,44,41350965,Offset-only,76.4669892123992,65.21362416750821,136.1186856046997,189.9058846079608
HARVARD,S0127,1,stress,44,41350965,Raw,311.5364621526158,298.7142540272833,413.1395516724956,471.3574402334132
HARVARD,S0127,1,stress,45,41350966,Joint Huber,5.459021606953515,4.367876621404877,10.661635980355744,5.856949556093992
HARVARD,S0127,1,stress,45,41350966,Joint OLS,13.304293145428195,10.982950532251952,24.47691767316709,24.699504782896845
HARVARD,S0127,1,stress,45,41350966,Offset-only,100.71913615936737,85.55051836692846,176.59064514577884,171.17584857095008
HARVARD,S0127,1,stress,45,41350966,Raw,223.74353122253896,203.13505790060287,327.7987433499289,430.2769838785279
HARVARD,S0127,1,stress,46,41350967,Joint Huber,5.61657619048014,4.482665697214548,10.971000596954642,6.523998701468297
HARVARD,S0127,1,stress,46,41350967,Joint OLS,13.42202055111726,11.171909556054173,24.679027910654757,16.91151263786974
HARVARD,S0127,1,stress,46,41350967,Offset-only,147.1382537325365,126.78480780062318,248.87277682571573,168.65741566453784
HARVARD,S0127,1,stress,46,41350967,Raw,468.0223625441913,444.5986354861283,643.5687827549799,747.959843902584
HARVARD,S0127,1,stress,47,41350968,Joint Huber,6.0923813537309215,4.889377365425897,11.844053499074292,7.159814433094432
HARVARD,S0127,1,stress,47,41350968,Joint OLS,16.76376947921392,15.145864500383418,26.72161032841549,20.640852131418235
HARVARD,S0127,1,stress,47,41350968,Offset-only,116.15735689823704,99.19560413104956,203.3035809222051,189.1581477530071
HARVARD,S0127,1,stress,47,41350968,Raw,259.2252144213741,232.5525293290656,389.53297738114793,382.96766433213577
HARVARD,S0127,1,stress,48,41350969,Joint Huber,6.091555821303906,4.900617178669637,11.803428417632755,7.336568353571871
HARVARD,S0127,1,stress,48,41350969,Joint OLS,18.787969930687005,15.568973441738695,34.35844569431863,26.669796034268096
HARVARD,S0127,1,stress,48,41350969,Offset-only,81.82346208885296,69.7166208443077,143.95016589170365,180.18378247788087
HARVARD,S0127,1,stress,48,41350969,Raw,289.77555108042395,274.1860439079242,385.27858086080784,491.5163232072219
HARVARD,S0127,1,stress,49,41350970,Joint Huber,6.098716341478021,4.901715038522636,11.869484029436173,7.430904605599021
HARVARD,S0127,1,stress,49,41350970,Joint OLS,15.91392504358362,13.831045867498084,27.043265419357358,26.590756290739616
HARVARD,S0127,1,stress,49,41350970,Offset-only,172.84223405235986,148.09865644700153,300.36279793049835,199.40316852124468
HARVARD,S0127,1,stress,49,41350970,Raw,607.2796383974572,580.4784092519715,837.5728732945561,853.9480452664086
