reference,condition,seed,n_observations,n_parameters,rank_A,identifiable,sigma_min_weighted_A,condition_number_weighted_A,iterations,converged,solver_failure,status,final_relative_parameter_change,rmse_ms,mae_ms,p95_abs_error_ms,gamma_rmse_ppm,kappa_rmse_ms,replicate
REF_EVENT,reference_clean,23260821,144,34,34,True,0.695199982861324,483.718676172308,12,True,False,ok,8.72577710067435e-11,0.112119768825565,0.0902267426051245,0.217629621787374,0.920290790258886,0.0842827683305638,0
REF_EVENT,reference_systematically_contaminated,23260821,144,34,34,True,0.245328081465816,1381.92165630274,14,True,False,ok,6.61621869380294e-11,10.7361132813798,8.49727005699748,19.0736315305045,308.211153015094,18.3857947472293,0
EEG,reference_clean,23260821,144,34,34,True,0.716725392943654,467.682081783865,12,True,False,ok,7.78118847494469e-11,0.115172042317483,0.0919432503028296,0.226143605975915,1.32814143314698,0.103999329156088,0
EEG,reference_systematically_contaminated,23260821,144,34,34,True,0.247853063820677,1367.8405749152,19,True,False,ok,8.57757215475903e-11,10.8302123748226,8.57117650478867,19.2531548936531,312.043777807095,18.6265109900757,0
PPG,reference_clean,23260821,144,34,34,True,0.700324408131706,480.17983081918,12,True,False,ok,9.55335525822928e-11,0.114361241707388,0.0916455842468994,0.226447574400357,1.3971645030226,0.0851116469239542,0
PPG,reference_systematically_contaminated,23260821,144,34,34,True,0.243000029151066,1395.16111195956,18,True,False,ok,9.57163433007082e-11,10.8055268710275,8.52743952483133,19.2987728710854,311.984657109934,18.6877883179844,0
EDA,reference_clean,23260821,144,34,34,True,0.717273700888455,468.834501216026,13,True,False,ok,4.49637705146273e-11,0.106606534746126,0.0854458547306851,0.208561551552933,0.828804249778725,0.0601595861663644,0
EDA,reference_systematically_contaminated,23260821,144,34,34,True,0.246194306900695,1374.07036756029,15,True,False,ok,5.49640888248995e-11,10.7549318218459,8.49305959240594,19.2383947424088,309.936753941784,18.5124772876191,0
IMU,reference_clean,23260821,144,34,34,True,0.683986635913385,491.650950420046,13,True,False,ok,4.62471511581815e-11,0.109501918271223,0.0876791147791168,0.210238507489535,1.00037015414441,0.060687459889588,0
IMU,reference_systematically_contaminated,23260821,144,34,34,True,0.244036676066268,1388.57137631309,16,True,False,ok,8.46842482519635e-11,10.6333676308565,8.40521698952971,18.8290757192143,307.068861124016,18.2368784788798,0
HMD,reference_clean,23260821,144,34,34,True,0.698975416417592,481.107177132638,12,True,False,ok,8.57158755711213e-11,0.112666787612236,0.0899597052732893,0.214847355903602,1.37819801849562,0.101480202093936,0
HMD,reference_systematically_contaminated,23260821,144,34,34,True,0.243756662973649,1389.91415769483,15,True,False,ok,5.88536164773273e-11,10.8278816661977,8.5942411753528,19.177756141228,309.744353804342,18.198200483071,0
REF_EVENT,reference_clean,23260822,144,34,34,True,0.678044381778703,495.577738976864,8,True,False,ok,4.27290142842879e-11,0.110568372183549,0.0888049409149625,0.211612785819426,0.992329909001007,0.0909956947553063,1
REF_EVENT,reference_systematically_contaminated,23260822,144,34,34,True,0.240777589931781,1400.15499998445,14,True,False,ok,8.88417651761012e-11,11.0656378590582,8.78710019340732,19.7296327547324,320.465006115977,19.2238339109721,1
EEG,reference_clean,23260822,144,34,34,True,0.706328906627356,475.73245595628,7,True,False,ok,6.43257740597971e-11,0.112986830003147,0.0904948073696264,0.222394572777063,1.40195539958589,0.0820182765292847,1
EEG,reference_systematically_contaminated,23260822,144,34,34,True,0.239437963435527,1407.96643630823,15,True,False,ok,4.77751876332492e-11,11.1370436168682,8.81393418893768,19.7684450463221,321.047379600897,19.2015119444566,1
PPG,reference_clean,23260822,144,34,34,True,0.709586522029225,473.548177499337,7,True,False,ok,6.82292403651672e-11,0.105767798053759,0.0854950461076386,0.20821418413135,0.840975769448472,0.050252202184161,1
PPG,reference_systematically_contaminated,23260822,144,34,34,True,0.240672043402446,1402.9772422245,19,True,False,ok,8.69582881764665e-11,10.8863279696709,8.58906432089974,19.5431583369036,317.523039960735,19.0506005810801,1
EDA,reference_clean,23260822,144,34,34,True,0.682180540145553,492.572470414096,7,True,False,ok,7.22710512334543e-11,0.109190217984069,0.0875867086849129,0.211124365204895,1.13743341613241,0.069132036234314,1
EDA,reference_systematically_contaminated,23260822,144,34,34,True,0.239733057858894,1399.06161503722,14,True,False,ok,4.80878188745641e-11,11.1192850954329,8.83353659795707,19.781060260331,320.402078397115,19.2588180545668,1
IMU,reference_clean,23260822,144,34,34,True,0.689927688920415,487.042205384174,7,True,False,ok,6.70863312115654e-11,0.111128565592704,0.0897555014951181,0.214734395379246,1.00464880564447,0.0499495180192188,1
IMU,reference_systematically_contaminated,23260822,144,34,34,True,0.239940765215365,1407.61802687847,12,True,False,ok,4.08076532413189e-11,10.9754883654209,8.66024572198985,19.5986005761086,318.380761869082,19.0949605458711,1
HMD,reference_clean,23260822,144,34,34,True,0.686657406728282,485.315416817023,7,True,False,ok,8.98940691244499e-11,0.105974897737695,0.0856792589316857,0.207126986024499,0.808588770523109,0.0483704397967348,1
HMD,reference_systematically_contaminated,23260822,144,34,34,True,0.239808980961422,1400.05841299827,18,True,False,ok,7.03360449700394e-11,11.042931418955,8.7630314701733,19.5234620211939,318.519420517945,19.1778567871888,1
REF_EVENT,reference_clean,23260823,144,34,34,True,0.708300276998713,476.2962283448,9,True,False,ok,9.95820530727379e-11,0.107315336466703,0.085713756290545,0.212802322690919,0.753913581562272,0.0647688464628724,2
REF_EVENT,reference_systematically_contaminated,23260823,144,34,34,True,0.244790676687323,1383.34417054878,15,True,False,ok,6.13732934547289e-11,10.7528030335494,8.45871711944585,19.3962731593134,313.624254019906,19.3752084795749,2
EEG,reference_clean,23260823,144,34,34,True,0.675032696227732,502.429076824298,10,True,False,ok,7.79460741627942e-11,0.110412214314421,0.0879751532487119,0.214537901688772,0.765685004803088,0.0805266328164695,2
EEG,reference_systematically_contaminated,23260823,144,34,34,True,0.246706746850124,1374.98222744658,14,True,False,ok,3.48401176420528e-11,10.9976851276512,8.65853330064822,19.6039227210944,317.970633447272,19.8263427156419,2
PPG,reference_clean,23260823,144,34,34,True,0.708608546098846,478.62257832321,10,True,False,ok,4.87786387073525e-11,0.109329973664883,0.0876367693291962,0.213835031749099,0.621999674188838,0.0399633973436737,2
PPG,reference_systematically_contaminated,23260823,144,34,34,True,0.246632817122956,1376.7079747842,13,True,False,ok,6.32328669716289e-11,10.7462957324303,8.45725495100225,19.3482095698755,312.729271460741,19.3059502387563,2
EDA,reference_clean,23260823,144,34,34,True,0.714877710614078,474.425274353864,10,True,False,ok,5.47537346790055e-11,0.104154588483475,0.0831690686073885,0.199259387146178,0.487772226460648,0.0446403206687649,2
EDA,reference_systematically_contaminated,23260823,144,34,34,True,0.24522388006017,1383.29665100071,17,True,False,ok,6.50088879117967e-11,11.0454780038813,8.7577481660249,19.4686720075516,314.865698562287,19.5084623445527,2
IMU,reference_clean,23260823,144,34,34,True,0.715666474954006,473.902390663978,10,True,False,ok,8.39877441218723e-11,0.105795030112728,0.0847583704786287,0.208270775745945,0.714006326006654,0.0505560907782065,2
IMU,reference_systematically_contaminated,23260823,144,34,34,True,0.243231151407528,1394.6296343649,14,True,False,ok,6.92771120030221e-11,10.943628877636,8.62032300759858,19.4988360887785,314.640173482792,19.604518443238,2
HMD,reference_clean,23260823,144,34,34,True,0.697026689735521,486.575442826444,9,True,False,ok,9.92190233572502e-11,0.103662874221447,0.0828629762993114,0.199432696001267,0.460389404688756,0.0391228977122697,2
HMD,reference_systematically_contaminated,23260823,144,34,34,True,0.243197983068426,1394.81983973966,14,True,False,ok,9.32430168529665e-11,10.8820861246021,8.54872970035493,19.6253444918414,317.433522384211,19.6345799741722,2
REF_EVENT,reference_clean,23260824,144,34,34,True,0.720736983925857,468.195876520037,7,True,False,ok,4.91619778719127e-11,0.108105221641402,0.0867443963337667,0.210459015084297,1.20236325352482,0.0719058466271413,3
REF_EVENT,reference_systematically_contaminated,23260824,144,34,34,True,0.250053576761094,1352.11308173302,14,True,False,ok,6.59973647736441e-11,10.8235891469355,8.62680634395874,19.1939999522232,308.767527951456,18.0386949280519,3
EEG,reference_clean,23260824,144,34,34,True,0.711985692961124,475.85180152095,7,True,False,ok,4.18412730787543e-11,0.101797907014132,0.0817754991661033,0.19695128797812,0.620525929480606,0.0386298009852979,3
EEG,reference_systematically_contaminated,23260824,144,34,34,True,0.246662937644567,1374.0389607967,14,True,False,ok,2.77028793304983e-11,10.880185987368,8.69375415082556,19.2583950495395,310.243158518241,18.144783388274,3
PPG,reference_clean,23260824,144,34,34,True,0.720018510303555,470.543188535071,7,True,False,ok,4.09683067518055e-11,0.102210208979684,0.0816022292159106,0.20064380025957,0.647266751632434,0.0366780519391439,3
PPG,reference_systematically_contaminated,23260824,144,34,34,True,0.248337822215172,1364.77192187507,14,True,False,ok,5.00511128625921e-11,10.9661338159159,8.74216965962321,19.4029220050929,312.356766635608,18.2101526665269,3
EDA,reference_clean,23260824,144,34,34,True,0.718772331171396,471.358998540567,7,True,False,ok,4.14989407909435e-11,0.101686982653828,0.0816619465810666,0.19539372710744,0.607253336530496,0.0379535429014366,3
EDA,reference_systematically_contaminated,23260824,144,34,34,True,0.246588781743604,1374.44182396931,13,True,False,ok,6.43303278522258e-11,10.9122234124406,8.67869059577449,19.3327501600922,311.92597020022,18.3819545658891,3
IMU,reference_clean,23260824,144,34,34,True,0.691244497585942,490.130327136754,7,True,False,ok,4.63081114939526e-11,0.10533501834414,0.0843004291639921,0.20638942750324,0.953489815013499,0.0633769097689558,3
IMU,reference_systematically_contaminated,23260824,144,34,34,True,0.243317637356379,1391.46291185809,13,True,False,ok,4.41268297920814e-11,11.065163363091,8.8411522763347,19.3508670771395,312.857558748768,18.4265360462096,3
HMD,reference_clean,23260824,144,34,34,True,0.71838754889505,471.611374073661,7,True,False,ok,5.99576546219351e-11,0.102773262242788,0.0824001882677812,0.203569148055749,0.710521055907287,0.0464709881529918,3
HMD,reference_systematically_contaminated,23260824,144,34,34,True,0.244726065823623,1384.80199746418,15,True,False,ok,7.12007267982337e-11,11.0487983797758,8.82770491879115,19.4043348366847,313.204483417502,18.3263498683498,3
REF_EVENT,reference_clean,23260825,144,34,34,True,0.705861117360895,473.92974807771,10,True,False,ok,6.32975581187955e-11,0.112144551381077,0.0891401256513755,0.221595746483949,0.158320884526572,0.0575698114152428,4
REF_EVENT,reference_systematically_contaminated,23260825,144,34,34,True,0.244744624440763,1373.72732680231,15,True,False,ok,4.95108072997167e-11,10.848861870573,8.56887339899217,19.484363962698,313.298212976491,18.4673239526706,4
EEG,reference_clean,23260825,144,34,34,True,0.698284680999407,479.071765373553,10,True,False,ok,5.33084197038365e-11,0.103661620434096,0.0820499954432396,0.205429744911712,0.145863265290436,0.0353226478348768,4
EEG,reference_systematically_contaminated,23260825,144,34,34,True,0.243587880108668,1376.84492822167,14,True,False,ok,7.37642893150724e-11,10.8877745257173,8.61235231831705,19.5689706656538,312.985003367437,18.5055968123355,4
PPG,reference_clean,23260825,144,34,34,True,0.70693596612534,473.209037315269,10,True,False,ok,6.46335710418764e-11,0.107622521570686,0.0852008148605868,0.208643997248004,0.25570358682865,0.0568585746291291,4
PPG,reference_systematically_contaminated,23260825,144,34,34,True,0.244007975219221,1377.56310881261,15,True,False,ok,7.4349902814529e-11,10.9150684386493,8.6251791106608,19.6050618357617,314.209671601637,18.468289342092,4
EDA,reference_clean,23260825,144,34,34,True,0.708509671471722,472.158022843521,10,True,False,ok,5.99352309825788e-11,0.107025721235933,0.0847317510490264,0.207763230701374,0.160392095635457,0.0496263045646589,4
EDA,reference_systematically_contaminated,23260825,144,34,34,True,0.244244923824053,1372.74060901664,18,True,False,ok,6.72028829847759e-11,10.8455827270105,8.58808224575274,19.3866506093669,313.325910654179,18.364630201236,4
IMU,reference_clean,23260825,144,34,34,True,0.687500240618727,486.58589347318,11,True,False,ok,5.76719753971363e-11,0.103261848788987,0.0816681200542839,0.203510716973199,0.132955743951802,0.0345067651392757,4
IMU,reference_systematically_contaminated,23260825,144,34,34,True,0.243491475159658,1378.4417342714,13,True,False,ok,9.48875755278061e-11,10.9090154782889,8.63473367929171,19.6044641298118,314.54341987109,18.7153623021021,4
HMD,reference_clean,23260825,144,34,34,True,0.709306298598954,470.449491399666,10,True,False,ok,5.79883202506936e-11,0.106123011625041,0.0841430964856804,0.209344406980705,0.224309251822005,0.0466363147589389,4
HMD,reference_systematically_contaminated,23260825,144,34,34,True,0.242557671123752,1381.42578180181,16,True,False,ok,6.67643098270855e-11,10.947797676818,8.65760618404692,19.6513106260376,314.791144945987,18.4759671281699,4
REF_EVENT,reference_clean,23260826,144,34,34,True,0.717785085266301,473.733156797175,12,True,False,ok,8.02660397657956e-11,0.101589864240927,0.0817980446631357,0.199762530488812,0.4282060773074,0.0286491264787085,5
REF_EVENT,reference_systematically_contaminated,23260826,144,34,34,True,0.240243917032347,1408.66607986993,14,True,False,ok,4.0548885432141e-11,10.905662221618,8.63350032984552,19.2736956474707,312.756531213847,19.1818791670815,5
EEG,reference_clean,23260826,144,34,34,True,0.713842760852642,476.349703194553,11,True,False,ok,9.6578899493745e-11,0.104581859289738,0.083842837130745,0.200503854861722,0.432184632507844,0.0399190424026885,5
EEG,reference_systematically_contaminated,23260826,144,34,34,True,0.241926243617135,1399.12893620345,13,True,False,ok,8.48431077160134e-11,10.7509756816723,8.50348660600609,19.1695302606119,313.522320458818,19.0951312764107,5
PPG,reference_clean,23260826,144,34,34,True,0.71796391797297,471.957150330034,12,True,False,ok,6.70791841639849e-11,0.10380313306664,0.0835202290468827,0.202336868857955,0.669681963205004,0.0352382393542067,5
PPG,reference_systematically_contaminated,23260826,144,34,34,True,0.242169000996186,1399.23269743787,16,True,False,ok,9.61181433969415e-11,10.8279290188937,8.60091762287473,19.2943489319892,312.78719198359,19.0946656893169,5
EDA,reference_clean,23260826,144,34,34,True,0.701042560114906,485.047022458746,12,True,False,ok,6.4861510613646e-11,0.104757498939317,0.0842874562492463,0.207027438545282,0.617318125074195,0.0569966328616589,5
EDA,reference_systematically_contaminated,23260826,144,34,34,True,0.241937373360828,1405.18461334175,13,True,False,ok,6.5273861701455e-11,10.8638203117752,8.59374769518453,19.2983045474198,312.654013847621,19.099992881784,5
IMU,reference_clean,23260826,144,34,34,True,0.712854737938676,477.009676719468,12,True,False,ok,6.44141142090496e-11,0.105202427916348,0.0841833344147271,0.211391357590429,0.870416515476267,0.0451681532292985,5
IMU,reference_systematically_contaminated,23260826,144,34,34,True,0.245667995884163,1384.42234300931,12,True,False,ok,8.30979875925212e-11,10.759919845368,8.55372205261747,19.0653110039256,311.146443140122,19.0620179599014,5
HMD,reference_clean,23260826,144,34,34,True,0.704490775340786,482.67261927016,12,True,False,ok,6.6139276050996e-11,0.101697568545751,0.0817976325632092,0.201511139072252,0.461175225043691,0.0297890561144078,5
HMD,reference_systematically_contaminated,23260826,144,34,34,True,0.240223222485346,1409.29760513384,13,True,False,ok,8.98630722959477e-11,10.8394825476666,8.57914307511354,19.1901942260725,313.36093510248,19.1970524372846,5
REF_EVENT,reference_clean,23260827,144,34,34,True,0.688924834460929,489.891225408015,8,True,False,ok,7.83471583229499e-11,0.104772606742019,0.0833483264075008,0.206599370659433,0.657733594409922,0.0272194108347034,6
REF_EVENT,reference_systematically_contaminated,23260827,144,34,34,True,0.243590927674487,1390.18597070078,15,True,False,ok,5.75707551481443e-11,10.9382627581303,8.64896787026431,19.4999271645911,315.889338675193,19.6670379300589,6
EEG,reference_clean,23260827,144,34,34,True,0.688738688473179,491.3147443949,9,True,False,ok,5.81975727750566e-11,0.103704867899738,0.0824239472281152,0.202084438480865,0.426296544933801,0.0262217611138149,6
EEG,reference_systematically_contaminated,23260827,144,34,34,True,0.237394957132179,1426.26694425141,21,True,False,ok,6.93211694798338e-11,11.0446673041461,8.76124166996036,19.6030939448931,316.319909391679,19.7918622502736,6
PPG,reference_clean,23260827,144,34,34,True,0.698613022402199,484.370612117715,8,True,False,ok,5.2624994352229e-11,0.103825397046922,0.0830639215447474,0.204570499590506,0.413813576017919,0.0291246302337225,6
PPG,reference_systematically_contaminated,23260827,144,34,34,True,0.246016497418592,1376.33670531777,14,True,False,ok,6.00401024618621e-11,11.1447719109088,8.8061715871026,19.7990273669439,318.668873339074,19.8136899508484,6
EDA,reference_clean,23260827,144,34,34,True,0.687072908960016,492.5061308595,8,True,False,ok,5.94466411460642e-11,0.107306746544846,0.0857355876732292,0.212329531796485,0.556247736840808,0.0238364426069047,6
EDA,reference_systematically_contaminated,23260827,144,34,34,True,0.24254202046509,1396.59366051886,15,True,False,ok,7.44607060074601e-11,11.0724104796085,8.7481849532333,19.7052381411694,316.552360855019,19.7415019760802,6
IMU,reference_clean,23260827,144,34,34,True,0.685407770863312,493.702643497693,8,True,False,ok,5.5859213289896e-11,0.106554654859219,0.0851284136967469,0.207890105962605,0.888026339920563,0.0420174603667735,6
IMU,reference_systematically_contaminated,23260827,144,34,34,True,0.243255686801891,1392.47008949435,13,True,False,ok,6.67972571866135e-11,11.0146891841101,8.71028540905175,19.5330539104077,314.556064360058,19.6428756787944,6
HMD,reference_clean,23260827,144,34,34,True,0.693066958756964,488.246663980734,8,True,False,ok,5.36687144417965e-11,0.106579642877694,0.084700847525437,0.207881023913359,0.413878468614961,0.0397608032965049,6
HMD,reference_systematically_contaminated,23260827,144,34,34,True,0.241098439686173,1404.40209201594,19,True,False,ok,7.05569980886139e-11,10.891317902219,8.56161459459721,19.5281639856363,316.48626102563,19.88498323607,6
REF_EVENT,reference_clean,23260828,144,34,34,True,0.697692850933612,482.453101600892,13,True,False,ok,9.61671286086054e-11,0.107628997796864,0.0863949868260468,0.208516689900762,0.851979832797143,0.0502183455423093,7
REF_EVENT,reference_systematically_contaminated,23260828,144,34,34,True,0.244900060184443,1380.4315825549,20,True,False,ok,8.8263194598051e-11,10.8708502655301,8.60640580309492,19.6861317865101,316.140612403973,18.2927412462361,7
EEG,reference_clean,23260828,144,34,34,True,0.692453508093114,486.102760673612,14,True,False,ok,6.19892912595277e-11,0.11159446800541,0.089246166966876,0.224692356622569,1.05503241890416,0.0828322882057262,7
EEG,reference_systematically_contaminated,23260828,144,34,34,True,0.244008510009966,1384.04131575778,13,True,False,ok,7.4461819278904e-11,10.8050810558008,8.52440259451611,19.6146886077059,317.462528065919,18.4253860656787,7
PPG,reference_clean,23260828,144,34,34,True,0.69007004153066,487.78163925789,14,True,False,ok,6.11748797428267e-11,0.120774389707633,0.0960380438530994,0.237623666696862,0.914707030142372,0.0459230587353864,7
PPG,reference_systematically_contaminated,23260828,144,34,34,True,0.244446562399069,1379.10237856004,17,True,False,ok,7.65193049391225e-11,10.951933250549,8.66026235115249,19.7377636628737,316.902859126733,18.2515781614391,7
EDA,reference_clean,23260828,144,34,34,True,0.708728483634682,473.278313210717,13,True,False,ok,8.69502834307471e-11,0.107948004386425,0.085941899991265,0.214275349358495,0.904439244604435,0.0582718635584487,7
EDA,reference_systematically_contaminated,23260828,144,34,34,True,0.240585861243676,1400.7887350702,19,True,False,ok,9.38747962632026e-11,10.9633937589704,8.67990633000061,19.7677839727881,315.83917818152,18.2022927785426,7
IMU,reference_clean,23260828,144,34,34,True,0.706548195175608,476.405603880381,14,True,False,ok,6.8000951377216e-11,0.112868766670683,0.0907317578340487,0.213552961406549,0.951382712345954,0.0440099249518878,7
IMU,reference_systematically_contaminated,23260828,144,34,34,True,0.244064687906198,1380.63099770422,17,True,False,ok,9.02384263299587e-11,10.9144872157658,8.62472994532798,19.5895981911981,315.378573269626,18.3093438736696,7
HMD,reference_clean,23260828,144,34,34,True,0.707947584488676,475.464091792061,13,True,False,ok,9.23760072131172e-11,0.110021193174056,0.0881509670522641,0.213380407515373,1.0774862110576,0.0718725311335852,7
HMD,reference_systematically_contaminated,23260828,144,34,34,True,0.245347688514896,1378.71810717076,12,True,False,ok,8.25859081118104e-11,10.9306024587825,8.66783372030591,19.6446071985793,315.45082655631,18.1945418526806,7
REF_EVENT,reference_clean,23260829,144,34,34,True,0.70398765774987,475.832293496713,11,True,False,ok,7.57912832050484e-11,0.107329271716599,0.0854853847027116,0.209854326196801,0.765442071066003,0.0491591267625153,8
REF_EVENT,reference_systematically_contaminated,23260829,144,34,34,True,0.242870196265383,1388.75663292228,13,True,False,ok,5.28678026662955e-11,11.1869487105566,8.83346703387428,19.9225565644852,325.093899982915,19.1447058837464,8
EEG,reference_clean,23260829,144,34,34,True,0.718019822003526,466.533161054441,11,True,False,ok,5.89783734176796e-11,0.112750098396042,0.0901845541517091,0.219925754623596,1.35948823871577,0.0856202668556767,8
EEG,reference_systematically_contaminated,23260829,144,34,34,True,0.2435501389662,1385.0688458174,13,True,False,ok,6.11292573369322e-11,11.2755734974831,8.89533083686879,20.0447618214024,326.669557354006,19.2272454768401,8
PPG,reference_clean,23260829,144,34,34,True,0.671272641863595,499.022496447165,11,True,False,ok,6.1278136247169e-11,0.107987556194887,0.08613508156151,0.212911216415179,0.843155400431143,0.0494176540497953,8
PPG,reference_systematically_contaminated,23260829,144,34,34,True,0.243326570297605,1386.00683651675,13,True,False,ok,3.2142058826479e-11,11.1254105188784,8.8024885215124,19.9051052201824,323.332727799179,18.9807858422458,8
EDA,reference_clean,23260829,144,34,34,True,0.695100806301991,471.556125862917,11,True,False,ok,6.91895778354335e-11,0.107526945718639,0.085701660085166,0.209550755323917,0.78961784966376,0.0521987848870289,8
EDA,reference_systematically_contaminated,23260829,144,34,34,True,0.243236408356567,1377.64148200471,14,True,False,ok,5.66475290019153e-11,11.1740690720241,8.82600657229947,19.8537523842909,322.648011047092,18.8994819825765,8
IMU,reference_clean,23260829,144,34,34,True,0.708319922382987,472.921935587698,11,True,False,ok,5.52583480021221e-11,0.112640270585352,0.0894149376357126,0.223588747752235,0.988587017840961,0.0758954485257053,8
IMU,reference_systematically_contaminated,23260829,144,34,34,True,0.242960275436408,1387.83573708804,13,True,False,ok,4.20148346203874e-11,11.0423673647895,8.73254253058897,19.6771637007225,321.766757471796,18.8594980514084,8
HMD,reference_clean,23260829,144,34,34,True,0.697720881898918,480.105402322796,11,True,False,ok,6.19510734723567e-11,0.117369170843603,0.0934842435364633,0.22789806184953,1.44370255962886,0.0780553300573029,8
HMD,reference_systematically_contaminated,23260829,144,34,34,True,0.243012542354664,1391.47292020812,12,True,False,ok,7.82931743430357e-11,11.1269671607837,8.81306280817654,19.8737107763302,323.003419413884,19.004630022567,8
REF_EVENT,reference_clean,23260830,144,34,34,True,0.718651677949275,471.943844452326,10,True,False,ok,8.88053140757162e-11,0.110439442308802,0.0879333763434124,0.211657002874066,1.08383036346872,0.06113522314949,9
REF_EVENT,reference_systematically_contaminated,23260830,144,34,34,True,0.24290737939755,1395.77180475551,14,True,False,ok,8.63189227160093e-11,11.0604253266006,8.77392324209364,19.6501044321554,319.257345519789,19.4857631965594,9
EEG,reference_clean,23260830,144,34,34,True,0.713996502656558,475.020867279598,10,True,False,ok,7.29735880224019e-11,0.111724490666765,0.0880443010456821,0.221137983185504,1.43138349537541,0.0892494518166713,9
EEG,reference_systematically_contaminated,23260830,144,34,34,True,0.244695933636127,1386.71469547646,15,True,False,ok,8.67072863164821e-11,10.9062900988485,8.6568022838667,19.5415513993574,317.200743410976,19.4646722015605,9
PPG,reference_clean,23260830,144,34,34,True,0.716646410601823,470.121819289565,10,True,False,ok,7.79774722950205e-11,0.117637534546826,0.094421516972615,0.224053142091662,1.72139036838463,0.115403158392017,9
PPG,reference_systematically_contaminated,23260830,144,34,34,True,0.241825420040331,1399.1494954094,14,True,False,ok,8.25404450179702e-11,11.0690474769041,8.79735265815674,19.6559231171979,321.071572666131,19.570887989419,9
EDA,reference_clean,23260830,144,34,34,True,0.679049800723752,499.467370381249,10,True,False,ok,8.40422655041158e-11,0.116032917794049,0.0914898898502344,0.226674926724968,0.97343423942692,0.0820651681637492,9
EDA,reference_systematically_contaminated,23260830,144,34,34,True,0.240614687311244,1402.59249436953,13,True,False,ok,6.45198540210029e-11,10.8922092249254,8.63130252432518,19.5741286232171,317.45329257297,19.4556404447096,9
IMU,reference_clean,23260830,144,34,34,True,0.70589989121249,480.469285299033,10,True,False,ok,8.25238504220425e-11,0.119933488860982,0.0954416868742425,0.234655424983998,1.62340451600116,0.0741330471638004,9
IMU,reference_systematically_contaminated,23260830,144,34,34,True,0.239751921234732,1411.99700234546,15,True,False,ok,6.05173835669671e-11,11.1014672163335,8.8010841309372,19.7089778577573,322.487875194271,19.6694693476688,9
HMD,reference_clean,23260830,144,34,34,True,0.714275477961587,474.835310612864,10,True,False,ok,7.90104611233566e-11,0.109804998609556,0.088081382353717,0.210248652485845,1.1327456999768,0.0836082988458431,9
HMD,reference_systematically_contaminated,23260830,144,34,34,True,0.242019390781119,1398.46573502476,18,True,False,ok,6.03954450392536e-11,11.039089712559,8.77448270045367,19.7410120732776,321.103338499092,19.7029157296428,9
REF_EVENT,reference_clean,23260831,144,34,34,True,0.695792864712628,473.520009797965,12,True,False,ok,8.34834631876077e-11,0.117525917435873,0.0940034126612739,0.230707246137563,1.47499488098992,0.130266951229439,10
REF_EVENT,reference_systematically_contaminated,23260831,144,34,34,True,0.24064511641833,1394.57322949018,18,True,False,ok,5.55455189342668e-11,10.9089690494606,8.5633922980651,19.7489832077602,320.827274463411,19.104139758282,10
EEG,reference_clean,23260831,144,34,34,True,0.645815897713296,510.165956947779,13,True,False,ok,6.65393295149171e-11,0.106344872087141,0.0848443693537456,0.20883132985503,0.967537156347962,0.0782357494785657,10
EEG,reference_systematically_contaminated,23260831,144,34,34,True,0.239230144630485,1397.25372759953,14,True,False,ok,6.20720997926986e-11,11.0008380607574,8.64693464585826,19.8564917671088,323.71386443058,19.3610044157979,10
PPG,reference_clean,23260831,144,34,34,True,0.706815185994474,466.137644408772,13,True,False,ok,7.01225350412812e-11,0.108701053909186,0.0862649733077677,0.217852963683818,0.833028380083413,0.0655837724486006,10
PPG,reference_systematically_contaminated,23260831,144,34,34,True,0.2386421223055,1411.46441051703,14,True,False,ok,5.81450501539366e-11,10.8824760377128,8.54935859043505,19.8177180039484,320.501993329223,19.1599098513632,10
EDA,reference_clean,23260831,144,34,34,True,0.705080178903663,467.284900995922,13,True,False,ok,7.1685127106552e-11,0.105125835295318,0.0838339907847647,0.208784637328918,0.808038598248102,0.0644770466037372,10
EDA,reference_systematically_contaminated,23260831,144,34,34,True,0.236719315729645,1403.66906616745,17,True,False,ok,8.78638437946169e-11,10.8840427764166,8.55984637253184,19.7551854025122,320.830467128108,19.0193457616895,10
IMU,reference_clean,23260831,144,34,34,True,0.70669940835459,466.18389177683,12,True,False,ok,9.18055034987636e-11,0.114423296151042,0.0914518082433762,0.225228773115305,1.46112097343933,0.093666543334499,10
IMU,reference_systematically_contaminated,23260831,144,34,34,True,0.241054972938975,1397.40378663721,13,True,False,ok,8.83860226855979e-11,10.8464011438444,8.51766388567263,19.6370338538224,318.312132718033,19.0060229967266,10
HMD,reference_clean,23260831,144,34,34,True,0.709205903367639,464.564218844491,12,True,False,ok,8.49408102046062e-11,0.112587695656146,0.0894438171942149,0.219813740277885,1.0515682882267,0.0954749324267446,10
HMD,reference_systematically_contaminated,23260831,144,34,34,True,0.239143035707591,1398.59926333111,13,True,False,ok,6.99077537873916e-11,10.8960725889275,8.53202669671451,19.7793694528478,321.063411280607,19.0332310195296,10
REF_EVENT,reference_clean,23260832,144,34,34,True,0.707604627314964,468.798054915047,16,True,False,ok,7.54103787735767e-11,0.103460059909064,0.0829243218286025,0.198319712632422,0.471725094575621,0.0305746473775526,11
REF_EVENT,reference_systematically_contaminated,23260832,144,34,34,True,0.241335241528144,1405.32475095993,16,True,False,ok,9.56355213767821e-11,11.3442480663323,9.00310620466001,19.9737776221652,324.346973405589,19.7000070439622,11
EEG,reference_clean,23260832,144,34,34,True,0.709670301237224,472.872764674933,16,True,False,ok,6.94868023761781e-11,0.104339548001102,0.0834531482633808,0.200514738391444,0.59601102566553,0.0237829871108207,11
EEG,reference_systematically_contaminated,23260832,144,34,34,True,0.243261885041827,1395.77482416732,12,True,False,ok,9.31853608895437e-11,11.4070445665739,9.04754949635921,20.0584226470834,324.380931221397,19.7124089560379,11
PPG,reference_clean,23260832,144,34,34,True,0.694993923861079,482.857433735802,16,True,False,ok,7.49236945087706e-11,0.107868757466173,0.0867311945694054,0.205484705809766,0.992221911777471,0.0498551448547885,11
PPG,reference_systematically_contaminated,23260832,144,34,34,True,0.242943500206693,1397.20451681063,12,True,False,ok,5.97850720805198e-11,11.3451519938457,9.01203410546149,19.989950909111,322.923418791786,19.7195792248988,11
EDA,reference_clean,23260832,144,34,34,True,0.705825714552709,475.447525004451,16,True,False,ok,8.86637227476886e-11,0.104135392173675,0.0833476466590796,0.200645727863247,0.711822200715003,0.0342961386396543,11
EDA,reference_systematically_contaminated,23260832,144,34,34,True,0.237478544122156,1428.14748516636,14,True,False,ok,6.29551031777649e-11,11.4477013108543,9.08431393433626,20.0162564296611,324.705818727285,19.6948873560004,11
IMU,reference_clean,23260832,144,34,34,True,0.706293784643751,475.133028048117,16,True,False,ok,7.79973173336637e-11,0.102627487027072,0.0823036918281087,0.195288347990363,0.458109209237752,0.0230333295735577,11
IMU,reference_systematically_contaminated,23260832,144,34,34,True,0.240993369693336,1406.27761494615,12,True,False,ok,7.12005184007508e-11,11.2927904568638,8.97280166210877,19.8605215567687,321.320841014898,19.5622901222665,11
HMD,reference_clean,23260832,144,34,34,True,0.696120299042242,482.073836688615,17,True,False,ok,6.82436173512916e-11,0.10268109793846,0.0823938191609206,0.195669870084014,0.475504396966505,0.0248441354644839,11
HMD,reference_systematically_contaminated,23260832,144,34,34,True,0.241605337339007,1404.93694344002,14,True,False,ok,8.91406119774943e-11,11.1816109104997,8.85917359769457,19.7088683385054,320.408160299129,19.4993145337397,11
REF_EVENT,reference_clean,23260833,144,34,34,True,0.705171655394684,473.640625602476,9,True,False,ok,7.83602164232637e-11,0.105108564388564,0.0842030863844867,0.206993560342106,0.480535972339876,0.0437345140129812,12
REF_EVENT,reference_systematically_contaminated,23260833,144,34,34,True,0.242404857446976,1398.89497149229,16,True,False,ok,9.62683892173451e-11,11.1961889358022,8.84834718828586,20.1142436760465,327.992300302754,19.9281180852974,12
EEG,reference_clean,23260833,144,34,34,True,0.695105041692487,475.456764262684,10,True,False,ok,5.36692035455532e-11,0.104257135786098,0.0834675650466878,0.207069347567312,0.471837943637978,0.0389164271769191,12
EEG,reference_systematically_contaminated,23260833,144,34,34,True,0.245323232740653,1381.39785307805,14,True,False,ok,5.82055327704853e-11,10.9588424844356,8.67380437925641,19.7217744150961,322.395124887579,19.5255118943011,12
PPG,reference_clean,23260833,144,34,34,True,0.714842577638387,467.232847998779,9,True,False,ok,8.5428762237798e-11,0.110377441280924,0.0886886685266489,0.210835054049596,1.02551509932514,0.0815475678194533,12
PPG,reference_systematically_contaminated,23260833,144,34,34,True,0.240270690263145,1410.73968264851,16,True,False,ok,6.39986226766755e-11,10.9374451373104,8.62246762299449,19.7712211545635,322.891618589864,19.7611325611985,12
EDA,reference_clean,23260833,144,34,34,True,0.712871192761401,468.520608298821,10,True,False,ok,5.32474220324275e-11,0.104177279517962,0.083193094723397,0.201075301981746,0.49831219434748,0.0341410374803849,12
EDA,reference_systematically_contaminated,23260833,144,34,34,True,0.246216362698236,1377.29530014432,16,True,False,ok,3.99283122454273e-11,11.1088115504404,8.78461113210738,20.1042206738544,324.783824846643,19.9161846974806,12
IMU,reference_clean,23260833,144,34,34,True,0.686992224709506,486.170437200875,10,True,False,ok,5.8352368557057e-11,0.10449659138429,0.0836522011020263,0.206534322432361,0.475068635555567,0.0363545051907145,12
IMU,reference_systematically_contaminated,23260833,144,34,34,True,0.246095142918425,1377.62194476757,14,True,False,ok,6.95744114715209e-11,10.9572754479532,8.65246573397479,19.7720155937379,320.975466579045,19.6099574160912,12
HMD,reference_clean,23260833,144,34,34,True,0.712985613290228,468.449055118827,9,True,False,ok,7.929014976226e-11,0.108771745743838,0.0867309561276736,0.213440179205415,0.815421579637402,0.037650905864728,12
HMD,reference_systematically_contaminated,23260833,144,34,34,True,0.245515847815538,1381.20207562066,13,True,False,ok,4.10757638484242e-11,11.0579694010543,8.75806186478614,19.9007506763248,324.512274266645,19.8189419851358,12
REF_EVENT,reference_clean,23260834,144,34,34,True,0.685278729410427,483.714118157968,12,True,False,ok,9.60097999601852e-11,0.117548602871588,0.094623239025709,0.228850270042713,1.24341814265916,0.066556276201136,13
REF_EVENT,reference_systematically_contaminated,23260834,144,34,34,True,0.239037385482051,1396.55658111235,16,True,False,ok,9.34264894254867e-11,11.2934729133136,9.04220155594778,19.8388326793855,322.772429035668,19.6112763646871,13
EEG,reference_clean,23260834,144,34,34,True,0.675827152337769,490.479075267679,12,True,False,ok,8.75548458290634e-11,0.12249769905392,0.0982349553975443,0.237734076641094,1.65874451024624,0.133931209250446,13
EEG,reference_systematically_contaminated,23260834,144,34,34,True,0.240078813981532,1409.48973350643,14,True,False,ok,9.71344478967331e-11,11.3242323727357,9.07397294009332,19.8195454507984,322.219558632015,19.8707220623471,13
PPG,reference_clean,23260834,144,34,34,True,0.671962534057237,493.299812085902,12,True,False,ok,8.74621949524062e-11,0.109677084122072,0.0878631657655635,0.214061609615612,1.08163200032207,0.0735957259805088,13
PPG,reference_systematically_contaminated,23260834,144,34,34,True,0.242309663606457,1397.93302367683,15,True,False,ok,6.16955566752034e-11,11.3156446142103,9.04923300940457,19.7506097649157,322.847385860606,19.8092058944338,13
EDA,reference_clean,23260834,144,34,34,True,0.66437763932073,498.931586514,12,True,False,ok,9.78306888991727e-11,0.115663572903235,0.0923977190871421,0.227611108274672,1.49303126357021,0.100968090781376,13
EDA,reference_systematically_contaminated,23260834,144,34,34,True,0.242427071709524,1389.35405556675,17,True,False,ok,9.86368937137538e-11,11.5067771771291,9.21477136562011,20.1130102556718,327.587854207177,19.9490631209974,13
IMU,reference_clean,23260834,144,34,34,True,0.686999572673294,481.976860386396,12,True,False,ok,8.42786141827091e-11,0.109126947385152,0.0877084118371669,0.21113527572898,1.02866146225532,0.0720242116734512,13
IMU,reference_systematically_contaminated,23260834,144,34,34,True,0.239749596975268,1411.83748371662,17,True,False,ok,6.24952567661518e-11,11.3081830440694,9.02739219244083,19.8525583692756,322.987438514546,19.7227947502814,13
HMD,reference_clean,23260834,144,34,34,True,0.691659886075058,479.251415886705,12,True,False,ok,8.1495072400613e-11,0.112528643928944,0.0901198685228911,0.219293589321978,1.3059706414668,0.0830128459533718,13
HMD,reference_systematically_contaminated,23260834,144,34,34,True,0.239575072942431,1412.87336121649,18,True,False,ok,5.87975497762706e-11,11.3930934685504,9.13055482918965,19.8610153193701,324.310944265069,19.8058990310264,13
REF_EVENT,reference_clean,23260835,144,34,34,True,0.688160072545971,487.98123016969,9,True,False,ok,9.52822689307175e-11,0.115107923298312,0.0909743601185963,0.223900069419258,1.4775982875268,0.0959694513068262,14
REF_EVENT,reference_systematically_contaminated,23260835,144,34,34,True,0.250236752875602,1355.6918275682,14,True,False,ok,9.4059346462062e-11,11.3564104081406,9.03663937410858,19.7241842219974,319.906176607534,18.5502030066063,14
EEG,reference_clean,23260835,144,34,34,True,0.705307325047224,476.117730866742,9,True,False,ok,8.97303304327526e-11,0.119755892696673,0.0959316485309325,0.236946361940227,1.09040116580041,0.10704913133915,14
EEG,reference_systematically_contaminated,23260835,144,34,34,True,0.250965992974197,1351.75254433422,15,True,False,ok,5.8285625518855e-11,11.3213438648916,9.0044998743778,19.7987811232685,319.043685435429,18.3744571765534,14
PPG,reference_clean,23260835,144,34,34,True,0.706084442207188,475.593236350211,10,True,False,ok,5.22223219757921e-11,0.111963226758882,0.0894219709520733,0.216466987590636,0.8023620078883,0.0690239154860201,14
PPG,reference_systematically_contaminated,23260835,144,34,34,True,0.246813040605087,1374.49731248209,14,True,False,ok,5.1758238518379e-11,11.3905056425562,9.05575341794441,19.7778092657117,319.385357381906,18.4506943104049,14
EDA,reference_clean,23260835,144,34,34,True,0.719152753101491,462.950842359372,9,True,False,ok,8.90363658930183e-11,0.111308952688077,0.088889504217214,0.216590439802644,1.07124154779639,0.0702806905994192,14
EDA,reference_systematically_contaminated,23260835,144,34,34,True,0.24916547634225,1359.16149483081,14,True,False,ok,6.6182979023711e-11,11.3283682306161,9.04271618624461,19.7396910154787,317.848707903532,18.4166610675509,14
IMU,reference_clean,23260835,144,34,34,True,0.708125009209266,474.222615038089,10,True,False,ok,4.5761094435499e-11,0.112321131218081,0.0895515343421283,0.21606632963298,1.04292360237144,0.0621271288894091,14
IMU,reference_systematically_contaminated,23260835,144,34,34,True,0.249145311226128,1361.63077209839,14,True,False,ok,8.37234404711093e-11,11.2466722388269,8.94453224490077,19.7496705449616,321.273576945685,18.6617619925102,14
HMD,reference_clean,23260835,144,34,34,True,0.694210842452556,483.727963967884,9,True,False,ok,9.90690414477586e-11,0.110127854723944,0.0871527193730794,0.212280333300185,1.09587570447665,0.0699369604270546,14
HMD,reference_systematically_contaminated,23260835,144,34,34,True,0.247223008192833,1369.40149376425,14,True,False,ok,6.73852924058434e-11,11.2854905524938,8.95909725449603,19.8232577391288,321.864445184279,18.6757848506439,14
REF_EVENT,reference_clean,23260836,144,34,34,True,0.718278400567869,472.064530935792,9,True,False,ok,5.58850657585418e-11,0.10407593376904,0.0821445192535034,0.20228690927766,0.469500916280525,0.0316948637521006,15
REF_EVENT,reference_systematically_contaminated,23260836,144,34,34,True,0.239956517358841,1412.96216040883,14,True,False,ok,9.69549118724359e-11,10.808608078086,8.5202399032957,19.428217786047,316.960023529008,19.2981013211507,15
EEG,reference_clean,23260836,144,34,34,True,0.682517374145471,496.798717818084,10,True,False,ok,4.90569192114243e-11,0.107081612655126,0.0847423440201818,0.213096888214537,0.984543068157671,0.0684884678380668,15
EEG,reference_systematically_contaminated,23260836,144,34,34,True,0.240176450882826,1406.12243509634,15,True,False,ok,9.49128792409249e-11,10.8118701681831,8.52379537281351,19.5028671729084,317.746122114182,19.3449343541094,15
PPG,reference_clean,23260836,144,34,34,True,0.719479576003701,466.208243701185,9,True,False,ok,5.13616297732527e-11,0.103826885569664,0.0819495501683896,0.205685713446968,0.517889381480395,0.0331694570235538,15
PPG,reference_systematically_contaminated,23260836,144,34,34,True,0.243556572322019,1387.93998179484,14,True,False,ok,8.78594559288644e-11,10.7809911454937,8.4812690425849,19.5405634015221,317.34835850004,19.3958339030984,15
EDA,reference_clean,23260836,144,34,34,True,0.689421258219393,491.823760974491,10,True,False,ok,4.43483412519322e-11,0.107782700362663,0.0852846288667441,0.20995755179456,0.694144635302507,0.0328411713579164,15
EDA,reference_systematically_contaminated,23260836,144,34,34,True,0.244539678310037,1387.29661261707,13,True,False,ok,7.79223965398278e-11,10.7333031776693,8.44755543673042,19.4725815719755,319.262735160254,19.5834021145366,15
IMU,reference_clean,23260836,144,34,34,True,0.714912675175853,474.286955936465,9,True,False,ok,5.57395965425232e-11,0.107599642201752,0.084863989768898,0.210529009412141,0.482604914153225,0.0481025580375529,15
IMU,reference_systematically_contaminated,23260836,144,34,34,True,0.24277051605152,1397.40635026835,13,True,False,ok,3.2462710180999e-11,10.8493919723043,8.55681211632123,19.6200383393976,320.031294393567,19.5034539325299,15
HMD,reference_clean,23260836,144,34,34,True,0.714716321752565,474.417256521389,9,True,False,ok,6.91986187741291e-11,0.105040402267844,0.0826871147283752,0.210800116797927,0.554181025363621,0.0423679129579486,15
HMD,reference_systematically_contaminated,23260836,144,34,34,True,0.242193775070529,1399.23094559142,12,True,False,ok,7.49769740292895e-11,10.7028657182002,8.44047759264494,19.2383382475277,314.244618840152,19.3558844966197,15
REF_EVENT,reference_clean,23260837,144,34,34,True,0.715052532822567,472.035739969144,8,True,False,ok,8.63786086639524e-11,0.1058618836622,0.0845156828826737,0.209378532460391,0.605805269963168,0.0342399053903789,16
REF_EVENT,reference_systematically_contaminated,23260837,144,34,34,True,0.245592461681053,1377.09010755609,14,True,False,ok,9.705972063668e-11,10.8847348991808,8.68283643351278,18.9830665630493,306.729860353343,18.0989921209041,16
EEG,reference_clean,23260837,144,34,34,True,0.713497812946867,473.064362495723,8,True,False,ok,8.66934225149345e-11,0.104788944205113,0.083902218115418,0.206051884121106,0.437868267101543,0.0281982264178863,16
EEG,reference_systematically_contaminated,23260837,144,34,34,True,0.249472602908897,1358.5029639751,13,True,False,ok,7.25983934284458e-11,10.8378446690971,8.53781973087634,19.2275124702654,310.873141462034,18.3516109885413,16
PPG,reference_clean,23260837,144,34,34,True,0.680513491871682,495.994193248558,9,True,False,ok,3.81552082874296e-11,0.107346617966288,0.0868145956657996,0.209802314516594,0.768918373861231,0.0569319995183731,16
PPG,reference_systematically_contaminated,23260837,144,34,34,True,0.245017414296562,1377.57528058913,12,True,False,ok,6.26908618447682e-11,10.8772761666369,8.61402758770021,19.0513880431283,307.798331182128,18.3206039247771,16
EDA,reference_clean,23260837,144,34,34,True,0.697524344157299,483.898139986927,9,True,False,ok,5.7738701464117e-11,0.110287912234763,0.0881485408184611,0.21799796291031,0.402633807334194,0.042758451571077,16
EDA,reference_systematically_contaminated,23260837,144,34,34,True,0.245310459151932,1381.55245160416,14,True,False,ok,7.12206897326729e-11,10.9321860247297,8.63290398237145,19.2919818570222,312.273632346407,18.3492173741939,16
IMU,reference_clean,23260837,144,34,34,True,0.712812699179362,473.519728384042,9,True,False,ok,5.08256685217933e-11,0.105656871536936,0.0850749467268147,0.205573406871551,0.558016131869903,0.0341766501925319,16
IMU,reference_systematically_contaminated,23260837,144,34,34,True,0.241999061151509,1389.29772812779,16,True,False,ok,6.27731000987809e-11,10.8524398361905,8.58497512249147,19.1781243640634,309.238904081468,18.2628055264826,16
HMD,reference_clean,23260837,144,34,34,True,0.712849021451518,471.875704195954,8,True,False,ok,8.5883373402806e-11,0.105896163993276,0.084681921145942,0.210175572959059,0.560999458911779,0.0294507658881856,16
HMD,reference_systematically_contaminated,23260837,144,34,34,True,0.247443637373846,1368.17519750868,14,True,False,ok,3.8708685908433e-11,10.872086458818,8.6243037933734,19.1764530466778,309.918991133781,18.263625360668,16
REF_EVENT,reference_clean,23260838,144,34,34,True,0.708492009811579,467.754647913271,10,True,False,ok,7.29055241865864e-11,0.101463455010764,0.0814884334888299,0.201075712925558,0.509938293893614,0.0413497619625963,17
REF_EVENT,reference_systematically_contaminated,23260838,144,34,34,True,0.241273192939986,1380.47352113889,13,True,False,ok,6.61669224908629e-11,11.2701338953778,8.92099651793682,20.0506502230212,324.918027747671,19.5901413245919,17
EEG,reference_clean,23260838,144,34,34,True,0.690508571682746,479.937949649197,10,True,False,ok,6.99639544633358e-11,0.106102166172221,0.0848533390616438,0.208506048760615,1.01522079152921,0.0587226114067129,17
EEG,reference_systematically_contaminated,23260838,144,34,34,True,0.240426123566876,1386.69009101395,16,True,False,ok,6.37888970048666e-11,11.3604397170079,9.00919633346134,20.1548218483937,326.248547427514,19.7762249818573,17
PPG,reference_clean,23260838,144,34,34,True,0.712850517854402,464.895227691865,10,True,False,ok,6.01212833181801e-11,0.103204808407896,0.0822836933484393,0.203590296221989,0.503188563478522,0.03998493532676,17
PPG,reference_systematically_contaminated,23260838,144,34,34,True,0.242875504550311,1381.76825077609,16,True,False,ok,6.09371114246764e-11,11.2538667411924,8.8867235371369,20.1077136575397,326.212378591004,19.7228901697513,17
EDA,reference_clean,23260838,144,34,34,True,0.692691165137003,478.425063888661,10,True,False,ok,5.36122265037058e-11,0.105772250911637,0.0854273065992267,0.204420777888004,0.522405185669121,0.0586268132845007,17
EDA,reference_systematically_contaminated,23260838,144,34,34,True,0.243213313001796,1380.28425204043,13,True,False,ok,5.38887946747165e-11,11.2580454574619,8.92544962985042,20.082304277424,326.556956704849,19.8457626452125,17
IMU,reference_clean,23260838,144,34,34,True,0.690757039031351,479.766983871677,11,True,False,ok,5.62575149394989e-11,0.109057981502778,0.0864587940117981,0.219733493453589,0.557001729200153,0.065004688693828,17
IMU,reference_systematically_contaminated,23260838,144,34,34,True,0.240686935564469,1389.15430824769,15,True,False,ok,6.87388169078169e-11,11.1899199140817,8.8293604959811,20.0468174674697,325.805282200857,19.8262432227576,17
HMD,reference_clean,23260838,144,34,34,True,0.708549845308305,466.095402255452,10,True,False,ok,5.54302903578822e-11,0.104339316362314,0.0837734007393764,0.201240894543986,0.871228225405989,0.0612871082803748,17
HMD,reference_systematically_contaminated,23260838,144,34,34,True,0.242118406581244,1384.55468824567,13,True,False,ok,5.34551381448838e-11,11.3288963026092,8.98007240519829,20.1298200890584,325.692414357244,19.6249974685617,17
REF_EVENT,reference_clean,23260839,144,34,34,True,0.71454624933429,468.72026342322,12,True,False,ok,8.38055349377653e-11,0.108940273690471,0.0870493903864041,0.211290622825544,0.440570755381169,0.0513597392079982,18
REF_EVENT,reference_systematically_contaminated,23260839,144,34,34,True,0.239395072369402,1408.71505013005,18,True,False,ok,7.16935228031234e-11,11.0644543459298,8.69856038284817,19.8585196399868,317.832008528634,19.8090585809715,18
EEG,reference_clean,23260839,144,34,34,True,0.699432344679925,478.848829721875,12,True,False,ok,9.74543113018645e-11,0.109764323337209,0.0873380224599472,0.216697191748683,0.798145362292483,0.0595961517180851,18
EEG,reference_systematically_contaminated,23260839,144,34,34,True,0.243450764033063,1383.68520404648,15,True,False,ok,7.42590152414879e-11,10.8910499111306,8.56779476950086,19.5347530604558,314.5679944395,19.4853648639466,18
PPG,reference_clean,23260839,144,34,34,True,0.687730801246518,486.994629447917,13,True,False,ok,6.49269597044671e-11,0.109881706443479,0.0878509531799545,0.216525934456069,0.754623281609348,0.0425771099642603,18
PPG,reference_systematically_contaminated,23260839,144,34,34,True,0.237957456471673,1392.56424689629,15,True,False,ok,8.66880634375507e-11,10.9500720397123,8.60607022642909,19.6891116509601,316.243565678616,19.5547726310873,18
EDA,reference_clean,23260839,144,34,34,True,0.708534732423223,472.697086049427,12,True,False,ok,8.67140646916534e-11,0.117898792084619,0.0939988833284732,0.231727550231819,0.48816284901107,0.0778593537882536,18
EDA,reference_systematically_contaminated,23260839,144,34,34,True,0.240476296079512,1393.7667298879,16,True,False,ok,9.97438651107123e-11,10.8841686837031,8.55256991098338,19.5628098004132,314.182779563547,19.4595736016033,18
IMU,reference_clean,23260839,144,34,34,True,0.700709841220634,477.976163579076,12,True,False,ok,8.38968489140997e-11,0.109492059674302,0.0873801168158619,0.21193159393178,0.536604098907804,0.0608636353491359,18
IMU,reference_systematically_contaminated,23260839,144,34,34,True,0.240169818917653,1395.67475377745,17,True,False,ok,9.04299588648183e-11,10.9770652546719,8.63666108334279,19.697834654309,316.143742188394,19.6636104095821,18
HMD,reference_clean,23260839,144,34,34,True,0.703273797432301,460.420963103171,12,True,False,ok,9.13740154696466e-11,0.11113803535837,0.089039382828493,0.215922900753401,0.451454131660793,0.0454136047612047,18
HMD,reference_systematically_contaminated,23260839,144,34,34,True,0.243650955345026,1376.88274778765,24,True,False,ok,8.35436816846624e-11,10.9971451025828,8.6441923292899,19.7151758618254,318.175660015778,19.8750905926494,18
REF_EVENT,reference_clean,23260840,144,34,34,True,0.691578718116562,488.242998234474,11,True,False,ok,6.11024015329422e-11,0.106080045929932,0.084784611951747,0.211107022282109,0.452395498921265,0.0464241267844778,19
REF_EVENT,reference_systematically_contaminated,23260840,144,34,34,True,0.244051267669669,1392.48677672241,13,True,False,ok,8.86698378725834e-11,11.1171352131238,8.82339154482198,19.8102105042816,318.842134567643,18.9973342071534,19
EEG,reference_clean,23260840,144,34,34,True,0.713053305559492,471.111538619051,10,True,False,ok,7.27161231832671e-11,0.107709204570743,0.0858158003462011,0.209614178734085,0.675348409812064,0.0676150910167632,19
EEG,reference_systematically_contaminated,23260840,144,34,34,True,0.246765156945691,1374.78737988103,13,True,False,ok,4.58827274393055e-11,11.0075049186863,8.72917720369438,19.525371155463,317.480819810296,18.7605744895762,19
PPG,reference_clean,23260840,144,34,34,True,0.670162702592451,503.84442516594,10,True,False,ok,7.64453839257907e-11,0.109946511275714,0.0878292170237928,0.217465972493258,0.453414241688088,0.0496228455896611,19
PPG,reference_systematically_contaminated,23260840,144,34,34,True,0.243670062488586,1394.66521963486,15,True,False,ok,8.77952124630682e-11,11.1309145263924,8.87183269336306,19.6585300421377,317.261196749721,18.6827976970208,19
EDA,reference_clean,23260840,144,34,34,True,0.719432501770021,469.339358169697,10,True,False,ok,7.28849213152474e-11,0.107999878767088,0.0866875221406585,0.212271975591527,0.883315885686006,0.0678853105606005,19
EDA,reference_systematically_contaminated,23260840,144,34,34,True,0.244041290266283,1390.16771046547,14,True,False,ok,8.14043928571249e-11,11.0256366281895,8.73570337696369,19.716363303762,318.826919968367,18.9481185093088,19
IMU,reference_clean,23260840,144,34,34,True,0.715077446081826,472.19775338313,10,True,False,ok,6.77166836348972e-11,0.110746413034974,0.0883361751092298,0.213581496780257,0.692213329122467,0.0799516792220637,19
IMU,reference_systematically_contaminated,23260840,144,34,34,True,0.246912902076846,1376.34835159247,11,True,False,ok,9.01765191580161e-11,11.0167069755679,8.75367937251404,19.6538323840471,316.227043097221,18.7838842416047,19
HMD,reference_clean,23260840,144,34,34,True,0.712055819470359,474.202187273647,11,True,False,ok,4.06718468490789e-11,0.106050045824005,0.084881050413033,0.212355644261564,0.527517654678642,0.0513095931355233,19
HMD,reference_systematically_contaminated,23260840,144,34,34,True,0.24764776710325,1372.26419692062,12,True,False,ok,7.75859589983822e-11,11.1393283987007,8.85773619026437,19.7765440115084,319.227863089555,18.928217560816,19
REF_EVENT,reference_clean,23260841,144,34,34,True,0.71362082003872,470.602748060674,12,True,False,ok,6.70688121003837e-11,0.104414784958507,0.0831230954908448,0.205883270325558,0.722558913728924,0.0344251210766192,20
REF_EVENT,reference_systematically_contaminated,23260841,144,34,34,True,0.242779684780175,1386.40283573546,13,True,False,ok,6.49573715217638e-11,10.901153904299,8.6513599437152,19.2161486215387,311.253160948743,19.2011377288154,20
EEG,reference_clean,23260841,144,34,34,True,0.679091212123481,494.531446663186,11,True,False,ok,8.87141531892016e-11,0.101917311524809,0.0806036445532771,0.198721151507275,0.316923622514544,0.0242123671007824,20
EEG,reference_systematically_contaminated,23260841,144,34,34,True,0.243667209666702,1385.65193581911,15,True,False,ok,5.52158680862421e-11,10.9379176444747,8.67689496470843,19.3381360831734,312.894302307202,19.462464452043,20
PPG,reference_clean,23260841,144,34,34,True,0.66654345348173,487.562526471864,11,True,False,ok,8.70083999972921e-11,0.103688360684249,0.0819472026547901,0.20306170533182,0.315059872198875,0.0316556177652056,20
PPG,reference_systematically_contaminated,23260841,144,34,34,True,0.243014446824509,1388.54922029907,28,True,False,ok,8.26430807899528e-11,10.8732544255175,8.63135914728481,19.2358857086623,312.251689914123,19.3019426567177,20
EDA,reference_clean,23260841,144,34,34,True,0.672027964255717,499.729031532205,12,True,False,ok,7.05076879952857e-11,0.102440936273622,0.081673244887814,0.198963990691148,0.332566653119993,0.0341829433310368,20
EDA,reference_systematically_contaminated,23260841,144,34,34,True,0.241564439605514,1391.045694823,15,True,False,ok,7.20267653200764e-11,10.8197409108652,8.56252575098289,19.1614489117251,310.544287055741,19.19485983001,20
IMU,reference_clean,23260841,144,34,34,True,0.708524000636638,473.988023547938,12,True,False,ok,7.59164337341449e-11,0.101488994674787,0.080402321875552,0.196947760389321,0.485384866074311,0.0276963433033732,20
IMU,reference_systematically_contaminated,23260841,144,34,34,True,0.240835289700154,1397.74937676736,14,True,False,ok,8.0962398910801e-11,10.9455184110083,8.72044561816305,19.2369115201718,311.30582053523,19.1643910995882,20
HMD,reference_clean,23260841,144,34,34,True,0.665465789724265,504.656820802335,12,True,False,ok,7.47336279321754e-11,0.100998502782054,0.0801677424177842,0.198242954339811,0.348369429830376,0.0274787032194862,20
HMD,reference_systematically_contaminated,23260841,144,34,34,True,0.238886288743148,1406.15991520944,13,True,False,ok,9.03734647975697e-11,10.8680051660444,8.61430166245492,19.1481211690065,310.195845890109,19.1422603680318,20
REF_EVENT,reference_clean,23260842,144,34,34,True,0.716582352793833,469.164046523158,8,True,False,ok,7.70636022178319e-11,0.10601766161458,0.0840581406149596,0.212894849518364,0.673640379607132,0.0481015101142468,21
REF_EVENT,reference_systematically_contaminated,23260842,144,34,34,True,0.246275225347306,1368.8243840716,16,True,False,ok,8.32188175945853e-11,10.5924566781697,8.45764191164558,18.6624803477032,302.586469547898,18.0490712996538,21
EEG,reference_clean,23260842,144,34,34,True,0.698170551105799,481.536559381803,9,True,False,ok,4.32405016120171e-11,0.107338425677259,0.085382323156601,0.209546267604566,0.726274913164714,0.0506159756749959,21
EEG,reference_systematically_contaminated,23260842,144,34,34,True,0.244888524486878,1376.89287458304,10,True,False,ok,9.8763643060503e-11,10.4887971190004,8.38064185354577,18.4398339873941,298.921297412946,17.8208804344233,21
PPG,reference_clean,23260842,144,34,34,True,0.713868677215384,470.947547582108,8,True,False,ok,7.46688583539634e-11,0.104809778330799,0.0831018732862814,0.207709010159007,0.499968008620952,0.02723877967673,21
PPG,reference_systematically_contaminated,23260842,144,34,34,True,0.242199652346598,1379.97137279773,14,True,False,ok,6.01785170942032e-11,10.7037018182063,8.55450103044646,18.7692891419651,302.786139042737,17.9228779655389,21
EDA,reference_clean,23260842,144,34,34,True,0.70796815154712,470.293372929993,8,True,False,ok,7.71372296091274e-11,0.106938584722465,0.0846022433152428,0.214665768657341,0.493902090146713,0.0259685771971266,21
EDA,reference_systematically_contaminated,23260842,144,34,34,True,0.24464963535027,1376.72425853913,12,True,False,ok,9.52230286770992e-11,10.4775501359526,8.35819029632744,18.5738873504656,301.55533013445,17.9940725907838,21
IMU,reference_clean,23260842,144,34,34,True,0.702552139314995,478.533453231843,8,True,False,ok,7.25646070066965e-11,0.104476598864233,0.0829100113345463,0.2090112203323,0.414129998361653,0.0257146836124031,21
IMU,reference_systematically_contaminated,23260842,144,34,34,True,0.243976415008984,1381.1323560995,14,True,False,ok,6.36275443228111e-11,10.5307894498929,8.38636487543907,18.6891997317199,303.149045211789,18.0091674560174,21
HMD,reference_clean,23260842,144,34,34,True,0.700312259782132,480.063999137419,8,True,False,ok,9.03620349541806e-11,0.109927439713075,0.0873689836221252,0.22032506108236,0.594576650636516,0.0255144320158856,21
HMD,reference_systematically_contaminated,23260842,144,34,34,True,0.244339871139204,1378.39103694431,15,True,False,ok,8.01491816557795e-11,10.414740938871,8.28437819626592,18.4310818070636,299.725269400052,17.9346743696505,21
REF_EVENT,reference_clean,23260843,144,34,34,True,0.680838111871133,496.678328035793,6,True,False,ok,5.8259562994778e-11,0.107465805492236,0.0858761576669348,0.209930127845048,0.903613739920316,0.0514545472618094,22
REF_EVENT,reference_systematically_contaminated,23260843,144,34,34,True,0.245083672188667,1384.84688502897,12,True,False,ok,2.82778037093222e-11,10.8369133981279,8.59103435254288,19.2127547263048,312.317399539789,18.6502031070948,22
EEG,reference_clean,23260843,144,34,34,True,0.718445638823536,469.678059204599,6,True,False,ok,5.68216949586386e-11,0.109360435554349,0.0871441103255184,0.213491596478121,0.582205008121845,0.0597127126337355,22
EEG,reference_systematically_contaminated,23260843,144,34,34,True,0.245814737645247,1380.23125874553,17,True,False,ok,7.7293816987558e-11,10.7892143458123,8.55019072764177,19.1918557394075,312.314513631664,18.5716834399714,22
PPG,reference_clean,23260843,144,34,34,True,0.713993493196556,473.614306153176,6,True,False,ok,7.27584536230973e-11,0.105876261769822,0.0846968104925235,0.20423105825742,0.532337564975534,0.044197276441762,22
PPG,reference_systematically_contaminated,23260843,144,34,34,True,0.244658899325771,1386.28180705595,12,True,False,ok,3.38842358265616e-11,10.7340810265517,8.51731079182974,18.9311898399241,309.171011296544,18.4611190014336,22
EDA,reference_clean,23260843,144,34,34,True,0.713176360657211,474.157213176198,6,True,False,ok,6.45951939116975e-11,0.104753825046738,0.083871187798918,0.204391322700204,0.500537766236486,0.0341757782956991,22
EDA,reference_systematically_contaminated,23260843,144,34,34,True,0.244100741389123,1387.65514227175,16,True,False,ok,5.70903320176871e-11,10.8485033334913,8.60007111067429,19.1554197099812,313.252556979048,18.7200584483514,22
IMU,reference_clean,23260843,144,34,34,True,0.717548460146947,471.267929228998,6,True,False,ok,6.35272004376739e-11,0.105667448944048,0.0845930830155907,0.205348352806567,0.498098297180482,0.0362891166473688,22
IMU,reference_systematically_contaminated,23260843,144,34,34,True,0.242708173984377,1396.51538886014,13,True,False,ok,7.06513727722105e-11,10.8377411760392,8.57723106595197,19.1566450038987,311.155371220494,18.6488312135565,22
HMD,reference_clean,23260843,144,34,34,True,0.701017404914226,482.380938304594,6,True,False,ok,9.60053542313117e-11,0.109183957837311,0.0874151684671974,0.213196066580679,0.983191419966296,0.0578631366008183,22
HMD,reference_systematically_contaminated,23260843,144,34,34,True,0.24646847824748,1375.20837321466,17,True,False,ok,8.34128446138288e-11,10.794133795025,8.54659499192163,19.0856018673773,310.837182539416,18.5539502015543,22
REF_EVENT,reference_clean,23260844,144,34,34,True,0.684288307695345,487.559452509746,14,True,False,ok,8.87788148479144e-11,0.10661874474361,0.0859102087622197,0.202936240418694,0.890825700286102,0.05088859984645,23
REF_EVENT,reference_systematically_contaminated,23260844,144,34,34,True,0.244233433576972,1388.35670052949,15,True,False,ok,5.47201631109675e-11,10.6133466497685,8.35318345481636,19.1473723624334,307.468124572307,18.4806711696,23
EEG,reference_clean,23260844,144,34,34,True,0.673249273701304,499.680706625521,14,True,False,ok,7.60370136531334e-11,0.114940085113286,0.0918595686370162,0.225217181247217,1.59662732069414,0.101003528531073,23
EEG,reference_systematically_contaminated,23260844,144,34,34,True,0.244431876413007,1373.08564509338,19,True,False,ok,4.71643795479004e-11,10.6030458656308,8.35269206743287,19.0153335828639,304.807871263619,18.4153983186342,23
PPG,reference_clean,23260844,144,34,34,True,0.706883187454928,475.906362372983,14,True,False,ok,8.19587563279357e-11,0.104500975196318,0.0840955518524116,0.201610267171048,0.83396702603872,0.0511603230919156,23
PPG,reference_systematically_contaminated,23260844,144,34,34,True,0.244664240673259,1386.61589306354,16,True,False,ok,7.84277327719639e-11,10.5681763573882,8.33130759007997,19.0743557764005,307.753903733678,18.6168429880662,23
EDA,reference_clean,23260844,144,34,34,True,0.71630556906871,469.645407495093,14,True,False,ok,8.06427259134992e-11,0.113648065129997,0.0912054691149763,0.219860777163028,1.47937721727853,0.100144308685436,23
EDA,reference_systematically_contaminated,23260844,144,34,34,True,0.243820135534169,1391.39721822171,15,True,False,ok,7.68071729306959e-11,10.6874917343903,8.43142197959393,19.216010531664,308.575415462055,18.6618696327617,23
IMU,reference_clean,23260844,144,34,34,True,0.708034942964167,475.131384636455,14,True,False,ok,7.14156823674149e-11,0.110251743190778,0.0878726057723088,0.217252353842312,1.07438273459106,0.0521167148058277,23
IMU,reference_systematically_contaminated,23260844,144,34,34,True,0.245163866625868,1384.50828484073,17,True,False,ok,9.66303965854789e-11,10.6776345516248,8.42742769386321,19.0306566056835,307.628564472653,18.367967169433,23
HMD,reference_clean,23260844,144,34,34,True,0.706267262651626,476.320981715824,14,True,False,ok,7.20736111339394e-11,0.105412375567757,0.084839267681475,0.205461350020286,0.889975614747249,0.0525598403945318,23
HMD,reference_systematically_contaminated,23260844,144,34,34,True,0.242023896733839,1392.20290042238,17,True,False,ok,9.02610039380695e-11,10.560389038435,8.33861577586334,18.9707481961957,304.80473198203,18.472820759218,23
REF_EVENT,reference_clean,23260845,144,34,34,True,0.692546268188298,489.8698701968,14,True,False,ok,8.46634417741991e-11,0.108229498985385,0.0864070431508672,0.208646261724255,0.774800265830872,0.055145612293497,24
REF_EVENT,reference_systematically_contaminated,23260845,144,34,34,True,0.243903885906233,1392.39053480883,17,True,False,ok,8.31354633723889e-11,10.5627846109461,8.31375240241232,18.9829098330932,308.22756235076,18.7340152303459,24
EEG,reference_clean,23260845,144,34,34,True,0.712128391932368,476.399420290849,14,True,False,ok,8.86336075402494e-11,0.108619698857414,0.0864233536753126,0.211489772507178,0.689037096114965,0.0545453264338611,24
EEG,reference_systematically_contaminated,23260845,144,34,34,True,0.247262542853408,1373.47719976757,13,True,False,ok,6.40320132894077e-11,10.6406440059774,8.3822939154325,19.0524656275426,308.330151653566,18.9419328136262,24
PPG,reference_clean,23260845,144,34,34,True,0.712796979554671,475.952568937092,14,True,False,ok,6.71771737652095e-11,0.116623556816687,0.0929799838248136,0.23175102387647,0.710472796468283,0.0771559769465066,24
PPG,reference_systematically_contaminated,23260845,144,34,34,True,0.246281197053937,1378.95003043453,14,True,False,ok,7.30118136353276e-11,10.6118845650612,8.35934610330399,18.993028796793,308.052131168685,18.7302759681474,24
EDA,reference_clean,23260845,144,34,34,True,0.705168186594849,468.787958980351,14,True,False,ok,7.25661120257256e-11,0.107733679056942,0.0859104365249577,0.20987436750417,0.693540782336073,0.0522080307678575,24
EDA,reference_systematically_contaminated,23260845,144,34,34,True,0.244575296223908,1378.44530077045,15,True,False,ok,4.68239394118374e-11,10.6445270775828,8.37849495829232,19.0994051340212,308.55735900161,18.8350095114255,24
IMU,reference_clean,23260845,144,34,34,True,0.697493221765491,486.395479953604,14,True,False,ok,9.42900462276102e-11,0.11803895752081,0.0939400076515074,0.240613731076245,1.48018467681874,0.0868093921086019,24
IMU,reference_systematically_contaminated,23260845,144,34,34,True,0.242974492307963,1394.546867271,14,True,False,ok,4.21426335862674e-11,10.4626067379792,8.26029407471727,18.6301753770877,300.890246712838,18.3963928136247,24
HMD,reference_clean,23260845,144,34,34,True,0.713602271495106,475.415457352816,14,True,False,ok,6.75943973305231e-11,0.116328318607449,0.0925210368439229,0.224277921596894,1.17060155827347,0.1004325217781,24
HMD,reference_systematically_contaminated,23260845,144,34,34,True,0.241670335694923,1402.16402612499,20,True,False,ok,6.86950275095472e-11,10.4573251950062,8.22309912695909,18.8116280765989,305.148288253271,18.864756549679,24
REF_EVENT,reference_clean,23260846,144,34,34,True,0.708530463750029,479.703419501586,17,True,False,ok,7.78077852776129e-11,0.107814251727634,0.0866814638144364,0.208954554595486,0.470158236643755,0.0437046143696222,25
REF_EVENT,reference_systematically_contaminated,23260846,144,34,34,True,0.251070097096192,1355.11080066025,12,True,False,ok,4.79856047145537e-11,10.5459565277246,8.34465730140321,18.9093526952617,305.893170764468,18.5579941147877,25
EEG,reference_clean,23260846,144,34,34,True,0.708603929550221,479.653732154935,17,True,False,ok,8.81562972961206e-11,0.108583062692178,0.0874616064381095,0.211586817436427,0.524880138457014,0.0300253805477499,25
EEG,reference_systematically_contaminated,23260846,144,34,34,True,0.248215008481831,1370.17409374752,12,True,False,ok,8.452608800088e-11,10.5372735573876,8.33909310753092,18.8513310080058,305.926799503089,18.5486705215439,25
PPG,reference_clean,23260846,144,34,34,True,0.702227638906618,483.054084525189,17,True,False,ok,8.08529352596834e-11,0.105136572443815,0.0845265342365978,0.205024797863018,0.437303443551317,0.0312351659089064,25
PPG,reference_systematically_contaminated,23260846,144,34,34,True,0.248427948528648,1370.46852614743,14,True,False,ok,4.98579988435132e-11,10.6420977074442,8.41753793986686,19.0339699589238,306.601795842434,18.7046567500428,25
EDA,reference_clean,23260846,144,34,34,True,0.677178284567323,501.912822360626,17,True,False,ok,7.52818426562135e-11,0.108915084370714,0.0868688853338847,0.214115100254109,0.904751285562894,0.0685499809362034,25
EDA,reference_systematically_contaminated,23260846,144,34,34,True,0.242990652725204,1395.63954397096,15,True,False,ok,7.35094168733518e-11,10.6359553523872,8.41250950625753,18.9355854473508,306.777264814868,18.5684648891188,25
IMU,reference_clean,23260846,144,34,34,True,0.720319841075698,471.852492202123,16,True,False,ok,8.51528724738744e-11,0.105165140262278,0.0846354921736872,0.201581227013392,0.558035747300274,0.0348464415788878,25
IMU,reference_systematically_contaminated,23260846,144,34,34,True,0.250166431307795,1360.00576028241,11,True,False,ok,9.65337883683836e-11,10.6441759240018,8.43784711520011,19.0059906558993,306.055134190694,18.5142890216976,25
HMD,reference_clean,23260846,144,34,34,True,0.696745569405419,487.817141565532,17,True,False,ok,9.81996397732888e-11,0.10923189739613,0.0878541610466678,0.210260442330945,0.659220487171075,0.0298260390006099,25
HMD,reference_systematically_contaminated,23260846,144,34,34,True,0.249277810040096,1366.33028208601,12,True,False,ok,8.14363306209173e-11,10.4248557608605,8.23087049086664,18.7579943775583,303.490954497644,18.3569042623922,25
REF_EVENT,reference_clean,23260847,144,34,34,True,0.715643547223122,470.336403427192,8,True,False,ok,8.56831218874691e-11,0.103931493403635,0.0828792025792381,0.203194092996384,0.688877492338812,0.0424435148963768,26
REF_EVENT,reference_systematically_contaminated,23260847,144,34,34,True,0.237850573578232,1422.19105595049,15,True,False,ok,5.72450394777014e-11,11.6328510861915,9.21362837726533,20.5134173836462,327.894741027731,19.5315016990156,26
EEG,reference_clean,23260847,144,34,34,True,0.703232442435651,475.926094081403,8,True,False,ok,8.06340094593546e-11,0.102360866507934,0.0813677498563985,0.202797335138172,0.689742391585633,0.0348910226538334,26
EEG,reference_systematically_contaminated,23260847,144,34,34,True,0.24437032111274,1380.47476550773,12,True,False,ok,4.50942008558439e-11,11.5382375221649,9.10038541581067,20.4872857334438,328.932766732831,19.6260098049566,26
PPG,reference_clean,23260847,144,34,34,True,0.695975077781775,483.628534599601,9,True,False,ok,5.40121268212726e-11,0.110228819518736,0.0877204187475125,0.220402697979694,1.23945022701686,0.056927111554828,26
PPG,reference_systematically_contaminated,23260847,144,34,34,True,0.239429684248115,1412.79377798341,15,True,False,ok,9.5952322219972e-11,11.6647989961137,9.27288078343209,20.5397889460009,328.002335214454,19.5990574009914,26
EDA,reference_clean,23260847,144,34,34,True,0.718645534437614,468.371608131671,8,True,False,ok,7.12932749993282e-11,0.106185204741891,0.0842918750689549,0.212445753337498,0.91699171023338,0.0397649929474427,26
EDA,reference_systematically_contaminated,23260847,144,34,34,True,0.243668579036465,1388.23381404037,12,True,False,ok,5.88034155966414e-11,11.7124600223132,9.32143585344049,20.5847281184138,328.663244788896,19.6117809520981,26
IMU,reference_clean,23260847,144,34,34,True,0.703609725108665,478.380558261975,8,True,False,ok,6.99383061164925e-11,0.105363519077015,0.0836419848403555,0.205500090724087,0.999562723459061,0.0493737682817681,26
IMU,reference_systematically_contaminated,23260847,144,34,34,True,0.241354475622401,1401.54417486122,16,True,False,ok,6.64292503997328e-11,11.4809969348641,9.09811918827914,20.358821500048,327.729835846819,19.5319348718092,26
HMD,reference_clean,23260847,144,34,34,True,0.716648982178491,469.67652503242,8,True,False,ok,8.04529510009219e-11,0.106803443664416,0.0845615260562515,0.207897926903655,1.13698831458399,0.0655835830842446,26
HMD,reference_systematically_contaminated,23260847,144,34,34,True,0.238911875874535,1415.66388972808,17,True,False,ok,6.09948020829228e-11,11.5912527258682,9.17570290980966,20.5047416911792,328.802022744664,19.6401567453382,26
REF_EVENT,reference_clean,23260848,144,34,34,True,0.670351712945691,498.737790052078,13,True,False,ok,6.27113310579104e-11,0.120159277002463,0.097085591302098,0.227505850914644,0.344885846286532,0.0756563512232459,27
REF_EVENT,reference_systematically_contaminated,23260848,144,34,34,True,0.243022268258741,1390.00912921458,13,True,False,ok,9.1082003847017e-11,11.1689399471801,8.84237249709678,19.8163617174955,319.928256577042,19.4585081147914,27
EEG,reference_clean,23260848,144,34,34,True,0.705788923744668,473.696774130956,12,True,False,ok,7.8704310601817e-11,0.107638498429288,0.0862672713471515,0.213358829502752,0.333523244137972,0.0461494749467654,27
EEG,reference_systematically_contaminated,23260848,144,34,34,True,0.244605123472705,1384.87635942325,14,True,False,ok,4.82921555976849e-11,11.0080597741395,8.6949092055904,19.6883351656956,316.900532324887,19.399184373114,27
PPG,reference_clean,23260848,144,34,34,True,0.683030889541583,489.479909427395,12,True,False,ok,8.51653497605283e-11,0.110347553545156,0.088300554244012,0.21676634067731,0.480693971550216,0.065527192404981,27
PPG,reference_systematically_contaminated,23260848,144,34,34,True,0.245993826395933,1376.89658798344,14,True,False,ok,8.77645244774448e-11,11.1554900937249,8.81036448526118,19.8582289251243,320.966654602745,19.5978784759865,27
EDA,reference_clean,23260848,144,34,34,True,0.715694931076928,462.013494253588,12,True,False,ok,8.47737727670027e-11,0.106587680174184,0.0855198902142111,0.209587756985385,0.595241841891333,0.0550332879787919,27
EDA,reference_systematically_contaminated,23260848,144,34,34,True,0.242011016931327,1386.79263359568,18,True,False,ok,8.2614495552516e-11,11.1539749213852,8.8429039225593,19.8196253886623,319.961349478275,19.5362039584149,27
IMU,reference_clean,23260848,144,34,34,True,0.68688324902816,486.734684651242,12,True,False,ok,8.54996334814197e-11,0.109576965143575,0.0878320403676676,0.21124829718282,0.508321609257141,0.0413548484013887,27
IMU,reference_systematically_contaminated,23260848,144,34,34,True,0.243405902240185,1391.6994113865,14,True,False,ok,6.28301620172724e-11,11.1134579497403,8.78833182732546,19.7678126252967,316.551549598356,19.3428163952495,27
HMD,reference_clean,23260848,144,34,34,True,0.695196615840031,480.914463089815,12,True,False,ok,7.90752617220097e-11,0.108872863522719,0.0874683757860728,0.210426526203378,0.507508230272858,0.0600971772667993,27
HMD,reference_systematically_contaminated,23260848,144,34,34,True,0.244190579927847,1386.23419263397,15,True,False,ok,8.05616527881222e-11,11.0786507240222,8.76827308955427,19.710770614317,317.2801896814,19.3224663137871,27
REF_EVENT,reference_clean,23260849,144,34,34,True,0.688641271051054,485.255953926425,8,True,False,ok,9.81451841514964e-11,0.106140964168652,0.08418605621263,0.207166389158964,0.627011707920274,0.0477371859512173,28
REF_EVENT,reference_systematically_contaminated,23260849,144,34,34,True,0.242270595136618,1400.49636639033,14,True,False,ok,3.6926748570383e-11,10.7921245825062,8.62655596464421,18.998903015316,308.325998165808,18.2124548802827,28
EEG,reference_clean,23260849,144,34,34,True,0.709710180511066,470.850086295347,8,True,False,ok,8.81003138822081e-11,0.104773864839082,0.0831972096190752,0.205051792028676,0.643174953732491,0.0444357199086102,28
EEG,reference_systematically_contaminated,23260849,144,34,34,True,0.241422060084955,1399.51040670965,22,True,False,ok,7.81709144829356e-11,10.7154130819959,8.50909751482482,19.0331500067239,310.187754520914,18.1488255029124,28
PPG,reference_clean,23260849,144,34,34,True,0.679068986151788,492.096248152568,8,True,False,ok,8.6605996153249e-11,0.105584077055773,0.0839652314718529,0.205175035818783,0.600851403838813,0.0446678413857368,28
PPG,reference_systematically_contaminated,23260849,144,34,34,True,0.242138934037543,1395.03379184254,15,True,False,ok,4.48846522408477e-11,10.764653158555,8.58261196227194,19.1045717948299,311.026077707916,18.1239710886853,28
EDA,reference_clean,23260849,144,34,34,True,0.70848743069381,471.664486263287,9,True,False,ok,7.38925384057433e-11,0.106788221411733,0.0848923559205942,0.208439310553032,0.830901158674535,0.0644409255726496,28
EDA,reference_systematically_contaminated,23260849,144,34,34,True,0.241694294918094,1400.87848252994,18,True,False,ok,6.25400693389207e-11,10.5662628186635,8.4288279604236,18.6653479082669,306.37284855949,17.9291652833146,28
IMU,reference_clean,23260849,144,34,34,True,0.692514637839679,480.017685246416,8,True,False,ok,8.52757282569098e-11,0.107691610598454,0.0853592352227218,0.212318858738314,0.782446298425029,0.0415220891057875,28
IMU,reference_systematically_contaminated,23260849,144,34,34,True,0.244347705967131,1388.48433457418,14,True,False,ok,9.19559866675346e-11,10.5640389798263,8.40556733232112,18.7078298019763,304.694169881091,17.7437638765878,28
HMD,reference_clean,23260849,144,34,34,True,0.677232085671815,493.432629659952,9,True,False,ok,7.95165529992463e-11,0.113814839096196,0.090719362111067,0.223423977577752,1.34232381344546,0.085027891379486,28
HMD,reference_systematically_contaminated,23260849,144,34,34,True,0.240904637892425,1400.46445401514,17,True,False,ok,6.41097642949953e-11,10.7473585937694,8.55143222886294,19.1122723033402,312.270626066338,18.2589012408434,28
REF_EVENT,reference_clean,23260850,144,34,34,True,0.684971026527834,493.357968239972,14,True,False,ok,6.69493300219785e-11,0.105409344119141,0.0846461898106615,0.20624614146687,0.704360701747254,0.0535080014043033,29
REF_EVENT,reference_systematically_contaminated,23260850,144,34,34,True,0.243921677047414,1388.20506698452,16,True,False,ok,7.62610687655701e-11,10.5826990200279,8.37259302297454,18.8187085049869,303.150122549359,18.4066847035535,29
EEG,reference_clean,23260850,144,34,34,True,0.709803909689995,476.097667674891,14,True,False,ok,5.31754809119433e-11,0.103721285914507,0.0832422641721784,0.198226396853585,0.712939615487657,0.0552887439989912,29
EEG,reference_systematically_contaminated,23260850,144,34,34,True,0.241895700406168,1397.33175794064,16,True,False,ok,9.04316615843245e-11,10.7405027712114,8.46698425789368,19.0819804024699,305.4583724872,18.4454027422471,29
PPG,reference_clean,23260850,144,34,34,True,0.663770013498156,509.116011357992,14,True,False,ok,6.97715128664288e-11,0.109522584132974,0.0867893469846117,0.212767900059418,1.23544025580677,0.084145388356142,29
PPG,reference_systematically_contaminated,23260850,144,34,34,True,0.246118923189128,1378.92144201719,20,True,False,ok,9.99893258779165e-11,10.7499152803273,8.53096030061321,19.004790728302,304.665216037618,18.4670594077119,29
EDA,reference_clean,23260850,144,34,34,True,0.717233622187177,471.165769046255,14,True,False,ok,5.21707774920035e-11,0.116682585096834,0.0932218956971923,0.228700621019939,1.42571547550315,0.116425107071428,29
EDA,reference_systematically_contaminated,23260850,144,34,34,True,0.249299518231304,1361.32909799399,15,True,False,ok,5.73732403042171e-11,10.7016628073371,8.49330448314834,18.8738098062797,302.307995659391,18.2235853845128,29
IMU,reference_clean,23260850,144,34,34,True,0.704888321658571,472.571010708053,14,True,False,ok,6.3390419870013e-11,0.104161359733876,0.0838940220631186,0.200697786847215,0.688929208275639,0.0554777302468626,29
IMU,reference_systematically_contaminated,23260850,144,34,34,True,0.24721717994941,1373.07256308421,15,True,False,ok,6.91948960915102e-11,10.7734666785998,8.55060017638574,19.1176637172081,305.366561663649,18.4139733175423,29
HMD,reference_clean,23260850,144,34,34,True,0.692666313500182,487.876958762092,14,True,False,ok,5.80706784480546e-11,0.10462868836589,0.083735100130906,0.202980133687625,0.739846240165734,0.0605087039879251,29
HMD,reference_systematically_contaminated,23260850,144,34,34,True,0.247112308775199,1373.65347957582,13,True,False,ok,8.00900694552236e-11,10.7748362533666,8.53797825160317,19.0950955763803,305.85189729038,18.5046566592364,29
REF_EVENT,reference_clean,23260851,144,34,34,True,0.690144061309789,486.34033862153,12,True,False,ok,7.61014132838311e-11,0.108001590201574,0.0856701526440257,0.215831024417845,1.08625569705904,0.0797848924159914,30
REF_EVENT,reference_systematically_contaminated,23260851,144,34,34,True,0.247251068119875,1369.04014720558,15,True,False,ok,9.83485441227764e-11,10.7238682250341,8.50423397598087,19.2745236002619,310.668765705191,18.809476986234,30
EEG,reference_clean,23260851,144,34,34,True,0.711553087836513,471.707564668668,12,True,False,ok,7.39332402258264e-11,0.109970316935382,0.0869925386939801,0.220262223998541,1.43545976213601,0.0937813842930964,30
EEG,reference_systematically_contaminated,23260851,144,34,34,True,0.247238402454283,1362.79662737552,13,True,False,ok,9.5984009740216e-11,10.6909314584914,8.44055582158619,19.280498378501,311.918839176585,19.0355108782989,30
PPG,reference_clean,23260851,144,34,34,True,0.713325399985424,470.535381390263,12,True,False,ok,7.5034091701805e-11,0.107194061188754,0.084471834239888,0.211480948261666,1.01918910156922,0.0704641904084284,30
PPG,reference_systematically_contaminated,23260851,144,34,34,True,0.247138165616914,1368.02009573566,14,True,False,ok,8.50839308302138e-11,10.7232399497253,8.47450262501637,19.3827786018784,313.694550521678,19.0657010762746,30
EDA,reference_clean,23260851,144,34,34,True,0.668953386775937,501.747420602882,13,True,False,ok,5.98511461452505e-11,0.111509409108192,0.0881658352107184,0.222330131627757,1.47501757160115,0.104247227591644,30
EDA,reference_systematically_contaminated,23260851,144,34,34,True,0.242487765004438,1390.39502444395,15,True,False,ok,8.06274346808648e-11,10.8779680630796,8.61160938058612,19.5397635084421,315.054718169034,19.2031617788639,30
IMU,reference_clean,23260851,144,34,34,True,0.678721579635599,494.526129689319,13,True,False,ok,6.01802354157953e-11,0.126726202780951,0.101017321737168,0.250203663575377,2.21210841131167,0.141163028854359,30
IMU,reference_systematically_contaminated,23260851,144,34,34,True,0.24492708049623,1385.09010387067,14,True,False,ok,9.58820236492497e-11,10.5010317986759,8.31745418919168,18.9369898460054,306.123615570628,18.6480292774925,30
HMD,reference_clean,23260851,144,34,34,True,0.703663310588978,475.18503827573,12,True,False,ok,6.68159310666969e-11,0.106288458412944,0.0841117936860175,0.207936890247673,1.05572261939549,0.0679848112693562,30
HMD,reference_systematically_contaminated,23260851,144,34,34,True,0.250071964678498,1355.4360669717,14,True,False,ok,5.67900030023727e-11,10.6647721731384,8.42548224684685,19.3270889914479,312.141049212233,19.0292857268007,30
REF_EVENT,reference_clean,23260852,144,34,34,True,0.676949073670388,497.270156572913,12,True,False,ok,6.69082076915913e-11,0.102443320838852,0.081541643611711,0.195357968560472,0.598493699593875,0.0482470412222244,31
REF_EVENT,reference_systematically_contaminated,23260852,144,34,34,True,0.23806858616457,1419.62164565719,15,True,False,ok,9.93657797634139e-11,11.3693483879116,9.04214255728314,19.9458660177981,318.448912311621,19.1098981729792,31
EEG,reference_clean,23260852,144,34,34,True,0.678713347362301,495.977491211051,12,True,False,ok,6.43616077342494e-11,0.105220193094714,0.0839878574705953,0.205082703966042,0.335555048799956,0.0373549427732568,31
EEG,reference_systematically_contaminated,23260852,144,34,34,True,0.238611055866665,1415.89155819588,15,True,False,ok,7.32713760632294e-11,11.1410220675123,8.86431039562313,19.6925484710559,315.260281077984,19.1017060247828,31
PPG,reference_clean,23260852,144,34,34,True,0.717793464353334,463.659531061756,11,True,False,ok,8.05841082533396e-11,0.10178723339596,0.0809888786833226,0.200284964284592,0.494817545222302,0.034217470594991,31
PPG,reference_systematically_contaminated,23260852,144,34,34,True,0.242556957185947,1396.21528144636,15,True,False,ok,5.29705771971964e-11,11.205919343027,8.91033556643167,19.7840831663475,316.253515206214,19.1699130684362,31
EDA,reference_clean,23260852,144,34,34,True,0.710389192344583,473.861761474748,11,True,False,ok,7.85323830515844e-11,0.101274154104013,0.0805632071150767,0.194763139669263,0.465630059682276,0.0356796421873372,31
EDA,reference_systematically_contaminated,23260852,144,34,34,True,0.242055336699602,1399.00212369398,15,True,False,ok,8.58276458184746e-11,11.2298959129015,8.9332951029051,19.7963720650737,316.25731633844,19.1453720876336,31
IMU,reference_clean,23260852,144,34,34,True,0.689558140613709,488.176983429772,11,True,False,ok,9.07486700677437e-11,0.101560413320067,0.0807966477870329,0.197975404836725,0.398147373759128,0.0376434608292117,31
IMU,reference_systematically_contaminated,23260852,144,34,34,True,0.241562678137974,1400.48738763497,16,True,False,ok,7.33453264330468e-11,11.1390233723528,8.84439621823171,19.808497655536,317.583451015756,19.28142252314,31
HMD,reference_clean,23260852,144,34,34,True,0.674932066449472,498.756158488566,12,True,False,ok,7.75553449483313e-11,0.106243722830168,0.0846805504318277,0.206482913329964,0.337940375815497,0.0499635896866927,31
HMD,reference_systematically_contaminated,23260852,144,34,34,True,0.240130667024047,1410.15413726592,21,True,False,ok,7.66180936439573e-11,11.1577652372117,8.89195906746134,19.6790244797611,314.179769304624,18.9522261579805,31
REF_EVENT,reference_clean,23260853,144,34,34,True,0.720216448581964,463.045801139082,8,True,False,ok,5.61216993772705e-11,0.105598446027592,0.0849700854036256,0.207725575318918,0.5612514950701,0.0540840246076141,32
REF_EVENT,reference_systematically_contaminated,23260853,144,34,34,True,0.243853741295135,1385.06602610892,16,True,False,ok,7.96802194794126e-11,10.914940477388,8.57888138620859,19.8074182788406,319.312106243519,18.6633157045466,32
EEG,reference_clean,23260853,144,34,34,True,0.71630710241552,471.52702624717,8,True,False,ok,5.50670861903069e-11,0.103899737891594,0.0835266643036555,0.203515775749175,0.472226088075892,0.041803790204502,32
EEG,reference_systematically_contaminated,23260853,144,34,34,True,0.243314409074563,1389.57917353057,16,True,False,ok,6.18259268076659e-11,10.9757199179243,8.63724372662434,19.8323926830895,322.148438352121,18.871110678027,32
PPG,reference_clean,23260853,144,34,34,True,0.701104433362363,481.751385601711,8,True,False,ok,8.0109627708727e-11,0.109033326483516,0.0875209436009652,0.216252036906894,0.789223698368541,0.0359156312054633,32
PPG,reference_systematically_contaminated,23260853,144,34,34,True,0.244271449227277,1384.13846973876,15,True,False,ok,7.14861665594069e-11,11.0839428995092,8.69597540542682,20.0134059733302,322.563920066192,18.8323118442583,32
EDA,reference_clean,23260853,144,34,34,True,0.698075606359407,483.84160905018,8,True,False,ok,5.64654846911318e-11,0.103886436356419,0.0835042381532805,0.205489831466821,0.525591565390407,0.0406892425092614,32
EDA,reference_systematically_contaminated,23260853,144,34,34,True,0.247932003185455,1363.7025932552,14,True,False,ok,9.66512996249085e-11,11.005775445523,8.66991591039614,19.7181848057788,319.260741923718,18.774822448923,32
IMU,reference_clean,23260853,144,34,34,True,0.718562245183549,470.047040311611,8,True,False,ok,6.56775121651858e-11,0.104624411655185,0.0840112676074372,0.20411610583011,0.400362215067667,0.0402318174990317,32
IMU,reference_systematically_contaminated,23260853,144,34,34,True,0.24457721934899,1382.40801594253,13,True,False,ok,1.5092425460044e-11,10.9443853071703,8.59878955866482,19.8077244667206,319.295301004914,18.6580405725092,32
HMD,reference_clean,23260853,144,34,34,True,0.686815024542419,491.775074221312,9,True,False,ok,4.07212093498176e-11,0.111704939695916,0.0900161681536865,0.216424368672197,0.458000892491556,0.0649317834801793,32
HMD,reference_systematically_contaminated,23260853,144,34,34,True,0.244965365443946,1380.21759018465,15,True,False,ok,5.05577135720001e-11,11.1069166119511,8.73268575396561,20.0795642419607,324.193585699248,18.9962399642633,32
REF_EVENT,reference_clean,23260854,144,34,34,True,0.709337350829181,472.868887040029,11,True,False,ok,9.12015355828168e-11,0.108655812602135,0.0864185047797457,0.214002820739267,0.584690863967251,0.0477602764612958,33
REF_EVENT,reference_systematically_contaminated,23260854,144,34,34,True,0.245179013335849,1378.644193962,12,True,False,ok,3.11330895925479e-11,10.5379143771929,8.38756232628532,18.531920157619,300.998089018343,18.2974640071587,33
EEG,reference_clean,23260854,144,34,34,True,0.711135209997724,471.684356070442,12,True,False,ok,6.58904969371939e-11,0.10981311122726,0.0876997804990157,0.217725910432875,0.94954734826909,0.0490281751945704,33
EEG,reference_systematically_contaminated,23260854,144,34,34,True,0.245212619388397,1380.39104741355,13,True,False,ok,5.70241300767445e-11,10.5913589980781,8.37311931183569,18.7360756005805,305.354220568638,18.4749212444559,33
PPG,reference_clean,23260854,144,34,34,True,0.705348066626885,475.554397069355,12,True,False,ok,7.05780572643565e-11,0.108720548589266,0.087181313354789,0.213098601093975,1.09953560601898,0.0765918408422002,33
PPG,reference_systematically_contaminated,23260854,144,34,34,True,0.244921487512743,1382.00615217699,14,True,False,ok,8.38046453524387e-11,10.5819169576983,8.39731403712155,18.7786783464632,304.806392884546,18.3729061706649,33
EDA,reference_clean,23260854,144,34,34,True,0.717696365068373,467.362175509039,11,True,False,ok,8.5706171214232e-11,0.109830748168106,0.0881723079538474,0.210701454179229,0.574709046627617,0.0527710786303585,33
EDA,reference_systematically_contaminated,23260854,144,34,34,True,0.24634432846811,1374.45776145826,14,True,False,ok,9.08777906006625e-11,10.6989394619387,8.50944701103166,18.7686005764367,305.189724217505,18.3351959589689,33
IMU,reference_clean,23260854,144,34,34,True,0.710848340257559,471.875667128351,12,True,False,ok,8.14476885878438e-11,0.105220005099569,0.0838875266858055,0.207231095647931,0.620296828917708,0.0388668144916832,33
IMU,reference_systematically_contaminated,23260854,144,34,34,True,0.24453337314119,1384.04807038927,11,True,False,ok,9.19492628079836e-11,10.6899029980483,8.49051912598646,18.8075148916412,306.481340963969,18.4399577425423,33
HMD,reference_clean,23260854,144,34,34,True,0.695905847433175,474.74080815961,11,True,False,ok,9.13050043436585e-11,0.107031293568693,0.085367808765173,0.212118324183308,0.852401981855717,0.053667207277786,33
HMD,reference_systematically_contaminated,23260854,144,34,34,True,0.246029366016325,1377.42919530103,14,True,False,ok,6.99093469962684e-11,10.5176960378314,8.34513493990716,18.6115066088618,303.456590879392,18.3814981023134,33
REF_EVENT,reference_clean,23260855,144,34,34,True,0.712029711579735,476.727308758435,10,True,False,ok,5.45405177725661e-11,0.107556184319882,0.085481921291963,0.209308713457368,0.535720628901577,0.0574353749110981,34
REF_EVENT,reference_systematically_contaminated,23260855,144,34,34,True,0.24134579936917,1405.46101925503,24,True,False,ok,7.73615224859797e-11,10.5246261968724,8.33716565985175,18.8832367198477,307.099658946206,18.6462625469858,34
EEG,reference_clean,23260855,144,34,34,True,0.703461315700328,482.534007995012,10,True,False,ok,7.55183165708723e-11,0.108064196662537,0.0859958166853198,0.211436306592816,0.514301960144335,0.0530213733550916,34
EEG,reference_systematically_contaminated,23260855,144,34,34,True,0.244104200773609,1390.63003499457,16,True,False,ok,9.36757710930507e-11,10.3160907438113,8.18583574443469,18.4917473240887,303.22382695245,18.5831261066991,34
PPG,reference_clean,23260855,144,34,34,True,0.720706030978518,470.988149744234,9,True,False,ok,8.49089809718311e-11,0.104285167275432,0.0832565831110332,0.207000716582151,0.559025044380289,0.0458516111686702,34
PPG,reference_systematically_contaminated,23260855,144,34,34,True,0.244623858878349,1387.73188631911,15,True,False,ok,8.50892480762659e-11,10.4692854438827,8.30341944760343,18.8758438720463,308.200969274867,18.8122392056163,34
EDA,reference_clean,23260855,144,34,34,True,0.699093382035668,478.874060385337,9,True,False,ok,8.32416433216701e-11,0.106435425021983,0.0848545893266265,0.210886549943012,0.668734080630389,0.0451829839856148,34
EDA,reference_systematically_contaminated,23260855,144,34,34,True,0.246272292542126,1377.44465007102,14,True,False,ok,7.34894715905674e-11,10.4929580099424,8.32868064900434,18.7843402448708,306.178572762741,18.6407270907137,34
IMU,reference_clean,23260855,144,34,34,True,0.716516269317381,473.742208960372,9,True,False,ok,9.41370895343617e-11,0.110597059593205,0.087929204506969,0.214899207071895,1.22292583206504,0.0920668908424436,34
IMU,reference_systematically_contaminated,23260855,144,34,34,True,0.244585231649168,1387.43175749207,17,True,False,ok,6.11738132932417e-11,10.3903692774901,8.25846625948189,18.6597706890531,303.478721756734,18.4310874049398,34
HMD,reference_clean,23260855,144,34,34,True,0.679137672358638,499.816184816773,9,True,False,ok,8.28067642779735e-11,0.10884313257986,0.0865429279701545,0.21427844325892,0.605702134828323,0.0665687904164618,34
HMD,reference_systematically_contaminated,23260855,144,34,34,True,0.240398913874673,1411.89203017776,19,True,False,ok,8.7701800081068e-11,10.4578387831686,8.30624146568725,18.7530053949274,305.496706278465,18.7105246663669,34
REF_EVENT,reference_clean,23260856,144,34,34,True,0.711510888151989,471.546634166427,10,True,False,ok,8.18186757658703e-11,0.112642853366804,0.0902142371036896,0.219082400701254,0.913500710628543,0.0794762644614012,35
REF_EVENT,reference_systematically_contaminated,23260856,144,34,34,True,0.23857638845509,1409.00653975866,14,True,False,ok,5.75122465144836e-11,10.7034518535393,8.455299912065,19.2923276433634,312.545814011156,19.2800789326853,35
EEG,reference_clean,23260856,144,34,34,True,0.683747815258667,488.082910684021,10,True,False,ok,7.19907496378057e-11,0.121773112410658,0.0969264859828582,0.238826976027229,1.79333283074781,0.129145421965079,35
EEG,reference_systematically_contaminated,23260856,144,34,34,True,0.239478776406923,1400.83380611336,14,True,False,ok,7.07910533844562e-11,10.8961731803377,8.646538272269,19.4281067881264,314.479897389461,19.409978279437,35
PPG,reference_clean,23260856,144,34,34,True,0.715755442852549,468.749574570426,10,True,False,ok,6.7248484651431e-11,0.120069218952148,0.0953327987170061,0.236672830576357,1.33476528801744,0.124189531537415,35
PPG,reference_systematically_contaminated,23260856,144,34,34,True,0.243527831050465,1390.70571557508,20,True,False,ok,7.56939776490965e-11,10.710716616307,8.47281919338444,19.3219286159856,313.722034489419,19.2695854400421,35
EDA,reference_clean,23260856,144,34,34,True,0.678753368469949,494.303089631228,10,True,False,ok,9.59514493364697e-11,0.115043386479168,0.0917230546129602,0.227253172867847,1.42918481971032,0.109535889565088,35
EDA,reference_systematically_contaminated,23260856,144,34,34,True,0.242249270250373,1398.45179929757,14,True,False,ok,5.73121623279818e-11,10.7225896137307,8.52597668989804,19.1601701434404,311.251174555056,19.2014748162059,35
IMU,reference_clean,23260856,144,34,34,True,0.708752998852612,473.38072049848,10,True,False,ok,6.77178809990974e-11,0.108649245442138,0.0868778421347437,0.211922335902681,0.927090890719885,0.0722949499592735,35
IMU,reference_systematically_contaminated,23260856,144,34,34,True,0.23901782642684,1405.74448970979,16,True,False,ok,6.82140369676194e-11,10.8323518958555,8.58059019366935,19.4360803979533,313.816417309658,19.3084990941769,35
HMD,reference_clean,23260856,144,34,34,True,0.67624947244727,496.136266255255,9,True,False,ok,9.86964878478357e-11,0.110633117562246,0.0884502313078547,0.218814574227066,1.12450637113532,0.0840557811313015,35
HMD,reference_systematically_contaminated,23260856,144,34,34,True,0.24115820968475,1400.69328926757,16,True,False,ok,8.18015108900582e-11,10.7680758925224,8.50744956728812,19.2973518326635,311.965775709279,19.1739295268547,35
REF_EVENT,reference_clean,23260857,144,34,34,True,0.704498212324151,478.247034965855,9,True,False,ok,7.62186769641005e-11,0.112397185382338,0.0899137693021514,0.219519711327365,0.349157248078961,0.0482284938722839,36
REF_EVENT,reference_systematically_contaminated,23260857,144,34,34,True,0.241250790669458,1409.24429058481,15,True,False,ok,6.05048495866258e-11,10.7001676678765,8.45643043332897,19.2660778118409,313.451370347311,19.2392911240642,36
EEG,reference_clean,23260857,144,34,34,True,0.686681558941739,490.655635522775,9,True,False,ok,8.98017940831629e-11,0.109141527526576,0.0869834158222442,0.211400368132253,0.70491241035561,0.0635466914983474,36
EEG,reference_systematically_contaminated,23260857,144,34,34,True,0.240664812758306,1406.87091376939,13,True,False,ok,8.52546471211248e-11,10.45082218089,8.23387605276867,19.0374699253056,310.480311360831,19.1068596152892,36
PPG,reference_clean,23260857,144,34,34,True,0.6900094860122,488.289238427114,9,True,False,ok,7.95177039910778e-11,0.112040218667235,0.089498620850922,0.220122792017463,0.311432856817877,0.0574101345501723,36
PPG,reference_systematically_contaminated,23260857,144,34,34,True,0.239698556323138,1414.04169950099,17,True,False,ok,8.82637256003253e-11,10.4997897242023,8.28373720070774,19.0096166783277,311.077755166147,19.1481202290106,36
EDA,reference_clean,23260857,144,34,34,True,0.698277465490593,482.507537363342,9,True,False,ok,7.28895543038103e-11,0.109527358661966,0.087502899383015,0.212550805504108,0.306245098114491,0.0482270543018022,36
EDA,reference_systematically_contaminated,23260857,144,34,34,True,0.240680178223384,1410.24982155192,27,True,False,ok,8.96630988600798e-11,10.5429488026036,8.30848907049142,19.1955361019309,311.833226463039,19.1854679656277,36
IMU,reference_clean,23260857,144,34,34,True,0.717578677672209,468.850856784622,9,True,False,ok,7.10449414684265e-11,0.108056997306552,0.0861871244869153,0.212917429491155,0.308478899924349,0.0473597654534778,36
IMU,reference_systematically_contaminated,23260857,144,34,34,True,0.240793024900955,1403.55798212781,15,True,False,ok,6.15805708096983e-11,10.5273862570636,8.28614744546945,19.0377422157865,310.468791896831,19.1054108295921,36
HMD,reference_clean,23260857,144,34,34,True,0.719696949267754,468.1473158942,9,True,False,ok,7.21382891166566e-11,0.106441685465755,0.0845603888169988,0.211252954474972,0.466669931288625,0.0543245868459615,36
HMD,reference_systematically_contaminated,23260857,144,34,34,True,0.240985171333269,1401.23775984016,18,True,False,ok,8.76755790529779e-11,10.5795754165706,8.35656601879081,19.1209682760128,311.99127217525,19.2362372359071,36
REF_EVENT,reference_clean,23260858,144,34,34,True,0.711622456302776,470.383077980734,12,True,False,ok,5.52419578911832e-11,0.10744024229786,0.085318791755098,0.211421738473305,0.627739426910252,0.0424318768149998,37
REF_EVENT,reference_systematically_contaminated,23260858,144,34,34,True,0.242176393085322,1379.23453812467,16,True,False,ok,8.82929834144276e-11,10.7984846190556,8.56383283967588,19.0508138037835,312.318144414092,18.4453501564727,37
EEG,reference_clean,23260858,144,34,34,True,0.691131285261303,484.32966938134,11,True,False,ok,9.09475269703333e-11,0.108067272843674,0.0862863720805806,0.215480037903504,1.06243169211292,0.0672309545954252,37
EEG,reference_systematically_contaminated,23260858,144,34,34,True,0.241287667667667,1386.7434678657,16,True,False,ok,5.70450163851464e-11,10.6114040490653,8.3795919124743,18.8403863796985,308.945376580985,18.124490743388,37
PPG,reference_clean,23260858,144,34,34,True,0.655226638100556,510.869032050161,12,True,False,ok,5.42833928742357e-11,0.105069440066893,0.0839510362857351,0.208821853954627,0.56178683835456,0.0477746134593562,37
PPG,reference_systematically_contaminated,23260858,144,34,34,True,0.239692520648272,1387.58669259021,14,True,False,ok,5.17091374056011e-11,10.713396407446,8.45795354158236,19.0142177599867,309.456949800414,18.237910149161,37
EDA,reference_clean,23260858,144,34,34,True,0.706541635585404,473.766268908444,11,True,False,ok,8.99330419179237e-11,0.103389165876013,0.082600064091743,0.206758420797115,0.578252134205357,0.0465379421162461,37
EDA,reference_systematically_contaminated,23260858,144,34,34,True,0.244043600676382,1383.51933067322,15,True,False,ok,5.64837195805835e-11,10.6926711724399,8.42231511424046,19.0960922041812,310.35127266201,18.1743065306832,37
IMU,reference_clean,23260858,144,34,34,True,0.71762171402014,464.727300156289,11,True,False,ok,8.81711392115138e-11,0.10319905471895,0.0820650704534368,0.206154593793428,0.691461427567351,0.0429780143823755,37
IMU,reference_systematically_contaminated,23260858,144,34,34,True,0.241750929935337,1379.02240228177,15,True,False,ok,6.15261172176385e-11,10.7502848288519,8.50211039817017,19.0800850244058,313.333105412627,18.4134951714541,37
HMD,reference_clean,23260858,144,34,34,True,0.710174758740037,471.342209420584,11,True,False,ok,9.52059797230746e-11,0.108451493655743,0.0861788824155824,0.212309820039813,1.06519731197045,0.0859549136861956,37
HMD,reference_systematically_contaminated,23260858,144,34,34,True,0.243641400065471,1382.76082756969,15,True,False,ok,9.50279531710842e-11,10.6641788428356,8.41540164337389,18.9909904152338,310.297651601703,18.1699241061822,37
REF_EVENT,reference_clean,23260859,144,34,34,True,0.702127724474257,481.549150962438,14,True,False,ok,4.97760090718645e-11,0.112654149461616,0.0891831785541655,0.221134066075379,0.423229017581356,0.0595030329878277,38
REF_EVENT,reference_systematically_contaminated,23260859,144,34,34,True,0.245158622064358,1379.14386557749,13,True,False,ok,8.70277963909944e-11,10.9166044543026,8.6015952956628,19.6555799354485,319.288947327493,19.2844257947461,38
EEG,reference_clean,23260859,144,34,34,True,0.720154974481683,468.197132927399,12,True,False,ok,9.26973766599207e-11,0.103339426433696,0.0822817834256852,0.205061070964874,0.498298190030938,0.0341168977935985,38
EEG,reference_systematically_contaminated,23260859,144,34,34,True,0.244075098048399,1381.76135286251,13,True,False,ok,3.60344000741907e-11,11.0345953546205,8.68780510754149,19.7714991363085,320.411415947772,19.3329996887033,38
PPG,reference_clean,23260859,144,34,34,True,0.710030265124315,476.189573771632,13,True,False,ok,8.87131675074236e-11,0.105181955855582,0.0842488986887109,0.204122059996337,0.419210951317368,0.0390700509046459,38
PPG,reference_systematically_contaminated,23260859,144,34,34,True,0.242188592810414,1396.05669879035,12,True,False,ok,7.03407424872703e-11,10.9929485607028,8.67824081384451,19.5315023763619,316.92287663821,19.0569843489518,38
EDA,reference_clean,23260859,144,34,34,True,0.703186418698883,480.824146330146,14,True,False,ok,7.59692935489894e-11,0.105687617048565,0.0836301038772663,0.213331160162511,0.735483352475762,0.0357337277109735,38
EDA,reference_systematically_contaminated,23260859,144,34,34,True,0.242293459600687,1395.4524727574,12,True,False,ok,3.5785673713812e-11,10.8941408800131,8.57865395051373,19.4853515819702,317.866082422465,19.1694562863332,38
IMU,reference_clean,23260859,144,34,34,True,0.718792908239827,470.384452804505,12,True,False,ok,9.54086412419442e-11,0.106980507797372,0.0861636907226478,0.206562680439859,0.457337881954021,0.0314747289244991,38
IMU,reference_systematically_contaminated,23260859,144,34,34,True,0.247565105256518,1365.73776547083,13,True,False,ok,7.80579294089408e-11,11.0856334602059,8.77050094120632,19.7181794373527,319.56124123548,19.2255751383478,38
HMD,reference_clean,23260859,144,34,34,True,0.719959701340795,469.622128579674,12,True,False,ok,9.53322938552397e-11,0.107971014479698,0.0870530392918154,0.208919630987303,0.789325311953482,0.0389673950319909,38
HMD,reference_systematically_contaminated,23260859,144,34,34,True,0.246684004486695,1370.61586296943,12,True,False,ok,4.99412034586164e-11,11.1683797692215,8.83506770224963,19.8681450302786,322.250082705693,19.3650370267957,38
REF_EVENT,reference_clean,23260860,144,34,34,True,0.702743582434892,474.651841845387,13,True,False,ok,7.21350812043548e-11,0.107128550022872,0.0846262591388214,0.212098438382746,0.485050606342298,0.0232613251451119,39
REF_EVENT,reference_systematically_contaminated,23260860,144,34,34,True,0.245102794702423,1371.84696179164,14,True,False,ok,8.08478202836518e-11,10.8823481882992,8.61178678437551,19.5211882186221,314.060118211245,18.8937916341521,39
EEG,reference_clean,23260860,144,34,34,True,0.713221373516613,467.67876855411,13,True,False,ok,8.62843154296895e-11,0.101428391685063,0.0803251004190768,0.200644465806121,0.329265538517466,0.0263660415339029,39
EEG,reference_systematically_contaminated,23260860,144,34,34,True,0.242605346592196,1392.1434863872,13,True,False,ok,3.49375150746829e-11,10.7835756589588,8.48660170621759,19.3812132962614,312.362411908886,18.8143653865653,39
PPG,reference_clean,23260860,144,34,34,True,0.692461863063345,481.699555755342,12,True,False,ok,9.58566250279887e-11,0.103873231598159,0.0826985125754229,0.206260386774915,0.416539747687513,0.0489039939991045,39
PPG,reference_systematically_contaminated,23260860,144,34,34,True,0.244934851536699,1376.62103499512,13,True,False,ok,5.92738795734921e-11,10.9640522178908,8.68997018094761,19.4939558959328,314.740834048629,18.9641378799272,39
EDA,reference_clean,23260860,144,34,34,True,0.718332094920594,456.119359243822,12,True,False,ok,9.1314813898948e-11,0.102303671142553,0.0813606981221232,0.202951025819509,0.301762264350358,0.0238091119315705,39
EDA,reference_systematically_contaminated,23260860,144,34,34,True,0.245080601690946,1364.33961427809,14,True,False,ok,5.0764127349275e-11,10.9248440724575,8.64125893868977,19.5471378440779,312.744102116751,18.8338820834664,39
IMU,reference_clean,23260860,144,34,34,True,0.691877964383774,482.106106311031,12,True,False,ok,9.19373758702788e-11,0.103580400855668,0.0816845422820344,0.20698396220844,0.281620012420426,0.0341767156817703,39
IMU,reference_systematically_contaminated,23260860,144,34,34,True,0.241759824465909,1382.55073761028,17,True,False,ok,6.49165757514449e-11,10.9862343944828,8.70226022479424,19.5991697368599,315.827067879938,18.9204203871214,39
HMD,reference_clean,23260860,144,34,34,True,0.680385690539639,490.249071884696,13,True,False,ok,6.06601030669885e-11,0.102177233625014,0.0812204906327126,0.201450544415138,0.395415023840881,0.0226608085511526,39
HMD,reference_systematically_contaminated,23260860,144,34,34,True,0.242462620245554,1383.28483492374,12,True,False,ok,7.28100007419333e-11,10.5508595376754,8.30367062828485,18.9541271875675,309.098422022683,18.5445013435704,39
REF_EVENT,reference_clean,23260861,144,34,34,True,0.704847128907821,478.352341958899,10,True,False,ok,9.35570953032746e-11,0.10142437166855,0.0816442090992112,0.198108866062441,0.484244327865996,0.0390518556485985,40
REF_EVENT,reference_systematically_contaminated,23260861,144,34,34,True,0.245828514078071,1373.4619317289,12,True,False,ok,9.06772253337171e-11,10.9176486065837,8.62436498993396,19.6168174322823,318.262963004112,18.9715039591714,40
EEG,reference_clean,23260861,144,34,34,True,0.713915659992403,471.394712553748,10,True,False,ok,9.04944784922559e-11,0.104131245242113,0.0842029425638652,0.197630919631209,0.79054653937777,0.0644583033238721,40
EEG,reference_systematically_contaminated,23260861,144,34,34,True,0.245238646819011,1373.75529929263,12,True,False,ok,5.03472747950602e-11,10.6290161123445,8.35231197296847,19.2723620198216,314.488511924677,18.6745286095859,40
PPG,reference_clean,23260861,144,34,34,True,0.703505290636963,479.264226405198,11,True,False,ok,7.84182427820869e-11,0.102674917451035,0.0824614965080191,0.198210150877642,0.664813092685304,0.0498218400331457,40
PPG,reference_systematically_contaminated,23260861,144,34,34,True,0.243563489025413,1386.45235214737,14,True,False,ok,5.52544195867972e-11,10.8021734320366,8.5066448425819,19.5001009486911,316.95690813567,19.0263766818288,40
EDA,reference_clean,23260861,144,34,34,True,0.716511621548027,470.564991348841,10,True,False,ok,9.5166323789861e-11,0.103448934295904,0.0829355074157041,0.199138208448701,0.618497758364162,0.0536533043679859,40
EDA,reference_systematically_contaminated,23260861,144,34,34,True,0.247094715405471,1369.80023347546,13,True,False,ok,7.00925465531109e-11,10.6876324153886,8.42332211350328,19.3630417502933,316.375138283358,18.8106774527406,40
IMU,reference_clean,23260861,144,34,34,True,0.695899323212327,484.503098978683,10,True,False,ok,9.3744781869204e-11,0.10309111160505,0.0833680770125609,0.196123360226963,0.724111072321228,0.0565006917710393,40
IMU,reference_systematically_contaminated,23260861,144,34,34,True,0.2451663409006,1375.39227080218,13,True,False,ok,5.98401157160017e-11,10.6607881987502,8.39800375290758,19.1835788867907,312.727899447411,18.6126336307287,40
HMD,reference_clean,23260861,144,34,34,True,0.697104293791328,483.664809135598,11,True,False,ok,7.62236205229643e-11,0.101145178028283,0.0814931199074394,0.196206650668906,0.466290579352238,0.0369242124557786,40
HMD,reference_systematically_contaminated,23260861,144,34,34,True,0.244176623670117,1384.70197240764,13,True,False,ok,4.23894165472773e-11,10.7543048001714,8.45052629633676,19.5112056674648,317.064171234671,18.8962333929951,40
REF_EVENT,reference_clean,23260862,144,34,34,True,0.666984001725053,499.829249466953,14,True,False,ok,7.81139870130844e-11,0.103610663969415,0.082384950546538,0.204801274126076,0.710279166252736,0.0224503562462006,41
REF_EVENT,reference_systematically_contaminated,23260862,144,34,34,True,0.239855610739386,1407.79795419817,16,True,False,ok,6.72794242515162e-11,10.8584983711144,8.62626290220324,19.2943476120014,311.27313994798,19.0843201961067,41
EEG,reference_clean,23260862,144,34,34,True,0.691504757944151,482.10532472135,14,True,False,ok,8.30212886663588e-11,0.105489418303766,0.0838067092036886,0.206287736128097,0.843713108785408,0.0267126954492937,41
EEG,reference_systematically_contaminated,23260862,144,34,34,True,0.243945562903597,1377.29969969941,13,True,False,ok,6.5169975390524e-11,10.6459631931306,8.47066423821986,19.0002299949843,307.941167559953,18.9344422258892,41
PPG,reference_clean,23260862,144,34,34,True,0.711598302920339,463.788358924946,14,True,False,ok,7.07156432703222e-11,0.109029148566004,0.086788866195004,0.211653974201198,0.985195824061838,0.0259578970354747,41
PPG,reference_systematically_contaminated,23260862,144,34,34,True,0.244472661916482,1373.38383116108,14,True,False,ok,9.23809166284248e-11,10.6799342395519,8.47339030446946,19.1257922598027,309.860526144293,19.0318148689348,41
EDA,reference_clean,23260862,144,34,34,True,0.716424139355573,465.336232097968,14,True,False,ok,7.7664472142175e-11,0.1031165138544,0.0819595754167873,0.202795336561223,0.556905666914786,0.0182572771255195,41
EDA,reference_systematically_contaminated,23260862,144,34,34,True,0.243421742655677,1387.22469823597,16,True,False,ok,6.55285110465122e-11,10.6989808577594,8.47044608306229,19.2632636153682,311.498130695268,18.9867765069569,41
IMU,reference_clean,23260862,144,34,34,True,0.711959847089261,468.254087347834,14,True,False,ok,7.3298598200661e-11,0.10990932737768,0.0877156333700236,0.215055648254747,0.871981292890426,0.0158143536409494,41
IMU,reference_systematically_contaminated,23260862,144,34,34,True,0.244548853612436,1380.8310634968,15,True,False,ok,3.66309866739584e-11,10.7979389867899,8.5982066952888,19.2337586315767,311.534874468859,19.1475517678305,41
HMD,reference_clean,23260862,144,34,34,True,0.704083224814055,473.492527063282,14,True,False,ok,7.83706129023579e-11,0.105660722244577,0.0837875750886182,0.210366093456393,0.662266174980566,0.0151359792626086,41
HMD,reference_systematically_contaminated,23260862,144,34,34,True,0.246560368614009,1369.5658289752,14,True,False,ok,4.10327026812727e-11,10.6646176982837,8.45811289642741,19.1292133362164,309.557569069517,19.0615460924384,41
REF_EVENT,reference_clean,23260863,144,34,34,True,0.698929609253794,478.975037689972,9,True,False,ok,7.31134978579441e-11,0.108939477191569,0.0867149920212229,0.218931021920099,0.535334946349833,0.0535680538073885,42
REF_EVENT,reference_systematically_contaminated,23260863,144,34,34,True,0.243321275257936,1378.40639625839,14,True,False,ok,4.50056029026535e-11,10.6997991049261,8.44396489005904,19.1413987559377,309.339345310608,18.2472464673246,42
EEG,reference_clean,23260863,144,34,34,True,0.713800670124104,468.996168234288,9,True,False,ok,7.76993032539217e-11,0.119058074371426,0.0946327159106805,0.231253390027497,0.481317898766645,0.0549268506567141,42
EEG,reference_systematically_contaminated,23260863,144,34,34,True,0.246964603067977,1371.680765485,12,True,False,ok,3.14367846531039e-11,10.7088829456354,8.46473270967987,19.0463829792104,307.960528827693,18.2029792592233,42
PPG,reference_clean,23260863,144,34,34,True,0.715620709763914,467.803345846686,9,True,False,ok,7.90810003092999e-11,0.113879014756685,0.091271933842917,0.227203759352612,0.608501809584961,0.0745314312953904,42
PPG,reference_systematically_contaminated,23260863,144,34,34,True,0.245397965734185,1382.50963945475,15,True,False,ok,6.45536377877807e-11,10.8147609198883,8.53306617722954,19.2752907259615,312.358101823545,18.5894489496991,42
EDA,reference_clean,23260863,144,34,34,True,0.706600510705308,473.77632539839,10,True,False,ok,5.72844388293153e-11,0.117299644502849,0.0940609355553124,0.234336985854355,0.47799959009708,0.075921422972033,42
EDA,reference_systematically_contaminated,23260863,144,34,34,True,0.244326907274135,1388.7802746271,18,True,False,ok,7.22740838488112e-11,10.9015837078229,8.62422233664198,19.2996697374609,311.960335029521,18.6206937368277,42
IMU,reference_clean,23260863,144,34,34,True,0.700853147109153,477.418489025135,9,True,False,ok,7.85977105406688e-11,0.108189032705684,0.0862994351447312,0.219859481730289,0.405969393199625,0.0451988212651699,42
IMU,reference_systematically_contaminated,23260863,144,34,34,True,0.245031266421376,1380.06422610585,12,True,False,ok,3.14503636041633e-11,10.667572531264,8.43935319449949,18.9821618119616,307.877672710904,18.1750136216869,42
HMD,reference_clean,23260863,144,34,34,True,0.699335263940923,478.697237538329,9,True,False,ok,6.83800006859999e-11,0.111528658732652,0.0886164003255436,0.219762200834594,0.659304978699528,0.0698967917516535,42
HMD,reference_systematically_contaminated,23260863,144,34,34,True,0.245715494153815,1380.886206385,13,True,False,ok,6.71310766478093e-11,10.6481574088465,8.38763068333055,19.1736787748716,310.983565621554,18.3758843387842,42
REF_EVENT,reference_clean,23260864,144,34,34,True,0.713907374170565,472.066120247105,8,True,False,ok,8.44853913703011e-11,0.104129307923129,0.0824177207471036,0.205809717144945,0.459747047560386,0.032571492071493,43
REF_EVENT,reference_systematically_contaminated,23260864,144,34,34,True,0.244090198372557,1386.41357062504,14,True,False,ok,8.80470796256863e-11,11.0449519821821,8.80665013660111,19.708847614546,321.191286681035,18.9389905522608,43
EEG,reference_clean,23260864,144,34,34,True,0.706324499976446,478.688539868404,9,True,False,ok,4.1432105833906e-11,0.104337274429786,0.0825785185916796,0.208004070263001,0.445414912267365,0.032718028746172,43
EEG,reference_systematically_contaminated,23260864,144,34,34,True,0.244487151588202,1386.6403783008,13,True,False,ok,3.44639827184889e-11,10.9490431599808,8.69596139193868,19.7681903559734,320.280770954417,18.8258513773447,43
PPG,reference_clean,23260864,144,34,34,True,0.696978484284575,485.107429381281,9,True,False,ok,9.02041360997771e-11,0.104257630065903,0.0828432204719711,0.207047420867301,0.493451032400038,0.0403185435841651,43
PPG,reference_systematically_contaminated,23260864,144,34,34,True,0.243111935973717,1394.48420994455,13,True,False,ok,2.73298963567594e-11,11.1170389066282,8.83881279683067,19.9897766783683,325.318366201054,19.2584110257222,43
EDA,reference_clean,23260864,144,34,34,True,0.719633739375361,469.835440935591,8,True,False,ok,8.50069665379975e-11,0.106086891689891,0.0843319826636091,0.209343251646876,0.405165894585536,0.0387429574816623,43
EDA,reference_systematically_contaminated,23260864,144,34,34,True,0.244913427536841,1384.2269050047,13,True,False,ok,8.84660228176247e-11,11.1560245842463,8.88518935494454,19.9491062909085,322.186146211902,18.905629716527,43
IMU,reference_clean,23260864,144,34,34,True,0.717381382074572,471.31057911998,8,True,False,ok,8.36656803775432e-11,0.1045978633826,0.0830902945321653,0.205349066268923,0.615191323259968,0.0401969591510072,43
IMU,reference_systematically_contaminated,23260864,144,34,34,True,0.245742841333866,1375.18259519593,14,True,False,ok,4.00338274695895e-11,10.9530720103275,8.707712419864,19.6940207492642,322.189689622014,18.9675945723082,43
HMD,reference_clean,23260864,144,34,34,True,0.719016551405986,470.238734947868,8,True,False,ok,9.40418697082421e-11,0.109355903086225,0.0863990996311541,0.22132841946263,0.879656332669741,0.0755372923886174,43
HMD,reference_systematically_contaminated,23260864,144,34,34,True,0.244909823097207,1384.24728205234,13,True,False,ok,3.39286781234492e-11,11.0951549244565,8.82193285555363,19.9434083813031,324.013433272297,19.0746935694391,43
REF_EVENT,reference_clean,23260865,144,34,34,True,0.707603454096888,472.130956883134,9,True,False,ok,9.55413296142816e-11,0.104772483772332,0.0834891628819039,0.208401230276678,0.919356779255132,0.0434984283743071,44
REF_EVENT,reference_systematically_contaminated,23260865,144,34,34,True,0.246664976455131,1371.48445197132,11,True,False,ok,8.10314959325247e-11,10.6023380133029,8.42505894419335,18.7314735665251,303.954404120902,18.2283519847067,44
EEG,reference_clean,23260865,144,34,34,True,0.704061759235677,474.504993671412,9,True,False,ok,9.31569799786254e-11,0.103371190540027,0.0826946789316251,0.208662262811643,0.531920982852526,0.0445363133263647,44
EEG,reference_systematically_contaminated,23260865,144,34,34,True,0.245521258237004,1377.08042805129,16,True,False,ok,9.8111591609844e-11,10.5343120718939,8.37181447102619,18.7464954935365,303.994584206579,17.9876364322399,44
PPG,reference_clean,23260865,144,34,34,True,0.700812356689934,476.701808615387,11,True,False,ok,5.18672428809467e-11,0.10124426400435,0.0810207621881194,0.202035776842768,0.478044656656681,0.0267661545632381,44
PPG,reference_systematically_contaminated,23260865,144,34,34,True,0.246274983267267,1373.27436249212,12,True,False,ok,9.35460712713586e-11,10.6409300034381,8.40443614665958,18.98818966324,306.28711042392,18.2333275952213,44
EDA,reference_clean,23260865,144,34,34,True,0.714070974644674,467.851702155674,10,True,False,ok,4.96675328849853e-11,0.104782857502307,0.083773544170034,0.209557005678107,0.835633066400828,0.041400867592419,44
EDA,reference_systematically_contaminated,23260865,144,34,34,True,0.246503815584744,1372.08864204195,13,True,False,ok,6.51759490785259e-11,10.5958823755964,8.40587391074982,18.8573533617991,307.295792140369,18.2241234698313,44
IMU,reference_clean,23260865,144,34,34,True,0.709946842206277,468.820871010804,10,True,False,ok,6.98554005761134e-11,0.10544409137293,0.0842102065713027,0.209155418222573,0.484899081286441,0.0360011920717365,44
IMU,reference_systematically_contaminated,23260865,144,34,34,True,0.24648737883255,1369.18982322228,12,True,False,ok,4.62395247297053e-11,10.655356846897,8.45641038413218,18.8360250927708,304.317527644923,18.1694848076359,44
HMD,reference_clean,23260865,144,34,34,True,0.710328299644558,470.316718570091,10,True,False,ok,5.02237630893558e-11,0.104048730444217,0.0832452972113415,0.206788628157262,0.661684788751677,0.0283753756260515,44
HMD,reference_systematically_contaminated,23260865,144,34,34,True,0.246877035936979,1369.65818258173,13,True,False,ok,9.94856258341882e-11,10.6558176292652,8.45225681311902,18.9358137939982,306.674132654994,18.2913982822966,44
REF_EVENT,reference_clean,23260866,144,34,34,True,0.706665203538833,472.44078559247,10,True,False,ok,7.01486590617302e-11,0.103241712048602,0.0816448284288943,0.199966715342637,0.656636720212603,0.0512105243998126,45
REF_EVENT,reference_systematically_contaminated,23260866,144,34,34,True,0.241051332396085,1396.13010424885,13,True,False,ok,7.83879559305143e-11,10.8487922040079,8.57243875687428,19.3936897142464,317.729018754357,18.5427419876904,45
EEG,reference_clean,23260866,144,34,34,True,0.71364804680545,468.04833052603,10,True,False,ok,6.3890941607083e-11,0.105657165004548,0.0837029381281521,0.208861860050824,0.446376963452212,0.0456828382649365,45
EEG,reference_systematically_contaminated,23260866,144,34,34,True,0.241524518778637,1395.88000094237,13,True,False,ok,6.24085110708091e-11,10.9225648601982,8.62242333316731,19.4868787035608,317.432928547057,18.4311882004353,45
PPG,reference_clean,23260866,144,34,34,True,0.694812002983523,480.737635782615,10,True,False,ok,6.95393172495051e-11,0.113555436635767,0.0909546995323598,0.220506700432566,0.647972845802345,0.0844865219327224,45
PPG,reference_systematically_contaminated,23260866,144,34,34,True,0.241405160811027,1395.96358601652,14,True,False,ok,9.04683443415349e-11,10.8399014248742,8.55095183692094,19.3463791732819,315.73125679277,18.3656592773734,45
EDA,reference_clean,23260866,144,34,34,True,0.715209090576622,467.027263722785,10,True,False,ok,8.248583204225e-11,0.102003403351545,0.0807500633219919,0.198023066594288,0.477334789781269,0.0443440465566383,45
EDA,reference_systematically_contaminated,23260866,144,34,34,True,0.240041754365491,1391.35692611095,13,True,False,ok,3.63712967956321e-11,10.8050201298861,8.54254777647839,19.3710687891517,317.792644033834,18.5484106477834,45
IMU,reference_clean,23260866,144,34,34,True,0.714747346197482,467.329004546368,10,True,False,ok,5.52413469671383e-11,0.102690561757109,0.0814413930943698,0.199304719025051,0.577130143449377,0.0465799916360034,45
IMU,reference_systematically_contaminated,23260866,144,34,34,True,0.241593732799446,1396.67902171118,12,True,False,ok,9.38475003721101e-11,11.0334669523384,8.72503818586591,19.6819652697802,320.334399675855,18.5918156992419,45
HMD,reference_clean,23260866,144,34,34,True,0.706278812760259,472.932433694955,10,True,False,ok,5.60034761618621e-11,0.10352911098933,0.0823107702485616,0.207328247693539,0.676325219223352,0.0585193982453291,45
HMD,reference_systematically_contaminated,23260866,144,34,34,True,0.240419332084074,1402.22005310824,14,True,False,ok,7.77445033521142e-11,10.9127350722301,8.62205560714469,19.4607414960956,317.065875216237,18.4310635398785,45
REF_EVENT,reference_clean,23260867,144,34,34,True,0.711349271051235,474.014281845894,12,True,False,ok,7.53117204020782e-11,0.100005096260035,0.079336048482154,0.194900224130024,0.624731848863884,0.0478891702356978,46
REF_EVENT,reference_systematically_contaminated,23260867,144,34,34,True,0.242398820276335,1395.07105707487,17,True,False,ok,3.84887236413461e-11,11.2488071497102,8.94144321241392,19.9062806816604,322.493216161601,19.3534627397711,46
EEG,reference_clean,23260867,144,34,34,True,0.715413668628492,471.321260049617,12,True,False,ok,8.5016274335992e-11,0.100102891149718,0.079532338454881,0.194015773859935,0.623688210125893,0.0455202204387716,46
EEG,reference_systematically_contaminated,23260867,144,34,34,True,0.244644260647972,1382.26661065768,14,True,False,ok,8.5895582882307e-11,11.0433576791919,8.78613604625432,19.5584637463021,317.624847910589,19.021842150842,46
PPG,reference_clean,23260867,144,34,34,True,0.711640643733976,473.820194963271,12,True,False,ok,8.01271479052446e-11,0.104711510603166,0.0827592128812208,0.20693508710945,0.634468024751339,0.0672614155883031,46
PPG,reference_systematically_contaminated,23260867,144,34,34,True,0.247147376926688,1369.41031981951,12,True,False,ok,4.34851149302761e-11,11.1978647303505,8.90808349854889,19.7160704838299,320.687898092902,19.1374773551342,46
EDA,reference_clean,23260867,144,34,34,True,0.651821913767369,517.303688211523,13,True,False,ok,8.14988199764622e-11,0.109843780515496,0.0879057689973676,0.213948625534144,1.1817262779855,0.0978469333559615,46
EDA,reference_systematically_contaminated,23260867,144,34,34,True,0.241462909598114,1400.17760128024,15,True,False,ok,6.02841112845844e-11,11.1866263289242,8.92245509797444,19.6502821503244,317.000538331728,19.0192996873254,46
IMU,reference_clean,23260867,144,34,34,True,0.712539376764341,468.032014846436,12,True,False,ok,7.60358290099479e-11,0.10175922942138,0.0811210756156126,0.1936518691533,0.662916439651103,0.0434877357334046,46
IMU,reference_systematically_contaminated,23260867,144,34,34,True,0.245809498131364,1375.71404899303,16,True,False,ok,6.97063502560929e-11,11.2917330189249,9.00003347176836,19.8992358410597,321.236135171331,19.2964774623939,46
HMD,reference_clean,23260867,144,34,34,True,0.714241117415904,472.095073046863,12,True,False,ok,9.05247960402837e-11,0.101487582469064,0.0806147367418999,0.199362465193076,0.628229759321533,0.0434804836595606,46
HMD,reference_systematically_contaminated,23260867,144,34,34,True,0.244774282787724,1381.5323067158,25,True,False,ok,8.2879777635487e-11,11.271172890402,8.9907081562203,19.7304014981391,320.814204209726,19.2132013250467,46
REF_EVENT,reference_clean,23260868,144,34,34,True,0.718779228837573,469.708473259988,8,True,False,ok,5.92107945203534e-11,0.104470271327976,0.083159482178719,0.204928014565553,1.06130601294429,0.0671860257687196,47
REF_EVENT,reference_systematically_contaminated,23260868,144,34,34,True,0.246201834290073,1377.09099543903,14,True,False,ok,3.43903128001567e-11,10.8965097027232,8.60701172608911,19.7847451858807,318.5563597051,18.5538894189515,47
EEG,reference_clean,23260868,144,34,34,True,0.719054364786447,464.600426056354,8,True,False,ok,5.58969339409211e-11,0.102041763710278,0.0809236906751336,0.202045753661295,0.630636134304003,0.0463250740528737,47
EEG,reference_systematically_contaminated,23260868,144,34,34,True,0.246761080546491,1373.53646734377,13,True,False,ok,2.94110580275527e-11,10.7303598231458,8.4583079513493,19.5296887984553,315.083613392927,18.3733315141114,47
PPG,reference_clean,23260868,144,34,34,True,0.713210294619395,473.375917568736,8,True,False,ok,6.39721266784973e-11,0.100665638849534,0.0799631365626886,0.199279845439304,0.589105349560726,0.0370338340744734,47
PPG,reference_systematically_contaminated,23260868,144,34,34,True,0.243813485943008,1376.54614964328,12,True,False,ok,7.89885750511028e-11,10.8582531209544,8.57669435289744,19.5968474202227,317.456235885788,18.6010659771623,47
EDA,reference_clean,23260868,144,34,34,True,0.713093338303457,473.453723613617,8,True,False,ok,6.0702157115612e-11,0.103018730563528,0.081681822567664,0.205942311799845,0.769524044377231,0.0509259352215279,47
EDA,reference_systematically_contaminated,23260868,144,34,34,True,0.243961112928749,1384.89393743201,14,True,False,ok,3.9200699521292e-11,10.9546649895367,8.61827434308017,19.8976974944743,319.550746942614,18.5567866744631,47
IMU,reference_clean,23260868,144,34,34,True,0.698935804045882,483.043887765977,8,True,False,ok,7.11979046350993e-11,0.101058619262631,0.080024915502873,0.202769055600438,0.521489752099823,0.0326537700726702,47
IMU,reference_systematically_contaminated,23260868,144,34,34,True,0.244071925296972,1382.86490908228,13,True,False,ok,6.63347004353694e-11,10.8817384543526,8.56804674149312,19.660237590141,317.927712412798,18.6690654627621,47
HMD,reference_clean,23260868,144,34,34,True,0.714529318469382,472.502427517706,9,True,False,ok,4.80397730191754e-11,0.100835788139728,0.0798479064646063,0.201532514103953,0.517049716867409,0.0327514503250829,47
HMD,reference_systematically_contaminated,23260868,144,34,34,True,0.243054886900357,1392.971373778,15,True,False,ok,4.35633916057728e-11,10.8908034499547,8.59032239868106,19.7844487070647,317.365877391182,18.4110966891814,47
REF_EVENT,reference_clean,23260869,144,34,34,True,0.709595887348406,477.044020792882,10,True,False,ok,5.86196812155617e-11,0.102868103346662,0.0814095088273699,0.206262857083495,0.470624261788273,0.0365228872903756,48
REF_EVENT,reference_systematically_contaminated,23260869,144,34,34,True,0.241895120834675,1399.37439135902,13,True,False,ok,7.34094438106959e-11,11.3815633982167,9.02398141836781,20.0904932798626,324.73918982984,19.0060576834794,48
EEG,reference_clean,23260869,144,34,34,True,0.720352033238406,469.920890692618,10,True,False,ok,5.69869367339657e-11,0.10371397697789,0.0822421644508018,0.208862865629467,0.528040499635491,0.0465416372454077,48
EEG,reference_systematically_contaminated,23260869,144,34,34,True,0.243658208991219,1389.27587077237,14,True,False,ok,6.40009258778079e-11,11.188334844118,8.85727234503152,19.878128032252,321.661144899806,18.8569139097124,48
PPG,reference_clean,23260869,144,34,34,True,0.720415047027647,469.398751548339,10,True,False,ok,5.69352266842055e-11,0.111733660128254,0.0885614610196449,0.225936105103131,0.612430626256363,0.076529602184084,48
PPG,reference_systematically_contaminated,23260869,144,34,34,True,0.244090473688407,1385.39583401845,16,True,False,ok,7.28408289445246e-11,11.1721378287279,8.80274442950904,19.9904977144841,322.850610871072,18.92577353103,48
EDA,reference_clean,23260869,144,34,34,True,0.71325714344149,474.595281920706,10,True,False,ok,6.08317900899876e-11,0.102842596337039,0.0813329814313317,0.206770696091496,0.486654683427119,0.0385109071867328,48
EDA,reference_systematically_contaminated,23260869,144,34,34,True,0.24218495425751,1397.72710884219,14,True,False,ok,6.91484680625508e-11,11.2310493941326,8.88116520136582,20.0888855605273,324.371213084846,19.0884860871096,48
IMU,reference_clean,23260869,144,34,34,True,0.678164108853825,499.154217608512,11,True,False,ok,7.0063119579014e-11,0.109781773995487,0.0873441359245171,0.215515319583126,0.417959159870315,0.049980036671795,48
IMU,reference_systematically_contaminated,23260869,144,34,34,True,0.239771872850181,1411.67036174694,14,True,False,ok,8.97735361279698e-11,11.2958587257565,8.93267101502601,20.0187385688637,322.550755356517,18.7319620132017,48
HMD,reference_clean,23260869,144,34,34,True,0.705687851608739,479.685847590303,10,True,False,ok,8.7284704328126e-11,0.107953168324864,0.0858278974764505,0.214775789250155,0.831647378135794,0.0436710946071416,48
HMD,reference_systematically_contaminated,23260869,144,34,34,True,0.240385685596308,1408.1813858424,17,True,False,ok,6.62042983359744e-11,11.0826166130193,8.76391467844598,19.8010657996878,320.088358535513,18.7960273555394,48
REF_EVENT,reference_clean,23260870,144,34,34,True,0.694497699749413,477.772120107289,11,True,False,ok,6.94393430589419e-11,0.103097048878266,0.0822065750675563,0.199989273983547,0.683841161197471,0.0362118724830611,49
REF_EVENT,reference_systematically_contaminated,23260870,144,34,34,True,0.240875038797315,1406.67403191848,16,True,False,ok,8.31343399124328e-11,11.261489070851,8.92309973877204,19.9431708006297,318.583660964371,18.6607391990162,49
EEG,reference_clean,23260870,144,34,34,True,0.705324984913149,470.437552922639,12,True,False,ok,6.9510394479967e-11,0.10328298559007,0.082061409968275,0.204879375640488,0.558520565549299,0.0293868900363626,49
EEG,reference_systematically_contaminated,23260870,144,34,34,True,0.241727706535951,1382.68252991623,15,True,False,ok,6.90203501022647e-11,11.2637690839355,8.92375767937266,19.9369441222103,317.003800817092,18.7131634860549,49
PPG,reference_clean,23260870,144,34,34,True,0.683091911599499,482.535175126965,10,True,False,ok,9.8419041894644e-11,0.108887973865694,0.086676778084816,0.215716314808834,1.17309410761175,0.051211683506042,49
PPG,reference_systematically_contaminated,23260870,144,34,34,True,0.240724727851581,1400.98019167602,20,True,False,ok,8.63048833710898e-11,11.3179617977959,8.95039797862623,20.0778043037194,321.465696152714,18.8266249239178,49
EDA,reference_clean,23260870,144,34,34,True,0.715615693761906,463.673017926583,10,True,False,ok,9.96672908288927e-11,0.102025894114401,0.0812258790057759,0.198835678430598,0.56522124690896,0.0284349887698537,49
EDA,reference_systematically_contaminated,23260870,144,34,34,True,0.242921065618801,1389.77862546851,15,True,False,ok,5.45996086002937e-11,11.2833890539623,8.95802072080048,19.875029414836,317.303931322048,18.6095927179567,49
IMU,reference_clean,23260870,144,34,34,True,0.701356480500832,473.100006644457,10,True,False,ok,9.77561103690674e-11,0.10925624500797,0.0870556568923212,0.212428336788939,0.963675075736866,0.0336695664688788,49
IMU,reference_systematically_contaminated,23260870,144,34,34,True,0.241578148538187,1396.86882382555,13,True,False,ok,9.40184618811933e-11,11.2276971129728,8.87980235889298,19.9408553722025,317.820407574146,18.6635540769287,49
HMD,reference_clean,23260870,144,34,34,True,0.714889515999994,464.144135236497,10,True,False,ok,9.93851966344583e-11,0.105744666221617,0.0844925236724164,0.207736379844281,0.565253906588961,0.034505153911775,49
HMD,reference_systematically_contaminated,23260870,144,34,34,True,0.241331127069721,1395.02170183044,17,True,False,ok,8.03599146427609e-11,11.3248582890709,8.95689350861241,20.0661040517406,319.606637079813,18.6276890897014,49
